STRUCTURE,STRUCTURE_ID,ACTION,FREQ,ADJUSTMENT,REF_AREA,SECTOR,COUNTERPART_SECTOR,TRANSACTION,INSTR_ASSET,ACTIVITY,EXPENDITURE,UNIT_MEASURE,PRICE_BASE,TRANSFORMATION,TABLE_IDENTIFIER,TIME_PERIOD,OBS_VALUE
DATAFLOW,OECD.SDD.NAD:DSD_NAMAIN1@DF_QNA_EXPENDITURE_GROWTH_OECD(1.1),I,Q,Y,KOR,S1,S1,B1GQ,_Z,_Z,_Z,PC,L,GY,T0102,2024-Q4,1.110998827
DATAFLOW,OECD.SDD.NAD:DSD_NAMAIN1@DF_QNA_EXPENDITURE_GROWTH_OECD(1.1),I,Q,Y,KOR,S1,S1,B1GQ,_Z,_Z,_Z,PC,L,GY,T0102,2024-Q3,1.528170019
DATAFLOW,OECD.SDD.NAD:DSD_NAMAIN1@DF_QNA_EXPENDITURE_GROWTH_OECD(1.1),I,Q,Y,GBR,S1,S1,B1GQ,_Z,_Z,_Z,PC,L,GY,T0102,2025-Q3,1.195948069
DATAFLOW,OECD.SDD.NAD:DSD_NAMAIN1@DF_QNA_EXPENDITURE_GROWTH_OECD(1.1),I,Q,Y,GBR,S1,S1,B1GQ,_Z,_Z,_Z,PC,L,GY,T0102,2025-Q2,1.368944886
DATAFLOW,OECD.SDD.NAD:DSD_NAMAIN1@DF_QNA_EXPENDITURE_GROWTH_OECD(1.1),I,Q,Y,GBR,S1,S1,B1GQ,_Z,_Z,_Z,PC,L,GY,T0102,2025-Q1,1.761434495
DATAFLOW,OECD.SDD.NAD:DSD_NAMAIN1@DF_QNA_EXPENDITURE_GROWTH_OECD(1.1),I,Q,Y,USA,S1,S1,B1GQ,_Z,_Z,_Z,PC,L,GY,T0102,2025-Q4,2.227066604
DATAFLOW,OECD.SDD.NAD:DSD_NAMAIN1@DF_QNA_EXPENDITURE_GROWTH_OECD(1.1),I,Q,Y,JPN,S1,S1,B1GQ,_Z,_Z,_Z,PC,L,GY,T0102,2019-Q2,0.098930169
DATAFLOW,OECD.SDD.NAD:DSD_NAMAIN1@DF_QNA_EXPENDITURE_GROWTH_OECD(1.1),I,Q,Y,JPN,S1,S1,B1GQ,_Z,_Z,_Z,PC,L,GY,T0102,2019-Q1,0.335973574
DATAFLOW,OECD.SDD.NAD:DSD_NAMAIN1@DF_QNA_EXPENDITURE_GROWTH_OECD(1.1),I,Q,Y,JPN,S1,S1,B1GQ,_Z,_Z,_Z,PC,L,GY,T0102,2018-Q4,0.054116945
DATAFLOW,OECD.SDD.NAD:DSD_NAMAIN1@DF_QNA_EXPENDITURE_GROWTH_OECD(1.1),I,Q,Y,JPN,S1,S1,B1GQ,_Z,_Z,_Z,PC,L,GY,T0102,2018-Q3,0.139088107
DATAFLOW,OECD.SDD.NAD:DSD_NAMAIN1@DF_QNA_EXPENDITURE_GROWTH_OECD(1.1),I,Q,Y,JPN,S1,S1,B1GQ,_Z,_Z,_Z,PC,L,GY,T0102,2018-Q2,1.775801233
DATAFLOW,OECD.SDD.NAD:DSD_NAMAIN1@DF_QNA_EXPENDITURE_GROWTH_OECD(1.1),I,Q,Y,JPN,S1,S1,B1GQ,_Z,_Z,_Z,PC,L,GY,T0102,2018-Q1,1.46439423
DATAFLOW,OECD.SDD.NAD:DSD_NAMAIN1@DF_QNA_EXPENDITURE_GROWTH_OECD(1.1),I,Q,Y,JPN,S1,S1,B1GQ,_Z,_Z,_Z,PC,L,GY,T0102,2017-Q4,2.362553145
DATAFLOW,OECD.SDD.NAD:DSD_NAMAIN1@DF_QNA_EXPENDITURE_GROWTH_OECD(1.1),I,Q,Y,JPN,S1,S1,B1GQ,_Z,_Z,_Z,PC,L,GY,T0102,2017-Q3,2.217915875
DATAFLOW,OECD.SDD.NAD:DSD_NAMAIN1@DF_QNA_EXPENDITURE_GROWTH_OECD(1.1),I,Q,Y,JPN,S1,S1,B1GQ,_Z,_Z,_Z,PC,L,GY,T0102,2017-Q2,1.294458561
DATAFLOW,OECD.SDD.NAD:DSD_NAMAIN1@DF_QNA_EXPENDITURE_GROWTH_OECD(1.1),I,Q,Y,JPN,S1,S1,B1GQ,_Z,_Z,_Z,PC,L,GY,T0102,2017-Q1,0.624697064
DATAFLOW,OECD.SDD.NAD:DSD_NAMAIN1@DF_QNA_EXPENDITURE_GROWTH_OECD(1.1),I,Q,Y,JPN,S1,S1,B1GQ,_Z,_Z,_Z,PC,L,GY,T0102,2016-Q4,0.765783681
DATAFLOW,OECD.SDD.NAD:DSD_NAMAIN1@DF_QNA_EXPENDITURE_GROWTH_OECD(1.1),I,Q,Y,GBR,S1,S1,B1GQ,_Z,_Z,_Z,PC,L,GY,T0102,2025-Q4,0.97183663
DATAFLOW,OECD.SDD.NAD:DSD_NAMAIN1@DF_QNA_EXPENDITURE_GROWTH_OECD(1.1),I,Q,Y,GBR,S1,S1,B1GQ,_Z,_Z,_Z,PC,L,GY,T0102,2023-Q3,0.117898953
DATAFLOW,OECD.SDD.NAD:DSD_NAMAIN1@DF_QNA_EXPENDITURE_GROWTH_OECD(1.1),I,Q,Y,JPN,S1,S1,B1GQ,_Z,_Z,_Z,PC,L,GY,T0102,2025-Q4,0.161453318
DATAFLOW,OECD.SDD.NAD:DSD_NAMAIN1@DF_QNA_EXPENDITURE_GROWTH_OECD(1.1),I,Q,Y,JPN,S1,S1,B1GQ,_Z,_Z,_Z,PC,L,GY,T0102,2025-Q3,0.582744656
DATAFLOW,OECD.SDD.NAD:DSD_NAMAIN1@DF_QNA_EXPENDITURE_GROWTH_OECD(1.1),I,Q,Y,JPN,S1,S1,B1GQ,_Z,_Z,_Z,PC,L,GY,T0102,2025-Q2,1.931271043
DATAFLOW,OECD.SDD.NAD:DSD_NAMAIN1@DF_QNA_EXPENDITURE_GROWTH_OECD(1.1),I,Q,Y,JPN,S1,S1,B1GQ,_Z,_Z,_Z,PC,L,GY,T0102,2025-Q1,1.594148673
DATAFLOW,OECD.SDD.NAD:DSD_NAMAIN1@DF_QNA_EXPENDITURE_GROWTH_OECD(1.1),I,Q,Y,JPN,S1,S1,B1GQ,_Z,_Z,_Z,PC,L,GY,T0102,2024-Q4,0.74516347
DATAFLOW,OECD.SDD.NAD:DSD_NAMAIN1@DF_QNA_EXPENDITURE_GROWTH_OECD(1.1),I,Q,Y,JPN,S1,S1,B1GQ,_Z,_Z,_Z,PC,L,GY,T0102,2024-Q3,0.808511363
DATAFLOW,OECD.SDD.NAD:DSD_NAMAIN1@DF_QNA_EXPENDITURE_GROWTH_OECD(1.1),I,Q,Y,JPN,S1,S1,B1GQ,_Z,_Z,_Z,PC,L,GY,T0102,2024-Q2,-1.248312369
DATAFLOW,OECD.SDD.NAD:DSD_NAMAIN1@DF_QNA_EXPENDITURE_GROWTH_OECD(1.1),I,Q,Y,JPN,S1,S1,B1GQ,_Z,_Z,_Z,PC,L,GY,T0102,2024-Q1,-1.229603781
DATAFLOW,OECD.SDD.NAD:DSD_NAMAIN1@DF_QNA_EXPENDITURE_GROWTH_OECD(1.1),I,Q,Y,JPN,S1,S1,B1GQ,_Z,_Z,_Z,PC,L,GY,T0102,2023-Q4,0.066845687
DATAFLOW,OECD.SDD.NAD:DSD_NAMAIN1@DF_QNA_EXPENDITURE_GROWTH_OECD(1.1),I,Q,Y,JPN,S1,S1,B1GQ,_Z,_Z,_Z,PC,L,GY,T0102,2023-Q3,-0.010458169
DATAFLOW,OECD.SDD.NAD:DSD_NAMAIN1@DF_QNA_EXPENDITURE_GROWTH_OECD(1.1),I,Q,Y,JPN,S1,S1,B1GQ,_Z,_Z,_Z,PC,L,GY,T0102,2023-Q2,1.021378246
DATAFLOW,OECD.SDD.NAD:DSD_NAMAIN1@DF_QNA_EXPENDITURE_GROWTH_OECD(1.1),I,Q,Y,JPN,S1,S1,B1GQ,_Z,_Z,_Z,PC,L,GY,T0102,2023-Q1,1.792822722
DATAFLOW,OECD.SDD.NAD:DSD_NAMAIN1@DF_QNA_EXPENDITURE_GROWTH_OECD(1.1),I,Q,Y,JPN,S1,S1,B1GQ,_Z,_Z,_Z,PC,L,GY,T0102,2022-Q4,0.685277836
DATAFLOW,OECD.SDD.NAD:DSD_NAMAIN1@DF_QNA_EXPENDITURE_GROWTH_OECD(1.1),I,Q,Y,JPN,S1,S1,B1GQ,_Z,_Z,_Z,PC,L,GY,T0102,2022-Q3,1.431381416
DATAFLOW,OECD.SDD.NAD:DSD_NAMAIN1@DF_QNA_EXPENDITURE_GROWTH_OECD(1.1),I,Q,Y,JPN,S1,S1,B1GQ,_Z,_Z,_Z,PC,L,GY,T0102,2022-Q2,1.648727449
DATAFLOW,OECD.SDD.NAD:DSD_NAMAIN1@DF_QNA_EXPENDITURE_GROWTH_OECD(1.1),I,Q,Y,JPN,S1,S1,B1GQ,_Z,_Z,_Z,PC,L,GY,T0102,2022-Q1,1.406702168
DATAFLOW,OECD.SDD.NAD:DSD_NAMAIN1@DF_QNA_EXPENDITURE_GROWTH_OECD(1.1),I,Q,Y,JPN,S1,S1,B1GQ,_Z,_Z,_Z,PC,L,GY,T0102,2021-Q4,2.872121702
DATAFLOW,OECD.SDD.NAD:DSD_NAMAIN1@DF_QNA_EXPENDITURE_GROWTH_OECD(1.1),I,Q,Y,JPN,S1,S1,B1GQ,_Z,_Z,_Z,PC,L,GY,T0102,2021-Q3,3.346111265
DATAFLOW,OECD.SDD.NAD:DSD_NAMAIN1@DF_QNA_EXPENDITURE_GROWTH_OECD(1.1),I,Q,Y,JPN,S1,S1,B1GQ,_Z,_Z,_Z,PC,L,GY,T0102,2021-Q2,8.665529048
DATAFLOW,OECD.SDD.NAD:DSD_NAMAIN1@DF_QNA_EXPENDITURE_GROWTH_OECD(1.1),I,Q,Y,JPN,S1,S1,B1GQ,_Z,_Z,_Z,PC,L,GY,T0102,2021-Q1,0.089851867
DATAFLOW,OECD.SDD.NAD:DSD_NAMAIN1@DF_QNA_EXPENDITURE_GROWTH_OECD(1.1),I,Q,Y,JPN,S1,S1,B1GQ,_Z,_Z,_Z,PC,L,GY,T0102,2020-Q4,-0.594901879
DATAFLOW,OECD.SDD.NAD:DSD_NAMAIN1@DF_QNA_EXPENDITURE_GROWTH_OECD(1.1),I,Q,Y,JPN,S1,S1,B1GQ,_Z,_Z,_Z,PC,L,GY,T0102,2020-Q3,-5.035855428
DATAFLOW,OECD.SDD.NAD:DSD_NAMAIN1@DF_QNA_EXPENDITURE_GROWTH_OECD(1.1),I,Q,Y,JPN,S1,S1,B1GQ,_Z,_Z,_Z,PC,L,GY,T0102,2020-Q2,-9.504236225
DATAFLOW,OECD.SDD.NAD:DSD_NAMAIN1@DF_QNA_EXPENDITURE_GROWTH_OECD(1.1),I,Q,Y,JPN,S1,S1,B1GQ,_Z,_Z,_Z,PC,L,GY,T0102,2020-Q1,-2.071696017
DATAFLOW,OECD.SDD.NAD:DSD_NAMAIN1@DF_QNA_EXPENDITURE_GROWTH_OECD(1.1),I,Q,Y,JPN,S1,S1,B1GQ,_Z,_Z,_Z,PC,L,GY,T0102,2019-Q4,-2.322515454
DATAFLOW,OECD.SDD.NAD:DSD_NAMAIN1@DF_QNA_EXPENDITURE_GROWTH_OECD(1.1),I,Q,Y,JPN,S1,S1,B1GQ,_Z,_Z,_Z,PC,L,GY,T0102,2019-Q3,0.640570965
DATAFLOW,OECD.SDD.NAD:DSD_NAMAIN1@DF_QNA_EXPENDITURE_GROWTH_OECD(1.1),I,Q,Y,AUS,S1,S1,B1GQ,_Z,_Z,_Z,PC,L,GY,T0102,2015-Q4,2.706966074
DATAFLOW,OECD.SDD.NAD:DSD_NAMAIN1@DF_QNA_EXPENDITURE_GROWTH_OECD(1.1),I,Q,Y,CAN,S1,S1,B1GQ,_Z,_Z,_Z,PC,L,GY,T0102,2015-Q4,-0.407163367
DATAFLOW,OECD.SDD.NAD:DSD_NAMAIN1@DF_QNA_EXPENDITURE_GROWTH_OECD(1.1),I,Q,Y,CAN,S1,S1,B1GQ,_Z,_Z,_Z,PC,L,GY,T0102,2015-Q3,0.214775649
DATAFLOW,OECD.SDD.NAD:DSD_NAMAIN1@DF_QNA_EXPENDITURE_GROWTH_OECD(1.1),I,Q,Y,AUS,S1,S1,B1GQ,_Z,_Z,_Z,PC,L,GY,T0102,2015-Q3,2.449211899
DATAFLOW,OECD.SDD.NAD:DSD_NAMAIN1@DF_QNA_EXPENDITURE_GROWTH_OECD(1.1),I,Q,Y,DEU,S1,S1,B1GQ,_Z,_Z,_Z,PC,L,GY,T0102,2015-Q3,1.606888883
DATAFLOW,OECD.SDD.NAD:DSD_NAMAIN1@DF_QNA_EXPENDITURE_GROWTH_OECD(1.1),I,Q,Y,DEU,S1,S1,B1GQ,_Z,_Z,_Z,PC,L,GY,T0102,2015-Q2,1.626311038
DATAFLOW,OECD.SDD.NAD:DSD_NAMAIN1@DF_QNA_EXPENDITURE_GROWTH_OECD(1.1),I,Q,Y,AUS,S1,S1,B1GQ,_Z,_Z,_Z,PC,L,GY,T0102,2015-Q2,1.866528681
DATAFLOW,OECD.SDD.NAD:DSD_NAMAIN1@DF_QNA_EXPENDITURE_GROWTH_OECD(1.1),I,Q,Y,CAN,S1,S1,B1GQ,_Z,_Z,_Z,PC,L,GY,T0102,2015-Q2,0.814394936
DATAFLOW,OECD.SDD.NAD:DSD_NAMAIN1@DF_QNA_EXPENDITURE_GROWTH_OECD(1.1),I,Q,Y,CAN,S1,S1,B1GQ,_Z,_Z,_Z,PC,L,GY,T0102,2015-Q1,2.011860737
DATAFLOW,OECD.SDD.NAD:DSD_NAMAIN1@DF_QNA_EXPENDITURE_GROWTH_OECD(1.1),I,Q,Y,AUS,S1,S1,B1GQ,_Z,_Z,_Z,PC,L,GY,T0102,2015-Q1,2.254246704
DATAFLOW,OECD.SDD.NAD:DSD_NAMAIN1@DF_QNA_EXPENDITURE_GROWTH_OECD(1.1),I,Q,Y,DEU,S1,S1,B1GQ,_Z,_Z,_Z,PC,L,GY,T0102,2015-Q1,1.080500893
DATAFLOW,OECD.SDD.NAD:DSD_NAMAIN1@DF_QNA_EXPENDITURE_GROWTH_OECD(1.1),I,Q,Y,DEU,S1,S1,B1GQ,_Z,_Z,_Z,PC,L,GY,T0102,2014-Q4,2.358389657
DATAFLOW,OECD.SDD.NAD:DSD_NAMAIN1@DF_QNA_EXPENDITURE_GROWTH_OECD(1.1),I,Q,Y,AUS,S1,S1,B1GQ,_Z,_Z,_Z,PC,L,GY,T0102,2014-Q4,2.061472798
DATAFLOW,OECD.SDD.NAD:DSD_NAMAIN1@DF_QNA_EXPENDITURE_GROWTH_OECD(1.1),I,Q,Y,CAN,S1,S1,B1GQ,_Z,_Z,_Z,PC,L,GY,T0102,2014-Q4,2.756380889
DATAFLOW,OECD.SDD.NAD:DSD_NAMAIN1@DF_QNA_EXPENDITURE_GROWTH_OECD(1.1),I,Q,Y,CAN,S1,S1,B1GQ,_Z,_Z,_Z,PC,L,GY,T0102,2014-Q3,3.119072126
DATAFLOW,OECD.SDD.NAD:DSD_NAMAIN1@DF_QNA_EXPENDITURE_GROWTH_OECD(1.1),I,Q,Y,AUS,S1,S1,B1GQ,_Z,_Z,_Z,PC,L,GY,T0102,2014-Q3,2.48051647
DATAFLOW,OECD.SDD.NAD:DSD_NAMAIN1@DF_QNA_EXPENDITURE_GROWTH_OECD(1.1),I,Q,Y,DEU,S1,S1,B1GQ,_Z,_Z,_Z,PC,L,GY,T0102,2014-Q3,1.735604253
DATAFLOW,OECD.SDD.NAD:DSD_NAMAIN1@DF_QNA_EXPENDITURE_GROWTH_OECD(1.1),I,Q,Y,DEU,S1,S1,B1GQ,_Z,_Z,_Z,PC,L,GY,T0102,2014-Q2,1.691167879
DATAFLOW,OECD.SDD.NAD:DSD_NAMAIN1@DF_QNA_EXPENDITURE_GROWTH_OECD(1.1),I,Q,Y,AUS,S1,S1,B1GQ,_Z,_Z,_Z,PC,L,GY,T0102,2014-Q2,2.911773326
DATAFLOW,OECD.SDD.NAD:DSD_NAMAIN1@DF_QNA_EXPENDITURE_GROWTH_OECD(1.1),I,Q,Y,CAN,S1,S1,B1GQ,_Z,_Z,_Z,PC,L,GY,T0102,2014-Q2,2.979893753
DATAFLOW,OECD.SDD.NAD:DSD_NAMAIN1@DF_QNA_EXPENDITURE_GROWTH_OECD(1.1),I,Q,Y,CAN,S1,S1,B1GQ,_Z,_Z,_Z,PC,L,GY,T0102,2014-Q1,2.637346972
DATAFLOW,OECD.SDD.NAD:DSD_NAMAIN1@DF_QNA_EXPENDITURE_GROWTH_OECD(1.1),I,Q,Y,AUS,S1,S1,B1GQ,_Z,_Z,_Z,PC,L,GY,T0102,2014-Q1,2.789950027
DATAFLOW,OECD.SDD.NAD:DSD_NAMAIN1@DF_QNA_EXPENDITURE_GROWTH_OECD(1.1),I,Q,Y,AUS,S1,S1,B1GQ,_Z,_Z,_Z,PC,L,GY,T0102,2013-Q4,2.520660838
DATAFLOW,OECD.SDD.NAD:DSD_NAMAIN1@DF_QNA_EXPENDITURE_GROWTH_OECD(1.1),I,Q,Y,CAN,S1,S1,B1GQ,_Z,_Z,_Z,PC,L,GY,T0102,2013-Q4,3.381364073
DATAFLOW,OECD.SDD.NAD:DSD_NAMAIN1@DF_QNA_EXPENDITURE_GROWTH_OECD(1.1),I,Q,Y,CAN,S1,S1,B1GQ,_Z,_Z,_Z,PC,L,GY,T0102,2013-Q3,2.521166723
DATAFLOW,OECD.SDD.NAD:DSD_NAMAIN1@DF_QNA_EXPENDITURE_GROWTH_OECD(1.1),I,Q,Y,AUS,S1,S1,B1GQ,_Z,_Z,_Z,PC,L,GY,T0102,2013-Q3,2.176934665
DATAFLOW,OECD.SDD.NAD:DSD_NAMAIN1@DF_QNA_EXPENDITURE_GROWTH_OECD(1.1),I,Q,Y,AUS,S1,S1,B1GQ,_Z,_Z,_Z,PC,L,GY,T0102,2013-Q2,1.964472309
DATAFLOW,OECD.SDD.NAD:DSD_NAMAIN1@DF_QNA_EXPENDITURE_GROWTH_OECD(1.1),I,Q,Y,CAN,S1,S1,B1GQ,_Z,_Z,_Z,PC,L,GY,T0102,2013-Q2,1.824159273
DATAFLOW,OECD.SDD.NAD:DSD_NAMAIN1@DF_QNA_EXPENDITURE_GROWTH_OECD(1.1),I,Q,Y,CAN,S1,S1,B1GQ,_Z,_Z,_Z,PC,L,GY,T0102,2013-Q1,1.570228744
DATAFLOW,OECD.SDD.NAD:DSD_NAMAIN1@DF_QNA_EXPENDITURE_GROWTH_OECD(1.1),I,Q,Y,AUS,S1,S1,B1GQ,_Z,_Z,_Z,PC,L,GY,T0102,2013-Q1,2.309473365
DATAFLOW,OECD.SDD.NAD:DSD_NAMAIN1@DF_QNA_EXPENDITURE_GROWTH_OECD(1.1),I,Q,Y,AUS,S1,S1,B1GQ,_Z,_Z,_Z,PC,L,GY,T0102,2012-Q4,2.842150247
DATAFLOW,OECD.SDD.NAD:DSD_NAMAIN1@DF_QNA_EXPENDITURE_GROWTH_OECD(1.1),I,Q,Y,CAN,S1,S1,B1GQ,_Z,_Z,_Z,PC,L,GY,T0102,2012-Q4,0.732673708
DATAFLOW,OECD.SDD.NAD:DSD_NAMAIN1@DF_QNA_EXPENDITURE_GROWTH_OECD(1.1),I,Q,Y,CAN,S1,S1,B1GQ,_Z,_Z,_Z,PC,L,GY,T0102,2012-Q3,1.324693288
DATAFLOW,OECD.SDD.NAD:DSD_NAMAIN1@DF_QNA_EXPENDITURE_GROWTH_OECD(1.1),I,Q,Y,AUS,S1,S1,B1GQ,_Z,_Z,_Z,PC,L,GY,T0102,2012-Q3,3.527293263
DATAFLOW,OECD.SDD.NAD:DSD_NAMAIN1@DF_QNA_EXPENDITURE_GROWTH_OECD(1.1),I,Q,Y,AUS,S1,S1,B1GQ,_Z,_Z,_Z,PC,L,GY,T0102,2012-Q2,4.331851888
DATAFLOW,OECD.SDD.NAD:DSD_NAMAIN1@DF_QNA_EXPENDITURE_GROWTH_OECD(1.1),I,Q,Y,AUS,S1,S1,B1GQ,_Z,_Z,_Z,PC,L,GY,T0102,2012-Q1,4.838949179
DATAFLOW,OECD.SDD.NAD:DSD_NAMAIN1@DF_QNA_EXPENDITURE_GROWTH_OECD(1.1),I,Q,Y,AUS,S1,S1,B1GQ,_Z,_Z,_Z,PC,L,GY,T0102,2011-Q4,3.456324016
DATAFLOW,OECD.SDD.NAD:DSD_NAMAIN1@DF_QNA_EXPENDITURE_GROWTH_OECD(1.1),I,Q,Y,AUS,S1,S1,B1GQ,_Z,_Z,_Z,PC,L,GY,T0102,2011-Q3,3.175231823
DATAFLOW,OECD.SDD.NAD:DSD_NAMAIN1@DF_QNA_EXPENDITURE_GROWTH_OECD(1.1),I,Q,Y,AUS,S1,S1,B1GQ,_Z,_Z,_Z,PC,L,GY,T0102,2011-Q2,2.472347916
DATAFLOW,OECD.SDD.NAD:DSD_NAMAIN1@DF_QNA_EXPENDITURE_GROWTH_OECD(1.1),I,Q,Y,AUS,S1,S1,B1GQ,_Z,_Z,_Z,PC,L,GY,T0102,2011-Q1,1.879466227
DATAFLOW,OECD.SDD.NAD:DSD_NAMAIN1@DF_QNA_EXPENDITURE_GROWTH_OECD(1.1),I,Q,Y,AUS,S1,S1,B1GQ,_Z,_Z,_Z,PC,L,GY,T0102,2010-Q4,2.631978828
DATAFLOW,OECD.SDD.NAD:DSD_NAMAIN1@DF_QNA_EXPENDITURE_GROWTH_OECD(1.1),I,Q,Y,AUS,S1,S1,B1GQ,_Z,_Z,_Z,PC,L,GY,T0102,2010-Q3,2.598228703
DATAFLOW,OECD.SDD.NAD:DSD_NAMAIN1@DF_QNA_EXPENDITURE_GROWTH_OECD(1.1),I,Q,Y,AUS,S1,S1,B1GQ,_Z,_Z,_Z,PC,L,GY,T0102,2010-Q2,2.242342985
DATAFLOW,OECD.SDD.NAD:DSD_NAMAIN1@DF_QNA_EXPENDITURE_GROWTH_OECD(1.1),I,Q,Y,AUS,S1,S1,B1GQ,_Z,_Z,_Z,PC,L,GY,T0102,2010-Q1,2.236853411
DATAFLOW,OECD.SDD.NAD:DSD_NAMAIN1@DF_QNA_EXPENDITURE_GROWTH_OECD(1.1),I,Q,Y,AUS,S1,S1,B1GQ,_Z,_Z,_Z,PC,L,GY,T0102,2009-Q4,2.808304928
DATAFLOW,OECD.SDD.NAD:DSD_NAMAIN1@DF_QNA_EXPENDITURE_GROWTH_OECD(1.1),I,Q,Y,AUS,S1,S1,B1GQ,_Z,_Z,_Z,PC,L,GY,T0102,2009-Q3,1.554479147
DATAFLOW,OECD.SDD.NAD:DSD_NAMAIN1@DF_QNA_EXPENDITURE_GROWTH_OECD(1.1),I,Q,Y,FRA,S1,S1,B1GQ,_Z,_Z,_Z,PC,L,GY,T0102,2025-Q4,1.101220999
DATAFLOW,OECD.SDD.NAD:DSD_NAMAIN1@DF_QNA_EXPENDITURE_GROWTH_OECD(1.1),I,Q,Y,FRA,S1,S1,B1GQ,_Z,_Z,_Z,PC,L,GY,T0102,2025-Q3,0.920823388
DATAFLOW,OECD.SDD.NAD:DSD_NAMAIN1@DF_QNA_EXPENDITURE_GROWTH_OECD(1.1),I,Q,Y,FRA,S1,S1,B1GQ,_Z,_Z,_Z,PC,L,GY,T0102,2025-Q2,0.768295656
DATAFLOW,OECD.SDD.NAD:DSD_NAMAIN1@DF_QNA_EXPENDITURE_GROWTH_OECD(1.1),I,Q,Y,FRA,S1,S1,B1GQ,_Z,_Z,_Z,PC,L,GY,T0102,2025-Q1,0.657023505
DATAFLOW,OECD.SDD.NAD:DSD_NAMAIN1@DF_QNA_EXPENDITURE_GROWTH_OECD(1.1),I,Q,Y,GBR,S1,S1,B1GQ,_Z,_Z,_Z,PC,L,GY,T0102,2024-Q4,1.918241379
DATAFLOW,OECD.SDD.NAD:DSD_NAMAIN1@DF_QNA_EXPENDITURE_GROWTH_OECD(1.1),I,Q,Y,FRA,S1,S1,B1GQ,_Z,_Z,_Z,PC,L,GY,T0102,2024-Q4,0.673117582
DATAFLOW,OECD.SDD.NAD:DSD_NAMAIN1@DF_QNA_EXPENDITURE_GROWTH_OECD(1.1),I,Q,Y,FRA,S1,S1,B1GQ,_Z,_Z,_Z,PC,L,GY,T0102,2024-Q3,1.11933276
DATAFLOW,OECD.SDD.NAD:DSD_NAMAIN1@DF_QNA_EXPENDITURE_GROWTH_OECD(1.1),I,Q,Y,GBR,S1,S1,B1GQ,_Z,_Z,_Z,PC,L,GY,T0102,2024-Q3,1.310481086
DATAFLOW,OECD.SDD.NAD:DSD_NAMAIN1@DF_QNA_EXPENDITURE_GROWTH_OECD(1.1),I,Q,Y,GBR,S1,S1,B1GQ,_Z,_Z,_Z,PC,L,GY,T0102,2024-Q2,0.839604868
DATAFLOW,OECD.SDD.NAD:DSD_NAMAIN1@DF_QNA_EXPENDITURE_GROWTH_OECD(1.1),I,Q,Y,FRA,S1,S1,B1GQ,_Z,_Z,_Z,PC,L,GY,T0102,2024-Q2,0.971021754
DATAFLOW,OECD.SDD.NAD:DSD_NAMAIN1@DF_QNA_EXPENDITURE_GROWTH_OECD(1.1),I,Q,Y,GBR,S1,S1,B1GQ,_Z,_Z,_Z,PC,L,GY,T0102,2024-Q1,0.289028244
DATAFLOW,OECD.SDD.NAD:DSD_NAMAIN1@DF_QNA_EXPENDITURE_GROWTH_OECD(1.1),I,Q,Y,GBR,S1,S1,B1GQ,_Z,_Z,_Z,PC,L,GY,T0102,2023-Q4,-0.462967668
DATAFLOW,OECD.SDD.NAD:DSD_NAMAIN1@DF_QNA_EXPENDITURE_GROWTH_OECD(1.1),I,Q,Y,CHN,S1,S1,B1GQ,_Z,_Z,_Z,PC,L,GY,T0102,2023-Q4,5.3
DATAFLOW,OECD.SDD.NAD:DSD_NAMAIN1@DF_QNA_EXPENDITURE_GROWTH_OECD(1.1),I,Q,Y,CHN,S1,S1,B1GQ,_Z,_Z,_Z,PC,L,GY,T0102,2023-Q3,5.0
DATAFLOW,OECD.SDD.NAD:DSD_NAMAIN1@DF_QNA_EXPENDITURE_GROWTH_OECD(1.1),I,Q,Y,AUS,S1,S1,B1GQ,_Z,_Z,_Z,PC,L,GY,T0102,2023-Q3,2.140595681
DATAFLOW,OECD.SDD.NAD:DSD_NAMAIN1@DF_QNA_EXPENDITURE_GROWTH_OECD(1.1),I,Q,Y,CAN,S1,S1,B1GQ,_Z,_Z,_Z,PC,L,GY,T0102,2023-Q3,1.328377513
DATAFLOW,OECD.SDD.NAD:DSD_NAMAIN1@DF_QNA_EXPENDITURE_GROWTH_OECD(1.1),I,Q,Y,CAN,S1,S1,B1GQ,_Z,_Z,_Z,PC,L,GY,T0102,2023-Q2,2.096692237
DATAFLOW,OECD.SDD.NAD:DSD_NAMAIN1@DF_QNA_EXPENDITURE_GROWTH_OECD(1.1),I,Q,Y,AUS,S1,S1,B1GQ,_Z,_Z,_Z,PC,L,GY,T0102,2023-Q2,2.23963203
DATAFLOW,OECD.SDD.NAD:DSD_NAMAIN1@DF_QNA_EXPENDITURE_GROWTH_OECD(1.1),I,Q,Y,CHN,S1,S1,B1GQ,_Z,_Z,_Z,PC,L,GY,T0102,2023-Q2,6.5
DATAFLOW,OECD.SDD.NAD:DSD_NAMAIN1@DF_QNA_EXPENDITURE_GROWTH_OECD(1.1),I,Q,Y,CHN,S1,S1,B1GQ,_Z,_Z,_Z,PC,L,GY,T0102,2023-Q1,4.7
DATAFLOW,OECD.SDD.NAD:DSD_NAMAIN1@DF_QNA_EXPENDITURE_GROWTH_OECD(1.1),I,Q,Y,AUS,S1,S1,B1GQ,_Z,_Z,_Z,PC,L,GY,T0102,2023-Q1,2.803182116
DATAFLOW,OECD.SDD.NAD:DSD_NAMAIN1@DF_QNA_EXPENDITURE_GROWTH_OECD(1.1),I,Q,Y,CAN,S1,S1,B1GQ,_Z,_Z,_Z,PC,L,GY,T0102,2023-Q1,3.093671525
DATAFLOW,OECD.SDD.NAD:DSD_NAMAIN1@DF_QNA_EXPENDITURE_GROWTH_OECD(1.1),I,Q,Y,CAN,S1,S1,B1GQ,_Z,_Z,_Z,PC,L,GY,T0102,2022-Q4,3.077507862
DATAFLOW,OECD.SDD.NAD:DSD_NAMAIN1@DF_QNA_EXPENDITURE_GROWTH_OECD(1.1),I,Q,Y,AUS,S1,S1,B1GQ,_Z,_Z,_Z,PC,L,GY,T0102,2022-Q4,3.299912666
DATAFLOW,OECD.SDD.NAD:DSD_NAMAIN1@DF_QNA_EXPENDITURE_GROWTH_OECD(1.1),I,Q,Y,CHN,S1,S1,B1GQ,_Z,_Z,_Z,PC,L,GY,T0102,2022-Q4,3.0
DATAFLOW,OECD.SDD.NAD:DSD_NAMAIN1@DF_QNA_EXPENDITURE_GROWTH_OECD(1.1),I,Q,Y,CAN,S1,S1,B1GQ,_Z,_Z,_Z,PC,L,GY,T0102,2022-Q3,4.857052856
DATAFLOW,OECD.SDD.NAD:DSD_NAMAIN1@DF_QNA_EXPENDITURE_GROWTH_OECD(1.1),I,Q,Y,CHN,S1,S1,B1GQ,_Z,_Z,_Z,PC,L,GY,T0102,2022-Q3,4.0
DATAFLOW,OECD.SDD.NAD:DSD_NAMAIN1@DF_QNA_EXPENDITURE_GROWTH_OECD(1.1),I,Q,Y,AUS,S1,S1,B1GQ,_Z,_Z,_Z,PC,L,GY,T0102,2022-Q3,6.114295443
DATAFLOW,OECD.SDD.NAD:DSD_NAMAIN1@DF_QNA_EXPENDITURE_GROWTH_OECD(1.1),I,Q,Y,AUS,S1,S1,B1GQ,_Z,_Z,_Z,PC,L,GY,T0102,2022-Q2,3.811838582
DATAFLOW,OECD.SDD.NAD:DSD_NAMAIN1@DF_QNA_EXPENDITURE_GROWTH_OECD(1.1),I,Q,Y,CHN,S1,S1,B1GQ,_Z,_Z,_Z,PC,L,GY,T0102,2022-Q2,0.8
DATAFLOW,OECD.SDD.NAD:DSD_NAMAIN1@DF_QNA_EXPENDITURE_GROWTH_OECD(1.1),I,Q,Y,CAN,S1,S1,B1GQ,_Z,_Z,_Z,PC,L,GY,T0102,2022-Q2,6.111215627
DATAFLOW,OECD.SDD.NAD:DSD_NAMAIN1@DF_QNA_EXPENDITURE_GROWTH_OECD(1.1),I,Q,Y,CAN,S1,S1,B1GQ,_Z,_Z,_Z,PC,L,GY,T0102,2022-Q1,4.794674193
DATAFLOW,OECD.SDD.NAD:DSD_NAMAIN1@DF_QNA_EXPENDITURE_GROWTH_OECD(1.1),I,Q,Y,CHN,S1,S1,B1GQ,_Z,_Z,_Z,PC,L,GY,T0102,2022-Q1,4.8
DATAFLOW,OECD.SDD.NAD:DSD_NAMAIN1@DF_QNA_EXPENDITURE_GROWTH_OECD(1.1),I,Q,Y,AUS,S1,S1,B1GQ,_Z,_Z,_Z,PC,L,GY,T0102,2022-Q1,3.656561762
DATAFLOW,OECD.SDD.NAD:DSD_NAMAIN1@DF_QNA_EXPENDITURE_GROWTH_OECD(1.1),I,Q,Y,DEU,S1,S1,B1GQ,_Z,_Z,_Z,PC,L,GY,T0102,2021-Q4,2.355585026
DATAFLOW,OECD.SDD.NAD:DSD_NAMAIN1@DF_QNA_EXPENDITURE_GROWTH_OECD(1.1),I,Q,Y,AUS,S1,S1,B1GQ,_Z,_Z,_Z,PC,L,GY,T0102,2021-Q4,4.907928116
DATAFLOW,OECD.SDD.NAD:DSD_NAMAIN1@DF_QNA_EXPENDITURE_GROWTH_OECD(1.1),I,Q,Y,CHN,S1,S1,B1GQ,_Z,_Z,_Z,PC,L,GY,T0102,2021-Q4,4.5
DATAFLOW,OECD.SDD.NAD:DSD_NAMAIN1@DF_QNA_EXPENDITURE_GROWTH_OECD(1.1),I,Q,Y,CAN,S1,S1,B1GQ,_Z,_Z,_Z,PC,L,GY,T0102,2021-Q4,5.4862136
DATAFLOW,OECD.SDD.NAD:DSD_NAMAIN1@DF_QNA_EXPENDITURE_GROWTH_OECD(1.1),I,Q,Y,CAN,S1,S1,B1GQ,_Z,_Z,_Z,PC,L,GY,T0102,2021-Q3,5.577388058
DATAFLOW,OECD.SDD.NAD:DSD_NAMAIN1@DF_QNA_EXPENDITURE_GROWTH_OECD(1.1),I,Q,Y,CHN,S1,S1,B1GQ,_Z,_Z,_Z,PC,L,GY,T0102,2021-Q3,5.5
DATAFLOW,OECD.SDD.NAD:DSD_NAMAIN1@DF_QNA_EXPENDITURE_GROWTH_OECD(1.1),I,Q,Y,AUS,S1,S1,B1GQ,_Z,_Z,_Z,PC,L,GY,T0102,2021-Q3,4.676306003
DATAFLOW,OECD.SDD.NAD:DSD_NAMAIN1@DF_QNA_EXPENDITURE_GROWTH_OECD(1.1),I,Q,Y,DEU,S1,S1,B1GQ,_Z,_Z,_Z,PC,L,GY,T0102,2021-Q3,2.792854519
DATAFLOW,OECD.SDD.NAD:DSD_NAMAIN1@DF_QNA_EXPENDITURE_GROWTH_OECD(1.1),I,Q,Y,DEU,S1,S1,B1GQ,_Z,_Z,_Z,PC,L,GY,T0102,2021-Q2,11.615195283
DATAFLOW,OECD.SDD.NAD:DSD_NAMAIN1@DF_QNA_EXPENDITURE_GROWTH_OECD(1.1),I,Q,Y,AUS,S1,S1,B1GQ,_Z,_Z,_Z,PC,L,GY,T0102,2021-Q2,10.204024281
DATAFLOW,OECD.SDD.NAD:DSD_NAMAIN1@DF_QNA_EXPENDITURE_GROWTH_OECD(1.1),I,Q,Y,CHN,S1,S1,B1GQ,_Z,_Z,_Z,PC,L,GY,T0102,2021-Q2,8.1
DATAFLOW,OECD.SDD.NAD:DSD_NAMAIN1@DF_QNA_EXPENDITURE_GROWTH_OECD(1.1),I,Q,Y,CAN,S1,S1,B1GQ,_Z,_Z,_Z,PC,L,GY,T0102,2021-Q2,12.893280207
DATAFLOW,OECD.SDD.NAD:DSD_NAMAIN1@DF_QNA_EXPENDITURE_GROWTH_OECD(1.1),I,Q,Y,CAN,S1,S1,B1GQ,_Z,_Z,_Z,PC,L,GY,T0102,2021-Q1,0.592979213
DATAFLOW,OECD.SDD.NAD:DSD_NAMAIN1@DF_QNA_EXPENDITURE_GROWTH_OECD(1.1),I,Q,Y,CHN,S1,S1,B1GQ,_Z,_Z,_Z,PC,L,GY,T0102,2021-Q1,18.9
DATAFLOW,OECD.SDD.NAD:DSD_NAMAIN1@DF_QNA_EXPENDITURE_GROWTH_OECD(1.1),I,Q,Y,AUS,S1,S1,B1GQ,_Z,_Z,_Z,PC,L,GY,T0102,2021-Q1,1.951336159
DATAFLOW,OECD.SDD.NAD:DSD_NAMAIN1@DF_QNA_EXPENDITURE_GROWTH_OECD(1.1),I,Q,Y,DEU,S1,S1,B1GQ,_Z,_Z,_Z,PC,L,GY,T0102,2021-Q1,-0.625479392
DATAFLOW,OECD.SDD.NAD:DSD_NAMAIN1@DF_QNA_EXPENDITURE_GROWTH_OECD(1.1),I,Q,Y,DEU,S1,S1,B1GQ,_Z,_Z,_Z,PC,L,GY,T0102,2020-Q4,-2.039451287
DATAFLOW,OECD.SDD.NAD:DSD_NAMAIN1@DF_QNA_EXPENDITURE_GROWTH_OECD(1.1),I,Q,Y,CHN,S1,S1,B1GQ,_Z,_Z,_Z,PC,L,GY,T0102,2020-Q4,6.5
DATAFLOW,OECD.SDD.NAD:DSD_NAMAIN1@DF_QNA_EXPENDITURE_GROWTH_OECD(1.1),I,Q,Y,AUS,S1,S1,B1GQ,_Z,_Z,_Z,PC,L,GY,T0102,2020-Q4,-0.44885343
DATAFLOW,OECD.SDD.NAD:DSD_NAMAIN1@DF_QNA_EXPENDITURE_GROWTH_OECD(1.1),I,Q,Y,CAN,S1,S1,B1GQ,_Z,_Z,_Z,PC,L,GY,T0102,2020-Q4,-3.020634455
DATAFLOW,OECD.SDD.NAD:DSD_NAMAIN1@DF_QNA_EXPENDITURE_GROWTH_OECD(1.1),I,Q,Y,CAN,S1,S1,B1GQ,_Z,_Z,_Z,PC,L,GY,T0102,2020-Q3,-4.536907058
DATAFLOW,OECD.SDD.NAD:DSD_NAMAIN1@DF_QNA_EXPENDITURE_GROWTH_OECD(1.1),I,Q,Y,CHN,S1,S1,B1GQ,_Z,_Z,_Z,PC,L,GY,T0102,2020-Q3,4.9
DATAFLOW,OECD.SDD.NAD:DSD_NAMAIN1@DF_QNA_EXPENDITURE_GROWTH_OECD(1.1),I,Q,Y,AUS,S1,S1,B1GQ,_Z,_Z,_Z,PC,L,GY,T0102,2020-Q3,-3.139508121
DATAFLOW,OECD.SDD.NAD:DSD_NAMAIN1@DF_QNA_EXPENDITURE_GROWTH_OECD(1.1),I,Q,Y,DEU,S1,S1,B1GQ,_Z,_Z,_Z,PC,L,GY,T0102,2020-Q3,-3.301844074
DATAFLOW,OECD.SDD.NAD:DSD_NAMAIN1@DF_QNA_EXPENDITURE_GROWTH_OECD(1.1),I,Q,Y,DEU,S1,S1,B1GQ,_Z,_Z,_Z,PC,L,GY,T0102,2020-Q2,-10.681102085
DATAFLOW,OECD.SDD.NAD:DSD_NAMAIN1@DF_QNA_EXPENDITURE_GROWTH_OECD(1.1),I,Q,Y,AUS,S1,S1,B1GQ,_Z,_Z,_Z,PC,L,GY,T0102,2020-Q2,-5.852782527
DATAFLOW,OECD.SDD.NAD:DSD_NAMAIN1@DF_QNA_EXPENDITURE_GROWTH_OECD(1.1),I,Q,Y,CHN,S1,S1,B1GQ,_Z,_Z,_Z,PC,L,GY,T0102,2020-Q2,3.2
DATAFLOW,OECD.SDD.NAD:DSD_NAMAIN1@DF_QNA_EXPENDITURE_GROWTH_OECD(1.1),I,Q,Y,CAN,S1,S1,B1GQ,_Z,_Z,_Z,PC,L,GY,T0102,2020-Q2,-12.241523689
DATAFLOW,OECD.SDD.NAD:DSD_NAMAIN1@DF_QNA_EXPENDITURE_GROWTH_OECD(1.1),I,Q,Y,CAN,S1,S1,B1GQ,_Z,_Z,_Z,PC,L,GY,T0102,2020-Q1,-0.315546147
DATAFLOW,OECD.SDD.NAD:DSD_NAMAIN1@DF_QNA_EXPENDITURE_GROWTH_OECD(1.1),I,Q,Y,CHN,S1,S1,B1GQ,_Z,_Z,_Z,PC,L,GY,T0102,2020-Q1,-6.8
DATAFLOW,OECD.SDD.NAD:DSD_NAMAIN1@DF_QNA_EXPENDITURE_GROWTH_OECD(1.1),I,Q,Y,AUS,S1,S1,B1GQ,_Z,_Z,_Z,PC,L,GY,T0102,2020-Q1,1.267174863
DATAFLOW,OECD.SDD.NAD:DSD_NAMAIN1@DF_QNA_EXPENDITURE_GROWTH_OECD(1.1),I,Q,Y,DEU,S1,S1,B1GQ,_Z,_Z,_Z,PC,L,GY,T0102,2020-Q1,-1.926579398
DATAFLOW,OECD.SDD.NAD:DSD_NAMAIN1@DF_QNA_EXPENDITURE_GROWTH_OECD(1.1),I,Q,Y,DEU,S1,S1,B1GQ,_Z,_Z,_Z,PC,L,GY,T0102,2019-Q4,0.762184665
DATAFLOW,OECD.SDD.NAD:DSD_NAMAIN1@DF_QNA_EXPENDITURE_GROWTH_OECD(1.1),I,Q,Y,AUS,S1,S1,B1GQ,_Z,_Z,_Z,PC,L,GY,T0102,2019-Q4,2.219901586
DATAFLOW,OECD.SDD.NAD:DSD_NAMAIN1@DF_QNA_EXPENDITURE_GROWTH_OECD(1.1),I,Q,Y,CHN,S1,S1,B1GQ,_Z,_Z,_Z,PC,L,GY,T0102,2019-Q4,5.9
DATAFLOW,OECD.SDD.NAD:DSD_NAMAIN1@DF_QNA_EXPENDITURE_GROWTH_OECD(1.1),I,Q,Y,CAN,S1,S1,B1GQ,_Z,_Z,_Z,PC,L,GY,T0102,2019-Q4,1.911570005
DATAFLOW,OECD.SDD.NAD:DSD_NAMAIN1@DF_QNA_EXPENDITURE_GROWTH_OECD(1.1),I,Q,Y,CAN,S1,S1,B1GQ,_Z,_Z,_Z,PC,L,GY,T0102,2019-Q3,1.860815663
DATAFLOW,OECD.SDD.NAD:DSD_NAMAIN1@DF_QNA_EXPENDITURE_GROWTH_OECD(1.1),I,Q,Y,CHN,S1,S1,B1GQ,_Z,_Z,_Z,PC,L,GY,T0102,2019-Q3,6.0
DATAFLOW,OECD.SDD.NAD:DSD_NAMAIN1@DF_QNA_EXPENDITURE_GROWTH_OECD(1.1),I,Q,Y,AUS,S1,S1,B1GQ,_Z,_Z,_Z,PC,L,GY,T0102,2019-Q3,1.885692655
DATAFLOW,OECD.SDD.NAD:DSD_NAMAIN1@DF_QNA_EXPENDITURE_GROWTH_OECD(1.1),I,Q,Y,DEU,S1,S1,B1GQ,_Z,_Z,_Z,PC,L,GY,T0102,2019-Q3,1.550550325
DATAFLOW,OECD.SDD.NAD:DSD_NAMAIN1@DF_QNA_EXPENDITURE_GROWTH_OECD(1.1),I,Q,Y,DEU,S1,S1,B1GQ,_Z,_Z,_Z,PC,L,GY,T0102,2019-Q2,0.500622873
DATAFLOW,OECD.SDD.NAD:DSD_NAMAIN1@DF_QNA_EXPENDITURE_GROWTH_OECD(1.1),I,Q,Y,AUS,S1,S1,B1GQ,_Z,_Z,_Z,PC,L,GY,T0102,2019-Q2,1.673890602
DATAFLOW,OECD.SDD.NAD:DSD_NAMAIN1@DF_QNA_EXPENDITURE_GROWTH_OECD(1.1),I,Q,Y,CHN,S1,S1,B1GQ,_Z,_Z,_Z,PC,L,GY,T0102,2019-Q2,6.1
DATAFLOW,OECD.SDD.NAD:DSD_NAMAIN1@DF_QNA_EXPENDITURE_GROWTH_OECD(1.1),I,Q,Y,CAN,S1,S1,B1GQ,_Z,_Z,_Z,PC,L,GY,T0102,2019-Q2,2.089160075
DATAFLOW,OECD.SDD.NAD:DSD_NAMAIN1@DF_QNA_EXPENDITURE_GROWTH_OECD(1.1),I,Q,Y,CAN,S1,S1,B1GQ,_Z,_Z,_Z,PC,L,GY,T0102,2019-Q1,1.771337736
DATAFLOW,OECD.SDD.NAD:DSD_NAMAIN1@DF_QNA_EXPENDITURE_GROWTH_OECD(1.1),I,Q,Y,CHN,S1,S1,B1GQ,_Z,_Z,_Z,PC,L,GY,T0102,2019-Q1,6.4
DATAFLOW,OECD.SDD.NAD:DSD_NAMAIN1@DF_QNA_EXPENDITURE_GROWTH_OECD(1.1),I,Q,Y,AUS,S1,S1,B1GQ,_Z,_Z,_Z,PC,L,GY,T0102,2019-Q1,2.116978339
DATAFLOW,OECD.SDD.NAD:DSD_NAMAIN1@DF_QNA_EXPENDITURE_GROWTH_OECD(1.1),I,Q,Y,DEU,S1,S1,B1GQ,_Z,_Z,_Z,PC,L,GY,T0102,2019-Q1,1.232288942
DATAFLOW,OECD.SDD.NAD:DSD_NAMAIN1@DF_QNA_EXPENDITURE_GROWTH_OECD(1.1),I,Q,Y,DEU,S1,S1,B1GQ,_Z,_Z,_Z,PC,L,GY,T0102,2018-Q4,0.016855382
DATAFLOW,OECD.SDD.NAD:DSD_NAMAIN1@DF_QNA_EXPENDITURE_GROWTH_OECD(1.1),I,Q,Y,AUS,S1,S1,B1GQ,_Z,_Z,_Z,PC,L,GY,T0102,2018-Q4,2.422215795
DATAFLOW,OECD.SDD.NAD:DSD_NAMAIN1@DF_QNA_EXPENDITURE_GROWTH_OECD(1.1),I,Q,Y,CHN,S1,S1,B1GQ,_Z,_Z,_Z,PC,L,GY,T0102,2018-Q4,6.5
DATAFLOW,OECD.SDD.NAD:DSD_NAMAIN1@DF_QNA_EXPENDITURE_GROWTH_OECD(1.1),I,Q,Y,CAN,S1,S1,B1GQ,_Z,_Z,_Z,PC,L,GY,T0102,2018-Q4,2.707270935
DATAFLOW,OECD.SDD.NAD:DSD_NAMAIN1@DF_QNA_EXPENDITURE_GROWTH_OECD(1.1),I,Q,Y,CAN,S1,S1,B1GQ,_Z,_Z,_Z,PC,L,GY,T0102,2018-Q3,2.985765256
DATAFLOW,OECD.SDD.NAD:DSD_NAMAIN1@DF_QNA_EXPENDITURE_GROWTH_OECD(1.1),I,Q,Y,CHN,S1,S1,B1GQ,_Z,_Z,_Z,PC,L,GY,T0102,2018-Q3,6.7
DATAFLOW,OECD.SDD.NAD:DSD_NAMAIN1@DF_QNA_EXPENDITURE_GROWTH_OECD(1.1),I,Q,Y,AUS,S1,S1,B1GQ,_Z,_Z,_Z,PC,L,GY,T0102,2018-Q3,2.574578592
DATAFLOW,OECD.SDD.NAD:DSD_NAMAIN1@DF_QNA_EXPENDITURE_GROWTH_OECD(1.1),I,Q,Y,DEU,S1,S1,B1GQ,_Z,_Z,_Z,PC,L,GY,T0102,2018-Q3,0.582389589
DATAFLOW,OECD.SDD.NAD:DSD_NAMAIN1@DF_QNA_EXPENDITURE_GROWTH_OECD(1.1),I,Q,Y,DEU,S1,S1,B1GQ,_Z,_Z,_Z,PC,L,GY,T0102,2018-Q2,2.050950644
DATAFLOW,OECD.SDD.NAD:DSD_NAMAIN1@DF_QNA_EXPENDITURE_GROWTH_OECD(1.1),I,Q,Y,AUS,S1,S1,B1GQ,_Z,_Z,_Z,PC,L,GY,T0102,2018-Q2,3.15671172
DATAFLOW,OECD.SDD.NAD:DSD_NAMAIN1@DF_QNA_EXPENDITURE_GROWTH_OECD(1.1),I,Q,Y,CHN,S1,S1,B1GQ,_Z,_Z,_Z,PC,L,GY,T0102,2018-Q2,6.9
DATAFLOW,OECD.SDD.NAD:DSD_NAMAIN1@DF_QNA_EXPENDITURE_GROWTH_OECD(1.1),I,Q,Y,CAN,S1,S1,B1GQ,_Z,_Z,_Z,PC,L,GY,T0102,2018-Q2,2.50106618
DATAFLOW,OECD.SDD.NAD:DSD_NAMAIN1@DF_QNA_EXPENDITURE_GROWTH_OECD(1.1),I,Q,Y,CAN,S1,S1,B1GQ,_Z,_Z,_Z,PC,L,GY,T0102,2018-Q1,2.778234881
DATAFLOW,OECD.SDD.NAD:DSD_NAMAIN1@DF_QNA_EXPENDITURE_GROWTH_OECD(1.1),I,Q,Y,CHN,S1,S1,B1GQ,_Z,_Z,_Z,PC,L,GY,T0102,2018-Q1,6.9
DATAFLOW,OECD.SDD.NAD:DSD_NAMAIN1@DF_QNA_EXPENDITURE_GROWTH_OECD(1.1),I,Q,Y,AUS,S1,S1,B1GQ,_Z,_Z,_Z,PC,L,GY,T0102,2018-Q1,3.009773783
DATAFLOW,OECD.SDD.NAD:DSD_NAMAIN1@DF_QNA_EXPENDITURE_GROWTH_OECD(1.1),I,Q,Y,DEU,S1,S1,B1GQ,_Z,_Z,_Z,PC,L,GY,T0102,2018-Q1,1.976532086
DATAFLOW,OECD.SDD.NAD:DSD_NAMAIN1@DF_QNA_EXPENDITURE_GROWTH_OECD(1.1),I,Q,Y,DEU,S1,S1,B1GQ,_Z,_Z,_Z,PC,L,GY,T0102,2017-Q4,3.874052638
DATAFLOW,OECD.SDD.NAD:DSD_NAMAIN1@DF_QNA_EXPENDITURE_GROWTH_OECD(1.1),I,Q,Y,AUS,S1,S1,B1GQ,_Z,_Z,_Z,PC,L,GY,T0102,2017-Q4,2.272842628
DATAFLOW,OECD.SDD.NAD:DSD_NAMAIN1@DF_QNA_EXPENDITURE_GROWTH_OECD(1.1),I,Q,Y,CHN,S1,S1,B1GQ,_Z,_Z,_Z,PC,L,GY,T0102,2017-Q4,6.8
DATAFLOW,OECD.SDD.NAD:DSD_NAMAIN1@DF_QNA_EXPENDITURE_GROWTH_OECD(1.1),I,Q,Y,CAN,S1,S1,B1GQ,_Z,_Z,_Z,PC,L,GY,T0102,2017-Q4,2.875449393
DATAFLOW,OECD.SDD.NAD:DSD_NAMAIN1@DF_QNA_EXPENDITURE_GROWTH_OECD(1.1),I,Q,Y,CAN,S1,S1,B1GQ,_Z,_Z,_Z,PC,L,GY,T0102,2017-Q3,2.930375143
DATAFLOW,OECD.SDD.NAD:DSD_NAMAIN1@DF_QNA_EXPENDITURE_GROWTH_OECD(1.1),I,Q,Y,CHN,S1,S1,B1GQ,_Z,_Z,_Z,PC,L,GY,T0102,2017-Q3,6.9
DATAFLOW,OECD.SDD.NAD:DSD_NAMAIN1@DF_QNA_EXPENDITURE_GROWTH_OECD(1.1),I,Q,Y,AUS,S1,S1,B1GQ,_Z,_Z,_Z,PC,L,GY,T0102,2017-Q3,3.056255932
DATAFLOW,OECD.SDD.NAD:DSD_NAMAIN1@DF_QNA_EXPENDITURE_GROWTH_OECD(1.1),I,Q,Y,DEU,S1,S1,B1GQ,_Z,_Z,_Z,PC,L,GY,T0102,2017-Q3,3.307913409
DATAFLOW,OECD.SDD.NAD:DSD_NAMAIN1@DF_QNA_EXPENDITURE_GROWTH_OECD(1.1),I,Q,Y,DEU,S1,S1,B1GQ,_Z,_Z,_Z,PC,L,GY,T0102,2017-Q2,2.854750243
DATAFLOW,OECD.SDD.NAD:DSD_NAMAIN1@DF_QNA_EXPENDITURE_GROWTH_OECD(1.1),I,Q,Y,AUS,S1,S1,B1GQ,_Z,_Z,_Z,PC,L,GY,T0102,2017-Q2,2.079545354
DATAFLOW,OECD.SDD.NAD:DSD_NAMAIN1@DF_QNA_EXPENDITURE_GROWTH_OECD(1.1),I,Q,Y,CHN,S1,S1,B1GQ,_Z,_Z,_Z,PC,L,GY,T0102,2017-Q2,7.0
DATAFLOW,OECD.SDD.NAD:DSD_NAMAIN1@DF_QNA_EXPENDITURE_GROWTH_OECD(1.1),I,Q,Y,CAN,S1,S1,B1GQ,_Z,_Z,_Z,PC,L,GY,T0102,2017-Q2,3.965922387
DATAFLOW,OECD.SDD.NAD:DSD_NAMAIN1@DF_QNA_EXPENDITURE_GROWTH_OECD(1.1),I,Q,Y,CAN,S1,S1,B1GQ,_Z,_Z,_Z,PC,L,GY,T0102,2017-Q1,2.37052862
DATAFLOW,OECD.SDD.NAD:DSD_NAMAIN1@DF_QNA_EXPENDITURE_GROWTH_OECD(1.1),I,Q,Y,CHN,S1,S1,B1GQ,_Z,_Z,_Z,PC,L,GY,T0102,2017-Q1,7.0
DATAFLOW,OECD.SDD.NAD:DSD_NAMAIN1@DF_QNA_EXPENDITURE_GROWTH_OECD(1.1),I,Q,Y,AUS,S1,S1,B1GQ,_Z,_Z,_Z,PC,L,GY,T0102,2017-Q1,2.141134917
DATAFLOW,OECD.SDD.NAD:DSD_NAMAIN1@DF_QNA_EXPENDITURE_GROWTH_OECD(1.1),I,Q,Y,DEU,S1,S1,B1GQ,_Z,_Z,_Z,PC,L,GY,T0102,2017-Q1,2.354682343
DATAFLOW,OECD.SDD.NAD:DSD_NAMAIN1@DF_QNA_EXPENDITURE_GROWTH_OECD(1.1),I,Q,Y,DEU,S1,S1,B1GQ,_Z,_Z,_Z,PC,L,GY,T0102,2016-Q4,1.930994825
DATAFLOW,OECD.SDD.NAD:DSD_NAMAIN1@DF_QNA_EXPENDITURE_GROWTH_OECD(1.1),I,Q,Y,AUS,S1,S1,B1GQ,_Z,_Z,_Z,PC,L,GY,T0102,2016-Q4,2.755037444
DATAFLOW,OECD.SDD.NAD:DSD_NAMAIN1@DF_QNA_EXPENDITURE_GROWTH_OECD(1.1),I,Q,Y,CHN,S1,S1,B1GQ,_Z,_Z,_Z,PC,L,GY,T0102,2016-Q4,6.8
DATAFLOW,OECD.SDD.NAD:DSD_NAMAIN1@DF_QNA_EXPENDITURE_GROWTH_OECD(1.1),I,Q,Y,CAN,S1,S1,B1GQ,_Z,_Z,_Z,PC,L,GY,T0102,2016-Q4,1.696684609
DATAFLOW,OECD.SDD.NAD:DSD_NAMAIN1@DF_QNA_EXPENDITURE_GROWTH_OECD(1.1),I,Q,Y,CAN,S1,S1,B1GQ,_Z,_Z,_Z,PC,L,GY,T0102,2016-Q3,1.196347067
DATAFLOW,OECD.SDD.NAD:DSD_NAMAIN1@DF_QNA_EXPENDITURE_GROWTH_OECD(1.1),I,Q,Y,CHN,S1,S1,B1GQ,_Z,_Z,_Z,PC,L,GY,T0102,2016-Q3,6.7
DATAFLOW,OECD.SDD.NAD:DSD_NAMAIN1@DF_QNA_EXPENDITURE_GROWTH_OECD(1.1),I,Q,Y,AUS,S1,S1,B1GQ,_Z,_Z,_Z,PC,L,GY,T0102,2016-Q3,2.201737576
DATAFLOW,OECD.SDD.NAD:DSD_NAMAIN1@DF_QNA_EXPENDITURE_GROWTH_OECD(1.1),I,Q,Y,DEU,S1,S1,B1GQ,_Z,_Z,_Z,PC,L,GY,T0102,2016-Q3,1.981975706
DATAFLOW,OECD.SDD.NAD:DSD_NAMAIN1@DF_QNA_EXPENDITURE_GROWTH_OECD(1.1),I,Q,Y,DEU,S1,S1,B1GQ,_Z,_Z,_Z,PC,L,GY,T0102,2016-Q2,2.1681323
DATAFLOW,OECD.SDD.NAD:DSD_NAMAIN1@DF_QNA_EXPENDITURE_GROWTH_OECD(1.1),I,Q,Y,AUS,S1,S1,B1GQ,_Z,_Z,_Z,PC,L,GY,T0102,2016-Q2,3.207304461
DATAFLOW,OECD.SDD.NAD:DSD_NAMAIN1@DF_QNA_EXPENDITURE_GROWTH_OECD(1.1),I,Q,Y,CHN,S1,S1,B1GQ,_Z,_Z,_Z,PC,L,GY,T0102,2016-Q2,6.7
DATAFLOW,OECD.SDD.NAD:DSD_NAMAIN1@DF_QNA_EXPENDITURE_GROWTH_OECD(1.1),I,Q,Y,CAN,S1,S1,B1GQ,_Z,_Z,_Z,PC,L,GY,T0102,2016-Q2,0.515594113
DATAFLOW,OECD.SDD.NAD:DSD_NAMAIN1@DF_QNA_EXPENDITURE_GROWTH_OECD(1.1),I,Q,Y,CAN,S1,S1,B1GQ,_Z,_Z,_Z,PC,L,GY,T0102,2016-Q1,0.743027311
DATAFLOW,OECD.SDD.NAD:DSD_NAMAIN1@DF_QNA_EXPENDITURE_GROWTH_OECD(1.1),I,Q,Y,AUS,S1,S1,B1GQ,_Z,_Z,_Z,PC,L,GY,T0102,2016-Q1,2.654205129
DATAFLOW,OECD.SDD.NAD:DSD_NAMAIN1@DF_QNA_EXPENDITURE_GROWTH_OECD(1.1),I,Q,Y,DEU,S1,S1,B1GQ,_Z,_Z,_Z,PC,L,GY,T0102,2016-Q1,2.469955445
DATAFLOW,OECD.SDD.NAD:DSD_NAMAIN1@DF_QNA_EXPENDITURE_GROWTH_OECD(1.1),I,Q,Y,DEU,S1,S1,B1GQ,_Z,_Z,_Z,PC,L,GY,T0102,2015-Q4,1.356565826
DATAFLOW,OECD.SDD.NAD:DSD_NAMAIN1@DF_QNA_EXPENDITURE_GROWTH_OECD(1.1),I,Q,Y,JPN,S1,S1,B1GQ,_Z,_Z,_Z,PC,L,GY,T0102,2009-Q1,-8.184408222
DATAFLOW,OECD.SDD.NAD:DSD_NAMAIN1@DF_QNA_EXPENDITURE_GROWTH_OECD(1.1),I,Q,Y,JPN,S1,S1,B1GQ,_Z,_Z,_Z,PC,L,GY,T0102,2008-Q4,-3.721434401
DATAFLOW,OECD.SDD.NAD:DSD_NAMAIN1@DF_QNA_EXPENDITURE_GROWTH_OECD(1.1),I,Q,Y,JPN,S1,S1,B1GQ,_Z,_Z,_Z,PC,L,GY,T0102,2008-Q3,-0.821219375
DATAFLOW,OECD.SDD.NAD:DSD_NAMAIN1@DF_QNA_EXPENDITURE_GROWTH_OECD(1.1),I,Q,Y,JPN,S1,S1,B1GQ,_Z,_Z,_Z,PC,L,GY,T0102,2008-Q2,-0.363206614
DATAFLOW,OECD.SDD.NAD:DSD_NAMAIN1@DF_QNA_EXPENDITURE_GROWTH_OECD(1.1),I,Q,Y,JPN,S1,S1,B1GQ,_Z,_Z,_Z,PC,L,GY,T0102,2008-Q1,0.272346177
DATAFLOW,OECD.SDD.NAD:DSD_NAMAIN1@DF_QNA_EXPENDITURE_GROWTH_OECD(1.1),I,Q,Y,JPN,S1,S1,B1GQ,_Z,_Z,_Z,PC,L,GY,T0102,2007-Q4,0.781852659
DATAFLOW,OECD.SDD.NAD:DSD_NAMAIN1@DF_QNA_EXPENDITURE_GROWTH_OECD(1.1),I,Q,Y,JPN,S1,S1,B1GQ,_Z,_Z,_Z,PC,L,GY,T0102,2007-Q3,1.559198687
DATAFLOW,OECD.SDD.NAD:DSD_NAMAIN1@DF_QNA_EXPENDITURE_GROWTH_OECD(1.1),I,Q,Y,JPN,S1,S1,B1GQ,_Z,_Z,_Z,PC,L,GY,T0102,2007-Q2,2.216811445
DATAFLOW,OECD.SDD.NAD:DSD_NAMAIN1@DF_QNA_EXPENDITURE_GROWTH_OECD(1.1),I,Q,Y,JPN,S1,S1,B1GQ,_Z,_Z,_Z,PC,L,GY,T0102,2007-Q1,2.341460606
DATAFLOW,OECD.SDD.NAD:DSD_NAMAIN1@DF_QNA_EXPENDITURE_GROWTH_OECD(1.1),I,Q,Y,ITA,S1,S1,B1GQ,_Z,_Z,_Z,PC,L,GY,T0102,2025-Q4,0.836091733
DATAFLOW,OECD.SDD.NAD:DSD_NAMAIN1@DF_QNA_EXPENDITURE_GROWTH_OECD(1.1),I,Q,Y,ITA,S1,S1,B1GQ,_Z,_Z,_Z,PC,L,GY,T0102,2025-Q3,0.575878899
DATAFLOW,OECD.SDD.NAD:DSD_NAMAIN1@DF_QNA_EXPENDITURE_GROWTH_OECD(1.1),I,Q,Y,ITA,S1,S1,B1GQ,_Z,_Z,_Z,PC,L,GY,T0102,2025-Q2,0.455008356
DATAFLOW,OECD.SDD.NAD:DSD_NAMAIN1@DF_QNA_EXPENDITURE_GROWTH_OECD(1.1),I,Q,Y,ITA,S1,S1,B1GQ,_Z,_Z,_Z,PC,L,GY,T0102,2025-Q1,0.74186576
DATAFLOW,OECD.SDD.NAD:DSD_NAMAIN1@DF_QNA_EXPENDITURE_GROWTH_OECD(1.1),I,Q,Y,ITA,S1,S1,B1GQ,_Z,_Z,_Z,PC,L,GY,T0102,2024-Q4,0.492541085
DATAFLOW,OECD.SDD.NAD:DSD_NAMAIN1@DF_QNA_EXPENDITURE_GROWTH_OECD(1.1),I,Q,Y,ITA,S1,S1,B1GQ,_Z,_Z,_Z,PC,L,GY,T0102,2024-Q3,0.580279548
DATAFLOW,OECD.SDD.NAD:DSD_NAMAIN1@DF_QNA_EXPENDITURE_GROWTH_OECD(1.1),I,Q,Y,ITA,S1,S1,B1GQ,_Z,_Z,_Z,PC,L,GY,T0102,2024-Q2,0.563724884
DATAFLOW,OECD.SDD.NAD:DSD_NAMAIN1@DF_QNA_EXPENDITURE_GROWTH_OECD(1.1),I,Q,Y,ITA,S1,S1,B1GQ,_Z,_Z,_Z,PC,L,GY,T0102,2024-Q1,0.323250583
DATAFLOW,OECD.SDD.NAD:DSD_NAMAIN1@DF_QNA_EXPENDITURE_GROWTH_OECD(1.1),I,Q,Y,ITA,S1,S1,B1GQ,_Z,_Z,_Z,PC,L,GY,T0102,2023-Q4,0.925676394
DATAFLOW,OECD.SDD.NAD:DSD_NAMAIN1@DF_QNA_EXPENDITURE_GROWTH_OECD(1.1),I,Q,Y,ITA,S1,S1,B1GQ,_Z,_Z,_Z,PC,L,GY,T0102,2023-Q3,0.543265866
DATAFLOW,OECD.SDD.NAD:DSD_NAMAIN1@DF_QNA_EXPENDITURE_GROWTH_OECD(1.1),I,Q,Y,ITA,S1,S1,B1GQ,_Z,_Z,_Z,PC,L,GY,T0102,2023-Q2,0.652712635
DATAFLOW,OECD.SDD.NAD:DSD_NAMAIN1@DF_QNA_EXPENDITURE_GROWTH_OECD(1.1),I,Q,Y,ITA,S1,S1,B1GQ,_Z,_Z,_Z,PC,L,GY,T0102,2023-Q1,2.192043134
DATAFLOW,OECD.SDD.NAD:DSD_NAMAIN1@DF_QNA_EXPENDITURE_GROWTH_OECD(1.1),I,Q,Y,ITA,S1,S1,B1GQ,_Z,_Z,_Z,PC,L,GY,T0102,2022-Q4,2.206478936
DATAFLOW,OECD.SDD.NAD:DSD_NAMAIN1@DF_QNA_EXPENDITURE_GROWTH_OECD(1.1),I,Q,Y,ITA,S1,S1,B1GQ,_Z,_Z,_Z,PC,L,GY,T0102,2022-Q3,4.095424964
DATAFLOW,OECD.SDD.NAD:DSD_NAMAIN1@DF_QNA_EXPENDITURE_GROWTH_OECD(1.1),I,Q,Y,ITA,S1,S1,B1GQ,_Z,_Z,_Z,PC,L,GY,T0102,2022-Q2,6.378095791
DATAFLOW,OECD.SDD.NAD:DSD_NAMAIN1@DF_QNA_EXPENDITURE_GROWTH_OECD(1.1),I,Q,Y,ITA,S1,S1,B1GQ,_Z,_Z,_Z,PC,L,GY,T0102,2022-Q1,7.397386856
DATAFLOW,OECD.SDD.NAD:DSD_NAMAIN1@DF_QNA_EXPENDITURE_GROWTH_OECD(1.1),I,Q,Y,ITA,S1,S1,B1GQ,_Z,_Z,_Z,PC,L,GY,T0102,2021-Q4,8.397950607
DATAFLOW,OECD.SDD.NAD:DSD_NAMAIN1@DF_QNA_EXPENDITURE_GROWTH_OECD(1.1),I,Q,Y,ITA,S1,S1,B1GQ,_Z,_Z,_Z,PC,L,GY,T0102,2021-Q3,6.963281259
DATAFLOW,OECD.SDD.NAD:DSD_NAMAIN1@DF_QNA_EXPENDITURE_GROWTH_OECD(1.1),I,Q,Y,ITA,S1,S1,B1GQ,_Z,_Z,_Z,PC,L,GY,T0102,2021-Q2,19.318590163
DATAFLOW,OECD.SDD.NAD:DSD_NAMAIN1@DF_QNA_EXPENDITURE_GROWTH_OECD(1.1),I,Q,Y,ITA,S1,S1,B1GQ,_Z,_Z,_Z,PC,L,GY,T0102,2021-Q1,1.845337094
DATAFLOW,OECD.SDD.NAD:DSD_NAMAIN1@DF_QNA_EXPENDITURE_GROWTH_OECD(1.1),I,Q,Y,ITA,S1,S1,B1GQ,_Z,_Z,_Z,PC,L,GY,T0102,2020-Q4,-5.515019847
DATAFLOW,OECD.SDD.NAD:DSD_NAMAIN1@DF_QNA_EXPENDITURE_GROWTH_OECD(1.1),I,Q,Y,ITA,S1,S1,B1GQ,_Z,_Z,_Z,PC,L,GY,T0102,2020-Q3,-6.021028873
DATAFLOW,OECD.SDD.NAD:DSD_NAMAIN1@DF_QNA_EXPENDITURE_GROWTH_OECD(1.1),I,Q,Y,ITA,S1,S1,B1GQ,_Z,_Z,_Z,PC,L,GY,T0102,2020-Q2,-18.134313814
DATAFLOW,OECD.SDD.NAD:DSD_NAMAIN1@DF_QNA_EXPENDITURE_GROWTH_OECD(1.1),I,Q,Y,ITA,S1,S1,B1GQ,_Z,_Z,_Z,PC,L,GY,T0102,2020-Q1,-6.082997799
DATAFLOW,OECD.SDD.NAD:DSD_NAMAIN1@DF_QNA_EXPENDITURE_GROWTH_OECD(1.1),I,Q,Y,ITA,S1,S1,B1GQ,_Z,_Z,_Z,PC,L,GY,T0102,2019-Q4,-0.186852101
DATAFLOW,OECD.SDD.NAD:DSD_NAMAIN1@DF_QNA_EXPENDITURE_GROWTH_OECD(1.1),I,Q,Y,ITA,S1,S1,B1GQ,_Z,_Z,_Z,PC,L,GY,T0102,2019-Q3,0.354969863
DATAFLOW,OECD.SDD.NAD:DSD_NAMAIN1@DF_QNA_EXPENDITURE_GROWTH_OECD(1.1),I,Q,Y,ITA,S1,S1,B1GQ,_Z,_Z,_Z,PC,L,GY,T0102,2019-Q2,0.812388609
DATAFLOW,OECD.SDD.NAD:DSD_NAMAIN1@DF_QNA_EXPENDITURE_GROWTH_OECD(1.1),I,Q,Y,ITA,S1,S1,B1GQ,_Z,_Z,_Z,PC,L,GY,T0102,2019-Q1,0.694884035
DATAFLOW,OECD.SDD.NAD:DSD_NAMAIN1@DF_QNA_EXPENDITURE_GROWTH_OECD(1.1),I,Q,Y,ITA,S1,S1,B1GQ,_Z,_Z,_Z,PC,L,GY,T0102,2018-Q4,0.324449661
DATAFLOW,OECD.SDD.NAD:DSD_NAMAIN1@DF_QNA_EXPENDITURE_GROWTH_OECD(1.1),I,Q,Y,ITA,S1,S1,B1GQ,_Z,_Z,_Z,PC,L,GY,T0102,2018-Q3,0.640554257
DATAFLOW,OECD.SDD.NAD:DSD_NAMAIN1@DF_QNA_EXPENDITURE_GROWTH_OECD(1.1),I,Q,Y,ITA,S1,S1,B1GQ,_Z,_Z,_Z,PC,L,GY,T0102,2018-Q2,0.807422244
DATAFLOW,OECD.SDD.NAD:DSD_NAMAIN1@DF_QNA_EXPENDITURE_GROWTH_OECD(1.1),I,Q,Y,ITA,S1,S1,B1GQ,_Z,_Z,_Z,PC,L,GY,T0102,2018-Q1,0.957073498
DATAFLOW,OECD.SDD.NAD:DSD_NAMAIN1@DF_QNA_EXPENDITURE_GROWTH_OECD(1.1),I,Q,Y,ITA,S1,S1,B1GQ,_Z,_Z,_Z,PC,L,GY,T0102,2017-Q4,1.591855206
DATAFLOW,OECD.SDD.NAD:DSD_NAMAIN1@DF_QNA_EXPENDITURE_GROWTH_OECD(1.1),I,Q,Y,ITA,S1,S1,B1GQ,_Z,_Z,_Z,PC,L,GY,T0102,2017-Q3,1.352097433
DATAFLOW,OECD.SDD.NAD:DSD_NAMAIN1@DF_QNA_EXPENDITURE_GROWTH_OECD(1.1),I,Q,Y,ITA,S1,S1,B1GQ,_Z,_Z,_Z,PC,L,GY,T0102,2017-Q2,1.966642877
DATAFLOW,OECD.SDD.NAD:DSD_NAMAIN1@DF_QNA_EXPENDITURE_GROWTH_OECD(1.1),I,Q,Y,ITA,S1,S1,B1GQ,_Z,_Z,_Z,PC,L,GY,T0102,2017-Q1,1.861001745
DATAFLOW,OECD.SDD.NAD:DSD_NAMAIN1@DF_QNA_EXPENDITURE_GROWTH_OECD(1.1),I,Q,Y,ITA,S1,S1,B1GQ,_Z,_Z,_Z,PC,L,GY,T0102,2016-Q4,1.579333451
DATAFLOW,OECD.SDD.NAD:DSD_NAMAIN1@DF_QNA_EXPENDITURE_GROWTH_OECD(1.1),I,Q,Y,ITA,S1,S1,B1GQ,_Z,_Z,_Z,PC,L,GY,T0102,2016-Q3,1.681883655
DATAFLOW,OECD.SDD.NAD:DSD_NAMAIN1@DF_QNA_EXPENDITURE_GROWTH_OECD(1.1),I,Q,Y,ITA,S1,S1,B1GQ,_Z,_Z,_Z,PC,L,GY,T0102,2016-Q2,1.023993719
DATAFLOW,OECD.SDD.NAD:DSD_NAMAIN1@DF_QNA_EXPENDITURE_GROWTH_OECD(1.1),I,Q,Y,ITA,S1,S1,B1GQ,_Z,_Z,_Z,PC,L,GY,T0102,2016-Q1,1.130706728
DATAFLOW,OECD.SDD.NAD:DSD_NAMAIN1@DF_QNA_EXPENDITURE_GROWTH_OECD(1.1),I,Q,Y,ITA,S1,S1,B1GQ,_Z,_Z,_Z,PC,L,GY,T0102,2015-Q4,1.327590311
DATAFLOW,OECD.SDD.NAD:DSD_NAMAIN1@DF_QNA_EXPENDITURE_GROWTH_OECD(1.1),I,Q,Y,ITA,S1,S1,B1GQ,_Z,_Z,_Z,PC,L,GY,T0102,2015-Q3,0.703382344
DATAFLOW,OECD.SDD.NAD:DSD_NAMAIN1@DF_QNA_EXPENDITURE_GROWTH_OECD(1.1),I,Q,Y,ITA,S1,S1,B1GQ,_Z,_Z,_Z,PC,L,GY,T0102,2015-Q2,0.678524142
DATAFLOW,OECD.SDD.NAD:DSD_NAMAIN1@DF_QNA_EXPENDITURE_GROWTH_OECD(1.1),I,Q,Y,ITA,S1,S1,B1GQ,_Z,_Z,_Z,PC,L,GY,T0102,2015-Q1,0.273761688
DATAFLOW,OECD.SDD.NAD:DSD_NAMAIN1@DF_QNA_EXPENDITURE_GROWTH_OECD(1.1),I,Q,Y,ITA,S1,S1,B1GQ,_Z,_Z,_Z,PC,L,GY,T0102,2014-Q4,-0.085448444
DATAFLOW,OECD.SDD.NAD:DSD_NAMAIN1@DF_QNA_EXPENDITURE_GROWTH_OECD(1.1),I,Q,Y,ITA,S1,S1,B1GQ,_Z,_Z,_Z,PC,L,GY,T0102,2014-Q3,-0.071777292
DATAFLOW,OECD.SDD.NAD:DSD_NAMAIN1@DF_QNA_EXPENDITURE_GROWTH_OECD(1.1),I,Q,Y,USA,S1,S1,B1GQ,_Z,_Z,_Z,PC,L,GY,T0102,2025-Q3,2.335167772
DATAFLOW,OECD.SDD.NAD:DSD_NAMAIN1@DF_QNA_EXPENDITURE_GROWTH_OECD(1.1),I,Q,Y,USA,S1,S1,B1GQ,_Z,_Z,_Z,PC,L,GY,T0102,2025-Q2,2.080466509
DATAFLOW,OECD.SDD.NAD:DSD_NAMAIN1@DF_QNA_EXPENDITURE_GROWTH_OECD(1.1),I,Q,Y,USA,S1,S1,B1GQ,_Z,_Z,_Z,PC,L,GY,T0102,2025-Q1,2.019273014
DATAFLOW,OECD.SDD.NAD:DSD_NAMAIN1@DF_QNA_EXPENDITURE_GROWTH_OECD(1.1),I,Q,Y,USA,S1,S1,B1GQ,_Z,_Z,_Z,PC,L,GY,T0102,2024-Q4,2.399788485
DATAFLOW,OECD.SDD.NAD:DSD_NAMAIN1@DF_QNA_EXPENDITURE_GROWTH_OECD(1.1),I,Q,Y,USA,S1,S1,B1GQ,_Z,_Z,_Z,PC,L,GY,T0102,2024-Q3,2.791389637
DATAFLOW,OECD.SDD.NAD:DSD_NAMAIN1@DF_QNA_EXPENDITURE_GROWTH_OECD(1.1),I,Q,Y,USA,S1,S1,B1GQ,_Z,_Z,_Z,PC,L,GY,T0102,2024-Q2,3.126631524
DATAFLOW,OECD.SDD.NAD:DSD_NAMAIN1@DF_QNA_EXPENDITURE_GROWTH_OECD(1.1),I,Q,Y,USA,S1,S1,B1GQ,_Z,_Z,_Z,PC,L,GY,T0102,2024-Q1,2.863294353
DATAFLOW,OECD.SDD.NAD:DSD_NAMAIN1@DF_QNA_EXPENDITURE_GROWTH_OECD(1.1),I,Q,Y,USA,S1,S1,B1GQ,_Z,_Z,_Z,PC,L,GY,T0102,2023-Q4,3.390893713
DATAFLOW,OECD.SDD.NAD:DSD_NAMAIN1@DF_QNA_EXPENDITURE_GROWTH_OECD(1.1),I,Q,Y,USA,S1,S1,B1GQ,_Z,_Z,_Z,PC,L,GY,T0102,2023-Q3,3.233192283
DATAFLOW,OECD.SDD.NAD:DSD_NAMAIN1@DF_QNA_EXPENDITURE_GROWTH_OECD(1.1),I,Q,Y,USA,S1,S1,B1GQ,_Z,_Z,_Z,PC,L,GY,T0102,2023-Q2,2.792610476
DATAFLOW,OECD.SDD.NAD:DSD_NAMAIN1@DF_QNA_EXPENDITURE_GROWTH_OECD(1.1),I,Q,Y,USA,S1,S1,B1GQ,_Z,_Z,_Z,PC,L,GY,T0102,2023-Q1,2.311146229
DATAFLOW,OECD.SDD.NAD:DSD_NAMAIN1@DF_QNA_EXPENDITURE_GROWTH_OECD(1.1),I,Q,Y,USA,S1,S1,B1GQ,_Z,_Z,_Z,PC,L,GY,T0102,2022-Q4,1.317074282
DATAFLOW,OECD.SDD.NAD:DSD_NAMAIN1@DF_QNA_EXPENDITURE_GROWTH_OECD(1.1),I,Q,Y,USA,S1,S1,B1GQ,_Z,_Z,_Z,PC,L,GY,T0102,2022-Q3,2.348973264
DATAFLOW,OECD.SDD.NAD:DSD_NAMAIN1@DF_QNA_EXPENDITURE_GROWTH_OECD(1.1),I,Q,Y,USA,S1,S1,B1GQ,_Z,_Z,_Z,PC,L,GY,T0102,2022-Q2,2.45379293
DATAFLOW,OECD.SDD.NAD:DSD_NAMAIN1@DF_QNA_EXPENDITURE_GROWTH_OECD(1.1),I,Q,Y,USA,S1,S1,B1GQ,_Z,_Z,_Z,PC,L,GY,T0102,2022-Q1,4.034582078
DATAFLOW,OECD.SDD.NAD:DSD_NAMAIN1@DF_QNA_EXPENDITURE_GROWTH_OECD(1.1),I,Q,Y,USA,S1,S1,B1GQ,_Z,_Z,_Z,PC,L,GY,T0102,2021-Q4,5.756179192
DATAFLOW,OECD.SDD.NAD:DSD_NAMAIN1@DF_QNA_EXPENDITURE_GROWTH_OECD(1.1),I,Q,Y,USA,S1,S1,B1GQ,_Z,_Z,_Z,PC,L,GY,T0102,2021-Q3,5.150810995
DATAFLOW,OECD.SDD.NAD:DSD_NAMAIN1@DF_QNA_EXPENDITURE_GROWTH_OECD(1.1),I,Q,Y,USA,S1,S1,B1GQ,_Z,_Z,_Z,PC,L,GY,T0102,2021-Q2,12.385669309
DATAFLOW,OECD.SDD.NAD:DSD_NAMAIN1@DF_QNA_EXPENDITURE_GROWTH_OECD(1.1),I,Q,Y,USA,S1,S1,B1GQ,_Z,_Z,_Z,PC,L,GY,T0102,2021-Q1,1.800754176
DATAFLOW,OECD.SDD.NAD:DSD_NAMAIN1@DF_QNA_EXPENDITURE_GROWTH_OECD(1.1),I,Q,Y,USA,S1,S1,B1GQ,_Z,_Z,_Z,PC,L,GY,T0102,2020-Q4,-0.922215242
DATAFLOW,OECD.SDD.NAD:DSD_NAMAIN1@DF_QNA_EXPENDITURE_GROWTH_OECD(1.1),I,Q,Y,USA,S1,S1,B1GQ,_Z,_Z,_Z,PC,L,GY,T0102,2020-Q3,-1.3646721
DATAFLOW,OECD.SDD.NAD:DSD_NAMAIN1@DF_QNA_EXPENDITURE_GROWTH_OECD(1.1),I,Q,Y,USA,S1,S1,B1GQ,_Z,_Z,_Z,PC,L,GY,T0102,2020-Q2,-7.398614959
DATAFLOW,OECD.SDD.NAD:DSD_NAMAIN1@DF_QNA_EXPENDITURE_GROWTH_OECD(1.1),I,Q,Y,USA,S1,S1,B1GQ,_Z,_Z,_Z,PC,L,GY,T0102,2020-Q1,1.358535029
DATAFLOW,OECD.SDD.NAD:DSD_NAMAIN1@DF_QNA_EXPENDITURE_GROWTH_OECD(1.1),I,Q,Y,USA,S1,S1,B1GQ,_Z,_Z,_Z,PC,L,GY,T0102,2019-Q4,3.351776524
DATAFLOW,OECD.SDD.NAD:DSD_NAMAIN1@DF_QNA_EXPENDITURE_GROWTH_OECD(1.1),I,Q,Y,USA,S1,S1,B1GQ,_Z,_Z,_Z,PC,L,GY,T0102,2019-Q3,2.797216869
DATAFLOW,OECD.SDD.NAD:DSD_NAMAIN1@DF_QNA_EXPENDITURE_GROWTH_OECD(1.1),I,Q,Y,USA,S1,S1,B1GQ,_Z,_Z,_Z,PC,L,GY,T0102,2019-Q2,2.242125695
DATAFLOW,OECD.SDD.NAD:DSD_NAMAIN1@DF_QNA_EXPENDITURE_GROWTH_OECD(1.1),I,Q,Y,USA,S1,S1,B1GQ,_Z,_Z,_Z,PC,L,GY,T0102,2019-Q1,1.933558727
DATAFLOW,OECD.SDD.NAD:DSD_NAMAIN1@DF_QNA_EXPENDITURE_GROWTH_OECD(1.1),I,Q,Y,USA,S1,S1,B1GQ,_Z,_Z,_Z,PC,L,GY,T0102,2018-Q4,2.125110751
DATAFLOW,OECD.SDD.NAD:DSD_NAMAIN1@DF_QNA_EXPENDITURE_GROWTH_OECD(1.1),I,Q,Y,USA,S1,S1,B1GQ,_Z,_Z,_Z,PC,L,GY,T0102,2018-Q3,3.130030641
DATAFLOW,OECD.SDD.NAD:DSD_NAMAIN1@DF_QNA_EXPENDITURE_GROWTH_OECD(1.1),I,Q,Y,USA,S1,S1,B1GQ,_Z,_Z,_Z,PC,L,GY,T0102,2018-Q2,3.298962847
DATAFLOW,OECD.SDD.NAD:DSD_NAMAIN1@DF_QNA_EXPENDITURE_GROWTH_OECD(1.1),I,Q,Y,USA,S1,S1,B1GQ,_Z,_Z,_Z,PC,L,GY,T0102,2018-Q1,3.328810095
DATAFLOW,OECD.SDD.NAD:DSD_NAMAIN1@DF_QNA_EXPENDITURE_GROWTH_OECD(1.1),I,Q,Y,USA,S1,S1,B1GQ,_Z,_Z,_Z,PC,L,GY,T0102,2017-Q4,2.994143497
DATAFLOW,OECD.SDD.NAD:DSD_NAMAIN1@DF_QNA_EXPENDITURE_GROWTH_OECD(1.1),I,Q,Y,USA,S1,S1,B1GQ,_Z,_Z,_Z,PC,L,GY,T0102,2017-Q3,2.410821412
DATAFLOW,OECD.SDD.NAD:DSD_NAMAIN1@DF_QNA_EXPENDITURE_GROWTH_OECD(1.1),I,Q,Y,USA,S1,S1,B1GQ,_Z,_Z,_Z,PC,L,GY,T0102,2017-Q2,2.330413794
DATAFLOW,OECD.SDD.NAD:DSD_NAMAIN1@DF_QNA_EXPENDITURE_GROWTH_OECD(1.1),I,Q,Y,USA,S1,S1,B1GQ,_Z,_Z,_Z,PC,L,GY,T0102,2017-Q1,2.087461694
DATAFLOW,OECD.SDD.NAD:DSD_NAMAIN1@DF_QNA_EXPENDITURE_GROWTH_OECD(1.1),I,Q,Y,USA,S1,S1,B1GQ,_Z,_Z,_Z,PC,L,GY,T0102,2016-Q4,2.181566303
DATAFLOW,OECD.SDD.NAD:DSD_NAMAIN1@DF_QNA_EXPENDITURE_GROWTH_OECD(1.1),I,Q,Y,USA,S1,S1,B1GQ,_Z,_Z,_Z,PC,L,GY,T0102,2016-Q3,1.805761531
DATAFLOW,OECD.SDD.NAD:DSD_NAMAIN1@DF_QNA_EXPENDITURE_GROWTH_OECD(1.1),I,Q,Y,USA,S1,S1,B1GQ,_Z,_Z,_Z,PC,L,GY,T0102,2016-Q2,1.493250833
DATAFLOW,OECD.SDD.NAD:DSD_NAMAIN1@DF_QNA_EXPENDITURE_GROWTH_OECD(1.1),I,Q,Y,USA,S1,S1,B1GQ,_Z,_Z,_Z,PC,L,GY,T0102,2016-Q1,1.795016891
DATAFLOW,OECD.SDD.NAD:DSD_NAMAIN1@DF_QNA_EXPENDITURE_GROWTH_OECD(1.1),I,Q,Y,USA,S1,S1,B1GQ,_Z,_Z,_Z,PC,L,GY,T0102,2015-Q4,2.119861313
DATAFLOW,OECD.SDD.NAD:DSD_NAMAIN1@DF_QNA_EXPENDITURE_GROWTH_OECD(1.1),I,Q,Y,USA,S1,S1,B1GQ,_Z,_Z,_Z,PC,L,GY,T0102,2015-Q3,2.447321366
DATAFLOW,OECD.SDD.NAD:DSD_NAMAIN1@DF_QNA_EXPENDITURE_GROWTH_OECD(1.1),I,Q,Y,USA,S1,S1,B1GQ,_Z,_Z,_Z,PC,L,GY,T0102,2015-Q2,3.279087861
DATAFLOW,OECD.SDD.NAD:DSD_NAMAIN1@DF_QNA_EXPENDITURE_GROWTH_OECD(1.1),I,Q,Y,USA,S1,S1,B1GQ,_Z,_Z,_Z,PC,L,GY,T0102,2015-Q1,3.969299499
DATAFLOW,OECD.SDD.NAD:DSD_NAMAIN1@DF_QNA_EXPENDITURE_GROWTH_OECD(1.1),I,Q,Y,USA,S1,S1,B1GQ,_Z,_Z,_Z,PC,L,GY,T0102,2014-Q4,2.685835101
DATAFLOW,OECD.SDD.NAD:DSD_NAMAIN1@DF_QNA_EXPENDITURE_GROWTH_OECD(1.1),I,Q,Y,USA,S1,S1,B1GQ,_Z,_Z,_Z,PC,L,GY,T0102,2014-Q3,3.059782928
DATAFLOW,OECD.SDD.NAD:DSD_NAMAIN1@DF_QNA_EXPENDITURE_GROWTH_OECD(1.1),I,Q,Y,USA,S1,S1,B1GQ,_Z,_Z,_Z,PC,L,GY,T0102,2014-Q2,2.689152159
DATAFLOW,OECD.SDD.NAD:DSD_NAMAIN1@DF_QNA_EXPENDITURE_GROWTH_OECD(1.1),I,Q,Y,USA,S1,S1,B1GQ,_Z,_Z,_Z,PC,L,GY,T0102,2014-Q1,1.650817556
DATAFLOW,OECD.SDD.NAD:DSD_NAMAIN1@DF_QNA_EXPENDITURE_GROWTH_OECD(1.1),I,Q,Y,USA,S1,S1,B1GQ,_Z,_Z,_Z,PC,L,GY,T0102,2013-Q4,3.00914496
DATAFLOW,OECD.SDD.NAD:DSD_NAMAIN1@DF_QNA_EXPENDITURE_GROWTH_OECD(1.1),I,Q,Y,USA,S1,S1,B1GQ,_Z,_Z,_Z,PC,L,GY,T0102,2013-Q3,2.237022493
DATAFLOW,OECD.SDD.NAD:DSD_NAMAIN1@DF_QNA_EXPENDITURE_GROWTH_OECD(1.1),I,Q,Y,USA,S1,S1,B1GQ,_Z,_Z,_Z,PC,L,GY,T0102,2013-Q2,1.519938204
DATAFLOW,OECD.SDD.NAD:DSD_NAMAIN1@DF_QNA_EXPENDITURE_GROWTH_OECD(1.1),I,Q,Y,CHN,S1,S1,B1GQ,_Z,_Z,_Z,PC,L,GY,T0102,2025-Q4,4.5
DATAFLOW,OECD.SDD.NAD:DSD_NAMAIN1@DF_QNA_EXPENDITURE_GROWTH_OECD(1.1),I,Q,Y,CHN,S1,S1,B1GQ,_Z,_Z,_Z,PC,L,GY,T0102,2025-Q3,4.8
DATAFLOW,OECD.SDD.NAD:DSD_NAMAIN1@DF_QNA_EXPENDITURE_GROWTH_OECD(1.1),I,Q,Y,AUS,S1,S1,B1GQ,_Z,_Z,_Z,PC,L,GY,T0102,2025-Q3,2.052151049
DATAFLOW,OECD.SDD.NAD:DSD_NAMAIN1@DF_QNA_EXPENDITURE_GROWTH_OECD(1.1),I,Q,Y,CAN,S1,S1,B1GQ,_Z,_Z,_Z,PC,L,GY,T0102,2025-Q3,1.42333247
DATAFLOW,OECD.SDD.NAD:DSD_NAMAIN1@DF_QNA_EXPENDITURE_GROWTH_OECD(1.1),I,Q,Y,CAN,S1,S1,B1GQ,_Z,_Z,_Z,PC,L,GY,T0102,2025-Q2,1.599239532
DATAFLOW,OECD.SDD.NAD:DSD_NAMAIN1@DF_QNA_EXPENDITURE_GROWTH_OECD(1.1),I,Q,Y,AUS,S1,S1,B1GQ,_Z,_Z,_Z,PC,L,GY,T0102,2025-Q2,1.951901899
DATAFLOW,OECD.SDD.NAD:DSD_NAMAIN1@DF_QNA_EXPENDITURE_GROWTH_OECD(1.1),I,Q,Y,CHN,S1,S1,B1GQ,_Z,_Z,_Z,PC,L,GY,T0102,2025-Q2,5.2
DATAFLOW,OECD.SDD.NAD:DSD_NAMAIN1@DF_QNA_EXPENDITURE_GROWTH_OECD(1.1),I,Q,Y,CHN,S1,S1,B1GQ,_Z,_Z,_Z,PC,L,GY,T0102,2025-Q1,5.4
DATAFLOW,OECD.SDD.NAD:DSD_NAMAIN1@DF_QNA_EXPENDITURE_GROWTH_OECD(1.1),I,Q,Y,AUS,S1,S1,B1GQ,_Z,_Z,_Z,PC,L,GY,T0102,2025-Q1,1.403820061
DATAFLOW,OECD.SDD.NAD:DSD_NAMAIN1@DF_QNA_EXPENDITURE_GROWTH_OECD(1.1),I,Q,Y,CAN,S1,S1,B1GQ,_Z,_Z,_Z,PC,L,GY,T0102,2025-Q1,2.907410795
DATAFLOW,OECD.SDD.NAD:DSD_NAMAIN1@DF_QNA_EXPENDITURE_GROWTH_OECD(1.1),I,Q,Y,CAN,S1,S1,B1GQ,_Z,_Z,_Z,PC,L,GY,T0102,2024-Q4,3.100577659
DATAFLOW,OECD.SDD.NAD:DSD_NAMAIN1@DF_QNA_EXPENDITURE_GROWTH_OECD(1.1),I,Q,Y,AUS,S1,S1,B1GQ,_Z,_Z,_Z,PC,L,GY,T0102,2024-Q4,1.288900981
DATAFLOW,OECD.SDD.NAD:DSD_NAMAIN1@DF_QNA_EXPENDITURE_GROWTH_OECD(1.1),I,Q,Y,CHN,S1,S1,B1GQ,_Z,_Z,_Z,PC,L,GY,T0102,2024-Q4,5.4
DATAFLOW,OECD.SDD.NAD:DSD_NAMAIN1@DF_QNA_EXPENDITURE_GROWTH_OECD(1.1),I,Q,Y,CHN,S1,S1,B1GQ,_Z,_Z,_Z,PC,L,GY,T0102,2024-Q3,4.6
DATAFLOW,OECD.SDD.NAD:DSD_NAMAIN1@DF_QNA_EXPENDITURE_GROWTH_OECD(1.1),I,Q,Y,AUS,S1,S1,B1GQ,_Z,_Z,_Z,PC,L,GY,T0102,2024-Q3,0.818905742
DATAFLOW,OECD.SDD.NAD:DSD_NAMAIN1@DF_QNA_EXPENDITURE_GROWTH_OECD(1.1),I,Q,Y,CAN,S1,S1,B1GQ,_Z,_Z,_Z,PC,L,GY,T0102,2024-Q3,2.43536328
DATAFLOW,OECD.SDD.NAD:DSD_NAMAIN1@DF_QNA_EXPENDITURE_GROWTH_OECD(1.1),I,Q,Y,CAN,S1,S1,B1GQ,_Z,_Z,_Z,PC,L,GY,T0102,2024-Q2,1.654024201
DATAFLOW,OECD.SDD.NAD:DSD_NAMAIN1@DF_QNA_EXPENDITURE_GROWTH_OECD(1.1),I,Q,Y,AUS,S1,S1,B1GQ,_Z,_Z,_Z,PC,L,GY,T0102,2024-Q2,0.903227744
DATAFLOW,OECD.SDD.NAD:DSD_NAMAIN1@DF_QNA_EXPENDITURE_GROWTH_OECD(1.1),I,Q,Y,CHN,S1,S1,B1GQ,_Z,_Z,_Z,PC,L,GY,T0102,2024-Q2,4.7
DATAFLOW,OECD.SDD.NAD:DSD_NAMAIN1@DF_QNA_EXPENDITURE_GROWTH_OECD(1.1),I,Q,Y,CHN,S1,S1,B1GQ,_Z,_Z,_Z,PC,L,GY,T0102,2024-Q1,5.3
DATAFLOW,OECD.SDD.NAD:DSD_NAMAIN1@DF_QNA_EXPENDITURE_GROWTH_OECD(1.1),I,Q,Y,AUS,S1,S1,B1GQ,_Z,_Z,_Z,PC,L,GY,T0102,2024-Q1,1.108367329
DATAFLOW,OECD.SDD.NAD:DSD_NAMAIN1@DF_QNA_EXPENDITURE_GROWTH_OECD(1.1),I,Q,Y,CAN,S1,S1,B1GQ,_Z,_Z,_Z,PC,L,GY,T0102,2024-Q1,0.992150675
DATAFLOW,OECD.SDD.NAD:DSD_NAMAIN1@DF_QNA_EXPENDITURE_GROWTH_OECD(1.1),I,Q,Y,CAN,S1,S1,B1GQ,_Z,_Z,_Z,PC,L,GY,T0102,2023-Q4,1.317030446
DATAFLOW,OECD.SDD.NAD:DSD_NAMAIN1@DF_QNA_EXPENDITURE_GROWTH_OECD(1.1),I,Q,Y,AUS,S1,S1,B1GQ,_Z,_Z,_Z,PC,L,GY,T0102,2023-Q4,1.353312829
DATAFLOW,OECD.SDD.NAD:DSD_NAMAIN1@DF_QNA_EXPENDITURE_GROWTH_OECD(1.1),I,Q,Y,USA,S1,S1,B1GQ,_Z,_Z,_Z,PC,L,GY,T0102,2007-Q1,1.57672497
DATAFLOW,OECD.SDD.NAD:DSD_NAMAIN1@DF_QNA_EXPENDITURE_GROWTH_OECD(1.1),I,Q,Y,KOR,S1,S1,B1GQ,_Z,_Z,_Z,PC,L,GY,T0102,2023-Q4,2.333108157
DATAFLOW,OECD.SDD.NAD:DSD_NAMAIN1@DF_QNA_EXPENDITURE_GROWTH_OECD(1.1),I,Q,Y,KOR,S1,S1,B1GQ,_Z,_Z,_Z,PC,L,GY,T0102,2023-Q3,1.458866744
DATAFLOW,OECD.SDD.NAD:DSD_NAMAIN1@DF_QNA_EXPENDITURE_GROWTH_OECD(1.1),I,Q,Y,KOR,S1,S1,B1GQ,_Z,_Z,_Z,PC,L,GY,T0102,2023-Q2,1.168743352
DATAFLOW,OECD.SDD.NAD:DSD_NAMAIN1@DF_QNA_EXPENDITURE_GROWTH_OECD(1.1),I,Q,Y,KOR,S1,S1,B1GQ,_Z,_Z,_Z,PC,L,GY,T0102,2023-Q1,1.369183758
DATAFLOW,OECD.SDD.NAD:DSD_NAMAIN1@DF_QNA_EXPENDITURE_GROWTH_OECD(1.1),I,Q,Y,KOR,S1,S1,B1GQ,_Z,_Z,_Z,PC,L,GY,T0102,2022-Q4,1.394528426
DATAFLOW,OECD.SDD.NAD:DSD_NAMAIN1@DF_QNA_EXPENDITURE_GROWTH_OECD(1.1),I,Q,Y,KOR,S1,S1,B1GQ,_Z,_Z,_Z,PC,L,GY,T0102,2022-Q3,3.349274383
DATAFLOW,OECD.SDD.NAD:DSD_NAMAIN1@DF_QNA_EXPENDITURE_GROWTH_OECD(1.1),I,Q,Y,KOR,S1,S1,B1GQ,_Z,_Z,_Z,PC,L,GY,T0102,2022-Q2,2.83912563
DATAFLOW,OECD.SDD.NAD:DSD_NAMAIN1@DF_QNA_EXPENDITURE_GROWTH_OECD(1.1),I,Q,Y,KOR,S1,S1,B1GQ,_Z,_Z,_Z,PC,L,GY,T0102,2022-Q1,3.356633896
DATAFLOW,OECD.SDD.NAD:DSD_NAMAIN1@DF_QNA_EXPENDITURE_GROWTH_OECD(1.1),I,Q,Y,KOR,S1,S1,B1GQ,_Z,_Z,_Z,PC,L,GY,T0102,2021-Q4,4.530792498
DATAFLOW,OECD.SDD.NAD:DSD_NAMAIN1@DF_QNA_EXPENDITURE_GROWTH_OECD(1.1),I,Q,Y,KOR,S1,S1,B1GQ,_Z,_Z,_Z,PC,L,GY,T0102,2021-Q3,4.565082635
DATAFLOW,OECD.SDD.NAD:DSD_NAMAIN1@DF_QNA_EXPENDITURE_GROWTH_OECD(1.1),I,Q,Y,KOR,S1,S1,B1GQ,_Z,_Z,_Z,PC,L,GY,T0102,2021-Q2,6.884085606
DATAFLOW,OECD.SDD.NAD:DSD_NAMAIN1@DF_QNA_EXPENDITURE_GROWTH_OECD(1.1),I,Q,Y,KOR,S1,S1,B1GQ,_Z,_Z,_Z,PC,L,GY,T0102,2021-Q1,2.534543249
DATAFLOW,OECD.SDD.NAD:DSD_NAMAIN1@DF_QNA_EXPENDITURE_GROWTH_OECD(1.1),I,Q,Y,KOR,S1,S1,B1GQ,_Z,_Z,_Z,PC,L,GY,T0102,2020-Q4,-0.29881084
DATAFLOW,OECD.SDD.NAD:DSD_NAMAIN1@DF_QNA_EXPENDITURE_GROWTH_OECD(1.1),I,Q,Y,KOR,S1,S1,B1GQ,_Z,_Z,_Z,PC,L,GY,T0102,2020-Q3,-0.876579144
DATAFLOW,OECD.SDD.NAD:DSD_NAMAIN1@DF_QNA_EXPENDITURE_GROWTH_OECD(1.1),I,Q,Y,KOR,S1,S1,B1GQ,_Z,_Z,_Z,PC,L,GY,T0102,2020-Q2,-2.826865627
DATAFLOW,OECD.SDD.NAD:DSD_NAMAIN1@DF_QNA_EXPENDITURE_GROWTH_OECD(1.1),I,Q,Y,KOR,S1,S1,B1GQ,_Z,_Z,_Z,PC,L,GY,T0102,2020-Q1,1.221830242
DATAFLOW,OECD.SDD.NAD:DSD_NAMAIN1@DF_QNA_EXPENDITURE_GROWTH_OECD(1.1),I,Q,Y,KOR,S1,S1,B1GQ,_Z,_Z,_Z,PC,L,GY,T0102,2019-Q4,2.62558369
DATAFLOW,OECD.SDD.NAD:DSD_NAMAIN1@DF_QNA_EXPENDITURE_GROWTH_OECD(1.1),I,Q,Y,KOR,S1,S1,B1GQ,_Z,_Z,_Z,PC,L,GY,T0102,2019-Q3,2.180049846
DATAFLOW,OECD.SDD.NAD:DSD_NAMAIN1@DF_QNA_EXPENDITURE_GROWTH_OECD(1.1),I,Q,Y,KOR,S1,S1,B1GQ,_Z,_Z,_Z,PC,L,GY,T0102,2019-Q2,2.494714604
DATAFLOW,OECD.SDD.NAD:DSD_NAMAIN1@DF_QNA_EXPENDITURE_GROWTH_OECD(1.1),I,Q,Y,KOR,S1,S1,B1GQ,_Z,_Z,_Z,PC,L,GY,T0102,2019-Q1,1.949396126
DATAFLOW,OECD.SDD.NAD:DSD_NAMAIN1@DF_QNA_EXPENDITURE_GROWTH_OECD(1.1),I,Q,Y,KOR,S1,S1,B1GQ,_Z,_Z,_Z,PC,L,GY,T0102,2018-Q4,3.360358376
DATAFLOW,OECD.SDD.NAD:DSD_NAMAIN1@DF_QNA_EXPENDITURE_GROWTH_OECD(1.1),I,Q,Y,KOR,S1,S1,B1GQ,_Z,_Z,_Z,PC,L,GY,T0102,2018-Q3,2.546417813
DATAFLOW,OECD.SDD.NAD:DSD_NAMAIN1@DF_QNA_EXPENDITURE_GROWTH_OECD(1.1),I,Q,Y,KOR,S1,S1,B1GQ,_Z,_Z,_Z,PC,L,GY,T0102,2018-Q2,3.425969233
DATAFLOW,OECD.SDD.NAD:DSD_NAMAIN1@DF_QNA_EXPENDITURE_GROWTH_OECD(1.1),I,Q,Y,KOR,S1,S1,B1GQ,_Z,_Z,_Z,PC,L,GY,T0102,2018-Q1,3.379720154
DATAFLOW,OECD.SDD.NAD:DSD_NAMAIN1@DF_QNA_EXPENDITURE_GROWTH_OECD(1.1),I,Q,Y,KOR,S1,S1,B1GQ,_Z,_Z,_Z,PC,L,GY,T0102,2017-Q4,3.031762683
DATAFLOW,OECD.SDD.NAD:DSD_NAMAIN1@DF_QNA_EXPENDITURE_GROWTH_OECD(1.1),I,Q,Y,KOR,S1,S1,B1GQ,_Z,_Z,_Z,PC,L,GY,T0102,2017-Q3,4.06777404
DATAFLOW,OECD.SDD.NAD:DSD_NAMAIN1@DF_QNA_EXPENDITURE_GROWTH_OECD(1.1),I,Q,Y,KOR,S1,S1,B1GQ,_Z,_Z,_Z,PC,L,GY,T0102,2017-Q2,3.053251144
DATAFLOW,OECD.SDD.NAD:DSD_NAMAIN1@DF_QNA_EXPENDITURE_GROWTH_OECD(1.1),I,Q,Y,KOR,S1,S1,B1GQ,_Z,_Z,_Z,PC,L,GY,T0102,2017-Q1,3.584071146
DATAFLOW,OECD.SDD.NAD:DSD_NAMAIN1@DF_QNA_EXPENDITURE_GROWTH_OECD(1.1),I,Q,Y,KOR,S1,S1,B1GQ,_Z,_Z,_Z,PC,L,GY,T0102,2016-Q4,2.822457587
DATAFLOW,OECD.SDD.NAD:DSD_NAMAIN1@DF_QNA_EXPENDITURE_GROWTH_OECD(1.1),I,Q,Y,KOR,S1,S1,B1GQ,_Z,_Z,_Z,PC,L,GY,T0102,2016-Q3,2.82492001
DATAFLOW,OECD.SDD.NAD:DSD_NAMAIN1@DF_QNA_EXPENDITURE_GROWTH_OECD(1.1),I,Q,Y,KOR,S1,S1,B1GQ,_Z,_Z,_Z,PC,L,GY,T0102,2016-Q2,3.948414116
DATAFLOW,OECD.SDD.NAD:DSD_NAMAIN1@DF_QNA_EXPENDITURE_GROWTH_OECD(1.1),I,Q,Y,KOR,S1,S1,B1GQ,_Z,_Z,_Z,PC,L,GY,T0102,2016-Q1,3.103106562
DATAFLOW,OECD.SDD.NAD:DSD_NAMAIN1@DF_QNA_EXPENDITURE_GROWTH_OECD(1.1),I,Q,Y,KOR,S1,S1,B1GQ,_Z,_Z,_Z,PC,L,GY,T0102,2015-Q4,3.595574868
DATAFLOW,OECD.SDD.NAD:DSD_NAMAIN1@DF_QNA_EXPENDITURE_GROWTH_OECD(1.1),I,Q,Y,KOR,S1,S1,B1GQ,_Z,_Z,_Z,PC,L,GY,T0102,2015-Q3,3.348485068
DATAFLOW,OECD.SDD.NAD:DSD_NAMAIN1@DF_QNA_EXPENDITURE_GROWTH_OECD(1.1),I,Q,Y,KOR,S1,S1,B1GQ,_Z,_Z,_Z,PC,L,GY,T0102,2015-Q2,2.099973057
DATAFLOW,OECD.SDD.NAD:DSD_NAMAIN1@DF_QNA_EXPENDITURE_GROWTH_OECD(1.1),I,Q,Y,KOR,S1,S1,B1GQ,_Z,_Z,_Z,PC,L,GY,T0102,2015-Q1,2.627894962
DATAFLOW,OECD.SDD.NAD:DSD_NAMAIN1@DF_QNA_EXPENDITURE_GROWTH_OECD(1.1),I,Q,Y,KOR,S1,S1,B1GQ,_Z,_Z,_Z,PC,L,GY,T0102,2014-Q4,2.528771321
DATAFLOW,OECD.SDD.NAD:DSD_NAMAIN1@DF_QNA_EXPENDITURE_GROWTH_OECD(1.1),I,Q,Y,KOR,S1,S1,B1GQ,_Z,_Z,_Z,PC,L,GY,T0102,2014-Q3,2.879274519
DATAFLOW,OECD.SDD.NAD:DSD_NAMAIN1@DF_QNA_EXPENDITURE_GROWTH_OECD(1.1),I,Q,Y,KOR,S1,S1,B1GQ,_Z,_Z,_Z,PC,L,GY,T0102,2014-Q2,3.644191566
DATAFLOW,OECD.SDD.NAD:DSD_NAMAIN1@DF_QNA_EXPENDITURE_GROWTH_OECD(1.1),I,Q,Y,KOR,S1,S1,B1GQ,_Z,_Z,_Z,PC,L,GY,T0102,2014-Q1,3.82966836
DATAFLOW,OECD.SDD.NAD:DSD_NAMAIN1@DF_QNA_EXPENDITURE_GROWTH_OECD(1.1),I,Q,Y,KOR,S1,S1,B1GQ,_Z,_Z,_Z,PC,L,GY,T0102,2013-Q4,3.856567865
DATAFLOW,OECD.SDD.NAD:DSD_NAMAIN1@DF_QNA_EXPENDITURE_GROWTH_OECD(1.1),I,Q,Y,KOR,S1,S1,B1GQ,_Z,_Z,_Z,PC,L,GY,T0102,2013-Q3,3.721011876
DATAFLOW,OECD.SDD.NAD:DSD_NAMAIN1@DF_QNA_EXPENDITURE_GROWTH_OECD(1.1),I,Q,Y,KOR,S1,S1,B1GQ,_Z,_Z,_Z,PC,L,GY,T0102,2013-Q2,3.148842817
DATAFLOW,OECD.SDD.NAD:DSD_NAMAIN1@DF_QNA_EXPENDITURE_GROWTH_OECD(1.1),I,Q,Y,KOR,S1,S1,B1GQ,_Z,_Z,_Z,PC,L,GY,T0102,2013-Q1,2.426889057
DATAFLOW,OECD.SDD.NAD:DSD_NAMAIN1@DF_QNA_EXPENDITURE_GROWTH_OECD(1.1),I,Q,Y,KOR,S1,S1,B1GQ,_Z,_Z,_Z,PC,L,GY,T0102,2012-Q4,2.592439611
DATAFLOW,OECD.SDD.NAD:DSD_NAMAIN1@DF_QNA_EXPENDITURE_GROWTH_OECD(1.1),I,Q,Y,KOR,S1,S1,B1GQ,_Z,_Z,_Z,PC,L,GY,T0102,2012-Q3,2.517212087
DATAFLOW,OECD.SDD.NAD:DSD_NAMAIN1@DF_QNA_EXPENDITURE_GROWTH_OECD(1.1),I,Q,Y,KOR,S1,S1,B1GQ,_Z,_Z,_Z,PC,L,GY,T0102,2012-Q2,2.534251633
DATAFLOW,OECD.SDD.NAD:DSD_NAMAIN1@DF_QNA_EXPENDITURE_GROWTH_OECD(1.1),I,Q,Y,KOR,S1,S1,B1GQ,_Z,_Z,_Z,PC,L,GY,T0102,2012-Q1,2.546385261
DATAFLOW,OECD.SDD.NAD:DSD_NAMAIN1@DF_QNA_EXPENDITURE_GROWTH_OECD(1.1),I,Q,Y,KOR,S1,S1,B1GQ,_Z,_Z,_Z,PC,L,GY,T0102,2011-Q4,2.545079664
DATAFLOW,OECD.SDD.NAD:DSD_NAMAIN1@DF_QNA_EXPENDITURE_GROWTH_OECD(1.1),I,Q,Y,KOR,S1,S1,B1GQ,_Z,_Z,_Z,PC,L,GY,T0102,2011-Q3,3.299799026
DATAFLOW,OECD.SDD.NAD:DSD_NAMAIN1@DF_QNA_EXPENDITURE_GROWTH_OECD(1.1),I,Q,Y,KOR,S1,S1,B1GQ,_Z,_Z,_Z,PC,L,GY,T0102,2011-Q2,3.869684747
DATAFLOW,OECD.SDD.NAD:DSD_NAMAIN1@DF_QNA_EXPENDITURE_GROWTH_OECD(1.1),I,Q,Y,KOR,S1,S1,B1GQ,_Z,_Z,_Z,PC,L,GY,T0102,2011-Q1,5.091750305
DATAFLOW,OECD.SDD.NAD:DSD_NAMAIN1@DF_QNA_EXPENDITURE_GROWTH_OECD(1.1),I,Q,Y,KOR,S1,S1,B1GQ,_Z,_Z,_Z,PC,L,GY,T0102,2010-Q4,6.536815544
DATAFLOW,OECD.SDD.NAD:DSD_NAMAIN1@DF_QNA_EXPENDITURE_GROWTH_OECD(1.1),I,Q,Y,KOR,S1,S1,B1GQ,_Z,_Z,_Z,PC,L,GY,T0102,2010-Q3,5.82343081
DATAFLOW,OECD.SDD.NAD:DSD_NAMAIN1@DF_QNA_EXPENDITURE_GROWTH_OECD(1.1),I,Q,Y,KOR,S1,S1,B1GQ,_Z,_Z,_Z,PC,L,GY,T0102,2010-Q2,7.954098487
DATAFLOW,OECD.SDD.NAD:DSD_NAMAIN1@DF_QNA_EXPENDITURE_GROWTH_OECD(1.1),I,Q,Y,KOR,S1,S1,B1GQ,_Z,_Z,_Z,PC,L,GY,T0102,2010-Q1,7.673794861
DATAFLOW,OECD.SDD.NAD:DSD_NAMAIN1@DF_QNA_EXPENDITURE_GROWTH_OECD(1.1),I,Q,Y,KOR,S1,S1,B1GQ,_Z,_Z,_Z,PC,L,GY,T0102,2009-Q4,5.486261775
DATAFLOW,OECD.SDD.NAD:DSD_NAMAIN1@DF_QNA_EXPENDITURE_GROWTH_OECD(1.1),I,Q,Y,KOR,S1,S1,B1GQ,_Z,_Z,_Z,PC,L,GY,T0102,2009-Q3,1.186166157
DATAFLOW,OECD.SDD.NAD:DSD_NAMAIN1@DF_QNA_EXPENDITURE_GROWTH_OECD(1.1),I,Q,Y,KOR,S1,S1,B1GQ,_Z,_Z,_Z,PC,L,GY,T0102,2009-Q2,-1.157580852
DATAFLOW,OECD.SDD.NAD:DSD_NAMAIN1@DF_QNA_EXPENDITURE_GROWTH_OECD(1.1),I,Q,Y,KOR,S1,S1,B1GQ,_Z,_Z,_Z,PC,L,GY,T0102,2009-Q1,-2.120988374
DATAFLOW,OECD.SDD.NAD:DSD_NAMAIN1@DF_QNA_EXPENDITURE_GROWTH_OECD(1.1),I,Q,Y,KOR,S1,S1,B1GQ,_Z,_Z,_Z,PC,L,GY,T0102,2008-Q4,-1.642399028
DATAFLOW,OECD.SDD.NAD:DSD_NAMAIN1@DF_QNA_EXPENDITURE_GROWTH_OECD(1.1),I,Q,Y,KOR,S1,S1,B1GQ,_Z,_Z,_Z,PC,L,GY,T0102,2008-Q3,3.796245888
DATAFLOW,OECD.SDD.NAD:DSD_NAMAIN1@DF_QNA_EXPENDITURE_GROWTH_OECD(1.1),I,Q,Y,KOR,S1,S1,B1GQ,_Z,_Z,_Z,PC,L,GY,T0102,2008-Q2,4.332854149
DATAFLOW,OECD.SDD.NAD:DSD_NAMAIN1@DF_QNA_EXPENDITURE_GROWTH_OECD(1.1),I,Q,Y,KOR,S1,S1,B1GQ,_Z,_Z,_Z,PC,L,GY,T0102,2008-Q1,5.714228023
DATAFLOW,OECD.SDD.NAD:DSD_NAMAIN1@DF_QNA_EXPENDITURE_GROWTH_OECD(1.1),I,Q,Y,KOR,S1,S1,B1GQ,_Z,_Z,_Z,PC,L,GY,T0102,2007-Q4,6.78312512
DATAFLOW,OECD.SDD.NAD:DSD_NAMAIN1@DF_QNA_EXPENDITURE_GROWTH_OECD(1.1),I,Q,Y,KOR,S1,S1,B1GQ,_Z,_Z,_Z,PC,L,GY,T0102,2007-Q3,5.590786867
DATAFLOW,OECD.SDD.NAD:DSD_NAMAIN1@DF_QNA_EXPENDITURE_GROWTH_OECD(1.1),I,Q,Y,KOR,S1,S1,B1GQ,_Z,_Z,_Z,PC,L,GY,T0102,2007-Q2,5.990599421
DATAFLOW,OECD.SDD.NAD:DSD_NAMAIN1@DF_QNA_EXPENDITURE_GROWTH_OECD(1.1),I,Q,Y,KOR,S1,S1,B1GQ,_Z,_Z,_Z,PC,L,GY,T0102,2007-Q1,4.978463782
DATAFLOW,OECD.SDD.NAD:DSD_NAMAIN1@DF_QNA_EXPENDITURE_GROWTH_OECD(1.1),I,Q,Y,ITA,S1,S1,B1GQ,_Z,_Z,_Z,PC,L,GY,T0102,2014-Q2,0.254321725
DATAFLOW,OECD.SDD.NAD:DSD_NAMAIN1@DF_QNA_EXPENDITURE_GROWTH_OECD(1.1),I,Q,Y,ITA,S1,S1,B1GQ,_Z,_Z,_Z,PC,L,GY,T0102,2014-Q1,0.204731736
DATAFLOW,OECD.SDD.NAD:DSD_NAMAIN1@DF_QNA_EXPENDITURE_GROWTH_OECD(1.1),I,Q,Y,ITA,S1,S1,B1GQ,_Z,_Z,_Z,PC,L,GY,T0102,2013-Q4,-0.666783662
DATAFLOW,OECD.SDD.NAD:DSD_NAMAIN1@DF_QNA_EXPENDITURE_GROWTH_OECD(1.1),I,Q,Y,ITA,S1,S1,B1GQ,_Z,_Z,_Z,PC,L,GY,T0102,2013-Q3,-1.284275235
DATAFLOW,OECD.SDD.NAD:DSD_NAMAIN1@DF_QNA_EXPENDITURE_GROWTH_OECD(1.1),I,Q,Y,ITA,S1,S1,B1GQ,_Z,_Z,_Z,PC,L,GY,T0102,2013-Q2,-2.265885972
DATAFLOW,OECD.SDD.NAD:DSD_NAMAIN1@DF_QNA_EXPENDITURE_GROWTH_OECD(1.1),I,Q,Y,ITA,S1,S1,B1GQ,_Z,_Z,_Z,PC,L,GY,T0102,2013-Q1,-3.059089638
DATAFLOW,OECD.SDD.NAD:DSD_NAMAIN1@DF_QNA_EXPENDITURE_GROWTH_OECD(1.1),I,Q,Y,ITA,S1,S1,B1GQ,_Z,_Z,_Z,PC,L,GY,T0102,2012-Q4,-3.267733673
DATAFLOW,OECD.SDD.NAD:DSD_NAMAIN1@DF_QNA_EXPENDITURE_GROWTH_OECD(1.1),I,Q,Y,ITA,S1,S1,B1GQ,_Z,_Z,_Z,PC,L,GY,T0102,2012-Q3,-3.473060107
DATAFLOW,OECD.SDD.NAD:DSD_NAMAIN1@DF_QNA_EXPENDITURE_GROWTH_OECD(1.1),I,Q,Y,ITA,S1,S1,B1GQ,_Z,_Z,_Z,PC,L,GY,T0102,2012-Q2,-3.272560121
DATAFLOW,OECD.SDD.NAD:DSD_NAMAIN1@DF_QNA_EXPENDITURE_GROWTH_OECD(1.1),I,Q,Y,ITA,S1,S1,B1GQ,_Z,_Z,_Z,PC,L,GY,T0102,2012-Q1,-2.690722576
DATAFLOW,OECD.SDD.NAD:DSD_NAMAIN1@DF_QNA_EXPENDITURE_GROWTH_OECD(1.1),I,Q,Y,ITA,S1,S1,B1GQ,_Z,_Z,_Z,PC,L,GY,T0102,2011-Q4,-1.108703888
DATAFLOW,OECD.SDD.NAD:DSD_NAMAIN1@DF_QNA_EXPENDITURE_GROWTH_OECD(1.1),I,Q,Y,ITA,S1,S1,B1GQ,_Z,_Z,_Z,PC,L,GY,T0102,2011-Q3,0.725605387
DATAFLOW,OECD.SDD.NAD:DSD_NAMAIN1@DF_QNA_EXPENDITURE_GROWTH_OECD(1.1),I,Q,Y,ITA,S1,S1,B1GQ,_Z,_Z,_Z,PC,L,GY,T0102,2011-Q2,1.457050031
DATAFLOW,OECD.SDD.NAD:DSD_NAMAIN1@DF_QNA_EXPENDITURE_GROWTH_OECD(1.1),I,Q,Y,ITA,S1,S1,B1GQ,_Z,_Z,_Z,PC,L,GY,T0102,2011-Q1,2.386665372
DATAFLOW,OECD.SDD.NAD:DSD_NAMAIN1@DF_QNA_EXPENDITURE_GROWTH_OECD(1.1),I,Q,Y,ITA,S1,S1,B1GQ,_Z,_Z,_Z,PC,L,GY,T0102,2010-Q4,2.199351332
DATAFLOW,OECD.SDD.NAD:DSD_NAMAIN1@DF_QNA_EXPENDITURE_GROWTH_OECD(1.1),I,Q,Y,ITA,S1,S1,B1GQ,_Z,_Z,_Z,PC,L,GY,T0102,2010-Q3,1.601295013
DATAFLOW,OECD.SDD.NAD:DSD_NAMAIN1@DF_QNA_EXPENDITURE_GROWTH_OECD(1.1),I,Q,Y,ITA,S1,S1,B1GQ,_Z,_Z,_Z,PC,L,GY,T0102,2010-Q2,1.672336267
DATAFLOW,OECD.SDD.NAD:DSD_NAMAIN1@DF_QNA_EXPENDITURE_GROWTH_OECD(1.1),I,Q,Y,ITA,S1,S1,B1GQ,_Z,_Z,_Z,PC,L,GY,T0102,2010-Q1,0.448173471
DATAFLOW,OECD.SDD.NAD:DSD_NAMAIN1@DF_QNA_EXPENDITURE_GROWTH_OECD(1.1),I,Q,Y,ITA,S1,S1,B1GQ,_Z,_Z,_Z,PC,L,GY,T0102,2009-Q4,-2.391395338
DATAFLOW,OECD.SDD.NAD:DSD_NAMAIN1@DF_QNA_EXPENDITURE_GROWTH_OECD(1.1),I,Q,Y,ITA,S1,S1,B1GQ,_Z,_Z,_Z,PC,L,GY,T0102,2009-Q3,-4.974484928
DATAFLOW,OECD.SDD.NAD:DSD_NAMAIN1@DF_QNA_EXPENDITURE_GROWTH_OECD(1.1),I,Q,Y,ITA,S1,S1,B1GQ,_Z,_Z,_Z,PC,L,GY,T0102,2009-Q2,-6.717451176
DATAFLOW,OECD.SDD.NAD:DSD_NAMAIN1@DF_QNA_EXPENDITURE_GROWTH_OECD(1.1),I,Q,Y,ITA,S1,S1,B1GQ,_Z,_Z,_Z,PC,L,GY,T0102,2009-Q1,-7.087884999
DATAFLOW,OECD.SDD.NAD:DSD_NAMAIN1@DF_QNA_EXPENDITURE_GROWTH_OECD(1.1),I,Q,Y,ITA,S1,S1,B1GQ,_Z,_Z,_Z,PC,L,GY,T0102,2008-Q4,-3.707269386
DATAFLOW,OECD.SDD.NAD:DSD_NAMAIN1@DF_QNA_EXPENDITURE_GROWTH_OECD(1.1),I,Q,Y,ITA,S1,S1,B1GQ,_Z,_Z,_Z,PC,L,GY,T0102,2008-Q3,-1.561227493
DATAFLOW,OECD.SDD.NAD:DSD_NAMAIN1@DF_QNA_EXPENDITURE_GROWTH_OECD(1.1),I,Q,Y,KOR,S1,S1,B1GQ,_Z,_Z,_Z,PC,L,GY,T0102,2025-Q1,-0.280580748
DATAFLOW,OECD.SDD.NAD:DSD_NAMAIN1@DF_QNA_EXPENDITURE_GROWTH_OECD(1.1),I,Q,Y,ITA,S1,S1,B1GQ,_Z,_Z,_Z,PC,L,GY,T0102,2008-Q2,-0.076896543
DATAFLOW,OECD.SDD.NAD:DSD_NAMAIN1@DF_QNA_EXPENDITURE_GROWTH_OECD(1.1),I,Q,Y,ITA,S1,S1,B1GQ,_Z,_Z,_Z,PC,L,GY,T0102,2008-Q1,1.107023961
DATAFLOW,OECD.SDD.NAD:DSD_NAMAIN1@DF_QNA_EXPENDITURE_GROWTH_OECD(1.1),I,Q,Y,ITA,S1,S1,B1GQ,_Z,_Z,_Z,PC,L,GY,T0102,2007-Q4,-0.081900185
DATAFLOW,OECD.SDD.NAD:DSD_NAMAIN1@DF_QNA_EXPENDITURE_GROWTH_OECD(1.1),I,Q,Y,ITA,S1,S1,B1GQ,_Z,_Z,_Z,PC,L,GY,T0102,2007-Q3,1.504271512
DATAFLOW,OECD.SDD.NAD:DSD_NAMAIN1@DF_QNA_EXPENDITURE_GROWTH_OECD(1.1),I,Q,Y,ITA,S1,S1,B1GQ,_Z,_Z,_Z,PC,L,GY,T0102,2007-Q2,1.827892557
DATAFLOW,OECD.SDD.NAD:DSD_NAMAIN1@DF_QNA_EXPENDITURE_GROWTH_OECD(1.1),I,Q,Y,ITA,S1,S1,B1GQ,_Z,_Z,_Z,PC,L,GY,T0102,2007-Q1,1.90336397
DATAFLOW,OECD.SDD.NAD:DSD_NAMAIN1@DF_QNA_EXPENDITURE_GROWTH_OECD(1.1),I,Q,Y,JPN,S1,S1,B1GQ,_Z,_Z,_Z,PC,L,GY,T0102,2016-Q3,0.556478102
DATAFLOW,OECD.SDD.NAD:DSD_NAMAIN1@DF_QNA_EXPENDITURE_GROWTH_OECD(1.1),I,Q,Y,JPN,S1,S1,B1GQ,_Z,_Z,_Z,PC,L,GY,T0102,2016-Q2,0.477677702
DATAFLOW,OECD.SDD.NAD:DSD_NAMAIN1@DF_QNA_EXPENDITURE_GROWTH_OECD(1.1),I,Q,Y,JPN,S1,S1,B1GQ,_Z,_Z,_Z,PC,L,GY,T0102,2016-Q1,0.883791277
DATAFLOW,OECD.SDD.NAD:DSD_NAMAIN1@DF_QNA_EXPENDITURE_GROWTH_OECD(1.1),I,Q,Y,JPN,S1,S1,B1GQ,_Z,_Z,_Z,PC,L,GY,T0102,2015-Q4,1.62512177
DATAFLOW,OECD.SDD.NAD:DSD_NAMAIN1@DF_QNA_EXPENDITURE_GROWTH_OECD(1.1),I,Q,Y,JPN,S1,S1,B1GQ,_Z,_Z,_Z,PC,L,GY,T0102,2015-Q3,2.410259885
DATAFLOW,OECD.SDD.NAD:DSD_NAMAIN1@DF_QNA_EXPENDITURE_GROWTH_OECD(1.1),I,Q,Y,JPN,S1,S1,B1GQ,_Z,_Z,_Z,PC,L,GY,T0102,2015-Q2,2.458836032
DATAFLOW,OECD.SDD.NAD:DSD_NAMAIN1@DF_QNA_EXPENDITURE_GROWTH_OECD(1.1),I,Q,Y,JPN,S1,S1,B1GQ,_Z,_Z,_Z,PC,L,GY,T0102,2015-Q1,0.923797182
DATAFLOW,OECD.SDD.NAD:DSD_NAMAIN1@DF_QNA_EXPENDITURE_GROWTH_OECD(1.1),I,Q,Y,JPN,S1,S1,B1GQ,_Z,_Z,_Z,PC,L,GY,T0102,2014-Q4,0.363657851
DATAFLOW,OECD.SDD.NAD:DSD_NAMAIN1@DF_QNA_EXPENDITURE_GROWTH_OECD(1.1),I,Q,Y,JPN,S1,S1,B1GQ,_Z,_Z,_Z,PC,L,GY,T0102,2014-Q3,-0.353382155
DATAFLOW,OECD.SDD.NAD:DSD_NAMAIN1@DF_QNA_EXPENDITURE_GROWTH_OECD(1.1),I,Q,Y,JPN,S1,S1,B1GQ,_Z,_Z,_Z,PC,L,GY,T0102,2014-Q2,0.395355789
DATAFLOW,OECD.SDD.NAD:DSD_NAMAIN1@DF_QNA_EXPENDITURE_GROWTH_OECD(1.1),I,Q,Y,JPN,S1,S1,B1GQ,_Z,_Z,_Z,PC,L,GY,T0102,2014-Q1,2.906339867
DATAFLOW,OECD.SDD.NAD:DSD_NAMAIN1@DF_QNA_EXPENDITURE_GROWTH_OECD(1.1),I,Q,Y,JPN,S1,S1,B1GQ,_Z,_Z,_Z,PC,L,GY,T0102,2013-Q4,3.14220147
DATAFLOW,OECD.SDD.NAD:DSD_NAMAIN1@DF_QNA_EXPENDITURE_GROWTH_OECD(1.1),I,Q,Y,JPN,S1,S1,B1GQ,_Z,_Z,_Z,PC,L,GY,T0102,2013-Q3,3.231068575
DATAFLOW,OECD.SDD.NAD:DSD_NAMAIN1@DF_QNA_EXPENDITURE_GROWTH_OECD(1.1),I,Q,Y,JPN,S1,S1,B1GQ,_Z,_Z,_Z,PC,L,GY,T0102,2013-Q2,1.855447612
DATAFLOW,OECD.SDD.NAD:DSD_NAMAIN1@DF_QNA_EXPENDITURE_GROWTH_OECD(1.1),I,Q,Y,JPN,S1,S1,B1GQ,_Z,_Z,_Z,PC,L,GY,T0102,2013-Q1,-0.114248836
DATAFLOW,OECD.SDD.NAD:DSD_NAMAIN1@DF_QNA_EXPENDITURE_GROWTH_OECD(1.1),I,Q,Y,JPN,S1,S1,B1GQ,_Z,_Z,_Z,PC,L,GY,T0102,2012-Q4,0.126915312
DATAFLOW,OECD.SDD.NAD:DSD_NAMAIN1@DF_QNA_EXPENDITURE_GROWTH_OECD(1.1),I,Q,Y,JPN,S1,S1,B1GQ,_Z,_Z,_Z,PC,L,GY,T0102,2012-Q3,0.216830415
DATAFLOW,OECD.SDD.NAD:DSD_NAMAIN1@DF_QNA_EXPENDITURE_GROWTH_OECD(1.1),I,Q,Y,JPN,S1,S1,B1GQ,_Z,_Z,_Z,PC,L,GY,T0102,2012-Q2,3.022316881
DATAFLOW,OECD.SDD.NAD:DSD_NAMAIN1@DF_QNA_EXPENDITURE_GROWTH_OECD(1.1),I,Q,Y,JPN,S1,S1,B1GQ,_Z,_Z,_Z,PC,L,GY,T0102,2012-Q1,3.32093971
DATAFLOW,OECD.SDD.NAD:DSD_NAMAIN1@DF_QNA_EXPENDITURE_GROWTH_OECD(1.1),I,Q,Y,JPN,S1,S1,B1GQ,_Z,_Z,_Z,PC,L,GY,T0102,2011-Q4,0.314248105
DATAFLOW,OECD.SDD.NAD:DSD_NAMAIN1@DF_QNA_EXPENDITURE_GROWTH_OECD(1.1),I,Q,Y,JPN,S1,S1,B1GQ,_Z,_Z,_Z,PC,L,GY,T0102,2011-Q3,-0.582066108
DATAFLOW,OECD.SDD.NAD:DSD_NAMAIN1@DF_QNA_EXPENDITURE_GROWTH_OECD(1.1),I,Q,Y,JPN,S1,S1,B1GQ,_Z,_Z,_Z,PC,L,GY,T0102,2011-Q2,-1.23226057
DATAFLOW,OECD.SDD.NAD:DSD_NAMAIN1@DF_QNA_EXPENDITURE_GROWTH_OECD(1.1),I,Q,Y,JPN,S1,S1,B1GQ,_Z,_Z,_Z,PC,L,GY,T0102,2011-Q1,0.773618301
DATAFLOW,OECD.SDD.NAD:DSD_NAMAIN1@DF_QNA_EXPENDITURE_GROWTH_OECD(1.1),I,Q,Y,JPN,S1,S1,B1GQ,_Z,_Z,_Z,PC,L,GY,T0102,2010-Q4,3.509106448
DATAFLOW,OECD.SDD.NAD:DSD_NAMAIN1@DF_QNA_EXPENDITURE_GROWTH_OECD(1.1),I,Q,Y,JPN,S1,S1,B1GQ,_Z,_Z,_Z,PC,L,GY,T0102,2010-Q3,6.081527844
DATAFLOW,OECD.SDD.NAD:DSD_NAMAIN1@DF_QNA_EXPENDITURE_GROWTH_OECD(1.1),I,Q,Y,JPN,S1,S1,B1GQ,_Z,_Z,_Z,PC,L,GY,T0102,2010-Q2,3.60667465
DATAFLOW,OECD.SDD.NAD:DSD_NAMAIN1@DF_QNA_EXPENDITURE_GROWTH_OECD(1.1),I,Q,Y,JPN,S1,S1,B1GQ,_Z,_Z,_Z,PC,L,GY,T0102,2010-Q1,3.340474482
DATAFLOW,OECD.SDD.NAD:DSD_NAMAIN1@DF_QNA_EXPENDITURE_GROWTH_OECD(1.1),I,Q,Y,JPN,S1,S1,B1GQ,_Z,_Z,_Z,PC,L,GY,T0102,2009-Q4,-2.451866041
DATAFLOW,OECD.SDD.NAD:DSD_NAMAIN1@DF_QNA_EXPENDITURE_GROWTH_OECD(1.1),I,Q,Y,JPN,S1,S1,B1GQ,_Z,_Z,_Z,PC,L,GY,T0102,2009-Q3,-6.272191978
DATAFLOW,OECD.SDD.NAD:DSD_NAMAIN1@DF_QNA_EXPENDITURE_GROWTH_OECD(1.1),I,Q,Y,JPN,S1,S1,B1GQ,_Z,_Z,_Z,PC,L,GY,T0102,2009-Q2,-6.70804054
DATAFLOW,OECD.SDD.NAD:DSD_NAMAIN1@DF_QNA_EXPENDITURE_GROWTH_OECD(1.1),I,Q,Y,GBR,S1,S1,B1GQ,_Z,_Z,_Z,PC,L,GY,T0102,2015-Q4,1.758450312
DATAFLOW,OECD.SDD.NAD:DSD_NAMAIN1@DF_QNA_EXPENDITURE_GROWTH_OECD(1.1),I,Q,Y,GBR,S1,S1,B1GQ,_Z,_Z,_Z,PC,L,GY,T0102,2015-Q3,1.819789761
DATAFLOW,OECD.SDD.NAD:DSD_NAMAIN1@DF_QNA_EXPENDITURE_GROWTH_OECD(1.1),I,Q,Y,GBR,S1,S1,B1GQ,_Z,_Z,_Z,PC,L,GY,T0102,2015-Q2,2.252162508
DATAFLOW,OECD.SDD.NAD:DSD_NAMAIN1@DF_QNA_EXPENDITURE_GROWTH_OECD(1.1),I,Q,Y,GBR,S1,S1,B1GQ,_Z,_Z,_Z,PC,L,GY,T0102,2015-Q1,2.745116441
DATAFLOW,OECD.SDD.NAD:DSD_NAMAIN1@DF_QNA_EXPENDITURE_GROWTH_OECD(1.1),I,Q,Y,GBR,S1,S1,B1GQ,_Z,_Z,_Z,PC,L,GY,T0102,2014-Q4,3.254644787
DATAFLOW,OECD.SDD.NAD:DSD_NAMAIN1@DF_QNA_EXPENDITURE_GROWTH_OECD(1.1),I,Q,Y,GBR,S1,S1,B1GQ,_Z,_Z,_Z,PC,L,GY,T0102,2014-Q3,3.25417123
DATAFLOW,OECD.SDD.NAD:DSD_NAMAIN1@DF_QNA_EXPENDITURE_GROWTH_OECD(1.1),I,Q,Y,GBR,S1,S1,B1GQ,_Z,_Z,_Z,PC,L,GY,T0102,2014-Q2,3.205078778
DATAFLOW,OECD.SDD.NAD:DSD_NAMAIN1@DF_QNA_EXPENDITURE_GROWTH_OECD(1.1),I,Q,Y,GBR,S1,S1,B1GQ,_Z,_Z,_Z,PC,L,GY,T0102,2014-Q1,2.923161575
DATAFLOW,OECD.SDD.NAD:DSD_NAMAIN1@DF_QNA_EXPENDITURE_GROWTH_OECD(1.1),I,Q,Y,GBR,S1,S1,B1GQ,_Z,_Z,_Z,PC,L,GY,T0102,2013-Q4,2.376105774
DATAFLOW,OECD.SDD.NAD:DSD_NAMAIN1@DF_QNA_EXPENDITURE_GROWTH_OECD(1.1),I,Q,Y,GBR,S1,S1,B1GQ,_Z,_Z,_Z,PC,L,GY,T0102,2013-Q3,1.55858465
DATAFLOW,OECD.SDD.NAD:DSD_NAMAIN1@DF_QNA_EXPENDITURE_GROWTH_OECD(1.1),I,Q,Y,GBR,S1,S1,B1GQ,_Z,_Z,_Z,PC,L,GY,T0102,2013-Q2,1.830881224
DATAFLOW,OECD.SDD.NAD:DSD_NAMAIN1@DF_QNA_EXPENDITURE_GROWTH_OECD(1.1),I,Q,Y,GBR,S1,S1,B1GQ,_Z,_Z,_Z,PC,L,GY,T0102,2013-Q1,1.104433779
DATAFLOW,OECD.SDD.NAD:DSD_NAMAIN1@DF_QNA_EXPENDITURE_GROWTH_OECD(1.1),I,Q,Y,GBR,S1,S1,B1GQ,_Z,_Z,_Z,PC,L,GY,T0102,2012-Q4,1.788380019
DATAFLOW,OECD.SDD.NAD:DSD_NAMAIN1@DF_QNA_EXPENDITURE_GROWTH_OECD(1.1),I,Q,Y,GBR,S1,S1,B1GQ,_Z,_Z,_Z,PC,L,GY,T0102,2012-Q3,2.019958209
DATAFLOW,OECD.SDD.NAD:DSD_NAMAIN1@DF_QNA_EXPENDITURE_GROWTH_OECD(1.1),I,Q,Y,GBR,S1,S1,B1GQ,_Z,_Z,_Z,PC,L,GY,T0102,2012-Q2,1.149133164
DATAFLOW,OECD.SDD.NAD:DSD_NAMAIN1@DF_QNA_EXPENDITURE_GROWTH_OECD(1.1),I,Q,Y,GBR,S1,S1,B1GQ,_Z,_Z,_Z,PC,L,GY,T0102,2012-Q1,1.154226784
DATAFLOW,OECD.SDD.NAD:DSD_NAMAIN1@DF_QNA_EXPENDITURE_GROWTH_OECD(1.1),I,Q,Y,GBR,S1,S1,B1GQ,_Z,_Z,_Z,PC,L,GY,T0102,2011-Q4,0.373004444
DATAFLOW,OECD.SDD.NAD:DSD_NAMAIN1@DF_QNA_EXPENDITURE_GROWTH_OECD(1.1),I,Q,Y,GBR,S1,S1,B1GQ,_Z,_Z,_Z,PC,L,GY,T0102,2011-Q3,0.340664605
DATAFLOW,OECD.SDD.NAD:DSD_NAMAIN1@DF_QNA_EXPENDITURE_GROWTH_OECD(1.1),I,Q,Y,GBR,S1,S1,B1GQ,_Z,_Z,_Z,PC,L,GY,T0102,2011-Q2,0.755397411
DATAFLOW,OECD.SDD.NAD:DSD_NAMAIN1@DF_QNA_EXPENDITURE_GROWTH_OECD(1.1),I,Q,Y,GBR,S1,S1,B1GQ,_Z,_Z,_Z,PC,L,GY,T0102,2011-Q1,1.955208794
DATAFLOW,OECD.SDD.NAD:DSD_NAMAIN1@DF_QNA_EXPENDITURE_GROWTH_OECD(1.1),I,Q,Y,GBR,S1,S1,B1GQ,_Z,_Z,_Z,PC,L,GY,T0102,2010-Q4,2.643043172
DATAFLOW,OECD.SDD.NAD:DSD_NAMAIN1@DF_QNA_EXPENDITURE_GROWTH_OECD(1.1),I,Q,Y,GBR,S1,S1,B1GQ,_Z,_Z,_Z,PC,L,GY,T0102,2010-Q3,2.933180478
DATAFLOW,OECD.SDD.NAD:DSD_NAMAIN1@DF_QNA_EXPENDITURE_GROWTH_OECD(1.1),I,Q,Y,GBR,S1,S1,B1GQ,_Z,_Z,_Z,PC,L,GY,T0102,2010-Q2,2.458554929
DATAFLOW,OECD.SDD.NAD:DSD_NAMAIN1@DF_QNA_EXPENDITURE_GROWTH_OECD(1.1),I,Q,Y,GBR,S1,S1,B1GQ,_Z,_Z,_Z,PC,L,GY,T0102,2010-Q1,1.008445802
DATAFLOW,OECD.SDD.NAD:DSD_NAMAIN1@DF_QNA_EXPENDITURE_GROWTH_OECD(1.1),I,Q,Y,GBR,S1,S1,B1GQ,_Z,_Z,_Z,PC,L,GY,T0102,2009-Q4,-1.858971621
DATAFLOW,OECD.SDD.NAD:DSD_NAMAIN1@DF_QNA_EXPENDITURE_GROWTH_OECD(1.1),I,Q,Y,GBR,S1,S1,B1GQ,_Z,_Z,_Z,PC,L,GY,T0102,2009-Q3,-4.254818707
DATAFLOW,OECD.SDD.NAD:DSD_NAMAIN1@DF_QNA_EXPENDITURE_GROWTH_OECD(1.1),I,Q,Y,GBR,S1,S1,B1GQ,_Z,_Z,_Z,PC,L,GY,T0102,2009-Q2,-5.943369875
DATAFLOW,OECD.SDD.NAD:DSD_NAMAIN1@DF_QNA_EXPENDITURE_GROWTH_OECD(1.1),I,Q,Y,GBR,S1,S1,B1GQ,_Z,_Z,_Z,PC,L,GY,T0102,2009-Q1,-6.176856602
DATAFLOW,OECD.SDD.NAD:DSD_NAMAIN1@DF_QNA_EXPENDITURE_GROWTH_OECD(1.1),I,Q,Y,GBR,S1,S1,B1GQ,_Z,_Z,_Z,PC,L,GY,T0102,2008-Q4,-3.881581649
DATAFLOW,OECD.SDD.NAD:DSD_NAMAIN1@DF_QNA_EXPENDITURE_GROWTH_OECD(1.1),I,Q,Y,GBR,S1,S1,B1GQ,_Z,_Z,_Z,PC,L,GY,T0102,2008-Q3,-0.973766617
DATAFLOW,OECD.SDD.NAD:DSD_NAMAIN1@DF_QNA_EXPENDITURE_GROWTH_OECD(1.1),I,Q,Y,GBR,S1,S1,B1GQ,_Z,_Z,_Z,PC,L,GY,T0102,2008-Q2,1.627847034
DATAFLOW,OECD.SDD.NAD:DSD_NAMAIN1@DF_QNA_EXPENDITURE_GROWTH_OECD(1.1),I,Q,Y,GBR,S1,S1,B1GQ,_Z,_Z,_Z,PC,L,GY,T0102,2008-Q1,3.137058425
DATAFLOW,OECD.SDD.NAD:DSD_NAMAIN1@DF_QNA_EXPENDITURE_GROWTH_OECD(1.1),I,Q,Y,GBR,S1,S1,B1GQ,_Z,_Z,_Z,PC,L,GY,T0102,2007-Q4,3.88061187
DATAFLOW,OECD.SDD.NAD:DSD_NAMAIN1@DF_QNA_EXPENDITURE_GROWTH_OECD(1.1),I,Q,Y,GBR,S1,S1,B1GQ,_Z,_Z,_Z,PC,L,GY,T0102,2007-Q3,3.376287511
DATAFLOW,OECD.SDD.NAD:DSD_NAMAIN1@DF_QNA_EXPENDITURE_GROWTH_OECD(1.1),I,Q,Y,GBR,S1,S1,B1GQ,_Z,_Z,_Z,PC,L,GY,T0102,2007-Q2,2.572191606
DATAFLOW,OECD.SDD.NAD:DSD_NAMAIN1@DF_QNA_EXPENDITURE_GROWTH_OECD(1.1),I,Q,Y,GBR,S1,S1,B1GQ,_Z,_Z,_Z,PC,L,GY,T0102,2007-Q1,1.886214567
DATAFLOW,OECD.SDD.NAD:DSD_NAMAIN1@DF_QNA_EXPENDITURE_GROWTH_OECD(1.1),I,Q,Y,FRA,S1,S1,B1GQ,_Z,_Z,_Z,PC,L,GY,T0102,2024-Q1,1.675719066
DATAFLOW,OECD.SDD.NAD:DSD_NAMAIN1@DF_QNA_EXPENDITURE_GROWTH_OECD(1.1),I,Q,Y,FRA,S1,S1,B1GQ,_Z,_Z,_Z,PC,L,GY,T0102,2023-Q4,1.633167497
DATAFLOW,OECD.SDD.NAD:DSD_NAMAIN1@DF_QNA_EXPENDITURE_GROWTH_OECD(1.1),I,Q,Y,FRA,S1,S1,B1GQ,_Z,_Z,_Z,PC,L,GY,T0102,2023-Q3,1.566429294
DATAFLOW,OECD.SDD.NAD:DSD_NAMAIN1@DF_QNA_EXPENDITURE_GROWTH_OECD(1.1),I,Q,Y,FRA,S1,S1,B1GQ,_Z,_Z,_Z,PC,L,GY,T0102,2023-Q2,1.875005418
DATAFLOW,OECD.SDD.NAD:DSD_NAMAIN1@DF_QNA_EXPENDITURE_GROWTH_OECD(1.1),I,Q,Y,FRA,S1,S1,B1GQ,_Z,_Z,_Z,PC,L,GY,T0102,2023-Q1,1.407975329
DATAFLOW,OECD.SDD.NAD:DSD_NAMAIN1@DF_QNA_EXPENDITURE_GROWTH_OECD(1.1),I,Q,Y,FRA,S1,S1,B1GQ,_Z,_Z,_Z,PC,L,GY,T0102,2022-Q4,1.245781362
DATAFLOW,OECD.SDD.NAD:DSD_NAMAIN1@DF_QNA_EXPENDITURE_GROWTH_OECD(1.1),I,Q,Y,FRA,S1,S1,B1GQ,_Z,_Z,_Z,PC,L,GY,T0102,2022-Q3,1.42538668
DATAFLOW,OECD.SDD.NAD:DSD_NAMAIN1@DF_QNA_EXPENDITURE_GROWTH_OECD(1.1),I,Q,Y,FRA,S1,S1,B1GQ,_Z,_Z,_Z,PC,L,GY,T0102,2022-Q2,3.915516365
DATAFLOW,OECD.SDD.NAD:DSD_NAMAIN1@DF_QNA_EXPENDITURE_GROWTH_OECD(1.1),I,Q,Y,FRA,S1,S1,B1GQ,_Z,_Z,_Z,PC,L,GY,T0102,2022-Q1,4.720220769
DATAFLOW,OECD.SDD.NAD:DSD_NAMAIN1@DF_QNA_EXPENDITURE_GROWTH_OECD(1.1),I,Q,Y,FRA,S1,S1,B1GQ,_Z,_Z,_Z,PC,L,GY,T0102,2021-Q4,5.247985069
DATAFLOW,OECD.SDD.NAD:DSD_NAMAIN1@DF_QNA_EXPENDITURE_GROWTH_OECD(1.1),I,Q,Y,FRA,S1,S1,B1GQ,_Z,_Z,_Z,PC,L,GY,T0102,2021-Q3,4.561100962
DATAFLOW,OECD.SDD.NAD:DSD_NAMAIN1@DF_QNA_EXPENDITURE_GROWTH_OECD(1.1),I,Q,Y,FRA,S1,S1,B1GQ,_Z,_Z,_Z,PC,L,GY,T0102,2021-Q2,17.11479834
DATAFLOW,OECD.SDD.NAD:DSD_NAMAIN1@DF_QNA_EXPENDITURE_GROWTH_OECD(1.1),I,Q,Y,FRA,S1,S1,B1GQ,_Z,_Z,_Z,PC,L,GY,T0102,2021-Q1,1.562977234
DATAFLOW,OECD.SDD.NAD:DSD_NAMAIN1@DF_QNA_EXPENDITURE_GROWTH_OECD(1.1),I,Q,Y,FRA,S1,S1,B1GQ,_Z,_Z,_Z,PC,L,GY,T0102,2020-Q4,-3.959109922
DATAFLOW,OECD.SDD.NAD:DSD_NAMAIN1@DF_QNA_EXPENDITURE_GROWTH_OECD(1.1),I,Q,Y,FRA,S1,S1,B1GQ,_Z,_Z,_Z,PC,L,GY,T0102,2020-Q3,-4.336487338
DATAFLOW,OECD.SDD.NAD:DSD_NAMAIN1@DF_QNA_EXPENDITURE_GROWTH_OECD(1.1),I,Q,Y,FRA,S1,S1,B1GQ,_Z,_Z,_Z,PC,L,GY,T0102,2020-Q2,-17.0797888
DATAFLOW,OECD.SDD.NAD:DSD_NAMAIN1@DF_QNA_EXPENDITURE_GROWTH_OECD(1.1),I,Q,Y,FRA,S1,S1,B1GQ,_Z,_Z,_Z,PC,L,GY,T0102,2020-Q1,-5.003809171
DATAFLOW,OECD.SDD.NAD:DSD_NAMAIN1@DF_QNA_EXPENDITURE_GROWTH_OECD(1.1),I,Q,Y,FRA,S1,S1,B1GQ,_Z,_Z,_Z,PC,L,GY,T0102,2019-Q4,0.977696786
DATAFLOW,OECD.SDD.NAD:DSD_NAMAIN1@DF_QNA_EXPENDITURE_GROWTH_OECD(1.1),I,Q,Y,FRA,S1,S1,B1GQ,_Z,_Z,_Z,PC,L,GY,T0102,2019-Q3,2.231459637
DATAFLOW,OECD.SDD.NAD:DSD_NAMAIN1@DF_QNA_EXPENDITURE_GROWTH_OECD(1.1),I,Q,Y,FRA,S1,S1,B1GQ,_Z,_Z,_Z,PC,L,GY,T0102,2019-Q2,2.740874959
DATAFLOW,OECD.SDD.NAD:DSD_NAMAIN1@DF_QNA_EXPENDITURE_GROWTH_OECD(1.1),I,Q,Y,FRA,S1,S1,B1GQ,_Z,_Z,_Z,PC,L,GY,T0102,2019-Q1,2.439434815
DATAFLOW,OECD.SDD.NAD:DSD_NAMAIN1@DF_QNA_EXPENDITURE_GROWTH_OECD(1.1),I,Q,Y,FRA,S1,S1,B1GQ,_Z,_Z,_Z,PC,L,GY,T0102,2018-Q4,1.456208113
DATAFLOW,OECD.SDD.NAD:DSD_NAMAIN1@DF_QNA_EXPENDITURE_GROWTH_OECD(1.1),I,Q,Y,FRA,S1,S1,B1GQ,_Z,_Z,_Z,PC,L,GY,T0102,2018-Q3,1.316243479
DATAFLOW,OECD.SDD.NAD:DSD_NAMAIN1@DF_QNA_EXPENDITURE_GROWTH_OECD(1.1),I,Q,Y,FRA,S1,S1,B1GQ,_Z,_Z,_Z,PC,L,GY,T0102,2018-Q2,1.541649035
DATAFLOW,OECD.SDD.NAD:DSD_NAMAIN1@DF_QNA_EXPENDITURE_GROWTH_OECD(1.1),I,Q,Y,FRA,S1,S1,B1GQ,_Z,_Z,_Z,PC,L,GY,T0102,2018-Q1,2.053089508
DATAFLOW,OECD.SDD.NAD:DSD_NAMAIN1@DF_QNA_EXPENDITURE_GROWTH_OECD(1.1),I,Q,Y,FRA,S1,S1,B1GQ,_Z,_Z,_Z,PC,L,GY,T0102,2017-Q4,2.782067767
DATAFLOW,OECD.SDD.NAD:DSD_NAMAIN1@DF_QNA_EXPENDITURE_GROWTH_OECD(1.1),I,Q,Y,FRA,S1,S1,B1GQ,_Z,_Z,_Z,PC,L,GY,T0102,2017-Q3,2.80759851
DATAFLOW,OECD.SDD.NAD:DSD_NAMAIN1@DF_QNA_EXPENDITURE_GROWTH_OECD(1.1),I,Q,Y,FRA,S1,S1,B1GQ,_Z,_Z,_Z,PC,L,GY,T0102,2017-Q2,2.222379796
DATAFLOW,OECD.SDD.NAD:DSD_NAMAIN1@DF_QNA_EXPENDITURE_GROWTH_OECD(1.1),I,Q,Y,FRA,S1,S1,B1GQ,_Z,_Z,_Z,PC,L,GY,T0102,2017-Q1,1.261271848
DATAFLOW,OECD.SDD.NAD:DSD_NAMAIN1@DF_QNA_EXPENDITURE_GROWTH_OECD(1.1),I,Q,Y,FRA,S1,S1,B1GQ,_Z,_Z,_Z,PC,L,GY,T0102,2016-Q4,0.899609052
DATAFLOW,OECD.SDD.NAD:DSD_NAMAIN1@DF_QNA_EXPENDITURE_GROWTH_OECD(1.1),I,Q,Y,FRA,S1,S1,B1GQ,_Z,_Z,_Z,PC,L,GY,T0102,2016-Q3,0.517585229
DATAFLOW,OECD.SDD.NAD:DSD_NAMAIN1@DF_QNA_EXPENDITURE_GROWTH_OECD(1.1),I,Q,Y,FRA,S1,S1,B1GQ,_Z,_Z,_Z,PC,L,GY,T0102,2016-Q2,0.639231863
DATAFLOW,OECD.SDD.NAD:DSD_NAMAIN1@DF_QNA_EXPENDITURE_GROWTH_OECD(1.1),I,Q,Y,FRA,S1,S1,B1GQ,_Z,_Z,_Z,PC,L,GY,T0102,2016-Q1,0.886613203
DATAFLOW,OECD.SDD.NAD:DSD_NAMAIN1@DF_QNA_EXPENDITURE_GROWTH_OECD(1.1),I,Q,Y,FRA,S1,S1,B1GQ,_Z,_Z,_Z,PC,L,GY,T0102,2015-Q4,1.154269426
DATAFLOW,OECD.SDD.NAD:DSD_NAMAIN1@DF_QNA_EXPENDITURE_GROWTH_OECD(1.1),I,Q,Y,FRA,S1,S1,B1GQ,_Z,_Z,_Z,PC,L,GY,T0102,2015-Q3,0.6278428
DATAFLOW,OECD.SDD.NAD:DSD_NAMAIN1@DF_QNA_EXPENDITURE_GROWTH_OECD(1.1),I,Q,Y,FRA,S1,S1,B1GQ,_Z,_Z,_Z,PC,L,GY,T0102,2015-Q2,1.013254079
DATAFLOW,OECD.SDD.NAD:DSD_NAMAIN1@DF_QNA_EXPENDITURE_GROWTH_OECD(1.1),I,Q,Y,FRA,S1,S1,B1GQ,_Z,_Z,_Z,PC,L,GY,T0102,2015-Q1,1.197033494
DATAFLOW,OECD.SDD.NAD:DSD_NAMAIN1@DF_QNA_EXPENDITURE_GROWTH_OECD(1.1),I,Q,Y,FRA,S1,S1,B1GQ,_Z,_Z,_Z,PC,L,GY,T0102,2014-Q4,0.608469093
DATAFLOW,OECD.SDD.NAD:DSD_NAMAIN1@DF_QNA_EXPENDITURE_GROWTH_OECD(1.1),I,Q,Y,FRA,S1,S1,B1GQ,_Z,_Z,_Z,PC,L,GY,T0102,2014-Q3,1.507864491
DATAFLOW,OECD.SDD.NAD:DSD_NAMAIN1@DF_QNA_EXPENDITURE_GROWTH_OECD(1.1),I,Q,Y,FRA,S1,S1,B1GQ,_Z,_Z,_Z,PC,L,GY,T0102,2014-Q2,0.624038984
DATAFLOW,OECD.SDD.NAD:DSD_NAMAIN1@DF_QNA_EXPENDITURE_GROWTH_OECD(1.1),I,Q,Y,FRA,S1,S1,B1GQ,_Z,_Z,_Z,PC,L,GY,T0102,2014-Q1,1.260824585
DATAFLOW,OECD.SDD.NAD:DSD_NAMAIN1@DF_QNA_EXPENDITURE_GROWTH_OECD(1.1),I,Q,Y,FRA,S1,S1,B1GQ,_Z,_Z,_Z,PC,L,GY,T0102,2013-Q4,1.449832994
DATAFLOW,OECD.SDD.NAD:DSD_NAMAIN1@DF_QNA_EXPENDITURE_GROWTH_OECD(1.1),I,Q,Y,FRA,S1,S1,B1GQ,_Z,_Z,_Z,PC,L,GY,T0102,2013-Q3,0.818797642
DATAFLOW,OECD.SDD.NAD:DSD_NAMAIN1@DF_QNA_EXPENDITURE_GROWTH_OECD(1.1),I,Q,Y,FRA,S1,S1,B1GQ,_Z,_Z,_Z,PC,L,GY,T0102,2013-Q2,1.364470746
DATAFLOW,OECD.SDD.NAD:DSD_NAMAIN1@DF_QNA_EXPENDITURE_GROWTH_OECD(1.1),I,Q,Y,FRA,S1,S1,B1GQ,_Z,_Z,_Z,PC,L,GY,T0102,2013-Q1,0.074644005
DATAFLOW,OECD.SDD.NAD:DSD_NAMAIN1@DF_QNA_EXPENDITURE_GROWTH_OECD(1.1),I,Q,Y,FRA,S1,S1,B1GQ,_Z,_Z,_Z,PC,L,GY,T0102,2012-Q4,-0.160417808
DATAFLOW,OECD.SDD.NAD:DSD_NAMAIN1@DF_QNA_EXPENDITURE_GROWTH_OECD(1.1),I,Q,Y,FRA,S1,S1,B1GQ,_Z,_Z,_Z,PC,L,GY,T0102,2012-Q3,0.216913488
DATAFLOW,OECD.SDD.NAD:DSD_NAMAIN1@DF_QNA_EXPENDITURE_GROWTH_OECD(1.1),I,Q,Y,FRA,S1,S1,B1GQ,_Z,_Z,_Z,PC,L,GY,T0102,2012-Q2,0.225600719
DATAFLOW,OECD.SDD.NAD:DSD_NAMAIN1@DF_QNA_EXPENDITURE_GROWTH_OECD(1.1),I,Q,Y,FRA,S1,S1,B1GQ,_Z,_Z,_Z,PC,L,GY,T0102,2012-Q1,0.638250309
DATAFLOW,OECD.SDD.NAD:DSD_NAMAIN1@DF_QNA_EXPENDITURE_GROWTH_OECD(1.1),I,Q,Y,FRA,S1,S1,B1GQ,_Z,_Z,_Z,PC,L,GY,T0102,2011-Q4,2.009546646
DATAFLOW,OECD.SDD.NAD:DSD_NAMAIN1@DF_QNA_EXPENDITURE_GROWTH_OECD(1.1),I,Q,Y,FRA,S1,S1,B1GQ,_Z,_Z,_Z,PC,L,GY,T0102,2011-Q3,2.259552564
DATAFLOW,OECD.SDD.NAD:DSD_NAMAIN1@DF_QNA_EXPENDITURE_GROWTH_OECD(1.1),I,Q,Y,FRA,S1,S1,B1GQ,_Z,_Z,_Z,PC,L,GY,T0102,2011-Q2,2.605580493
DATAFLOW,OECD.SDD.NAD:DSD_NAMAIN1@DF_QNA_EXPENDITURE_GROWTH_OECD(1.1),I,Q,Y,FRA,S1,S1,B1GQ,_Z,_Z,_Z,PC,L,GY,T0102,2011-Q1,3.070083229
DATAFLOW,OECD.SDD.NAD:DSD_NAMAIN1@DF_QNA_EXPENDITURE_GROWTH_OECD(1.1),I,Q,Y,FRA,S1,S1,B1GQ,_Z,_Z,_Z,PC,L,GY,T0102,2010-Q4,2.07390243
DATAFLOW,OECD.SDD.NAD:DSD_NAMAIN1@DF_QNA_EXPENDITURE_GROWTH_OECD(1.1),I,Q,Y,FRA,S1,S1,B1GQ,_Z,_Z,_Z,PC,L,GY,T0102,2010-Q3,2.189097522
DATAFLOW,OECD.SDD.NAD:DSD_NAMAIN1@DF_QNA_EXPENDITURE_GROWTH_OECD(1.1),I,Q,Y,FRA,S1,S1,B1GQ,_Z,_Z,_Z,PC,L,GY,T0102,2010-Q2,1.687967675
DATAFLOW,OECD.SDD.NAD:DSD_NAMAIN1@DF_QNA_EXPENDITURE_GROWTH_OECD(1.1),I,Q,Y,FRA,S1,S1,B1GQ,_Z,_Z,_Z,PC,L,GY,T0102,2010-Q1,1.399064993
DATAFLOW,OECD.SDD.NAD:DSD_NAMAIN1@DF_QNA_EXPENDITURE_GROWTH_OECD(1.1),I,Q,Y,FRA,S1,S1,B1GQ,_Z,_Z,_Z,PC,L,GY,T0102,2009-Q4,-0.830231116
DATAFLOW,OECD.SDD.NAD:DSD_NAMAIN1@DF_QNA_EXPENDITURE_GROWTH_OECD(1.1),I,Q,Y,FRA,S1,S1,B1GQ,_Z,_Z,_Z,PC,L,GY,T0102,2009-Q3,-2.789503582
DATAFLOW,OECD.SDD.NAD:DSD_NAMAIN1@DF_QNA_EXPENDITURE_GROWTH_OECD(1.1),I,Q,Y,FRA,S1,S1,B1GQ,_Z,_Z,_Z,PC,L,GY,T0102,2009-Q2,-3.184068084
DATAFLOW,OECD.SDD.NAD:DSD_NAMAIN1@DF_QNA_EXPENDITURE_GROWTH_OECD(1.1),I,Q,Y,FRA,S1,S1,B1GQ,_Z,_Z,_Z,PC,L,GY,T0102,2009-Q1,-4.079774769
DATAFLOW,OECD.SDD.NAD:DSD_NAMAIN1@DF_QNA_EXPENDITURE_GROWTH_OECD(1.1),I,Q,Y,FRA,S1,S1,B1GQ,_Z,_Z,_Z,PC,L,GY,T0102,2008-Q4,-1.399923951
DATAFLOW,OECD.SDD.NAD:DSD_NAMAIN1@DF_QNA_EXPENDITURE_GROWTH_OECD(1.1),I,Q,Y,FRA,S1,S1,B1GQ,_Z,_Z,_Z,PC,L,GY,T0102,2008-Q3,-0.027520244
DATAFLOW,OECD.SDD.NAD:DSD_NAMAIN1@DF_QNA_EXPENDITURE_GROWTH_OECD(1.1),I,Q,Y,FRA,S1,S1,B1GQ,_Z,_Z,_Z,PC,L,GY,T0102,2008-Q2,0.537385102
DATAFLOW,OECD.SDD.NAD:DSD_NAMAIN1@DF_QNA_EXPENDITURE_GROWTH_OECD(1.1),I,Q,Y,FRA,S1,S1,B1GQ,_Z,_Z,_Z,PC,L,GY,T0102,2008-Q1,1.959660722
DATAFLOW,OECD.SDD.NAD:DSD_NAMAIN1@DF_QNA_EXPENDITURE_GROWTH_OECD(1.1),I,Q,Y,FRA,S1,S1,B1GQ,_Z,_Z,_Z,PC,L,GY,T0102,2007-Q4,2.137608453
DATAFLOW,OECD.SDD.NAD:DSD_NAMAIN1@DF_QNA_EXPENDITURE_GROWTH_OECD(1.1),I,Q,Y,FRA,S1,S1,B1GQ,_Z,_Z,_Z,PC,L,GY,T0102,2007-Q3,2.586210053
DATAFLOW,OECD.SDD.NAD:DSD_NAMAIN1@DF_QNA_EXPENDITURE_GROWTH_OECD(1.1),I,Q,Y,FRA,S1,S1,B1GQ,_Z,_Z,_Z,PC,L,GY,T0102,2007-Q2,2.331347062
DATAFLOW,OECD.SDD.NAD:DSD_NAMAIN1@DF_QNA_EXPENDITURE_GROWTH_OECD(1.1),I,Q,Y,FRA,S1,S1,B1GQ,_Z,_Z,_Z,PC,L,GY,T0102,2007-Q1,2.888058531
DATAFLOW,OECD.SDD.NAD:DSD_NAMAIN1@DF_QNA_EXPENDITURE_GROWTH_OECD(1.1),I,Q,Y,USA,S1,S1,B1GQ,_Z,_Z,_Z,PC,L,GY,T0102,2013-Q1,1.700868486
DATAFLOW,OECD.SDD.NAD:DSD_NAMAIN1@DF_QNA_EXPENDITURE_GROWTH_OECD(1.1),I,Q,Y,USA,S1,S1,B1GQ,_Z,_Z,_Z,PC,L,GY,T0102,2012-Q4,1.551852007
DATAFLOW,OECD.SDD.NAD:DSD_NAMAIN1@DF_QNA_EXPENDITURE_GROWTH_OECD(1.1),I,Q,Y,USA,S1,S1,B1GQ,_Z,_Z,_Z,PC,L,GY,T0102,2012-Q3,2.573712314
DATAFLOW,OECD.SDD.NAD:DSD_NAMAIN1@DF_QNA_EXPENDITURE_GROWTH_OECD(1.1),I,Q,Y,USA,S1,S1,B1GQ,_Z,_Z,_Z,PC,L,GY,T0102,2012-Q2,2.403335839
DATAFLOW,OECD.SDD.NAD:DSD_NAMAIN1@DF_QNA_EXPENDITURE_GROWTH_OECD(1.1),I,Q,Y,USA,S1,S1,B1GQ,_Z,_Z,_Z,PC,L,GY,T0102,2012-Q1,2.638069311
DATAFLOW,OECD.SDD.NAD:DSD_NAMAIN1@DF_QNA_EXPENDITURE_GROWTH_OECD(1.1),I,Q,Y,USA,S1,S1,B1GQ,_Z,_Z,_Z,PC,L,GY,T0102,2011-Q4,1.543075872
DATAFLOW,OECD.SDD.NAD:DSD_NAMAIN1@DF_QNA_EXPENDITURE_GROWTH_OECD(1.1),I,Q,Y,USA,S1,S1,B1GQ,_Z,_Z,_Z,PC,L,GY,T0102,2011-Q3,0.942653465
DATAFLOW,OECD.SDD.NAD:DSD_NAMAIN1@DF_QNA_EXPENDITURE_GROWTH_OECD(1.1),I,Q,Y,USA,S1,S1,B1GQ,_Z,_Z,_Z,PC,L,GY,T0102,2011-Q2,1.743708865
DATAFLOW,OECD.SDD.NAD:DSD_NAMAIN1@DF_QNA_EXPENDITURE_GROWTH_OECD(1.1),I,Q,Y,USA,S1,S1,B1GQ,_Z,_Z,_Z,PC,L,GY,T0102,2011-Q1,2.0377972
DATAFLOW,OECD.SDD.NAD:DSD_NAMAIN1@DF_QNA_EXPENDITURE_GROWTH_OECD(1.1),I,Q,Y,USA,S1,S1,B1GQ,_Z,_Z,_Z,PC,L,GY,T0102,2010-Q4,2.775960909
DATAFLOW,OECD.SDD.NAD:DSD_NAMAIN1@DF_QNA_EXPENDITURE_GROWTH_OECD(1.1),I,Q,Y,USA,S1,S1,B1GQ,_Z,_Z,_Z,PC,L,GY,T0102,2010-Q3,3.344209254
DATAFLOW,OECD.SDD.NAD:DSD_NAMAIN1@DF_QNA_EXPENDITURE_GROWTH_OECD(1.1),I,Q,Y,USA,S1,S1,B1GQ,_Z,_Z,_Z,PC,L,GY,T0102,2010-Q2,2.913595029
DATAFLOW,OECD.SDD.NAD:DSD_NAMAIN1@DF_QNA_EXPENDITURE_GROWTH_OECD(1.1),I,Q,Y,USA,S1,S1,B1GQ,_Z,_Z,_Z,PC,L,GY,T0102,2010-Q1,1.745265845
DATAFLOW,OECD.SDD.NAD:DSD_NAMAIN1@DF_QNA_EXPENDITURE_GROWTH_OECD(1.1),I,Q,Y,USA,S1,S1,B1GQ,_Z,_Z,_Z,PC,L,GY,T0102,2009-Q4,0.105572523
DATAFLOW,OECD.SDD.NAD:DSD_NAMAIN1@DF_QNA_EXPENDITURE_GROWTH_OECD(1.1),I,Q,Y,USA,S1,S1,B1GQ,_Z,_Z,_Z,PC,L,GY,T0102,2009-Q3,-3.132815701
DATAFLOW,OECD.SDD.NAD:DSD_NAMAIN1@DF_QNA_EXPENDITURE_GROWTH_OECD(1.1),I,Q,Y,USA,S1,S1,B1GQ,_Z,_Z,_Z,PC,L,GY,T0102,2009-Q2,-3.978837405
DATAFLOW,OECD.SDD.NAD:DSD_NAMAIN1@DF_QNA_EXPENDITURE_GROWTH_OECD(1.1),I,Q,Y,USA,S1,S1,B1GQ,_Z,_Z,_Z,PC,L,GY,T0102,2009-Q1,-3.234227293
DATAFLOW,OECD.SDD.NAD:DSD_NAMAIN1@DF_QNA_EXPENDITURE_GROWTH_OECD(1.1),I,Q,Y,USA,S1,S1,B1GQ,_Z,_Z,_Z,PC,L,GY,T0102,2008-Q4,-2.541153688
DATAFLOW,OECD.SDD.NAD:DSD_NAMAIN1@DF_QNA_EXPENDITURE_GROWTH_OECD(1.1),I,Q,Y,USA,S1,S1,B1GQ,_Z,_Z,_Z,PC,L,GY,T0102,2008-Q3,0.265967272
DATAFLOW,OECD.SDD.NAD:DSD_NAMAIN1@DF_QNA_EXPENDITURE_GROWTH_OECD(1.1),I,Q,Y,USA,S1,S1,B1GQ,_Z,_Z,_Z,PC,L,GY,T0102,2008-Q2,1.376010766
DATAFLOW,OECD.SDD.NAD:DSD_NAMAIN1@DF_QNA_EXPENDITURE_GROWTH_OECD(1.1),I,Q,Y,USA,S1,S1,B1GQ,_Z,_Z,_Z,PC,L,GY,T0102,2008-Q1,1.392471206
DATAFLOW,OECD.SDD.NAD:DSD_NAMAIN1@DF_QNA_EXPENDITURE_GROWTH_OECD(1.1),I,Q,Y,USA,S1,S1,B1GQ,_Z,_Z,_Z,PC,L,GY,T0102,2007-Q4,2.133364682
DATAFLOW,OECD.SDD.NAD:DSD_NAMAIN1@DF_QNA_EXPENDITURE_GROWTH_OECD(1.1),I,Q,Y,USA,S1,S1,B1GQ,_Z,_Z,_Z,PC,L,GY,T0102,2007-Q3,2.368036077
DATAFLOW,OECD.SDD.NAD:DSD_NAMAIN1@DF_QNA_EXPENDITURE_GROWTH_OECD(1.1),I,Q,Y,USA,S1,S1,B1GQ,_Z,_Z,_Z,PC,L,GY,T0102,2007-Q2,1.93437472
DATAFLOW,OECD.SDD.NAD:DSD_NAMAIN1@DF_QNA_EXPENDITURE_GROWTH_OECD(1.1),I,Q,Y,KOR,S1,S1,B1GQ,_Z,_Z,_Z,PC,L,GY,T0102,2024-Q2,2.231160479
DATAFLOW,OECD.SDD.NAD:DSD_NAMAIN1@DF_QNA_EXPENDITURE_GROWTH_OECD(1.1),I,Q,Y,CAN,S1,S1,B1GQ,_Z,_Z,_Z,PC,L,GY,T0102,2012-Q2,2.570695175
DATAFLOW,OECD.SDD.NAD:DSD_NAMAIN1@DF_QNA_EXPENDITURE_GROWTH_OECD(1.1),I,Q,Y,CAN,S1,S1,B1GQ,_Z,_Z,_Z,PC,L,GY,T0102,2012-Q1,2.423928795
DATAFLOW,OECD.SDD.NAD:DSD_NAMAIN1@DF_QNA_EXPENDITURE_GROWTH_OECD(1.1),I,Q,Y,CAN,S1,S1,B1GQ,_Z,_Z,_Z,PC,L,GY,T0102,2011-Q4,3.138872967
DATAFLOW,OECD.SDD.NAD:DSD_NAMAIN1@DF_QNA_EXPENDITURE_GROWTH_OECD(1.1),I,Q,Y,CAN,S1,S1,B1GQ,_Z,_Z,_Z,PC,L,GY,T0102,2011-Q3,3.473559457
DATAFLOW,OECD.SDD.NAD:DSD_NAMAIN1@DF_QNA_EXPENDITURE_GROWTH_OECD(1.1),I,Q,Y,CAN,S1,S1,B1GQ,_Z,_Z,_Z,PC,L,GY,T0102,2011-Q2,2.791474709
DATAFLOW,OECD.SDD.NAD:DSD_NAMAIN1@DF_QNA_EXPENDITURE_GROWTH_OECD(1.1),I,Q,Y,CAN,S1,S1,B1GQ,_Z,_Z,_Z,PC,L,GY,T0102,2011-Q1,3.142512808
DATAFLOW,OECD.SDD.NAD:DSD_NAMAIN1@DF_QNA_EXPENDITURE_GROWTH_OECD(1.1),I,Q,Y,CAN,S1,S1,B1GQ,_Z,_Z,_Z,PC,L,GY,T0102,2010-Q4,3.603082053
DATAFLOW,OECD.SDD.NAD:DSD_NAMAIN1@DF_QNA_EXPENDITURE_GROWTH_OECD(1.1),I,Q,Y,CAN,S1,S1,B1GQ,_Z,_Z,_Z,PC,L,GY,T0102,2010-Q3,3.644163125
DATAFLOW,OECD.SDD.NAD:DSD_NAMAIN1@DF_QNA_EXPENDITURE_GROWTH_OECD(1.1),I,Q,Y,CAN,S1,S1,B1GQ,_Z,_Z,_Z,PC,L,GY,T0102,2010-Q2,3.383970024
DATAFLOW,OECD.SDD.NAD:DSD_NAMAIN1@DF_QNA_EXPENDITURE_GROWTH_OECD(1.1),I,Q,Y,CAN,S1,S1,B1GQ,_Z,_Z,_Z,PC,L,GY,T0102,2010-Q1,1.736038741
DATAFLOW,OECD.SDD.NAD:DSD_NAMAIN1@DF_QNA_EXPENDITURE_GROWTH_OECD(1.1),I,Q,Y,CAN,S1,S1,B1GQ,_Z,_Z,_Z,PC,L,GY,T0102,2009-Q4,-1.750048486
DATAFLOW,OECD.SDD.NAD:DSD_NAMAIN1@DF_QNA_EXPENDITURE_GROWTH_OECD(1.1),I,Q,Y,CAN,S1,S1,B1GQ,_Z,_Z,_Z,PC,L,GY,T0102,2009-Q3,-4.00540605
DATAFLOW,OECD.SDD.NAD:DSD_NAMAIN1@DF_QNA_EXPENDITURE_GROWTH_OECD(1.1),I,Q,Y,CAN,S1,S1,B1GQ,_Z,_Z,_Z,PC,L,GY,T0102,2009-Q2,-3.647507903
DATAFLOW,OECD.SDD.NAD:DSD_NAMAIN1@DF_QNA_EXPENDITURE_GROWTH_OECD(1.1),I,Q,Y,CAN,S1,S1,B1GQ,_Z,_Z,_Z,PC,L,GY,T0102,2009-Q1,-2.241923679
DATAFLOW,OECD.SDD.NAD:DSD_NAMAIN1@DF_QNA_EXPENDITURE_GROWTH_OECD(1.1),I,Q,Y,CAN,S1,S1,B1GQ,_Z,_Z,_Z,PC,L,GY,T0102,2008-Q4,0.090044386
DATAFLOW,OECD.SDD.NAD:DSD_NAMAIN1@DF_QNA_EXPENDITURE_GROWTH_OECD(1.1),I,Q,Y,CAN,S1,S1,B1GQ,_Z,_Z,_Z,PC,L,GY,T0102,2008-Q3,1.398121283
DATAFLOW,OECD.SDD.NAD:DSD_NAMAIN1@DF_QNA_EXPENDITURE_GROWTH_OECD(1.1),I,Q,Y,CAN,S1,S1,B1GQ,_Z,_Z,_Z,PC,L,GY,T0102,2008-Q2,0.948507041
DATAFLOW,OECD.SDD.NAD:DSD_NAMAIN1@DF_QNA_EXPENDITURE_GROWTH_OECD(1.1),I,Q,Y,CAN,S1,S1,B1GQ,_Z,_Z,_Z,PC,L,GY,T0102,2008-Q1,1.553367202
DATAFLOW,OECD.SDD.NAD:DSD_NAMAIN1@DF_QNA_EXPENDITURE_GROWTH_OECD(1.1),I,Q,Y,CAN,S1,S1,B1GQ,_Z,_Z,_Z,PC,L,GY,T0102,2007-Q4,2.1248559
DATAFLOW,OECD.SDD.NAD:DSD_NAMAIN1@DF_QNA_EXPENDITURE_GROWTH_OECD(1.1),I,Q,Y,CAN,S1,S1,B1GQ,_Z,_Z,_Z,PC,L,GY,T0102,2007-Q3,2.396964907
DATAFLOW,OECD.SDD.NAD:DSD_NAMAIN1@DF_QNA_EXPENDITURE_GROWTH_OECD(1.1),I,Q,Y,CAN,S1,S1,B1GQ,_Z,_Z,_Z,PC,L,GY,T0102,2007-Q2,2.30190367
DATAFLOW,OECD.SDD.NAD:DSD_NAMAIN1@DF_QNA_EXPENDITURE_GROWTH_OECD(1.1),I,Q,Y,CAN,S1,S1,B1GQ,_Z,_Z,_Z,PC,L,GY,T0102,2007-Q1,1.374068945
DATAFLOW,OECD.SDD.NAD:DSD_NAMAIN1@DF_QNA_EXPENDITURE_GROWTH_OECD(1.1),I,Q,Y,CHN,S1,S1,B1GQ,_Z,_Z,_Z,PC,L,GY,T0102,2016-Q1,6.8
DATAFLOW,OECD.SDD.NAD:DSD_NAMAIN1@DF_QNA_EXPENDITURE_GROWTH_OECD(1.1),I,Q,Y,CHN,S1,S1,B1GQ,_Z,_Z,_Z,PC,L,GY,T0102,2015-Q4,6.9
DATAFLOW,OECD.SDD.NAD:DSD_NAMAIN1@DF_QNA_EXPENDITURE_GROWTH_OECD(1.1),I,Q,Y,CHN,S1,S1,B1GQ,_Z,_Z,_Z,PC,L,GY,T0102,2015-Q3,7.0
DATAFLOW,OECD.SDD.NAD:DSD_NAMAIN1@DF_QNA_EXPENDITURE_GROWTH_OECD(1.1),I,Q,Y,CHN,S1,S1,B1GQ,_Z,_Z,_Z,PC,L,GY,T0102,2015-Q2,7.1
DATAFLOW,OECD.SDD.NAD:DSD_NAMAIN1@DF_QNA_EXPENDITURE_GROWTH_OECD(1.1),I,Q,Y,CHN,S1,S1,B1GQ,_Z,_Z,_Z,PC,L,GY,T0102,2015-Q1,7.1
DATAFLOW,OECD.SDD.NAD:DSD_NAMAIN1@DF_QNA_EXPENDITURE_GROWTH_OECD(1.1),I,Q,Y,CHN,S1,S1,B1GQ,_Z,_Z,_Z,PC,L,GY,T0102,2014-Q4,7.4
DATAFLOW,OECD.SDD.NAD:DSD_NAMAIN1@DF_QNA_EXPENDITURE_GROWTH_OECD(1.1),I,Q,Y,CHN,S1,S1,B1GQ,_Z,_Z,_Z,PC,L,GY,T0102,2014-Q3,7.3
DATAFLOW,OECD.SDD.NAD:DSD_NAMAIN1@DF_QNA_EXPENDITURE_GROWTH_OECD(1.1),I,Q,Y,CHN,S1,S1,B1GQ,_Z,_Z,_Z,PC,L,GY,T0102,2014-Q2,7.7
DATAFLOW,OECD.SDD.NAD:DSD_NAMAIN1@DF_QNA_EXPENDITURE_GROWTH_OECD(1.1),I,Q,Y,CHN,S1,S1,B1GQ,_Z,_Z,_Z,PC,L,GY,T0102,2014-Q1,7.6
DATAFLOW,OECD.SDD.NAD:DSD_NAMAIN1@DF_QNA_EXPENDITURE_GROWTH_OECD(1.1),I,Q,Y,CHN,S1,S1,B1GQ,_Z,_Z,_Z,PC,L,GY,T0102,2013-Q4,7.7
DATAFLOW,OECD.SDD.NAD:DSD_NAMAIN1@DF_QNA_EXPENDITURE_GROWTH_OECD(1.1),I,Q,Y,CHN,S1,S1,B1GQ,_Z,_Z,_Z,PC,L,GY,T0102,2013-Q3,7.9
DATAFLOW,OECD.SDD.NAD:DSD_NAMAIN1@DF_QNA_EXPENDITURE_GROWTH_OECD(1.1),I,Q,Y,CHN,S1,S1,B1GQ,_Z,_Z,_Z,PC,L,GY,T0102,2013-Q2,7.6
DATAFLOW,OECD.SDD.NAD:DSD_NAMAIN1@DF_QNA_EXPENDITURE_GROWTH_OECD(1.1),I,Q,Y,CHN,S1,S1,B1GQ,_Z,_Z,_Z,PC,L,GY,T0102,2013-Q1,7.9
DATAFLOW,OECD.SDD.NAD:DSD_NAMAIN1@DF_QNA_EXPENDITURE_GROWTH_OECD(1.1),I,Q,Y,CHN,S1,S1,B1GQ,_Z,_Z,_Z,PC,L,GY,T0102,2012-Q4,8.1
DATAFLOW,OECD.SDD.NAD:DSD_NAMAIN1@DF_QNA_EXPENDITURE_GROWTH_OECD(1.1),I,Q,Y,CHN,S1,S1,B1GQ,_Z,_Z,_Z,PC,L,GY,T0102,2012-Q3,7.5
DATAFLOW,OECD.SDD.NAD:DSD_NAMAIN1@DF_QNA_EXPENDITURE_GROWTH_OECD(1.1),I,Q,Y,CHN,S1,S1,B1GQ,_Z,_Z,_Z,PC,L,GY,T0102,2012-Q2,7.7
DATAFLOW,OECD.SDD.NAD:DSD_NAMAIN1@DF_QNA_EXPENDITURE_GROWTH_OECD(1.1),I,Q,Y,CHN,S1,S1,B1GQ,_Z,_Z,_Z,PC,L,GY,T0102,2012-Q1,8.1
DATAFLOW,OECD.SDD.NAD:DSD_NAMAIN1@DF_QNA_EXPENDITURE_GROWTH_OECD(1.1),I,Q,Y,CHN,S1,S1,B1GQ,_Z,_Z,_Z,PC,L,GY,T0102,2011-Q4,8.7
DATAFLOW,OECD.SDD.NAD:DSD_NAMAIN1@DF_QNA_EXPENDITURE_GROWTH_OECD(1.1),I,Q,Y,CHN,S1,S1,B1GQ,_Z,_Z,_Z,PC,L,GY,T0102,2011-Q3,9.3
DATAFLOW,OECD.SDD.NAD:DSD_NAMAIN1@DF_QNA_EXPENDITURE_GROWTH_OECD(1.1),I,Q,Y,CHN,S1,S1,B1GQ,_Z,_Z,_Z,PC,L,GY,T0102,2011-Q2,9.9
DATAFLOW,OECD.SDD.NAD:DSD_NAMAIN1@DF_QNA_EXPENDITURE_GROWTH_OECD(1.1),I,Q,Y,CHN,S1,S1,B1GQ,_Z,_Z,_Z,PC,L,GY,T0102,2011-Q1,10.1
DATAFLOW,OECD.SDD.NAD:DSD_NAMAIN1@DF_QNA_EXPENDITURE_GROWTH_OECD(1.1),I,Q,Y,CHN,S1,S1,B1GQ,_Z,_Z,_Z,PC,L,GY,T0102,2010-Q4,9.9
DATAFLOW,OECD.SDD.NAD:DSD_NAMAIN1@DF_QNA_EXPENDITURE_GROWTH_OECD(1.1),I,Q,Y,CHN,S1,S1,B1GQ,_Z,_Z,_Z,PC,L,GY,T0102,2010-Q3,9.9
DATAFLOW,OECD.SDD.NAD:DSD_NAMAIN1@DF_QNA_EXPENDITURE_GROWTH_OECD(1.1),I,Q,Y,CHN,S1,S1,B1GQ,_Z,_Z,_Z,PC,L,GY,T0102,2010-Q2,10.7
DATAFLOW,OECD.SDD.NAD:DSD_NAMAIN1@DF_QNA_EXPENDITURE_GROWTH_OECD(1.1),I,Q,Y,CHN,S1,S1,B1GQ,_Z,_Z,_Z,PC,L,GY,T0102,2010-Q1,12.2
DATAFLOW,OECD.SDD.NAD:DSD_NAMAIN1@DF_QNA_EXPENDITURE_GROWTH_OECD(1.1),I,Q,Y,CHN,S1,S1,B1GQ,_Z,_Z,_Z,PC,L,GY,T0102,2009-Q4,11.9
DATAFLOW,OECD.SDD.NAD:DSD_NAMAIN1@DF_QNA_EXPENDITURE_GROWTH_OECD(1.1),I,Q,Y,CHN,S1,S1,B1GQ,_Z,_Z,_Z,PC,L,GY,T0102,2009-Q3,10.6
DATAFLOW,OECD.SDD.NAD:DSD_NAMAIN1@DF_QNA_EXPENDITURE_GROWTH_OECD(1.1),I,Q,Y,CHN,S1,S1,B1GQ,_Z,_Z,_Z,PC,L,GY,T0102,2009-Q2,8.2
DATAFLOW,OECD.SDD.NAD:DSD_NAMAIN1@DF_QNA_EXPENDITURE_GROWTH_OECD(1.1),I,Q,Y,CHN,S1,S1,B1GQ,_Z,_Z,_Z,PC,L,GY,T0102,2009-Q1,6.4
DATAFLOW,OECD.SDD.NAD:DSD_NAMAIN1@DF_QNA_EXPENDITURE_GROWTH_OECD(1.1),I,Q,Y,CHN,S1,S1,B1GQ,_Z,_Z,_Z,PC,L,GY,T0102,2008-Q4,7.1
DATAFLOW,OECD.SDD.NAD:DSD_NAMAIN1@DF_QNA_EXPENDITURE_GROWTH_OECD(1.1),I,Q,Y,CHN,S1,S1,B1GQ,_Z,_Z,_Z,PC,L,GY,T0102,2008-Q3,9.5
DATAFLOW,OECD.SDD.NAD:DSD_NAMAIN1@DF_QNA_EXPENDITURE_GROWTH_OECD(1.1),I,Q,Y,CHN,S1,S1,B1GQ,_Z,_Z,_Z,PC,L,GY,T0102,2008-Q2,11.0
DATAFLOW,OECD.SDD.NAD:DSD_NAMAIN1@DF_QNA_EXPENDITURE_GROWTH_OECD(1.1),I,Q,Y,CHN,S1,S1,B1GQ,_Z,_Z,_Z,PC,L,GY,T0102,2008-Q1,11.6
DATAFLOW,OECD.SDD.NAD:DSD_NAMAIN1@DF_QNA_EXPENDITURE_GROWTH_OECD(1.1),I,Q,Y,CHN,S1,S1,B1GQ,_Z,_Z,_Z,PC,L,GY,T0102,2007-Q4,13.9
DATAFLOW,OECD.SDD.NAD:DSD_NAMAIN1@DF_QNA_EXPENDITURE_GROWTH_OECD(1.1),I,Q,Y,CHN,S1,S1,B1GQ,_Z,_Z,_Z,PC,L,GY,T0102,2007-Q3,14.2
DATAFLOW,OECD.SDD.NAD:DSD_NAMAIN1@DF_QNA_EXPENDITURE_GROWTH_OECD(1.1),I,Q,Y,CHN,S1,S1,B1GQ,_Z,_Z,_Z,PC,L,GY,T0102,2007-Q2,14.9
DATAFLOW,OECD.SDD.NAD:DSD_NAMAIN1@DF_QNA_EXPENDITURE_GROWTH_OECD(1.1),I,Q,Y,CHN,S1,S1,B1GQ,_Z,_Z,_Z,PC,L,GY,T0102,2007-Q1,13.6
DATAFLOW,OECD.SDD.NAD:DSD_NAMAIN1@DF_QNA_EXPENDITURE_GROWTH_OECD(1.1),I,Q,Y,DEU,S1,S1,B1GQ,_Z,_Z,_Z,PC,L,GY,T0102,2014-Q1,2.89828412
DATAFLOW,OECD.SDD.NAD:DSD_NAMAIN1@DF_QNA_EXPENDITURE_GROWTH_OECD(1.1),I,Q,Y,DEU,S1,S1,B1GQ,_Z,_Z,_Z,PC,L,GY,T0102,2013-Q4,1.272049446
DATAFLOW,OECD.SDD.NAD:DSD_NAMAIN1@DF_QNA_EXPENDITURE_GROWTH_OECD(1.1),I,Q,Y,DEU,S1,S1,B1GQ,_Z,_Z,_Z,PC,L,GY,T0102,2013-Q3,0.818749985
DATAFLOW,OECD.SDD.NAD:DSD_NAMAIN1@DF_QNA_EXPENDITURE_GROWTH_OECD(1.1),I,Q,Y,DEU,S1,S1,B1GQ,_Z,_Z,_Z,PC,L,GY,T0102,2013-Q2,0.509397018
DATAFLOW,OECD.SDD.NAD:DSD_NAMAIN1@DF_QNA_EXPENDITURE_GROWTH_OECD(1.1),I,Q,Y,DEU,S1,S1,B1GQ,_Z,_Z,_Z,PC,L,GY,T0102,2013-Q1,-0.542185232
DATAFLOW,OECD.SDD.NAD:DSD_NAMAIN1@DF_QNA_EXPENDITURE_GROWTH_OECD(1.1),I,Q,Y,DEU,S1,S1,B1GQ,_Z,_Z,_Z,PC,L,GY,T0102,2012-Q4,0.223239417
DATAFLOW,OECD.SDD.NAD:DSD_NAMAIN1@DF_QNA_EXPENDITURE_GROWTH_OECD(1.1),I,Q,Y,DEU,S1,S1,B1GQ,_Z,_Z,_Z,PC,L,GY,T0102,2012-Q3,0.513653421
DATAFLOW,OECD.SDD.NAD:DSD_NAMAIN1@DF_QNA_EXPENDITURE_GROWTH_OECD(1.1),I,Q,Y,DEU,S1,S1,B1GQ,_Z,_Z,_Z,PC,L,GY,T0102,2012-Q2,0.851720266
DATAFLOW,OECD.SDD.NAD:DSD_NAMAIN1@DF_QNA_EXPENDITURE_GROWTH_OECD(1.1),I,Q,Y,DEU,S1,S1,B1GQ,_Z,_Z,_Z,PC,L,GY,T0102,2012-Q1,1.016697825
DATAFLOW,OECD.SDD.NAD:DSD_NAMAIN1@DF_QNA_EXPENDITURE_GROWTH_OECD(1.1),I,Q,Y,DEU,S1,S1,B1GQ,_Z,_Z,_Z,PC,L,GY,T0102,2011-Q4,2.624927245
DATAFLOW,OECD.SDD.NAD:DSD_NAMAIN1@DF_QNA_EXPENDITURE_GROWTH_OECD(1.1),I,Q,Y,DEU,S1,S1,B1GQ,_Z,_Z,_Z,PC,L,GY,T0102,2011-Q3,3.308954426
DATAFLOW,OECD.SDD.NAD:DSD_NAMAIN1@DF_QNA_EXPENDITURE_GROWTH_OECD(1.1),I,Q,Y,DEU,S1,S1,B1GQ,_Z,_Z,_Z,PC,L,GY,T0102,2011-Q2,3.744848844
DATAFLOW,OECD.SDD.NAD:DSD_NAMAIN1@DF_QNA_EXPENDITURE_GROWTH_OECD(1.1),I,Q,Y,DEU,S1,S1,B1GQ,_Z,_Z,_Z,PC,L,GY,T0102,2011-Q1,5.706081731
DATAFLOW,OECD.SDD.NAD:DSD_NAMAIN1@DF_QNA_EXPENDITURE_GROWTH_OECD(1.1),I,Q,Y,DEU,S1,S1,B1GQ,_Z,_Z,_Z,PC,L,GY,T0102,2010-Q4,4.584179965
DATAFLOW,OECD.SDD.NAD:DSD_NAMAIN1@DF_QNA_EXPENDITURE_GROWTH_OECD(1.1),I,Q,Y,DEU,S1,S1,B1GQ,_Z,_Z,_Z,PC,L,GY,T0102,2010-Q3,4.700835697
DATAFLOW,OECD.SDD.NAD:DSD_NAMAIN1@DF_QNA_EXPENDITURE_GROWTH_OECD(1.1),I,Q,Y,DEU,S1,S1,B1GQ,_Z,_Z,_Z,PC,L,GY,T0102,2010-Q2,4.343639564
DATAFLOW,OECD.SDD.NAD:DSD_NAMAIN1@DF_QNA_EXPENDITURE_GROWTH_OECD(1.1),I,Q,Y,DEU,S1,S1,B1GQ,_Z,_Z,_Z,PC,L,GY,T0102,2010-Q1,2.382522461
DATAFLOW,OECD.SDD.NAD:DSD_NAMAIN1@DF_QNA_EXPENDITURE_GROWTH_OECD(1.1),I,Q,Y,DEU,S1,S1,B1GQ,_Z,_Z,_Z,PC,L,GY,T0102,2009-Q4,-3.12100583
DATAFLOW,OECD.SDD.NAD:DSD_NAMAIN1@DF_QNA_EXPENDITURE_GROWTH_OECD(1.1),I,Q,Y,DEU,S1,S1,B1GQ,_Z,_Z,_Z,PC,L,GY,T0102,2009-Q3,-5.35227302
DATAFLOW,OECD.SDD.NAD:DSD_NAMAIN1@DF_QNA_EXPENDITURE_GROWTH_OECD(1.1),I,Q,Y,DEU,S1,S1,B1GQ,_Z,_Z,_Z,PC,L,GY,T0102,2009-Q2,-6.451110796
DATAFLOW,OECD.SDD.NAD:DSD_NAMAIN1@DF_QNA_EXPENDITURE_GROWTH_OECD(1.1),I,Q,Y,DEU,S1,S1,B1GQ,_Z,_Z,_Z,PC,L,GY,T0102,2009-Q1,-7.017204299
DATAFLOW,OECD.SDD.NAD:DSD_NAMAIN1@DF_QNA_EXPENDITURE_GROWTH_OECD(1.1),I,Q,Y,DEU,S1,S1,B1GQ,_Z,_Z,_Z,PC,L,GY,T0102,2008-Q4,-1.871631219
DATAFLOW,OECD.SDD.NAD:DSD_NAMAIN1@DF_QNA_EXPENDITURE_GROWTH_OECD(1.1),I,Q,Y,DEU,S1,S1,B1GQ,_Z,_Z,_Z,PC,L,GY,T0102,2008-Q3,0.414708424
DATAFLOW,OECD.SDD.NAD:DSD_NAMAIN1@DF_QNA_EXPENDITURE_GROWTH_OECD(1.1),I,Q,Y,DEU,S1,S1,B1GQ,_Z,_Z,_Z,PC,L,GY,T0102,2008-Q2,1.483877028
DATAFLOW,OECD.SDD.NAD:DSD_NAMAIN1@DF_QNA_EXPENDITURE_GROWTH_OECD(1.1),I,Q,Y,DEU,S1,S1,B1GQ,_Z,_Z,_Z,PC,L,GY,T0102,2008-Q1,2.523013177
DATAFLOW,OECD.SDD.NAD:DSD_NAMAIN1@DF_QNA_EXPENDITURE_GROWTH_OECD(1.1),I,Q,Y,DEU,S1,S1,B1GQ,_Z,_Z,_Z,PC,L,GY,T0102,2007-Q4,2.058568898
DATAFLOW,OECD.SDD.NAD:DSD_NAMAIN1@DF_QNA_EXPENDITURE_GROWTH_OECD(1.1),I,Q,Y,DEU,S1,S1,B1GQ,_Z,_Z,_Z,PC,L,GY,T0102,2007-Q3,2.793556581
DATAFLOW,OECD.SDD.NAD:DSD_NAMAIN1@DF_QNA_EXPENDITURE_GROWTH_OECD(1.1),I,Q,Y,DEU,S1,S1,B1GQ,_Z,_Z,_Z,PC,L,GY,T0102,2007-Q2,3.0437613
DATAFLOW,OECD.SDD.NAD:DSD_NAMAIN1@DF_QNA_EXPENDITURE_GROWTH_OECD(1.1),I,Q,Y,DEU,S1,S1,B1GQ,_Z,_Z,_Z,PC,L,GY,T0102,2007-Q1,4.121060196
DATAFLOW,OECD.SDD.NAD:DSD_NAMAIN1@DF_QNA_EXPENDITURE_GROWTH_OECD(1.1),I,Q,Y,AUS,S1,S1,B1GQ,_Z,_Z,_Z,PC,L,GY,T0102,2009-Q2,1.912959474
DATAFLOW,OECD.SDD.NAD:DSD_NAMAIN1@DF_QNA_EXPENDITURE_GROWTH_OECD(1.1),I,Q,Y,AUS,S1,S1,B1GQ,_Z,_Z,_Z,PC,L,GY,T0102,2009-Q1,1.631713845
DATAFLOW,OECD.SDD.NAD:DSD_NAMAIN1@DF_QNA_EXPENDITURE_GROWTH_OECD(1.1),I,Q,Y,AUS,S1,S1,B1GQ,_Z,_Z,_Z,PC,L,GY,T0102,2008-Q4,1.735909531
DATAFLOW,OECD.SDD.NAD:DSD_NAMAIN1@DF_QNA_EXPENDITURE_GROWTH_OECD(1.1),I,Q,Y,AUS,S1,S1,B1GQ,_Z,_Z,_Z,PC,L,GY,T0102,2008-Q3,2.545151628
DATAFLOW,OECD.SDD.NAD:DSD_NAMAIN1@DF_QNA_EXPENDITURE_GROWTH_OECD(1.1),I,Q,Y,AUS,S1,S1,B1GQ,_Z,_Z,_Z,PC,L,GY,T0102,2008-Q2,3.050468949
DATAFLOW,OECD.SDD.NAD:DSD_NAMAIN1@DF_QNA_EXPENDITURE_GROWTH_OECD(1.1),I,Q,Y,AUS,S1,S1,B1GQ,_Z,_Z,_Z,PC,L,GY,T0102,2008-Q1,3.34459932
DATAFLOW,OECD.SDD.NAD:DSD_NAMAIN1@DF_QNA_EXPENDITURE_GROWTH_OECD(1.1),I,Q,Y,AUS,S1,S1,B1GQ,_Z,_Z,_Z,PC,L,GY,T0102,2007-Q4,3.604034213
DATAFLOW,OECD.SDD.NAD:DSD_NAMAIN1@DF_QNA_EXPENDITURE_GROWTH_OECD(1.1),I,Q,Y,AUS,S1,S1,B1GQ,_Z,_Z,_Z,PC,L,GY,T0102,2007-Q3,4.523497455
DATAFLOW,OECD.SDD.NAD:DSD_NAMAIN1@DF_QNA_EXPENDITURE_GROWTH_OECD(1.1),I,Q,Y,AUS,S1,S1,B1GQ,_Z,_Z,_Z,PC,L,GY,T0102,2007-Q2,4.861762583
DATAFLOW,OECD.SDD.NAD:DSD_NAMAIN1@DF_QNA_EXPENDITURE_GROWTH_OECD(1.1),I,Q,Y,AUS,S1,S1,B1GQ,_Z,_Z,_Z,PC,L,GY,T0102,2007-Q1,4.459088102
DATAFLOW,OECD.SDD.NAD:DSD_NAMAIN1@DF_QNA_EXPENDITURE_GROWTH_OECD(1.1),I,Q,Y,GBR,S1,S1,B1GQ,_Z,_Z,_Z,PC,L,GY,T0102,2023-Q2,0.459833755
DATAFLOW,OECD.SDD.NAD:DSD_NAMAIN1@DF_QNA_EXPENDITURE_GROWTH_OECD(1.1),I,Q,Y,GBR,S1,S1,B1GQ,_Z,_Z,_Z,PC,L,GY,T0102,2023-Q1,0.978569346
DATAFLOW,OECD.SDD.NAD:DSD_NAMAIN1@DF_QNA_EXPENDITURE_GROWTH_OECD(1.1),I,Q,Y,GBR,S1,S1,B1GQ,_Z,_Z,_Z,PC,L,GY,T0102,2022-Q4,1.944263557
DATAFLOW,OECD.SDD.NAD:DSD_NAMAIN1@DF_QNA_EXPENDITURE_GROWTH_OECD(1.1),I,Q,Y,GBR,S1,S1,B1GQ,_Z,_Z,_Z,PC,L,GY,T0102,2022-Q3,3.080429349
DATAFLOW,OECD.SDD.NAD:DSD_NAMAIN1@DF_QNA_EXPENDITURE_GROWTH_OECD(1.1),I,Q,Y,GBR,S1,S1,B1GQ,_Z,_Z,_Z,PC,L,GY,T0102,2022-Q2,4.713148207
DATAFLOW,OECD.SDD.NAD:DSD_NAMAIN1@DF_QNA_EXPENDITURE_GROWTH_OECD(1.1),I,Q,Y,GBR,S1,S1,B1GQ,_Z,_Z,_Z,PC,L,GY,T0102,2022-Q1,11.402968996
DATAFLOW,OECD.SDD.NAD:DSD_NAMAIN1@DF_QNA_EXPENDITURE_GROWTH_OECD(1.1),I,Q,Y,GBR,S1,S1,B1GQ,_Z,_Z,_Z,PC,L,GY,T0102,2021-Q4,9.098541973
DATAFLOW,OECD.SDD.NAD:DSD_NAMAIN1@DF_QNA_EXPENDITURE_GROWTH_OECD(1.1),I,Q,Y,GBR,S1,S1,B1GQ,_Z,_Z,_Z,PC,L,GY,T0102,2021-Q3,9.088141519
DATAFLOW,OECD.SDD.NAD:DSD_NAMAIN1@DF_QNA_EXPENDITURE_GROWTH_OECD(1.1),I,Q,Y,GBR,S1,S1,B1GQ,_Z,_Z,_Z,PC,L,GY,T0102,2021-Q2,25.47821792
DATAFLOW,OECD.SDD.NAD:DSD_NAMAIN1@DF_QNA_EXPENDITURE_GROWTH_OECD(1.1),I,Q,Y,GBR,S1,S1,B1GQ,_Z,_Z,_Z,PC,L,GY,T0102,2021-Q1,-6.058910117
DATAFLOW,OECD.SDD.NAD:DSD_NAMAIN1@DF_QNA_EXPENDITURE_GROWTH_OECD(1.1),I,Q,Y,GBR,S1,S1,B1GQ,_Z,_Z,_Z,PC,L,GY,T0102,2020-Q4,-7.6436018
DATAFLOW,OECD.SDD.NAD:DSD_NAMAIN1@DF_QNA_EXPENDITURE_GROWTH_OECD(1.1),I,Q,Y,GBR,S1,S1,B1GQ,_Z,_Z,_Z,PC,L,GY,T0102,2020-Q3,-8.884537549
DATAFLOW,OECD.SDD.NAD:DSD_NAMAIN1@DF_QNA_EXPENDITURE_GROWTH_OECD(1.1),I,Q,Y,GBR,S1,S1,B1GQ,_Z,_Z,_Z,PC,L,GY,T0102,2020-Q2,-21.671077788
DATAFLOW,OECD.SDD.NAD:DSD_NAMAIN1@DF_QNA_EXPENDITURE_GROWTH_OECD(1.1),I,Q,Y,GBR,S1,S1,B1GQ,_Z,_Z,_Z,PC,L,GY,T0102,2020-Q1,-1.995022962
DATAFLOW,OECD.SDD.NAD:DSD_NAMAIN1@DF_QNA_EXPENDITURE_GROWTH_OECD(1.1),I,Q,Y,GBR,S1,S1,B1GQ,_Z,_Z,_Z,PC,L,GY,T0102,2019-Q4,1.27877122
DATAFLOW,OECD.SDD.NAD:DSD_NAMAIN1@DF_QNA_EXPENDITURE_GROWTH_OECD(1.1),I,Q,Y,GBR,S1,S1,B1GQ,_Z,_Z,_Z,PC,L,GY,T0102,2019-Q3,1.404133309
DATAFLOW,OECD.SDD.NAD:DSD_NAMAIN1@DF_QNA_EXPENDITURE_GROWTH_OECD(1.1),I,Q,Y,GBR,S1,S1,B1GQ,_Z,_Z,_Z,PC,L,GY,T0102,2019-Q2,1.168587258
DATAFLOW,OECD.SDD.NAD:DSD_NAMAIN1@DF_QNA_EXPENDITURE_GROWTH_OECD(1.1),I,Q,Y,GBR,S1,S1,B1GQ,_Z,_Z,_Z,PC,L,GY,T0102,2019-Q1,1.172954096
DATAFLOW,OECD.SDD.NAD:DSD_NAMAIN1@DF_QNA_EXPENDITURE_GROWTH_OECD(1.1),I,Q,Y,GBR,S1,S1,B1GQ,_Z,_Z,_Z,PC,L,GY,T0102,2018-Q4,0.744798205
DATAFLOW,OECD.SDD.NAD:DSD_NAMAIN1@DF_QNA_EXPENDITURE_GROWTH_OECD(1.1),I,Q,Y,GBR,S1,S1,B1GQ,_Z,_Z,_Z,PC,L,GY,T0102,2018-Q3,1.369401023
DATAFLOW,OECD.SDD.NAD:DSD_NAMAIN1@DF_QNA_EXPENDITURE_GROWTH_OECD(1.1),I,Q,Y,GBR,S1,S1,B1GQ,_Z,_Z,_Z,PC,L,GY,T0102,2018-Q2,1.732865803
DATAFLOW,OECD.SDD.NAD:DSD_NAMAIN1@DF_QNA_EXPENDITURE_GROWTH_OECD(1.1),I,Q,Y,GBR,S1,S1,B1GQ,_Z,_Z,_Z,PC,L,GY,T0102,2018-Q1,2.378035778
DATAFLOW,OECD.SDD.NAD:DSD_NAMAIN1@DF_QNA_EXPENDITURE_GROWTH_OECD(1.1),I,Q,Y,GBR,S1,S1,B1GQ,_Z,_Z,_Z,PC,L,GY,T0102,2017-Q4,3.273611233
DATAFLOW,OECD.SDD.NAD:DSD_NAMAIN1@DF_QNA_EXPENDITURE_GROWTH_OECD(1.1),I,Q,Y,GBR,S1,S1,B1GQ,_Z,_Z,_Z,PC,L,GY,T0102,2017-Q3,3.138770264
DATAFLOW,OECD.SDD.NAD:DSD_NAMAIN1@DF_QNA_EXPENDITURE_GROWTH_OECD(1.1),I,Q,Y,GBR,S1,S1,B1GQ,_Z,_Z,_Z,PC,L,GY,T0102,2017-Q2,2.897742883
DATAFLOW,OECD.SDD.NAD:DSD_NAMAIN1@DF_QNA_EXPENDITURE_GROWTH_OECD(1.1),I,Q,Y,GBR,S1,S1,B1GQ,_Z,_Z,_Z,PC,L,GY,T0102,2017-Q1,2.777799996
DATAFLOW,OECD.SDD.NAD:DSD_NAMAIN1@DF_QNA_EXPENDITURE_GROWTH_OECD(1.1),I,Q,Y,GBR,S1,S1,B1GQ,_Z,_Z,_Z,PC,L,GY,T0102,2016-Q4,2.319090371
DATAFLOW,OECD.SDD.NAD:DSD_NAMAIN1@DF_QNA_EXPENDITURE_GROWTH_OECD(1.1),I,Q,Y,GBR,S1,S1,B1GQ,_Z,_Z,_Z,PC,L,GY,T0102,2016-Q3,2.299021614
DATAFLOW,OECD.SDD.NAD:DSD_NAMAIN1@DF_QNA_EXPENDITURE_GROWTH_OECD(1.1),I,Q,Y,GBR,S1,S1,B1GQ,_Z,_Z,_Z,PC,L,GY,T0102,2016-Q2,2.244286584
DATAFLOW,OECD.SDD.NAD:DSD_NAMAIN1@DF_QNA_EXPENDITURE_GROWTH_OECD(1.1),I,Q,Y,GBR,S1,S1,B1GQ,_Z,_Z,_Z,PC,L,GY,T0102,2016-Q1,1.961094546
DATAFLOW,OECD.SDD.NAD:DSD_NAMAIN1@DF_QNA_EXPENDITURE_GROWTH_OECD(1.1),I,Q,Y,KOR,S1,S1,B1GQ,_Z,_Z,_Z,PC,L,GY,T0102,2024-Q1,3.16710679
DATAFLOW,OECD.SDD.NAD:DSD_NAMAIN1@DF_QNA_EXPENDITURE_GROWTH_OECD(1.1),I,Q,Y,CAN,S1,S1,B1GQ,_Z,_Z,_Z,PC,L,GY,T0102,2025-Q4,0.616155066
DATAFLOW,OECD.SDD.NAD:DSD_NAMAIN1@DF_QNA_EXPENDITURE_GROWTH_OECD(1.1),I,Q,Y,DEU,S1,S1,B1GQ,_Z,_Z,_Z,PC,L,GY,T0102,2025-Q4,0.442624416
DATAFLOW,OECD.SDD.NAD:DSD_NAMAIN1@DF_QNA_EXPENDITURE_GROWTH_OECD(1.1),I,Q,Y,DEU,S1,S1,B1GQ,_Z,_Z,_Z,PC,L,GY,T0102,2025-Q3,0.309203892
DATAFLOW,OECD.SDD.NAD:DSD_NAMAIN1@DF_QNA_EXPENDITURE_GROWTH_OECD(1.1),I,Q,Y,DEU,S1,S1,B1GQ,_Z,_Z,_Z,PC,L,GY,T0102,2025-Q2,0.357209915
DATAFLOW,OECD.SDD.NAD:DSD_NAMAIN1@DF_QNA_EXPENDITURE_GROWTH_OECD(1.1),I,Q,Y,DEU,S1,S1,B1GQ,_Z,_Z,_Z,PC,L,GY,T0102,2025-Q1,0.298898378
DATAFLOW,OECD.SDD.NAD:DSD_NAMAIN1@DF_QNA_EXPENDITURE_GROWTH_OECD(1.1),I,Q,Y,DEU,S1,S1,B1GQ,_Z,_Z,_Z,PC,L,GY,T0102,2024-Q4,-0.164808509
DATAFLOW,OECD.SDD.NAD:DSD_NAMAIN1@DF_QNA_EXPENDITURE_GROWTH_OECD(1.1),I,Q,Y,DEU,S1,S1,B1GQ,_Z,_Z,_Z,PC,L,GY,T0102,2024-Q3,-0.621713457
DATAFLOW,OECD.SDD.NAD:DSD_NAMAIN1@DF_QNA_EXPENDITURE_GROWTH_OECD(1.1),I,Q,Y,DEU,S1,S1,B1GQ,_Z,_Z,_Z,PC,L,GY,T0102,2024-Q2,-0.640764644
DATAFLOW,OECD.SDD.NAD:DSD_NAMAIN1@DF_QNA_EXPENDITURE_GROWTH_OECD(1.1),I,Q,Y,DEU,S1,S1,B1GQ,_Z,_Z,_Z,PC,L,GY,T0102,2024-Q1,-0.459380401
DATAFLOW,OECD.SDD.NAD:DSD_NAMAIN1@DF_QNA_EXPENDITURE_GROWTH_OECD(1.1),I,Q,Y,DEU,S1,S1,B1GQ,_Z,_Z,_Z,PC,L,GY,T0102,2023-Q4,-0.822047812
DATAFLOW,OECD.SDD.NAD:DSD_NAMAIN1@DF_QNA_EXPENDITURE_GROWTH_OECD(1.1),I,Q,Y,DEU,S1,S1,B1GQ,_Z,_Z,_Z,PC,L,GY,T0102,2023-Q3,-0.894709485
DATAFLOW,OECD.SDD.NAD:DSD_NAMAIN1@DF_QNA_EXPENDITURE_GROWTH_OECD(1.1),I,Q,Y,DEU,S1,S1,B1GQ,_Z,_Z,_Z,PC,L,GY,T0102,2023-Q2,-0.60375201
DATAFLOW,OECD.SDD.NAD:DSD_NAMAIN1@DF_QNA_EXPENDITURE_GROWTH_OECD(1.1),I,Q,Y,DEU,S1,S1,B1GQ,_Z,_Z,_Z,PC,L,GY,T0102,2023-Q1,-0.377027079
DATAFLOW,OECD.SDD.NAD:DSD_NAMAIN1@DF_QNA_EXPENDITURE_GROWTH_OECD(1.1),I,Q,Y,DEU,S1,S1,B1GQ,_Z,_Z,_Z,PC,L,GY,T0102,2022-Q4,0.77349254
DATAFLOW,OECD.SDD.NAD:DSD_NAMAIN1@DF_QNA_EXPENDITURE_GROWTH_OECD(1.1),I,Q,Y,DEU,S1,S1,B1GQ,_Z,_Z,_Z,PC,L,GY,T0102,2022-Q3,1.670504442
DATAFLOW,OECD.SDD.NAD:DSD_NAMAIN1@DF_QNA_EXPENDITURE_GROWTH_OECD(1.1),I,Q,Y,DEU,S1,S1,B1GQ,_Z,_Z,_Z,PC,L,GY,T0102,2022-Q2,1.460550216
DATAFLOW,OECD.SDD.NAD:DSD_NAMAIN1@DF_QNA_EXPENDITURE_GROWTH_OECD(1.1),I,Q,Y,DEU,S1,S1,B1GQ,_Z,_Z,_Z,PC,L,GY,T0102,2022-Q1,3.688034977
DATAFLOW,OECD.SDD.NAD:DSD_NAMAIN1@DF_QNA_EXPENDITURE_GROWTH_OECD(1.1),I,Q,Y,KOR,S1,S1,B1GQ,_Z,_Z,_Z,PC,L,GY,T0102,2025-Q4,1.513417306
DATAFLOW,OECD.SDD.NAD:DSD_NAMAIN1@DF_QNA_EXPENDITURE_GROWTH_OECD(1.1),I,Q,Y,KOR,S1,S1,B1GQ,_Z,_Z,_Z,PC,L,GY,T0102,2025-Q3,1.873893393
DATAFLOW,OECD.SDD.NAD:DSD_NAMAIN1@DF_QNA_EXPENDITURE_GROWTH_OECD(1.1),I,Q,Y,KOR,S1,S1,B1GQ,_Z,_Z,_Z,PC,L,GY,T0102,2025-Q2,0.622198973
