STRUCTURE,STRUCTURE_ID,ACTION,REF_AREA,FREQ,MEASURE,UNIT_MEASURE,ACTIVITY,ADJUSTMENT,TRANSFORMATION,TIME_PERIOD,OBS_VALUE
DATAFLOW,OECD.SDD.STES:DSD_KEI@DF_KEI(4.0),I,JPN,M,IRLT,PA,_Z,_Z,_Z,2014-04,0.61
DATAFLOW,OECD.SDD.STES:DSD_KEI@DF_KEI(4.0),I,JPN,M,IRLT,PA,_Z,_Z,_Z,2014-03,0.605
DATAFLOW,OECD.SDD.STES:DSD_KEI@DF_KEI(4.0),I,AUS,M,IRSTCI,PA,_Z,_Z,_Z,2009-01,4.25
DATAFLOW,OECD.SDD.STES:DSD_KEI@DF_KEI(4.0),I,AUS,M,IR3TIB,PA,_Z,_Z,_Z,2012-11,3.24
DATAFLOW,OECD.SDD.STES:DSD_KEI@DF_KEI(4.0),I,AUS,M,IR3TIB,PA,_Z,_Z,_Z,2012-12,3.11
DATAFLOW,OECD.SDD.STES:DSD_KEI@DF_KEI(4.0),I,JPN,M,IRLT,PA,_Z,_Z,_Z,2017-05,0.04
DATAFLOW,OECD.SDD.STES:DSD_KEI@DF_KEI(4.0),I,JPN,M,IRLT,PA,_Z,_Z,_Z,2017-04,0.015
DATAFLOW,OECD.SDD.STES:DSD_KEI@DF_KEI(4.0),I,JPN,M,IRLT,PA,_Z,_Z,_Z,2017-03,0.065
DATAFLOW,OECD.SDD.STES:DSD_KEI@DF_KEI(4.0),I,AUS,M,IRSTCI,PA,_Z,_Z,_Z,2024-01,4.35
DATAFLOW,OECD.SDD.STES:DSD_KEI@DF_KEI(4.0),I,AUS,M,IRSTCI,PA,_Z,_Z,_Z,2024-02,4.35
DATAFLOW,OECD.SDD.STES:DSD_KEI@DF_KEI(4.0),I,AUS,M,IRSTCI,PA,_Z,_Z,_Z,2024-03,4.35
DATAFLOW,OECD.SDD.STES:DSD_KEI@DF_KEI(4.0),I,AUS,M,IRSTCI,PA,_Z,_Z,_Z,2024-04,4.35
DATAFLOW,OECD.SDD.STES:DSD_KEI@DF_KEI(4.0),I,AUS,M,IRSTCI,PA,_Z,_Z,_Z,2008-01,6.75
DATAFLOW,OECD.SDD.STES:DSD_KEI@DF_KEI(4.0),I,AUS,M,IRSTCI,PA,_Z,_Z,_Z,2008-02,6.96
DATAFLOW,OECD.SDD.STES:DSD_KEI@DF_KEI(4.0),I,AUS,M,IRSTCI,PA,_Z,_Z,_Z,2008-03,7.22
DATAFLOW,OECD.SDD.STES:DSD_KEI@DF_KEI(4.0),I,AUS,M,IRSTCI,PA,_Z,_Z,_Z,2008-04,7.25
DATAFLOW,OECD.SDD.STES:DSD_KEI@DF_KEI(4.0),I,AUS,M,IRSTCI,PA,_Z,_Z,_Z,2008-05,7.25
DATAFLOW,OECD.SDD.STES:DSD_KEI@DF_KEI(4.0),I,AUS,M,IRSTCI,PA,_Z,_Z,_Z,2008-06,7.25
DATAFLOW,OECD.SDD.STES:DSD_KEI@DF_KEI(4.0),I,AUS,M,IRSTCI,PA,_Z,_Z,_Z,2008-07,7.25
DATAFLOW,OECD.SDD.STES:DSD_KEI@DF_KEI(4.0),I,JPN,M,IRLT,PA,_Z,_Z,_Z,2008-03,1.245
DATAFLOW,OECD.SDD.STES:DSD_KEI@DF_KEI(4.0),I,JPN,M,IRLT,PA,_Z,_Z,_Z,2008-02,1.429
DATAFLOW,OECD.SDD.STES:DSD_KEI@DF_KEI(4.0),I,JPN,M,IRLT,PA,_Z,_Z,_Z,2008-01,1.429
DATAFLOW,OECD.SDD.STES:DSD_KEI@DF_KEI(4.0),I,AUS,M,IR3TIB,PA,_Z,_Z,_Z,2025-12,3.71
DATAFLOW,OECD.SDD.STES:DSD_KEI@DF_KEI(4.0),I,AUS,M,IR3TIB,PA,_Z,_Z,_Z,2009-12,4.13
DATAFLOW,OECD.SDD.STES:DSD_KEI@DF_KEI(4.0),I,AUS,M,IR3TIB,PA,_Z,_Z,_Z,2010-01,4.2
DATAFLOW,OECD.SDD.STES:DSD_KEI@DF_KEI(4.0),I,AUS,M,IR3TIB,PA,_Z,_Z,_Z,2010-03,4.33
DATAFLOW,OECD.SDD.STES:DSD_KEI@DF_KEI(4.0),I,AUS,M,IR3TIB,PA,_Z,_Z,_Z,2010-04,4.55
DATAFLOW,OECD.SDD.STES:DSD_KEI@DF_KEI(4.0),I,AUS,M,IR3TIB,PA,_Z,_Z,_Z,2010-05,4.81
DATAFLOW,OECD.SDD.STES:DSD_KEI@DF_KEI(4.0),I,AUS,M,IR3TIB,PA,_Z,_Z,_Z,2010-06,4.89
DATAFLOW,OECD.SDD.STES:DSD_KEI@DF_KEI(4.0),I,AUS,M,IR3TIB,PA,_Z,_Z,_Z,2010-08,4.74
DATAFLOW,OECD.SDD.STES:DSD_KEI@DF_KEI(4.0),I,AUS,M,IR3TIB,PA,_Z,_Z,_Z,2010-09,4.82
DATAFLOW,OECD.SDD.STES:DSD_KEI@DF_KEI(4.0),I,AUS,M,IR3TIB,PA,_Z,_Z,_Z,2010-11,5.01
DATAFLOW,OECD.SDD.STES:DSD_KEI@DF_KEI(4.0),I,AUS,M,IR3TIB,PA,_Z,_Z,_Z,2010-12,5.03
DATAFLOW,OECD.SDD.STES:DSD_KEI@DF_KEI(4.0),I,AUS,M,IR3TIB,PA,_Z,_Z,_Z,2011-01,4.96
DATAFLOW,OECD.SDD.STES:DSD_KEI@DF_KEI(4.0),I,AUS,M,IR3TIB,PA,_Z,_Z,_Z,2011-02,4.92
DATAFLOW,OECD.SDD.STES:DSD_KEI@DF_KEI(4.0),I,AUS,M,IR3TIB,PA,_Z,_Z,_Z,2011-05,5.0
DATAFLOW,OECD.SDD.STES:DSD_KEI@DF_KEI(4.0),I,AUS,M,IR3TIB,PA,_Z,_Z,_Z,2011-06,4.99
DATAFLOW,OECD.SDD.STES:DSD_KEI@DF_KEI(4.0),I,AUS,M,IR3TIB,PA,_Z,_Z,_Z,2011-07,4.96
DATAFLOW,OECD.SDD.STES:DSD_KEI@DF_KEI(4.0),I,AUS,M,IR3TIB,PA,_Z,_Z,_Z,2011-08,4.86
DATAFLOW,OECD.SDD.STES:DSD_KEI@DF_KEI(4.0),I,AUS,M,IRSTCI,PA,_Z,_Z,_Z,2009-03,3.25
DATAFLOW,OECD.SDD.STES:DSD_KEI@DF_KEI(4.0),I,AUS,M,IRSTCI,PA,_Z,_Z,_Z,2009-04,3.06
DATAFLOW,OECD.SDD.STES:DSD_KEI@DF_KEI(4.0),I,AUS,M,IRSTCI,PA,_Z,_Z,_Z,2009-06,3.0
DATAFLOW,OECD.SDD.STES:DSD_KEI@DF_KEI(4.0),I,AUS,M,IRSTCI,PA,_Z,_Z,_Z,2009-10,3.21
DATAFLOW,OECD.SDD.STES:DSD_KEI@DF_KEI(4.0),I,AUS,M,IRSTCI,PA,_Z,_Z,_Z,2009-11,3.48
DATAFLOW,OECD.SDD.STES:DSD_KEI@DF_KEI(4.0),I,AUS,M,IRSTCI,PA,_Z,_Z,_Z,2009-12,3.74
DATAFLOW,OECD.SDD.STES:DSD_KEI@DF_KEI(4.0),I,AUS,M,IRSTCI,PA,_Z,_Z,_Z,2010-03,3.98
DATAFLOW,OECD.SDD.STES:DSD_KEI@DF_KEI(4.0),I,AUS,M,IRSTCI,PA,_Z,_Z,_Z,2010-04,4.22
DATAFLOW,OECD.SDD.STES:DSD_KEI@DF_KEI(4.0),I,AUS,M,IRSTCI,PA,_Z,_Z,_Z,2010-05,4.47
DATAFLOW,OECD.SDD.STES:DSD_KEI@DF_KEI(4.0),I,AUS,M,IR3TIB,PA,_Z,_Z,_Z,2026-01,3.77
DATAFLOW,OECD.SDD.STES:DSD_KEI@DF_KEI(4.0),I,AUS,M,IRSTCI,PA,_Z,_Z,_Z,2007-08,6.45
DATAFLOW,OECD.SDD.STES:DSD_KEI@DF_KEI(4.0),I,AUS,M,IRSTCI,PA,_Z,_Z,_Z,2007-11,6.7
DATAFLOW,OECD.SDD.STES:DSD_KEI@DF_KEI(4.0),I,AUS,M,IRSTCI,PA,_Z,_Z,_Z,2007-12,6.75
DATAFLOW,OECD.SDD.STES:DSD_KEI@DF_KEI(4.0),I,AUS,M,IRLT,PA,_Z,_Z,_Z,2021-08,1.135
DATAFLOW,OECD.SDD.STES:DSD_KEI@DF_KEI(4.0),I,AUS,M,IRLT,PA,_Z,_Z,_Z,2021-09,1.282
DATAFLOW,OECD.SDD.STES:DSD_KEI@DF_KEI(4.0),I,AUS,M,IRLT,PA,_Z,_Z,_Z,2021-10,1.71
DATAFLOW,OECD.SDD.STES:DSD_KEI@DF_KEI(4.0),I,AUS,M,IRLT,PA,_Z,_Z,_Z,2021-11,1.806
DATAFLOW,OECD.SDD.STES:DSD_KEI@DF_KEI(4.0),I,AUS,M,IRLT,PA,_Z,_Z,_Z,2021-12,1.609
DATAFLOW,OECD.SDD.STES:DSD_KEI@DF_KEI(4.0),I,AUS,M,IRLT,PA,_Z,_Z,_Z,2022-01,1.888
DATAFLOW,OECD.SDD.STES:DSD_KEI@DF_KEI(4.0),I,AUS,M,IRLT,PA,_Z,_Z,_Z,2022-03,2.5
DATAFLOW,OECD.SDD.STES:DSD_KEI@DF_KEI(4.0),I,AUS,M,IRLT,PA,_Z,_Z,_Z,2022-04,3.008
DATAFLOW,OECD.SDD.STES:DSD_KEI@DF_KEI(4.0),I,AUS,M,IRLT,PA,_Z,_Z,_Z,2022-05,3.381
DATAFLOW,OECD.SDD.STES:DSD_KEI@DF_KEI(4.0),I,AUS,M,IRLT,PA,_Z,_Z,_Z,2022-06,3.767
DATAFLOW,OECD.SDD.STES:DSD_KEI@DF_KEI(4.0),I,AUS,M,IRLT,PA,_Z,_Z,_Z,2022-07,3.429
DATAFLOW,OECD.SDD.STES:DSD_KEI@DF_KEI(4.0),I,AUS,M,IRLT,PA,_Z,_Z,_Z,2022-08,3.361
DATAFLOW,OECD.SDD.STES:DSD_KEI@DF_KEI(4.0),I,AUS,M,IRLT,PA,_Z,_Z,_Z,2022-09,3.747
DATAFLOW,OECD.SDD.STES:DSD_KEI@DF_KEI(4.0),I,AUS,M,IRLT,PA,_Z,_Z,_Z,2022-11,3.696
DATAFLOW,OECD.SDD.STES:DSD_KEI@DF_KEI(4.0),I,AUS,M,IRLT,PA,_Z,_Z,_Z,2022-12,3.551
DATAFLOW,OECD.SDD.STES:DSD_KEI@DF_KEI(4.0),I,AUS,M,IRLT,PA,_Z,_Z,_Z,2023-01,3.604
DATAFLOW,OECD.SDD.STES:DSD_KEI@DF_KEI(4.0),I,AUS,M,IRLT,PA,_Z,_Z,_Z,2023-02,3.702
DATAFLOW,OECD.SDD.STES:DSD_KEI@DF_KEI(4.0),I,AUS,M,IRLT,PA,_Z,_Z,_Z,2023-03,3.468
DATAFLOW,OECD.SDD.STES:DSD_KEI@DF_KEI(4.0),I,AUS,M,IRLT,PA,_Z,_Z,_Z,2023-04,3.343
DATAFLOW,OECD.SDD.STES:DSD_KEI@DF_KEI(4.0),I,AUS,M,IRLT,PA,_Z,_Z,_Z,2023-05,3.5
DATAFLOW,OECD.SDD.STES:DSD_KEI@DF_KEI(4.0),I,AUS,M,IRLT,PA,_Z,_Z,_Z,2023-06,3.916
DATAFLOW,OECD.SDD.STES:DSD_KEI@DF_KEI(4.0),I,AUS,M,IRLT,PA,_Z,_Z,_Z,2023-07,4.036
DATAFLOW,OECD.SDD.STES:DSD_KEI@DF_KEI(4.0),I,AUS,M,IRLT,PA,_Z,_Z,_Z,2023-08,4.128
DATAFLOW,OECD.SDD.STES:DSD_KEI@DF_KEI(4.0),I,AUS,M,IRLT,PA,_Z,_Z,_Z,2023-09,4.211
DATAFLOW,OECD.SDD.STES:DSD_KEI@DF_KEI(4.0),I,AUS,M,IRLT,PA,_Z,_Z,_Z,2023-11,4.578
DATAFLOW,OECD.SDD.STES:DSD_KEI@DF_KEI(4.0),I,AUS,M,IRSTCI,PA,_Z,_Z,_Z,2024-05,4.35
DATAFLOW,OECD.SDD.STES:DSD_KEI@DF_KEI(4.0),I,AUS,M,IRSTCI,PA,_Z,_Z,_Z,2024-06,4.35
DATAFLOW,OECD.SDD.STES:DSD_KEI@DF_KEI(4.0),I,AUS,M,IRSTCI,PA,_Z,_Z,_Z,2024-07,4.35
DATAFLOW,OECD.SDD.STES:DSD_KEI@DF_KEI(4.0),I,AUS,M,IRSTCI,PA,_Z,_Z,_Z,2024-08,4.35
DATAFLOW,OECD.SDD.STES:DSD_KEI@DF_KEI(4.0),I,AUS,M,IRSTCI,PA,_Z,_Z,_Z,2024-09,4.35
DATAFLOW,OECD.SDD.STES:DSD_KEI@DF_KEI(4.0),I,AUS,M,IRSTCI,PA,_Z,_Z,_Z,2024-10,4.35
DATAFLOW,OECD.SDD.STES:DSD_KEI@DF_KEI(4.0),I,AUS,M,IRSTCI,PA,_Z,_Z,_Z,2024-11,4.35
DATAFLOW,OECD.SDD.STES:DSD_KEI@DF_KEI(4.0),I,AUS,M,IRSTCI,PA,_Z,_Z,_Z,2024-12,4.35
DATAFLOW,OECD.SDD.STES:DSD_KEI@DF_KEI(4.0),I,AUS,M,IRSTCI,PA,_Z,_Z,_Z,2025-01,4.35
DATAFLOW,OECD.SDD.STES:DSD_KEI@DF_KEI(4.0),I,AUS,M,IRSTCI,PA,_Z,_Z,_Z,2025-02,4.25
DATAFLOW,OECD.SDD.STES:DSD_KEI@DF_KEI(4.0),I,AUS,M,IRSTCI,PA,_Z,_Z,_Z,2025-03,4.1
DATAFLOW,OECD.SDD.STES:DSD_KEI@DF_KEI(4.0),I,AUS,M,IRSTCI,PA,_Z,_Z,_Z,2025-04,4.1
DATAFLOW,OECD.SDD.STES:DSD_KEI@DF_KEI(4.0),I,AUS,M,IRSTCI,PA,_Z,_Z,_Z,2025-05,4.01
DATAFLOW,OECD.SDD.STES:DSD_KEI@DF_KEI(4.0),I,AUS,M,IRSTCI,PA,_Z,_Z,_Z,2025-06,3.85
DATAFLOW,OECD.SDD.STES:DSD_KEI@DF_KEI(4.0),I,AUS,M,IRSTCI,PA,_Z,_Z,_Z,2025-07,3.85
DATAFLOW,OECD.SDD.STES:DSD_KEI@DF_KEI(4.0),I,AUS,M,IRSTCI,PA,_Z,_Z,_Z,2025-08,3.7
DATAFLOW,OECD.SDD.STES:DSD_KEI@DF_KEI(4.0),I,AUS,M,IRSTCI,PA,_Z,_Z,_Z,2025-09,3.6
DATAFLOW,OECD.SDD.STES:DSD_KEI@DF_KEI(4.0),I,AUS,M,IRSTCI,PA,_Z,_Z,_Z,2025-10,3.6
DATAFLOW,OECD.SDD.STES:DSD_KEI@DF_KEI(4.0),I,AUS,M,IRSTCI,PA,_Z,_Z,_Z,2025-11,3.6
DATAFLOW,OECD.SDD.STES:DSD_KEI@DF_KEI(4.0),I,AUS,M,IRSTCI,PA,_Z,_Z,_Z,2025-12,3.6
DATAFLOW,OECD.SDD.STES:DSD_KEI@DF_KEI(4.0),I,AUS,M,IR3TIB,PA,_Z,_Z,_Z,2024-01,4.35
DATAFLOW,OECD.SDD.STES:DSD_KEI@DF_KEI(4.0),I,AUS,M,IR3TIB,PA,_Z,_Z,_Z,2024-02,4.34
DATAFLOW,OECD.SDD.STES:DSD_KEI@DF_KEI(4.0),I,AUS,M,IR3TIB,PA,_Z,_Z,_Z,2024-03,4.35
DATAFLOW,OECD.SDD.STES:DSD_KEI@DF_KEI(4.0),I,AUS,M,IR3TIB,PA,_Z,_Z,_Z,2024-04,4.37
DATAFLOW,OECD.SDD.STES:DSD_KEI@DF_KEI(4.0),I,AUS,M,IR3TIB,PA,_Z,_Z,_Z,2024-05,4.36
DATAFLOW,OECD.SDD.STES:DSD_KEI@DF_KEI(4.0),I,AUS,M,IR3TIB,PA,_Z,_Z,_Z,2024-06,4.39
DATAFLOW,OECD.SDD.STES:DSD_KEI@DF_KEI(4.0),I,AUS,M,IR3TIB,PA,_Z,_Z,_Z,2024-07,4.46
DATAFLOW,OECD.SDD.STES:DSD_KEI@DF_KEI(4.0),I,AUS,M,IR3TIB,PA,_Z,_Z,_Z,2024-08,4.38
DATAFLOW,OECD.SDD.STES:DSD_KEI@DF_KEI(4.0),I,AUS,M,IR3TIB,PA,_Z,_Z,_Z,2024-09,4.42
DATAFLOW,OECD.SDD.STES:DSD_KEI@DF_KEI(4.0),I,AUS,M,IR3TIB,PA,_Z,_Z,_Z,2024-10,4.41
DATAFLOW,OECD.SDD.STES:DSD_KEI@DF_KEI(4.0),I,AUS,M,IR3TIB,PA,_Z,_Z,_Z,2024-11,4.42
DATAFLOW,OECD.SDD.STES:DSD_KEI@DF_KEI(4.0),I,AUS,M,IRSTCI,PA,_Z,_Z,_Z,2008-08,7.25
DATAFLOW,OECD.SDD.STES:DSD_KEI@DF_KEI(4.0),I,AUS,M,IRSTCI,PA,_Z,_Z,_Z,2008-09,7.02
DATAFLOW,OECD.SDD.STES:DSD_KEI@DF_KEI(4.0),I,AUS,M,IRSTCI,PA,_Z,_Z,_Z,2008-10,6.18
DATAFLOW,OECD.SDD.STES:DSD_KEI@DF_KEI(4.0),I,AUS,M,IRSTCI,PA,_Z,_Z,_Z,2008-11,5.33
DATAFLOW,OECD.SDD.STES:DSD_KEI@DF_KEI(4.0),I,AUS,M,IRSTCI,PA,_Z,_Z,_Z,2008-12,4.35
DATAFLOW,OECD.SDD.STES:DSD_KEI@DF_KEI(4.0),I,AUS,M,IR3TIB,PA,_Z,_Z,_Z,2025-11,3.65
DATAFLOW,OECD.SDD.STES:DSD_KEI@DF_KEI(4.0),I,AUS,M,IRLT,PA,_Z,_Z,_Z,2008-08,5.8625
DATAFLOW,OECD.SDD.STES:DSD_KEI@DF_KEI(4.0),I,AUS,M,IRLT,PA,_Z,_Z,_Z,2008-11,4.94075
DATAFLOW,OECD.SDD.STES:DSD_KEI@DF_KEI(4.0),I,AUS,M,IRLT,PA,_Z,_Z,_Z,2009-01,4.08575
DATAFLOW,OECD.SDD.STES:DSD_KEI@DF_KEI(4.0),I,AUS,M,IRLT,PA,_Z,_Z,_Z,2009-02,4.253
DATAFLOW,OECD.SDD.STES:DSD_KEI@DF_KEI(4.0),I,AUS,M,IRLT,PA,_Z,_Z,_Z,2009-04,4.512
DATAFLOW,OECD.SDD.STES:DSD_KEI@DF_KEI(4.0),I,AUS,M,IRLT,PA,_Z,_Z,_Z,2009-08,5.53325
DATAFLOW,OECD.SDD.STES:DSD_KEI@DF_KEI(4.0),I,AUS,M,IRLT,PA,_Z,_Z,_Z,2010-01,5.5575
DATAFLOW,OECD.SDD.STES:DSD_KEI@DF_KEI(4.0),I,AUS,M,IRLT,PA,_Z,_Z,_Z,2010-02,5.4775
DATAFLOW,OECD.SDD.STES:DSD_KEI@DF_KEI(4.0),I,AUS,M,IRLT,PA,_Z,_Z,_Z,2010-03,5.62
DATAFLOW,OECD.SDD.STES:DSD_KEI@DF_KEI(4.0),I,AUS,M,IRLT,PA,_Z,_Z,_Z,2010-04,5.795
DATAFLOW,OECD.SDD.STES:DSD_KEI@DF_KEI(4.0),I,AUS,M,IRLT,PA,_Z,_Z,_Z,2010-05,5.48
DATAFLOW,OECD.SDD.STES:DSD_KEI@DF_KEI(4.0),I,AUS,M,IRLT,PA,_Z,_Z,_Z,2010-06,5.3275
DATAFLOW,OECD.SDD.STES:DSD_KEI@DF_KEI(4.0),I,AUS,M,IRLT,PA,_Z,_Z,_Z,2010-07,5.145
DATAFLOW,OECD.SDD.STES:DSD_KEI@DF_KEI(4.0),I,AUS,M,IRLT,PA,_Z,_Z,_Z,2010-08,4.97
DATAFLOW,OECD.SDD.STES:DSD_KEI@DF_KEI(4.0),I,AUS,M,IRLT,PA,_Z,_Z,_Z,2010-09,5.0025
DATAFLOW,OECD.SDD.STES:DSD_KEI@DF_KEI(4.0),I,AUS,M,IRLT,PA,_Z,_Z,_Z,2010-10,5.085
DATAFLOW,OECD.SDD.STES:DSD_KEI@DF_KEI(4.0),I,AUS,M,IRLT,PA,_Z,_Z,_Z,2010-11,5.3775
DATAFLOW,OECD.SDD.STES:DSD_KEI@DF_KEI(4.0),I,AUS,M,IRLT,PA,_Z,_Z,_Z,2010-12,5.555
DATAFLOW,OECD.SDD.STES:DSD_KEI@DF_KEI(4.0),I,AUS,M,IRLT,PA,_Z,_Z,_Z,2011-01,5.52
DATAFLOW,OECD.SDD.STES:DSD_KEI@DF_KEI(4.0),I,AUS,M,IRLT,PA,_Z,_Z,_Z,2011-02,5.61
DATAFLOW,OECD.SDD.STES:DSD_KEI@DF_KEI(4.0),I,AUS,M,IRLT,PA,_Z,_Z,_Z,2011-03,5.435
DATAFLOW,OECD.SDD.STES:DSD_KEI@DF_KEI(4.0),I,AUS,M,IRLT,PA,_Z,_Z,_Z,2011-04,5.5125
DATAFLOW,OECD.SDD.STES:DSD_KEI@DF_KEI(4.0),I,AUS,M,IRLT,PA,_Z,_Z,_Z,2011-05,5.325
DATAFLOW,OECD.SDD.STES:DSD_KEI@DF_KEI(4.0),I,AUS,M,IRLT,PA,_Z,_Z,_Z,2011-06,5.16
DATAFLOW,OECD.SDD.STES:DSD_KEI@DF_KEI(4.0),I,AUS,M,IRLT,PA,_Z,_Z,_Z,2011-07,5.02
DATAFLOW,OECD.SDD.STES:DSD_KEI@DF_KEI(4.0),I,AUS,M,IRLT,PA,_Z,_Z,_Z,2011-08,4.4925
DATAFLOW,OECD.SDD.STES:DSD_KEI@DF_KEI(4.0),I,AUS,M,IRLT,PA,_Z,_Z,_Z,2011-09,4.2025
DATAFLOW,OECD.SDD.STES:DSD_KEI@DF_KEI(4.0),I,AUS,M,IRLT,PA,_Z,_Z,_Z,2011-10,4.37
DATAFLOW,OECD.SDD.STES:DSD_KEI@DF_KEI(4.0),I,AUS,M,IRLT,PA,_Z,_Z,_Z,2011-11,4.0825
DATAFLOW,OECD.SDD.STES:DSD_KEI@DF_KEI(4.0),I,AUS,M,IRLT,PA,_Z,_Z,_Z,2011-12,3.825
DATAFLOW,OECD.SDD.STES:DSD_KEI@DF_KEI(4.0),I,AUS,M,IRLT,PA,_Z,_Z,_Z,2012-01,3.795
DATAFLOW,OECD.SDD.STES:DSD_KEI@DF_KEI(4.0),I,AUS,M,IRLT,PA,_Z,_Z,_Z,2012-02,3.97
DATAFLOW,OECD.SDD.STES:DSD_KEI@DF_KEI(4.0),I,AUS,M,IRLT,PA,_Z,_Z,_Z,2012-03,4.15
DATAFLOW,OECD.SDD.STES:DSD_KEI@DF_KEI(4.0),I,AUS,M,IRLT,PA,_Z,_Z,_Z,2012-04,3.8575
DATAFLOW,OECD.SDD.STES:DSD_KEI@DF_KEI(4.0),I,AUS,M,IRLT,PA,_Z,_Z,_Z,2012-05,3.2775
DATAFLOW,OECD.SDD.STES:DSD_KEI@DF_KEI(4.0),I,AUS,M,IRLT,PA,_Z,_Z,_Z,2012-06,2.995
DATAFLOW,OECD.SDD.STES:DSD_KEI@DF_KEI(4.0),I,AUS,M,IRLT,PA,_Z,_Z,_Z,2012-07,2.8875
DATAFLOW,OECD.SDD.STES:DSD_KEI@DF_KEI(4.0),I,AUS,M,IRLT,PA,_Z,_Z,_Z,2012-08,3.1875
DATAFLOW,OECD.SDD.STES:DSD_KEI@DF_KEI(4.0),I,AUS,M,IRLT,PA,_Z,_Z,_Z,2012-09,3.0925
DATAFLOW,OECD.SDD.STES:DSD_KEI@DF_KEI(4.0),I,AUS,M,IRLT,PA,_Z,_Z,_Z,2012-10,3.0225
DATAFLOW,OECD.SDD.STES:DSD_KEI@DF_KEI(4.0),I,AUS,M,IRLT,PA,_Z,_Z,_Z,2012-11,3.0875
DATAFLOW,OECD.SDD.STES:DSD_KEI@DF_KEI(4.0),I,AUS,M,IRLT,PA,_Z,_Z,_Z,2012-12,3.2275
DATAFLOW,OECD.SDD.STES:DSD_KEI@DF_KEI(4.0),I,AUS,M,IRLT,PA,_Z,_Z,_Z,2013-01,3.3975
DATAFLOW,OECD.SDD.STES:DSD_KEI@DF_KEI(4.0),I,AUS,M,IRLT,PA,_Z,_Z,_Z,2013-02,3.4975
DATAFLOW,OECD.SDD.STES:DSD_KEI@DF_KEI(4.0),I,AUS,M,IRLT,PA,_Z,_Z,_Z,2013-03,3.5125
DATAFLOW,OECD.SDD.STES:DSD_KEI@DF_KEI(4.0),I,AUS,M,IRLT,PA,_Z,_Z,_Z,2013-04,3.245
DATAFLOW,OECD.SDD.STES:DSD_KEI@DF_KEI(4.0),I,AUS,M,IRLT,PA,_Z,_Z,_Z,2013-06,3.555
DATAFLOW,OECD.SDD.STES:DSD_KEI@DF_KEI(4.0),I,AUS,M,IRLT,PA,_Z,_Z,_Z,2013-07,3.772
DATAFLOW,OECD.SDD.STES:DSD_KEI@DF_KEI(4.0),I,AUS,M,IRLT,PA,_Z,_Z,_Z,2013-08,3.894
DATAFLOW,OECD.SDD.STES:DSD_KEI@DF_KEI(4.0),I,AUS,M,IRLT,PA,_Z,_Z,_Z,2013-09,4.033
DATAFLOW,OECD.SDD.STES:DSD_KEI@DF_KEI(4.0),I,AUS,M,IRLT,PA,_Z,_Z,_Z,2013-10,4.009
DATAFLOW,OECD.SDD.STES:DSD_KEI@DF_KEI(4.0),I,AUS,M,IRLT,PA,_Z,_Z,_Z,2013-11,4.175
DATAFLOW,OECD.SDD.STES:DSD_KEI@DF_KEI(4.0),I,AUS,M,IRLT,PA,_Z,_Z,_Z,2013-12,4.262
DATAFLOW,OECD.SDD.STES:DSD_KEI@DF_KEI(4.0),I,AUS,M,IRLT,PA,_Z,_Z,_Z,2014-01,4.158
DATAFLOW,OECD.SDD.STES:DSD_KEI@DF_KEI(4.0),I,AUS,M,IRLT,PA,_Z,_Z,_Z,2014-02,4.104
DATAFLOW,OECD.SDD.STES:DSD_KEI@DF_KEI(4.0),I,AUS,M,IRLT,PA,_Z,_Z,_Z,2014-03,4.092
DATAFLOW,OECD.SDD.STES:DSD_KEI@DF_KEI(4.0),I,AUS,M,IRLT,PA,_Z,_Z,_Z,2014-04,4.027
DATAFLOW,OECD.SDD.STES:DSD_KEI@DF_KEI(4.0),I,AUS,M,IRLT,PA,_Z,_Z,_Z,2014-05,3.781
DATAFLOW,OECD.SDD.STES:DSD_KEI@DF_KEI(4.0),I,AUS,M,IRLT,PA,_Z,_Z,_Z,2014-06,3.713
DATAFLOW,OECD.SDD.STES:DSD_KEI@DF_KEI(4.0),I,AUS,M,IRLT,PA,_Z,_Z,_Z,2014-07,3.486
DATAFLOW,OECD.SDD.STES:DSD_KEI@DF_KEI(4.0),I,AUS,M,IRLT,PA,_Z,_Z,_Z,2014-08,3.43
DATAFLOW,OECD.SDD.STES:DSD_KEI@DF_KEI(4.0),I,AUS,M,IRLT,PA,_Z,_Z,_Z,2014-09,3.573
DATAFLOW,OECD.SDD.STES:DSD_KEI@DF_KEI(4.0),I,AUS,M,IRLT,PA,_Z,_Z,_Z,2014-10,3.344
DATAFLOW,OECD.SDD.STES:DSD_KEI@DF_KEI(4.0),I,AUS,M,IRLT,PA,_Z,_Z,_Z,2014-11,3.294
DATAFLOW,OECD.SDD.STES:DSD_KEI@DF_KEI(4.0),I,AUS,M,IRLT,PA,_Z,_Z,_Z,2014-12,2.964
DATAFLOW,OECD.SDD.STES:DSD_KEI@DF_KEI(4.0),I,AUS,M,IRLT,PA,_Z,_Z,_Z,2015-01,2.622
DATAFLOW,OECD.SDD.STES:DSD_KEI@DF_KEI(4.0),I,AUS,M,IRLT,PA,_Z,_Z,_Z,2015-02,2.49
DATAFLOW,OECD.SDD.STES:DSD_KEI@DF_KEI(4.0),I,AUS,M,IRLT,PA,_Z,_Z,_Z,2015-03,2.475
DATAFLOW,OECD.SDD.STES:DSD_KEI@DF_KEI(4.0),I,AUS,M,IRLT,PA,_Z,_Z,_Z,2015-04,2.41
DATAFLOW,OECD.SDD.STES:DSD_KEI@DF_KEI(4.0),I,AUS,M,IRLT,PA,_Z,_Z,_Z,2015-05,2.882
DATAFLOW,OECD.SDD.STES:DSD_KEI@DF_KEI(4.0),I,AUS,M,IRLT,PA,_Z,_Z,_Z,2015-07,2.922
DATAFLOW,OECD.SDD.STES:DSD_KEI@DF_KEI(4.0),I,AUS,M,IRLT,PA,_Z,_Z,_Z,2015-08,2.738
DATAFLOW,OECD.SDD.STES:DSD_KEI@DF_KEI(4.0),I,AUS,M,IRLT,PA,_Z,_Z,_Z,2015-09,2.724
DATAFLOW,OECD.SDD.STES:DSD_KEI@DF_KEI(4.0),I,AUS,M,IRLT,PA,_Z,_Z,_Z,2015-10,2.657
DATAFLOW,OECD.SDD.STES:DSD_KEI@DF_KEI(4.0),I,AUS,M,IRLT,PA,_Z,_Z,_Z,2015-11,2.889
DATAFLOW,OECD.SDD.STES:DSD_KEI@DF_KEI(4.0),I,AUS,M,IRLT,PA,_Z,_Z,_Z,2015-12,2.852
DATAFLOW,OECD.SDD.STES:DSD_KEI@DF_KEI(4.0),I,AUS,M,IRLT,PA,_Z,_Z,_Z,2016-01,2.708
DATAFLOW,OECD.SDD.STES:DSD_KEI@DF_KEI(4.0),I,AUS,M,IRLT,PA,_Z,_Z,_Z,2016-02,2.465
DATAFLOW,OECD.SDD.STES:DSD_KEI@DF_KEI(4.0),I,AUS,M,IRLT,PA,_Z,_Z,_Z,2016-03,2.561
DATAFLOW,OECD.SDD.STES:DSD_KEI@DF_KEI(4.0),I,AUS,M,IRLT,PA,_Z,_Z,_Z,2016-04,2.512
DATAFLOW,OECD.SDD.STES:DSD_KEI@DF_KEI(4.0),I,AUS,M,IRLT,PA,_Z,_Z,_Z,2016-05,2.322
DATAFLOW,OECD.SDD.STES:DSD_KEI@DF_KEI(4.0),I,AUS,M,IRLT,PA,_Z,_Z,_Z,2016-06,2.125
DATAFLOW,OECD.SDD.STES:DSD_KEI@DF_KEI(4.0),I,AUS,M,IRLT,PA,_Z,_Z,_Z,2016-07,1.936
DATAFLOW,OECD.SDD.STES:DSD_KEI@DF_KEI(4.0),I,AUS,M,IRLT,PA,_Z,_Z,_Z,2016-08,1.892
DATAFLOW,OECD.SDD.STES:DSD_KEI@DF_KEI(4.0),I,AUS,M,IRLT,PA,_Z,_Z,_Z,2016-09,2.004
DATAFLOW,OECD.SDD.STES:DSD_KEI@DF_KEI(4.0),I,AUS,M,IRLT,PA,_Z,_Z,_Z,2016-10,2.231
DATAFLOW,OECD.SDD.STES:DSD_KEI@DF_KEI(4.0),I,AUS,M,IRLT,PA,_Z,_Z,_Z,2016-11,2.535
DATAFLOW,OECD.SDD.STES:DSD_KEI@DF_KEI(4.0),I,AUS,M,IRLT,PA,_Z,_Z,_Z,2016-12,2.799
DATAFLOW,OECD.SDD.STES:DSD_KEI@DF_KEI(4.0),I,AUS,M,IRLT,PA,_Z,_Z,_Z,2017-01,2.711
DATAFLOW,OECD.SDD.STES:DSD_KEI@DF_KEI(4.0),I,AUS,M,IRLT,PA,_Z,_Z,_Z,2017-02,2.738
DATAFLOW,OECD.SDD.STES:DSD_KEI@DF_KEI(4.0),I,AUS,M,IRLT,PA,_Z,_Z,_Z,2017-03,2.804
DATAFLOW,OECD.SDD.STES:DSD_KEI@DF_KEI(4.0),I,AUS,M,IRLT,PA,_Z,_Z,_Z,2017-04,2.557
DATAFLOW,OECD.SDD.STES:DSD_KEI@DF_KEI(4.0),I,AUS,M,IRLT,PA,_Z,_Z,_Z,2017-05,2.548
DATAFLOW,OECD.SDD.STES:DSD_KEI@DF_KEI(4.0),I,AUS,M,IRLT,PA,_Z,_Z,_Z,2017-06,2.421
DATAFLOW,OECD.SDD.STES:DSD_KEI@DF_KEI(4.0),I,AUS,M,IRLT,PA,_Z,_Z,_Z,2017-07,2.664
DATAFLOW,OECD.SDD.STES:DSD_KEI@DF_KEI(4.0),I,AUS,M,IRLT,PA,_Z,_Z,_Z,2017-09,2.71
DATAFLOW,OECD.SDD.STES:DSD_KEI@DF_KEI(4.0),I,AUS,M,IRLT,PA,_Z,_Z,_Z,2017-10,2.768
DATAFLOW,OECD.SDD.STES:DSD_KEI@DF_KEI(4.0),I,AUS,M,IRLT,PA,_Z,_Z,_Z,2017-11,2.565
DATAFLOW,OECD.SDD.STES:DSD_KEI@DF_KEI(4.0),I,AUS,M,IRLT,PA,_Z,_Z,_Z,2017-12,2.583
DATAFLOW,OECD.SDD.STES:DSD_KEI@DF_KEI(4.0),I,AUS,M,IRLT,PA,_Z,_Z,_Z,2018-01,2.747
DATAFLOW,OECD.SDD.STES:DSD_KEI@DF_KEI(4.0),I,AUS,M,IRLT,PA,_Z,_Z,_Z,2018-02,2.845
DATAFLOW,OECD.SDD.STES:DSD_KEI@DF_KEI(4.0),I,AUS,M,IRLT,PA,_Z,_Z,_Z,2018-03,2.713
DATAFLOW,OECD.SDD.STES:DSD_KEI@DF_KEI(4.0),I,AUS,M,IRLT,PA,_Z,_Z,_Z,2018-04,2.734
DATAFLOW,OECD.SDD.STES:DSD_KEI@DF_KEI(4.0),I,AUS,M,IRLT,PA,_Z,_Z,_Z,2018-05,2.79
DATAFLOW,OECD.SDD.STES:DSD_KEI@DF_KEI(4.0),I,AUS,M,IRLT,PA,_Z,_Z,_Z,2018-06,2.697
DATAFLOW,OECD.SDD.STES:DSD_KEI@DF_KEI(4.0),I,AUS,M,IRLT,PA,_Z,_Z,_Z,2018-07,2.637
DATAFLOW,OECD.SDD.STES:DSD_KEI@DF_KEI(4.0),I,AUS,M,IRLT,PA,_Z,_Z,_Z,2018-09,2.631
DATAFLOW,OECD.SDD.STES:DSD_KEI@DF_KEI(4.0),I,AUS,M,IRLT,PA,_Z,_Z,_Z,2018-10,2.682
DATAFLOW,OECD.SDD.STES:DSD_KEI@DF_KEI(4.0),I,AUS,M,IRLT,PA,_Z,_Z,_Z,2018-11,2.683
DATAFLOW,OECD.SDD.STES:DSD_KEI@DF_KEI(4.0),I,AUS,M,IRLT,PA,_Z,_Z,_Z,2018-12,2.431
DATAFLOW,OECD.SDD.STES:DSD_KEI@DF_KEI(4.0),I,AUS,M,IRLT,PA,_Z,_Z,_Z,2019-01,2.271
DATAFLOW,OECD.SDD.STES:DSD_KEI@DF_KEI(4.0),I,AUS,M,IRLT,PA,_Z,_Z,_Z,2019-02,2.126
DATAFLOW,OECD.SDD.STES:DSD_KEI@DF_KEI(4.0),I,AUS,M,IRLT,PA,_Z,_Z,_Z,2019-03,1.957
DATAFLOW,OECD.SDD.STES:DSD_KEI@DF_KEI(4.0),I,AUS,M,IRLT,PA,_Z,_Z,_Z,2019-04,1.865
DATAFLOW,OECD.SDD.STES:DSD_KEI@DF_KEI(4.0),I,AUS,M,IRLT,PA,_Z,_Z,_Z,2019-05,1.655
DATAFLOW,OECD.SDD.STES:DSD_KEI@DF_KEI(4.0),I,AUS,M,IRLT,PA,_Z,_Z,_Z,2019-06,1.386
DATAFLOW,OECD.SDD.STES:DSD_KEI@DF_KEI(4.0),I,AUS,M,IRLT,PA,_Z,_Z,_Z,2019-07,1.32
DATAFLOW,OECD.SDD.STES:DSD_KEI@DF_KEI(4.0),I,AUS,M,IRSTCI,PA,_Z,_Z,_Z,2010-11,4.73
DATAFLOW,OECD.SDD.STES:DSD_KEI@DF_KEI(4.0),I,AUS,M,IRSTCI,PA,_Z,_Z,_Z,2011-11,4.51
DATAFLOW,OECD.SDD.STES:DSD_KEI@DF_KEI(4.0),I,AUS,M,IRSTCI,PA,_Z,_Z,_Z,2012-05,3.77
DATAFLOW,OECD.SDD.STES:DSD_KEI@DF_KEI(4.0),I,AUS,M,IRSTCI,PA,_Z,_Z,_Z,2012-06,3.54
DATAFLOW,OECD.SDD.STES:DSD_KEI@DF_KEI(4.0),I,AUS,M,IRSTCI,PA,_Z,_Z,_Z,2012-10,3.27
DATAFLOW,OECD.SDD.STES:DSD_KEI@DF_KEI(4.0),I,AUS,M,IRSTCI,PA,_Z,_Z,_Z,2012-12,3.03
DATAFLOW,OECD.SDD.STES:DSD_KEI@DF_KEI(4.0),I,AUS,M,IRSTCI,PA,_Z,_Z,_Z,2026-01,3.6
DATAFLOW,OECD.SDD.STES:DSD_KEI@DF_KEI(4.0),I,AUS,M,IRLT,PA,_Z,_Z,_Z,2021-05,1.66
DATAFLOW,OECD.SDD.STES:DSD_KEI@DF_KEI(4.0),I,AUS,M,IRLT,PA,_Z,_Z,_Z,2021-06,1.531
DATAFLOW,OECD.SDD.STES:DSD_KEI@DF_KEI(4.0),I,AUS,M,IRLT,PA,_Z,_Z,_Z,2021-07,1.254
DATAFLOW,OECD.SDD.STES:DSD_KEI@DF_KEI(4.0),I,AUS,M,IRSTCI,PA,_Z,_Z,_Z,2021-08,0.1
DATAFLOW,OECD.SDD.STES:DSD_KEI@DF_KEI(4.0),I,AUS,M,IRSTCI,PA,_Z,_Z,_Z,2021-09,0.1
DATAFLOW,OECD.SDD.STES:DSD_KEI@DF_KEI(4.0),I,AUS,M,IRSTCI,PA,_Z,_Z,_Z,2021-10,0.1
DATAFLOW,OECD.SDD.STES:DSD_KEI@DF_KEI(4.0),I,AUS,M,IRSTCI,PA,_Z,_Z,_Z,2021-11,0.1
DATAFLOW,OECD.SDD.STES:DSD_KEI@DF_KEI(4.0),I,AUS,M,IRSTCI,PA,_Z,_Z,_Z,2021-12,0.1
DATAFLOW,OECD.SDD.STES:DSD_KEI@DF_KEI(4.0),I,AUS,M,IRSTCI,PA,_Z,_Z,_Z,2022-01,0.1
DATAFLOW,OECD.SDD.STES:DSD_KEI@DF_KEI(4.0),I,AUS,M,IRSTCI,PA,_Z,_Z,_Z,2022-02,0.1
DATAFLOW,OECD.SDD.STES:DSD_KEI@DF_KEI(4.0),I,AUS,M,IRSTCI,PA,_Z,_Z,_Z,2022-03,0.1
DATAFLOW,OECD.SDD.STES:DSD_KEI@DF_KEI(4.0),I,AUS,M,IRSTCI,PA,_Z,_Z,_Z,2022-04,0.1
DATAFLOW,OECD.SDD.STES:DSD_KEI@DF_KEI(4.0),I,AUS,M,IRSTCI,PA,_Z,_Z,_Z,2022-05,0.33
DATAFLOW,OECD.SDD.STES:DSD_KEI@DF_KEI(4.0),I,AUS,M,IRSTCI,PA,_Z,_Z,_Z,2022-06,0.73
DATAFLOW,OECD.SDD.STES:DSD_KEI@DF_KEI(4.0),I,AUS,M,IRSTCI,PA,_Z,_Z,_Z,2022-07,1.28
DATAFLOW,OECD.SDD.STES:DSD_KEI@DF_KEI(4.0),I,AUS,M,IRSTCI,PA,_Z,_Z,_Z,2022-08,1.81
DATAFLOW,OECD.SDD.STES:DSD_KEI@DF_KEI(4.0),I,AUS,M,IRSTCI,PA,_Z,_Z,_Z,2022-09,2.25
DATAFLOW,OECD.SDD.STES:DSD_KEI@DF_KEI(4.0),I,AUS,M,IRSTCI,PA,_Z,_Z,_Z,2022-10,2.58
DATAFLOW,OECD.SDD.STES:DSD_KEI@DF_KEI(4.0),I,AUS,M,IRSTCI,PA,_Z,_Z,_Z,2022-11,2.84
DATAFLOW,OECD.SDD.STES:DSD_KEI@DF_KEI(4.0),I,AUS,M,IRSTCI,PA,_Z,_Z,_Z,2022-12,3.05
DATAFLOW,OECD.SDD.STES:DSD_KEI@DF_KEI(4.0),I,AUS,M,IRSTCI,PA,_Z,_Z,_Z,2023-01,3.1
DATAFLOW,OECD.SDD.STES:DSD_KEI@DF_KEI(4.0),I,AUS,M,IRSTCI,PA,_Z,_Z,_Z,2023-02,3.29
DATAFLOW,OECD.SDD.STES:DSD_KEI@DF_KEI(4.0),I,AUS,M,IRSTCI,PA,_Z,_Z,_Z,2023-03,3.54
DATAFLOW,OECD.SDD.STES:DSD_KEI@DF_KEI(4.0),I,AUS,M,IRSTCI,PA,_Z,_Z,_Z,2023-04,3.6
DATAFLOW,OECD.SDD.STES:DSD_KEI@DF_KEI(4.0),I,AUS,M,IRSTCI,PA,_Z,_Z,_Z,2023-05,3.83
DATAFLOW,OECD.SDD.STES:DSD_KEI@DF_KEI(4.0),I,AUS,M,IRSTCI,PA,_Z,_Z,_Z,2023-06,4.05
DATAFLOW,OECD.SDD.STES:DSD_KEI@DF_KEI(4.0),I,AUS,M,IRSTCI,PA,_Z,_Z,_Z,2023-07,4.1
DATAFLOW,OECD.SDD.STES:DSD_KEI@DF_KEI(4.0),I,AUS,M,IRSTCI,PA,_Z,_Z,_Z,2023-08,4.1
DATAFLOW,OECD.SDD.STES:DSD_KEI@DF_KEI(4.0),I,AUS,M,IRSTCI,PA,_Z,_Z,_Z,2023-09,4.1
DATAFLOW,OECD.SDD.STES:DSD_KEI@DF_KEI(4.0),I,AUS,M,IRSTCI,PA,_Z,_Z,_Z,2023-10,4.1
DATAFLOW,OECD.SDD.STES:DSD_KEI@DF_KEI(4.0),I,AUS,M,IRSTCI,PA,_Z,_Z,_Z,2023-11,4.29
DATAFLOW,OECD.SDD.STES:DSD_KEI@DF_KEI(4.0),I,AUS,M,IRSTCI,PA,_Z,_Z,_Z,2023-12,4.35
DATAFLOW,OECD.SDD.STES:DSD_KEI@DF_KEI(4.0),I,AUS,M,IRSTCI,PA,_Z,_Z,_Z,2007-01,6.25
DATAFLOW,OECD.SDD.STES:DSD_KEI@DF_KEI(4.0),I,AUS,M,IRSTCI,PA,_Z,_Z,_Z,2007-02,6.25
DATAFLOW,OECD.SDD.STES:DSD_KEI@DF_KEI(4.0),I,AUS,M,IRSTCI,PA,_Z,_Z,_Z,2007-03,6.25
DATAFLOW,OECD.SDD.STES:DSD_KEI@DF_KEI(4.0),I,AUS,M,IRSTCI,PA,_Z,_Z,_Z,2007-04,6.25
DATAFLOW,OECD.SDD.STES:DSD_KEI@DF_KEI(4.0),I,AUS,M,IRSTCI,PA,_Z,_Z,_Z,2007-05,6.25
DATAFLOW,OECD.SDD.STES:DSD_KEI@DF_KEI(4.0),I,AUS,M,IRSTCI,PA,_Z,_Z,_Z,2007-06,6.25
DATAFLOW,OECD.SDD.STES:DSD_KEI@DF_KEI(4.0),I,AUS,M,IRSTCI,PA,_Z,_Z,_Z,2007-07,6.25
DATAFLOW,OECD.SDD.STES:DSD_KEI@DF_KEI(4.0),I,AUS,M,IRSTCI,PA,_Z,_Z,_Z,2009-02,3.35
DATAFLOW,OECD.SDD.STES:DSD_KEI@DF_KEI(4.0),I,AUS,M,IRSTCI,PA,_Z,_Z,_Z,2010-01,3.75
DATAFLOW,OECD.SDD.STES:DSD_KEI@DF_KEI(4.0),I,AUS,M,IRSTCI,PA,_Z,_Z,_Z,2010-02,3.75
DATAFLOW,OECD.SDD.STES:DSD_KEI@DF_KEI(4.0),I,AUS,M,IRSTCI,PA,_Z,_Z,_Z,2010-12,4.75
DATAFLOW,OECD.SDD.STES:DSD_KEI@DF_KEI(4.0),I,AUS,M,IRSTCI,PA,_Z,_Z,_Z,2011-01,4.75
DATAFLOW,OECD.SDD.STES:DSD_KEI@DF_KEI(4.0),I,AUS,M,IRSTCI,PA,_Z,_Z,_Z,2011-02,4.75
DATAFLOW,OECD.SDD.STES:DSD_KEI@DF_KEI(4.0),I,AUS,M,IRSTCI,PA,_Z,_Z,_Z,2011-03,4.75
DATAFLOW,OECD.SDD.STES:DSD_KEI@DF_KEI(4.0),I,AUS,M,IRSTCI,PA,_Z,_Z,_Z,2011-04,4.75
DATAFLOW,OECD.SDD.STES:DSD_KEI@DF_KEI(4.0),I,AUS,M,IRSTCI,PA,_Z,_Z,_Z,2011-05,4.75
DATAFLOW,OECD.SDD.STES:DSD_KEI@DF_KEI(4.0),I,AUS,M,IRSTCI,PA,_Z,_Z,_Z,2011-06,4.75
DATAFLOW,OECD.SDD.STES:DSD_KEI@DF_KEI(4.0),I,AUS,M,IRSTCI,PA,_Z,_Z,_Z,2011-07,4.75
DATAFLOW,OECD.SDD.STES:DSD_KEI@DF_KEI(4.0),I,AUS,M,IRSTCI,PA,_Z,_Z,_Z,2011-08,4.75
DATAFLOW,OECD.SDD.STES:DSD_KEI@DF_KEI(4.0),I,AUS,M,IRSTCI,PA,_Z,_Z,_Z,2011-09,4.75
DATAFLOW,OECD.SDD.STES:DSD_KEI@DF_KEI(4.0),I,AUS,M,IRSTCI,PA,_Z,_Z,_Z,2011-10,4.75
DATAFLOW,OECD.SDD.STES:DSD_KEI@DF_KEI(4.0),I,AUS,M,IRSTCI,PA,_Z,_Z,_Z,2011-12,4.3
DATAFLOW,OECD.SDD.STES:DSD_KEI@DF_KEI(4.0),I,AUS,M,IRSTCI,PA,_Z,_Z,_Z,2012-01,4.25
DATAFLOW,OECD.SDD.STES:DSD_KEI@DF_KEI(4.0),I,AUS,M,IRSTCI,PA,_Z,_Z,_Z,2012-02,4.25
DATAFLOW,OECD.SDD.STES:DSD_KEI@DF_KEI(4.0),I,AUS,M,IRSTCI,PA,_Z,_Z,_Z,2012-03,4.25
DATAFLOW,OECD.SDD.STES:DSD_KEI@DF_KEI(4.0),I,AUS,M,IR3TIB,PA,_Z,_Z,_Z,2009-04,3.1
DATAFLOW,OECD.SDD.STES:DSD_KEI@DF_KEI(4.0),I,AUS,M,IR3TIB,PA,_Z,_Z,_Z,2009-05,3.13
DATAFLOW,OECD.SDD.STES:DSD_KEI@DF_KEI(4.0),I,AUS,M,IR3TIB,PA,_Z,_Z,_Z,2009-06,3.25
DATAFLOW,OECD.SDD.STES:DSD_KEI@DF_KEI(4.0),I,AUS,M,IR3TIB,PA,_Z,_Z,_Z,2009-07,3.14
DATAFLOW,OECD.SDD.STES:DSD_KEI@DF_KEI(4.0),I,AUS,M,IR3TIB,PA,_Z,_Z,_Z,2009-08,3.3
DATAFLOW,OECD.SDD.STES:DSD_KEI@DF_KEI(4.0),I,AUS,M,IR3TIB,PA,_Z,_Z,_Z,2009-09,3.37
DATAFLOW,OECD.SDD.STES:DSD_KEI@DF_KEI(4.0),I,AUS,M,IR3TIB,PA,_Z,_Z,_Z,2009-10,3.78
DATAFLOW,OECD.SDD.STES:DSD_KEI@DF_KEI(4.0),I,AUS,M,IR3TIB,PA,_Z,_Z,_Z,2009-11,3.95
DATAFLOW,OECD.SDD.STES:DSD_KEI@DF_KEI(4.0),I,AUS,M,IR3TIB,PA,_Z,_Z,_Z,2010-02,4.16
DATAFLOW,OECD.SDD.STES:DSD_KEI@DF_KEI(4.0),I,AUS,M,IR3TIB,PA,_Z,_Z,_Z,2010-07,4.84
DATAFLOW,OECD.SDD.STES:DSD_KEI@DF_KEI(4.0),I,AUS,M,IR3TIB,PA,_Z,_Z,_Z,2010-10,4.81
DATAFLOW,OECD.SDD.STES:DSD_KEI@DF_KEI(4.0),I,AUS,M,IR3TIB,PA,_Z,_Z,_Z,2011-03,4.92
DATAFLOW,OECD.SDD.STES:DSD_KEI@DF_KEI(4.0),I,AUS,M,IR3TIB,PA,_Z,_Z,_Z,2011-04,4.9
DATAFLOW,OECD.SDD.STES:DSD_KEI@DF_KEI(4.0),I,AUS,M,IR3TIB,PA,_Z,_Z,_Z,2011-09,4.81
DATAFLOW,OECD.SDD.STES:DSD_KEI@DF_KEI(4.0),I,AUS,M,IR3TIB,PA,_Z,_Z,_Z,2012-01,4.41
DATAFLOW,OECD.SDD.STES:DSD_KEI@DF_KEI(4.0),I,AUS,M,IR3TIB,PA,_Z,_Z,_Z,2012-02,4.37
DATAFLOW,OECD.SDD.STES:DSD_KEI@DF_KEI(4.0),I,AUS,M,IR3TIB,PA,_Z,_Z,_Z,2012-09,3.49
DATAFLOW,OECD.SDD.STES:DSD_KEI@DF_KEI(4.0),I,AUS,M,IR3TIB,PA,_Z,_Z,_Z,2013-01,3.0
DATAFLOW,OECD.SDD.STES:DSD_KEI@DF_KEI(4.0),I,AUS,M,IR3TIB,PA,_Z,_Z,_Z,2013-02,2.94
DATAFLOW,OECD.SDD.STES:DSD_KEI@DF_KEI(4.0),I,AUS,M,IR3TIB,PA,_Z,_Z,_Z,2013-03,3.05
DATAFLOW,OECD.SDD.STES:DSD_KEI@DF_KEI(4.0),I,AUS,M,IR3TIB,PA,_Z,_Z,_Z,2013-04,3.02
DATAFLOW,OECD.SDD.STES:DSD_KEI@DF_KEI(4.0),I,AUS,M,IR3TIB,PA,_Z,_Z,_Z,2013-05,2.82
DATAFLOW,OECD.SDD.STES:DSD_KEI@DF_KEI(4.0),I,AUS,M,IR3TIB,PA,_Z,_Z,_Z,2013-06,2.8
DATAFLOW,OECD.SDD.STES:DSD_KEI@DF_KEI(4.0),I,AUS,M,IR3TIB,PA,_Z,_Z,_Z,2013-07,2.76
DATAFLOW,OECD.SDD.STES:DSD_KEI@DF_KEI(4.0),I,AUS,M,IR3TIB,PA,_Z,_Z,_Z,2013-08,2.6
DATAFLOW,OECD.SDD.STES:DSD_KEI@DF_KEI(4.0),I,AUS,M,IR3TIB,PA,_Z,_Z,_Z,2013-09,2.58
DATAFLOW,OECD.SDD.STES:DSD_KEI@DF_KEI(4.0),I,AUS,M,IR3TIB,PA,_Z,_Z,_Z,2013-10,2.58
DATAFLOW,OECD.SDD.STES:DSD_KEI@DF_KEI(4.0),I,AUS,M,IR3TIB,PA,_Z,_Z,_Z,2013-11,2.58
DATAFLOW,OECD.SDD.STES:DSD_KEI@DF_KEI(4.0),I,AUS,M,IR3TIB,PA,_Z,_Z,_Z,2013-12,2.6
DATAFLOW,OECD.SDD.STES:DSD_KEI@DF_KEI(4.0),I,AUS,M,IR3TIB,PA,_Z,_Z,_Z,2014-01,2.62
DATAFLOW,OECD.SDD.STES:DSD_KEI@DF_KEI(4.0),I,AUS,M,IR3TIB,PA,_Z,_Z,_Z,2014-02,2.63
DATAFLOW,OECD.SDD.STES:DSD_KEI@DF_KEI(4.0),I,AUS,M,IR3TIB,PA,_Z,_Z,_Z,2014-03,2.65
DATAFLOW,OECD.SDD.STES:DSD_KEI@DF_KEI(4.0),I,AUS,M,IR3TIB,PA,_Z,_Z,_Z,2014-04,2.68
DATAFLOW,OECD.SDD.STES:DSD_KEI@DF_KEI(4.0),I,AUS,M,IR3TIB,PA,_Z,_Z,_Z,2014-05,2.69
DATAFLOW,OECD.SDD.STES:DSD_KEI@DF_KEI(4.0),I,AUS,M,IR3TIB,PA,_Z,_Z,_Z,2014-06,2.7
DATAFLOW,OECD.SDD.STES:DSD_KEI@DF_KEI(4.0),I,AUS,M,IR3TIB,PA,_Z,_Z,_Z,2014-07,2.65
DATAFLOW,OECD.SDD.STES:DSD_KEI@DF_KEI(4.0),I,AUS,M,IR3TIB,PA,_Z,_Z,_Z,2014-08,2.63
DATAFLOW,OECD.SDD.STES:DSD_KEI@DF_KEI(4.0),I,AUS,M,IR3TIB,PA,_Z,_Z,_Z,2014-09,2.66
DATAFLOW,OECD.SDD.STES:DSD_KEI@DF_KEI(4.0),I,AUS,M,IR3TIB,PA,_Z,_Z,_Z,2014-10,2.72
DATAFLOW,OECD.SDD.STES:DSD_KEI@DF_KEI(4.0),I,AUS,M,IR3TIB,PA,_Z,_Z,_Z,2014-11,2.75
DATAFLOW,OECD.SDD.STES:DSD_KEI@DF_KEI(4.0),I,AUS,M,IR3TIB,PA,_Z,_Z,_Z,2014-12,2.75
DATAFLOW,OECD.SDD.STES:DSD_KEI@DF_KEI(4.0),I,AUS,M,IR3TIB,PA,_Z,_Z,_Z,2015-01,2.7
DATAFLOW,OECD.SDD.STES:DSD_KEI@DF_KEI(4.0),I,AUS,M,IR3TIB,PA,_Z,_Z,_Z,2015-02,2.36
DATAFLOW,OECD.SDD.STES:DSD_KEI@DF_KEI(4.0),I,AUS,M,IR3TIB,PA,_Z,_Z,_Z,2015-03,2.3
DATAFLOW,OECD.SDD.STES:DSD_KEI@DF_KEI(4.0),I,AUS,M,IR3TIB,PA,_Z,_Z,_Z,2015-04,2.25
DATAFLOW,OECD.SDD.STES:DSD_KEI@DF_KEI(4.0),I,AUS,M,IR3TIB,PA,_Z,_Z,_Z,2015-05,2.15
DATAFLOW,OECD.SDD.STES:DSD_KEI@DF_KEI(4.0),I,AUS,M,IR3TIB,PA,_Z,_Z,_Z,2015-06,2.15
DATAFLOW,OECD.SDD.STES:DSD_KEI@DF_KEI(4.0),I,AUS,M,IR3TIB,PA,_Z,_Z,_Z,2015-07,2.14
DATAFLOW,OECD.SDD.STES:DSD_KEI@DF_KEI(4.0),I,AUS,M,IR3TIB,PA,_Z,_Z,_Z,2015-08,2.14
DATAFLOW,OECD.SDD.STES:DSD_KEI@DF_KEI(4.0),I,AUS,M,IR3TIB,PA,_Z,_Z,_Z,2015-09,2.17
DATAFLOW,OECD.SDD.STES:DSD_KEI@DF_KEI(4.0),I,AUS,M,IR3TIB,PA,_Z,_Z,_Z,2015-10,2.15
DATAFLOW,OECD.SDD.STES:DSD_KEI@DF_KEI(4.0),I,AUS,M,IR3TIB,PA,_Z,_Z,_Z,2015-11,2.22
DATAFLOW,OECD.SDD.STES:DSD_KEI@DF_KEI(4.0),I,AUS,M,IR3TIB,PA,_Z,_Z,_Z,2015-12,2.34
DATAFLOW,OECD.SDD.STES:DSD_KEI@DF_KEI(4.0),I,AUS,M,IR3TIB,PA,_Z,_Z,_Z,2016-01,2.3
DATAFLOW,OECD.SDD.STES:DSD_KEI@DF_KEI(4.0),I,AUS,M,IR3TIB,PA,_Z,_Z,_Z,2016-02,2.28
DATAFLOW,OECD.SDD.STES:DSD_KEI@DF_KEI(4.0),I,AUS,M,IR3TIB,PA,_Z,_Z,_Z,2016-03,2.31
DATAFLOW,OECD.SDD.STES:DSD_KEI@DF_KEI(4.0),I,AUS,M,IR3TIB,PA,_Z,_Z,_Z,2016-04,2.26
DATAFLOW,OECD.SDD.STES:DSD_KEI@DF_KEI(4.0),I,AUS,M,IR3TIB,PA,_Z,_Z,_Z,2016-05,2.0
DATAFLOW,OECD.SDD.STES:DSD_KEI@DF_KEI(4.0),I,AUS,M,IR3TIB,PA,_Z,_Z,_Z,2016-06,1.99
DATAFLOW,OECD.SDD.STES:DSD_KEI@DF_KEI(4.0),I,AUS,M,IR3TIB,PA,_Z,_Z,_Z,2016-07,1.93
DATAFLOW,OECD.SDD.STES:DSD_KEI@DF_KEI(4.0),I,AUS,M,IR3TIB,PA,_Z,_Z,_Z,2016-08,1.76
DATAFLOW,OECD.SDD.STES:DSD_KEI@DF_KEI(4.0),I,AUS,M,IR3TIB,PA,_Z,_Z,_Z,2016-09,1.73
DATAFLOW,OECD.SDD.STES:DSD_KEI@DF_KEI(4.0),I,AUS,M,IR3TIB,PA,_Z,_Z,_Z,2016-10,1.74
DATAFLOW,OECD.SDD.STES:DSD_KEI@DF_KEI(4.0),I,AUS,M,IR3TIB,PA,_Z,_Z,_Z,2016-11,1.76
DATAFLOW,OECD.SDD.STES:DSD_KEI@DF_KEI(4.0),I,AUS,M,IR3TIB,PA,_Z,_Z,_Z,2016-12,1.78
DATAFLOW,OECD.SDD.STES:DSD_KEI@DF_KEI(4.0),I,AUS,M,IR3TIB,PA,_Z,_Z,_Z,2017-01,1.78
DATAFLOW,OECD.SDD.STES:DSD_KEI@DF_KEI(4.0),I,AUS,M,IR3TIB,PA,_Z,_Z,_Z,2017-02,1.78
DATAFLOW,OECD.SDD.STES:DSD_KEI@DF_KEI(4.0),I,AUS,M,IR3TIB,PA,_Z,_Z,_Z,2024-12,4.44
DATAFLOW,OECD.SDD.STES:DSD_KEI@DF_KEI(4.0),I,AUS,M,IR3TIB,PA,_Z,_Z,_Z,2025-01,4.33
DATAFLOW,OECD.SDD.STES:DSD_KEI@DF_KEI(4.0),I,AUS,M,IR3TIB,PA,_Z,_Z,_Z,2025-02,4.17
DATAFLOW,OECD.SDD.STES:DSD_KEI@DF_KEI(4.0),I,AUS,M,IR3TIB,PA,_Z,_Z,_Z,2025-03,4.12
DATAFLOW,OECD.SDD.STES:DSD_KEI@DF_KEI(4.0),I,AUS,M,IR3TIB,PA,_Z,_Z,_Z,2025-04,4.02
DATAFLOW,OECD.SDD.STES:DSD_KEI@DF_KEI(4.0),I,AUS,M,IR3TIB,PA,_Z,_Z,_Z,2025-05,3.78
DATAFLOW,OECD.SDD.STES:DSD_KEI@DF_KEI(4.0),I,AUS,M,IR3TIB,PA,_Z,_Z,_Z,2025-06,3.69
DATAFLOW,OECD.SDD.STES:DSD_KEI@DF_KEI(4.0),I,AUS,M,IR3TIB,PA,_Z,_Z,_Z,2025-07,3.68
DATAFLOW,OECD.SDD.STES:DSD_KEI@DF_KEI(4.0),I,AUS,M,IR3TIB,PA,_Z,_Z,_Z,2025-08,3.61
DATAFLOW,OECD.SDD.STES:DSD_KEI@DF_KEI(4.0),I,AUS,M,IR3TIB,PA,_Z,_Z,_Z,2025-09,3.58
DATAFLOW,OECD.SDD.STES:DSD_KEI@DF_KEI(4.0),I,AUS,M,IR3TIB,PA,_Z,_Z,_Z,2025-10,3.56
DATAFLOW,OECD.SDD.STES:DSD_KEI@DF_KEI(4.0),I,AUS,M,IR3TIB,PA,_Z,_Z,_Z,2012-08,3.62
DATAFLOW,OECD.SDD.STES:DSD_KEI@DF_KEI(4.0),I,AUS,M,IR3TIB,PA,_Z,_Z,_Z,2012-10,3.16
DATAFLOW,OECD.SDD.STES:DSD_KEI@DF_KEI(4.0),I,AUS,M,IRLT,PA,_Z,_Z,_Z,2007-02,5.80925
DATAFLOW,OECD.SDD.STES:DSD_KEI@DF_KEI(4.0),I,AUS,M,IRLT,PA,_Z,_Z,_Z,2007-06,6.20475
DATAFLOW,OECD.SDD.STES:DSD_KEI@DF_KEI(4.0),I,AUS,M,IRLT,PA,_Z,_Z,_Z,2008-05,6.355
DATAFLOW,OECD.SDD.STES:DSD_KEI@DF_KEI(4.0),I,AUS,M,IRLT,PA,_Z,_Z,_Z,2008-06,6.58675
DATAFLOW,OECD.SDD.STES:DSD_KEI@DF_KEI(4.0),I,AUS,M,IRLT,PA,_Z,_Z,_Z,2024-06,4.242
DATAFLOW,OECD.SDD.STES:DSD_KEI@DF_KEI(4.0),I,AUS,M,IRLT,PA,_Z,_Z,_Z,2024-07,4.326
DATAFLOW,OECD.SDD.STES:DSD_KEI@DF_KEI(4.0),I,AUS,M,IRLT,PA,_Z,_Z,_Z,2024-08,3.976
DATAFLOW,OECD.SDD.STES:DSD_KEI@DF_KEI(4.0),I,AUS,M,IRLT,PA,_Z,_Z,_Z,2024-09,3.922
DATAFLOW,OECD.SDD.STES:DSD_KEI@DF_KEI(4.0),I,AUS,M,IRLT,PA,_Z,_Z,_Z,2024-10,4.267
DATAFLOW,OECD.SDD.STES:DSD_KEI@DF_KEI(4.0),I,AUS,M,IRLT,PA,_Z,_Z,_Z,2024-11,4.544
DATAFLOW,OECD.SDD.STES:DSD_KEI@DF_KEI(4.0),I,AUS,M,IRLT,PA,_Z,_Z,_Z,2024-12,4.313
DATAFLOW,OECD.SDD.STES:DSD_KEI@DF_KEI(4.0),I,AUS,M,IRLT,PA,_Z,_Z,_Z,2025-01,4.481
DATAFLOW,OECD.SDD.STES:DSD_KEI@DF_KEI(4.0),I,AUS,M,IRLT,PA,_Z,_Z,_Z,2025-02,4.423
DATAFLOW,OECD.SDD.STES:DSD_KEI@DF_KEI(4.0),I,AUS,M,IRLT,PA,_Z,_Z,_Z,2025-03,4.421
DATAFLOW,OECD.SDD.STES:DSD_KEI@DF_KEI(4.0),I,AUS,M,IRLT,PA,_Z,_Z,_Z,2025-04,4.267
DATAFLOW,OECD.SDD.STES:DSD_KEI@DF_KEI(4.0),I,AUS,M,IRLT,PA,_Z,_Z,_Z,2025-05,4.35
DATAFLOW,OECD.SDD.STES:DSD_KEI@DF_KEI(4.0),I,AUS,M,IRLT,PA,_Z,_Z,_Z,2025-06,4.208
DATAFLOW,OECD.SDD.STES:DSD_KEI@DF_KEI(4.0),I,AUS,M,IRLT,PA,_Z,_Z,_Z,2025-07,4.291
DATAFLOW,OECD.SDD.STES:DSD_KEI@DF_KEI(4.0),I,AUS,M,IRLT,PA,_Z,_Z,_Z,2025-08,4.275
DATAFLOW,OECD.SDD.STES:DSD_KEI@DF_KEI(4.0),I,AUS,M,IRLT,PA,_Z,_Z,_Z,2025-09,4.298
DATAFLOW,OECD.SDD.STES:DSD_KEI@DF_KEI(4.0),I,AUS,M,IRLT,PA,_Z,_Z,_Z,2025-10,4.234
DATAFLOW,OECD.SDD.STES:DSD_KEI@DF_KEI(4.0),I,AUS,M,IRLT,PA,_Z,_Z,_Z,2026-01,4.74
DATAFLOW,OECD.SDD.STES:DSD_KEI@DF_KEI(4.0),I,AUS,M,IRLT,PA,_Z,_Z,_Z,2007-01,5.87761904761905
DATAFLOW,OECD.SDD.STES:DSD_KEI@DF_KEI(4.0),I,AUS,M,IRLT,PA,_Z,_Z,_Z,2007-03,5.73681818181818
DATAFLOW,OECD.SDD.STES:DSD_KEI@DF_KEI(4.0),I,AUS,M,IRLT,PA,_Z,_Z,_Z,2007-04,5.90972222222222
DATAFLOW,OECD.SDD.STES:DSD_KEI@DF_KEI(4.0),I,AUS,M,IRLT,PA,_Z,_Z,_Z,2007-05,5.92086956521739
DATAFLOW,OECD.SDD.STES:DSD_KEI@DF_KEI(4.0),I,AUS,M,IRLT,PA,_Z,_Z,_Z,2007-07,6.14977272727273
DATAFLOW,OECD.SDD.STES:DSD_KEI@DF_KEI(4.0),I,AUS,M,IRLT,PA,_Z,_Z,_Z,2007-08,5.92590909090909
DATAFLOW,OECD.SDD.STES:DSD_KEI@DF_KEI(4.0),I,AUS,M,IRLT,PA,_Z,_Z,_Z,2007-09,5.99210526315789
DATAFLOW,OECD.SDD.STES:DSD_KEI@DF_KEI(4.0),I,AUS,M,IRLT,PA,_Z,_Z,_Z,2007-10,6.17434782608696
DATAFLOW,OECD.SDD.STES:DSD_KEI@DF_KEI(4.0),I,AUS,M,IRLT,PA,_Z,_Z,_Z,2007-11,6.02545454545455
DATAFLOW,OECD.SDD.STES:DSD_KEI@DF_KEI(4.0),I,AUS,M,IRLT,PA,_Z,_Z,_Z,2007-12,6.20763157894737
DATAFLOW,OECD.SDD.STES:DSD_KEI@DF_KEI(4.0),I,AUS,M,IRLT,PA,_Z,_Z,_Z,2008-01,6.07642857142857
DATAFLOW,OECD.SDD.STES:DSD_KEI@DF_KEI(4.0),I,AUS,M,IRLT,PA,_Z,_Z,_Z,2008-02,6.29452380952381
DATAFLOW,OECD.SDD.STES:DSD_KEI@DF_KEI(4.0),I,AUS,M,IRLT,PA,_Z,_Z,_Z,2008-03,6.08552631578947
DATAFLOW,OECD.SDD.STES:DSD_KEI@DF_KEI(4.0),I,AUS,M,IRLT,PA,_Z,_Z,_Z,2008-04,6.17047619047619
DATAFLOW,OECD.SDD.STES:DSD_KEI@DF_KEI(4.0),I,AUS,M,IRLT,PA,_Z,_Z,_Z,2008-07,6.36652173913044
DATAFLOW,OECD.SDD.STES:DSD_KEI@DF_KEI(4.0),I,AUS,M,IRLT,PA,_Z,_Z,_Z,2008-09,5.64590909090909
DATAFLOW,OECD.SDD.STES:DSD_KEI@DF_KEI(4.0),I,AUS,M,IRLT,PA,_Z,_Z,_Z,2008-10,5.21522727272727
DATAFLOW,OECD.SDD.STES:DSD_KEI@DF_KEI(4.0),I,AUS,M,IRLT,PA,_Z,_Z,_Z,2008-12,4.21571428571429
DATAFLOW,OECD.SDD.STES:DSD_KEI@DF_KEI(4.0),I,AUS,M,IRLT,PA,_Z,_Z,_Z,2009-03,4.32772727272727
DATAFLOW,OECD.SDD.STES:DSD_KEI@DF_KEI(4.0),I,AUS,M,IRLT,PA,_Z,_Z,_Z,2009-05,5.00428571428571
DATAFLOW,OECD.SDD.STES:DSD_KEI@DF_KEI(4.0),I,AUS,M,IRLT,PA,_Z,_Z,_Z,2009-06,5.55666666666667
DATAFLOW,OECD.SDD.STES:DSD_KEI@DF_KEI(4.0),I,AUS,M,IRLT,PA,_Z,_Z,_Z,2009-07,5.48782608695652
DATAFLOW,OECD.SDD.STES:DSD_KEI@DF_KEI(4.0),I,AUS,M,IRLT,PA,_Z,_Z,_Z,2009-09,5.32363636363636
DATAFLOW,OECD.SDD.STES:DSD_KEI@DF_KEI(4.0),I,AUS,M,IRLT,PA,_Z,_Z,_Z,2009-10,5.4502380952381
DATAFLOW,OECD.SDD.STES:DSD_KEI@DF_KEI(4.0),I,AUS,M,IRLT,PA,_Z,_Z,_Z,2009-11,5.46666666666667
DATAFLOW,OECD.SDD.STES:DSD_KEI@DF_KEI(4.0),I,AUS,M,IRLT,PA,_Z,_Z,_Z,2009-12,5.47309523809524
DATAFLOW,OECD.SDD.STES:DSD_KEI@DF_KEI(4.0),I,AUS,M,IRLT,PA,_Z,_Z,_Z,2025-11,4.416
DATAFLOW,OECD.SDD.STES:DSD_KEI@DF_KEI(4.0),I,AUS,M,IRLT,PA,_Z,_Z,_Z,2025-12,4.719
DATAFLOW,OECD.SDD.STES:DSD_KEI@DF_KEI(4.0),I,AUS,M,IR3TIB,PA,_Z,_Z,_Z,2018-10,1.93
DATAFLOW,OECD.SDD.STES:DSD_KEI@DF_KEI(4.0),I,AUS,M,IR3TIB,PA,_Z,_Z,_Z,2018-11,1.94
DATAFLOW,OECD.SDD.STES:DSD_KEI@DF_KEI(4.0),I,AUS,M,IR3TIB,PA,_Z,_Z,_Z,2018-12,2.02
DATAFLOW,OECD.SDD.STES:DSD_KEI@DF_KEI(4.0),I,AUS,M,IR3TIB,PA,_Z,_Z,_Z,2019-01,2.07
DATAFLOW,OECD.SDD.STES:DSD_KEI@DF_KEI(4.0),I,AUS,M,IR3TIB,PA,_Z,_Z,_Z,2019-02,1.96
DATAFLOW,OECD.SDD.STES:DSD_KEI@DF_KEI(4.0),I,AUS,M,IR3TIB,PA,_Z,_Z,_Z,2019-03,1.83
DATAFLOW,OECD.SDD.STES:DSD_KEI@DF_KEI(4.0),I,AUS,M,IR3TIB,PA,_Z,_Z,_Z,2019-04,1.68
DATAFLOW,OECD.SDD.STES:DSD_KEI@DF_KEI(4.0),I,AUS,M,IR3TIB,PA,_Z,_Z,_Z,2019-05,1.54
DATAFLOW,OECD.SDD.STES:DSD_KEI@DF_KEI(4.0),I,AUS,M,IR3TIB,PA,_Z,_Z,_Z,2019-06,1.29
DATAFLOW,OECD.SDD.STES:DSD_KEI@DF_KEI(4.0),I,AUS,M,IR3TIB,PA,_Z,_Z,_Z,2019-07,1.11
DATAFLOW,OECD.SDD.STES:DSD_KEI@DF_KEI(4.0),I,AUS,M,IR3TIB,PA,_Z,_Z,_Z,2019-08,0.98
DATAFLOW,OECD.SDD.STES:DSD_KEI@DF_KEI(4.0),I,AUS,M,IR3TIB,PA,_Z,_Z,_Z,2019-09,0.98
DATAFLOW,OECD.SDD.STES:DSD_KEI@DF_KEI(4.0),I,AUS,M,IR3TIB,PA,_Z,_Z,_Z,2019-10,0.88
DATAFLOW,OECD.SDD.STES:DSD_KEI@DF_KEI(4.0),I,AUS,M,IR3TIB,PA,_Z,_Z,_Z,2019-11,0.91
DATAFLOW,OECD.SDD.STES:DSD_KEI@DF_KEI(4.0),I,AUS,M,IR3TIB,PA,_Z,_Z,_Z,2019-12,0.9
DATAFLOW,OECD.SDD.STES:DSD_KEI@DF_KEI(4.0),I,AUS,M,IR3TIB,PA,_Z,_Z,_Z,2020-01,0.89
DATAFLOW,OECD.SDD.STES:DSD_KEI@DF_KEI(4.0),I,AUS,M,IR3TIB,PA,_Z,_Z,_Z,2020-02,0.89
DATAFLOW,OECD.SDD.STES:DSD_KEI@DF_KEI(4.0),I,AUS,M,IR3TIB,PA,_Z,_Z,_Z,2020-03,0.53
DATAFLOW,OECD.SDD.STES:DSD_KEI@DF_KEI(4.0),I,AUS,M,IR3TIB,PA,_Z,_Z,_Z,2020-04,0.17
DATAFLOW,OECD.SDD.STES:DSD_KEI@DF_KEI(4.0),I,AUS,M,IR3TIB,PA,_Z,_Z,_Z,2020-05,0.1
DATAFLOW,OECD.SDD.STES:DSD_KEI@DF_KEI(4.0),I,AUS,M,IR3TIB,PA,_Z,_Z,_Z,2020-06,0.1
DATAFLOW,OECD.SDD.STES:DSD_KEI@DF_KEI(4.0),I,AUS,M,IR3TIB,PA,_Z,_Z,_Z,2020-07,0.1
DATAFLOW,OECD.SDD.STES:DSD_KEI@DF_KEI(4.0),I,AUS,M,IR3TIB,PA,_Z,_Z,_Z,2020-08,0.1
DATAFLOW,OECD.SDD.STES:DSD_KEI@DF_KEI(4.0),I,AUS,M,IR3TIB,PA,_Z,_Z,_Z,2020-09,0.09
DATAFLOW,OECD.SDD.STES:DSD_KEI@DF_KEI(4.0),I,AUS,M,IR3TIB,PA,_Z,_Z,_Z,2020-10,0.07
DATAFLOW,OECD.SDD.STES:DSD_KEI@DF_KEI(4.0),I,AUS,M,IR3TIB,PA,_Z,_Z,_Z,2020-11,0.02
DATAFLOW,OECD.SDD.STES:DSD_KEI@DF_KEI(4.0),I,AUS,M,IR3TIB,PA,_Z,_Z,_Z,2020-12,0.02
DATAFLOW,OECD.SDD.STES:DSD_KEI@DF_KEI(4.0),I,AUS,M,IR3TIB,PA,_Z,_Z,_Z,2021-01,0.01
DATAFLOW,OECD.SDD.STES:DSD_KEI@DF_KEI(4.0),I,AUS,M,IR3TIB,PA,_Z,_Z,_Z,2021-02,0.01
DATAFLOW,OECD.SDD.STES:DSD_KEI@DF_KEI(4.0),I,AUS,M,IR3TIB,PA,_Z,_Z,_Z,2021-03,0.03
DATAFLOW,OECD.SDD.STES:DSD_KEI@DF_KEI(4.0),I,AUS,M,IR3TIB,PA,_Z,_Z,_Z,2021-04,0.04
DATAFLOW,OECD.SDD.STES:DSD_KEI@DF_KEI(4.0),I,AUS,M,IR3TIB,PA,_Z,_Z,_Z,2021-05,0.04
DATAFLOW,OECD.SDD.STES:DSD_KEI@DF_KEI(4.0),I,AUS,M,IR3TIB,PA,_Z,_Z,_Z,2021-06,0.03
DATAFLOW,OECD.SDD.STES:DSD_KEI@DF_KEI(4.0),I,AUS,M,IR3TIB,PA,_Z,_Z,_Z,2021-07,0.02
DATAFLOW,OECD.SDD.STES:DSD_KEI@DF_KEI(4.0),I,AUS,M,IR3TIB,PA,_Z,_Z,_Z,2021-08,0.01
DATAFLOW,OECD.SDD.STES:DSD_KEI@DF_KEI(4.0),I,AUS,M,IR3TIB,PA,_Z,_Z,_Z,2021-09,0.01
DATAFLOW,OECD.SDD.STES:DSD_KEI@DF_KEI(4.0),I,AUS,M,IR3TIB,PA,_Z,_Z,_Z,2021-10,0.04
DATAFLOW,OECD.SDD.STES:DSD_KEI@DF_KEI(4.0),I,AUS,M,IR3TIB,PA,_Z,_Z,_Z,2021-11,0.04
DATAFLOW,OECD.SDD.STES:DSD_KEI@DF_KEI(4.0),I,AUS,M,IR3TIB,PA,_Z,_Z,_Z,2021-12,0.06
DATAFLOW,OECD.SDD.STES:DSD_KEI@DF_KEI(4.0),I,AUS,M,IR3TIB,PA,_Z,_Z,_Z,2022-01,0.07
DATAFLOW,OECD.SDD.STES:DSD_KEI@DF_KEI(4.0),I,AUS,M,IR3TIB,PA,_Z,_Z,_Z,2022-02,0.07
DATAFLOW,OECD.SDD.STES:DSD_KEI@DF_KEI(4.0),I,AUS,M,IR3TIB,PA,_Z,_Z,_Z,2022-03,0.17
DATAFLOW,OECD.SDD.STES:DSD_KEI@DF_KEI(4.0),I,AUS,M,IR3TIB,PA,_Z,_Z,_Z,2022-04,0.41
DATAFLOW,OECD.SDD.STES:DSD_KEI@DF_KEI(4.0),I,AUS,M,IR3TIB,PA,_Z,_Z,_Z,2022-05,1.0
DATAFLOW,OECD.SDD.STES:DSD_KEI@DF_KEI(4.0),I,AUS,M,IR3TIB,PA,_Z,_Z,_Z,2022-06,1.6
DATAFLOW,OECD.SDD.STES:DSD_KEI@DF_KEI(4.0),I,AUS,M,IR3TIB,PA,_Z,_Z,_Z,2022-07,2.07
DATAFLOW,OECD.SDD.STES:DSD_KEI@DF_KEI(4.0),I,AUS,M,IR3TIB,PA,_Z,_Z,_Z,2022-08,2.31
DATAFLOW,OECD.SDD.STES:DSD_KEI@DF_KEI(4.0),I,AUS,M,IR3TIB,PA,_Z,_Z,_Z,2022-09,2.76
DATAFLOW,OECD.SDD.STES:DSD_KEI@DF_KEI(4.0),I,AUS,M,IR3TIB,PA,_Z,_Z,_Z,2022-10,2.95
DATAFLOW,OECD.SDD.STES:DSD_KEI@DF_KEI(4.0),I,AUS,M,IR3TIB,PA,_Z,_Z,_Z,2022-11,3.06
DATAFLOW,OECD.SDD.STES:DSD_KEI@DF_KEI(4.0),I,AUS,M,IR3TIB,PA,_Z,_Z,_Z,2022-12,3.17
DATAFLOW,OECD.SDD.STES:DSD_KEI@DF_KEI(4.0),I,AUS,M,IR3TIB,PA,_Z,_Z,_Z,2023-01,3.32
DATAFLOW,OECD.SDD.STES:DSD_KEI@DF_KEI(4.0),I,AUS,M,IR3TIB,PA,_Z,_Z,_Z,2023-02,3.46
DATAFLOW,OECD.SDD.STES:DSD_KEI@DF_KEI(4.0),I,AUS,M,IR3TIB,PA,_Z,_Z,_Z,2023-03,3.64
DATAFLOW,OECD.SDD.STES:DSD_KEI@DF_KEI(4.0),I,AUS,M,IR3TIB,PA,_Z,_Z,_Z,2023-04,3.66
DATAFLOW,OECD.SDD.STES:DSD_KEI@DF_KEI(4.0),I,AUS,M,IR3TIB,PA,_Z,_Z,_Z,2023-05,3.9
DATAFLOW,OECD.SDD.STES:DSD_KEI@DF_KEI(4.0),I,AUS,M,IR3TIB,PA,_Z,_Z,_Z,2023-06,4.25
DATAFLOW,OECD.SDD.STES:DSD_KEI@DF_KEI(4.0),I,AUS,M,IR3TIB,PA,_Z,_Z,_Z,2023-07,4.3
DATAFLOW,OECD.SDD.STES:DSD_KEI@DF_KEI(4.0),I,AUS,M,IR3TIB,PA,_Z,_Z,_Z,2023-08,4.15
DATAFLOW,OECD.SDD.STES:DSD_KEI@DF_KEI(4.0),I,AUS,M,IR3TIB,PA,_Z,_Z,_Z,2023-09,4.13
DATAFLOW,OECD.SDD.STES:DSD_KEI@DF_KEI(4.0),I,AUS,M,IR3TIB,PA,_Z,_Z,_Z,2023-10,4.21
DATAFLOW,OECD.SDD.STES:DSD_KEI@DF_KEI(4.0),I,AUS,M,IR3TIB,PA,_Z,_Z,_Z,2023-11,4.38
DATAFLOW,OECD.SDD.STES:DSD_KEI@DF_KEI(4.0),I,AUS,M,IR3TIB,PA,_Z,_Z,_Z,2023-12,4.35
DATAFLOW,OECD.SDD.STES:DSD_KEI@DF_KEI(4.0),I,AUS,M,IRSTCI,PA,_Z,_Z,_Z,2017-11,1.5
DATAFLOW,OECD.SDD.STES:DSD_KEI@DF_KEI(4.0),I,AUS,M,IRSTCI,PA,_Z,_Z,_Z,2017-12,1.5
DATAFLOW,OECD.SDD.STES:DSD_KEI@DF_KEI(4.0),I,AUS,M,IRSTCI,PA,_Z,_Z,_Z,2018-01,1.5
DATAFLOW,OECD.SDD.STES:DSD_KEI@DF_KEI(4.0),I,AUS,M,IRSTCI,PA,_Z,_Z,_Z,2018-02,1.5
DATAFLOW,OECD.SDD.STES:DSD_KEI@DF_KEI(4.0),I,AUS,M,IRLT,PA,_Z,_Z,_Z,2019-09,1.035
DATAFLOW,OECD.SDD.STES:DSD_KEI@DF_KEI(4.0),I,AUS,M,IRLT,PA,_Z,_Z,_Z,2019-10,1.037
DATAFLOW,OECD.SDD.STES:DSD_KEI@DF_KEI(4.0),I,AUS,M,IRLT,PA,_Z,_Z,_Z,2019-11,1.152
DATAFLOW,OECD.SDD.STES:DSD_KEI@DF_KEI(4.0),I,AUS,M,IRLT,PA,_Z,_Z,_Z,2019-12,1.202
DATAFLOW,OECD.SDD.STES:DSD_KEI@DF_KEI(4.0),I,AUS,M,IRLT,PA,_Z,_Z,_Z,2020-01,1.159
DATAFLOW,OECD.SDD.STES:DSD_KEI@DF_KEI(4.0),I,AUS,M,IRLT,PA,_Z,_Z,_Z,2020-02,0.984
DATAFLOW,OECD.SDD.STES:DSD_KEI@DF_KEI(4.0),I,AUS,M,IRLT,PA,_Z,_Z,_Z,2020-03,0.884
DATAFLOW,OECD.SDD.STES:DSD_KEI@DF_KEI(4.0),I,AUS,M,IRLT,PA,_Z,_Z,_Z,2020-04,0.854
DATAFLOW,OECD.SDD.STES:DSD_KEI@DF_KEI(4.0),I,AUS,M,IRLT,PA,_Z,_Z,_Z,2020-05,0.903
DATAFLOW,OECD.SDD.STES:DSD_KEI@DF_KEI(4.0),I,AUS,M,IRLT,PA,_Z,_Z,_Z,2020-06,0.928
DATAFLOW,OECD.SDD.STES:DSD_KEI@DF_KEI(4.0),I,AUS,M,IRLT,PA,_Z,_Z,_Z,2020-07,0.897
DATAFLOW,OECD.SDD.STES:DSD_KEI@DF_KEI(4.0),I,AUS,M,IRLT,PA,_Z,_Z,_Z,2020-09,0.894
DATAFLOW,OECD.SDD.STES:DSD_KEI@DF_KEI(4.0),I,AUS,M,IRLT,PA,_Z,_Z,_Z,2020-10,0.802
DATAFLOW,OECD.SDD.STES:DSD_KEI@DF_KEI(4.0),I,AUS,M,IRLT,PA,_Z,_Z,_Z,2020-11,0.856
DATAFLOW,OECD.SDD.STES:DSD_KEI@DF_KEI(4.0),I,AUS,M,IRLT,PA,_Z,_Z,_Z,2020-12,0.976
DATAFLOW,OECD.SDD.STES:DSD_KEI@DF_KEI(4.0),I,AUS,M,IRLT,PA,_Z,_Z,_Z,2021-01,1.053
DATAFLOW,OECD.SDD.STES:DSD_KEI@DF_KEI(4.0),I,AUS,M,IRLT,PA,_Z,_Z,_Z,2021-02,1.334
DATAFLOW,OECD.SDD.STES:DSD_KEI@DF_KEI(4.0),I,AUS,M,IRLT,PA,_Z,_Z,_Z,2021-03,1.707
DATAFLOW,OECD.SDD.STES:DSD_KEI@DF_KEI(4.0),I,AUS,M,IRLT,PA,_Z,_Z,_Z,2021-04,1.676
DATAFLOW,OECD.SDD.STES:DSD_KEI@DF_KEI(4.0),I,AUS,M,IRSTCI,PA,_Z,_Z,_Z,2021-02,0.1
DATAFLOW,OECD.SDD.STES:DSD_KEI@DF_KEI(4.0),I,AUS,M,IRSTCI,PA,_Z,_Z,_Z,2021-03,0.1
DATAFLOW,OECD.SDD.STES:DSD_KEI@DF_KEI(4.0),I,AUS,M,IRSTCI,PA,_Z,_Z,_Z,2021-04,0.1
DATAFLOW,OECD.SDD.STES:DSD_KEI@DF_KEI(4.0),I,AUS,M,IRSTCI,PA,_Z,_Z,_Z,2021-05,0.1
DATAFLOW,OECD.SDD.STES:DSD_KEI@DF_KEI(4.0),I,AUS,M,IRSTCI,PA,_Z,_Z,_Z,2021-06,0.1
DATAFLOW,OECD.SDD.STES:DSD_KEI@DF_KEI(4.0),I,AUS,M,IRSTCI,PA,_Z,_Z,_Z,2021-07,0.1
DATAFLOW,OECD.SDD.STES:DSD_KEI@DF_KEI(4.0),I,FRA,M,IRLT,PA,_Z,_Z,_Z,2009-12,3.48
DATAFLOW,OECD.SDD.STES:DSD_KEI@DF_KEI(4.0),I,FRA,M,IRLT,PA,_Z,_Z,_Z,2010-01,3.52
DATAFLOW,OECD.SDD.STES:DSD_KEI@DF_KEI(4.0),I,FRA,M,IRLT,PA,_Z,_Z,_Z,2010-02,3.5
DATAFLOW,OECD.SDD.STES:DSD_KEI@DF_KEI(4.0),I,FRA,M,IRLT,PA,_Z,_Z,_Z,2010-03,3.44
DATAFLOW,OECD.SDD.STES:DSD_KEI@DF_KEI(4.0),I,FRA,M,IRLT,PA,_Z,_Z,_Z,2010-04,3.4
DATAFLOW,OECD.SDD.STES:DSD_KEI@DF_KEI(4.0),I,FRA,M,IRLT,PA,_Z,_Z,_Z,2010-05,3.08
DATAFLOW,OECD.SDD.STES:DSD_KEI@DF_KEI(4.0),I,FRA,M,IRLT,PA,_Z,_Z,_Z,2010-06,3.07
DATAFLOW,OECD.SDD.STES:DSD_KEI@DF_KEI(4.0),I,FRA,M,IRLT,PA,_Z,_Z,_Z,2010-07,2.99
DATAFLOW,OECD.SDD.STES:DSD_KEI@DF_KEI(4.0),I,FRA,M,IRLT,PA,_Z,_Z,_Z,2010-08,2.68
DATAFLOW,OECD.SDD.STES:DSD_KEI@DF_KEI(4.0),I,FRA,M,IRLT,PA,_Z,_Z,_Z,2010-09,2.68
DATAFLOW,OECD.SDD.STES:DSD_KEI@DF_KEI(4.0),I,FRA,M,IRLT,PA,_Z,_Z,_Z,2010-10,2.72
DATAFLOW,OECD.SDD.STES:DSD_KEI@DF_KEI(4.0),I,FRA,M,IRLT,PA,_Z,_Z,_Z,2010-11,3.0
DATAFLOW,OECD.SDD.STES:DSD_KEI@DF_KEI(4.0),I,FRA,M,IRLT,PA,_Z,_Z,_Z,2010-12,3.34
DATAFLOW,OECD.SDD.STES:DSD_KEI@DF_KEI(4.0),I,FRA,M,IRLT,PA,_Z,_Z,_Z,2011-01,3.44
DATAFLOW,OECD.SDD.STES:DSD_KEI@DF_KEI(4.0),I,FRA,M,IRLT,PA,_Z,_Z,_Z,2011-02,3.6
DATAFLOW,OECD.SDD.STES:DSD_KEI@DF_KEI(4.0),I,FRA,M,IRLT,PA,_Z,_Z,_Z,2011-03,3.61
DATAFLOW,OECD.SDD.STES:DSD_KEI@DF_KEI(4.0),I,FRA,M,IRLT,PA,_Z,_Z,_Z,2011-04,3.69
DATAFLOW,OECD.SDD.STES:DSD_KEI@DF_KEI(4.0),I,FRA,M,IRLT,PA,_Z,_Z,_Z,2011-05,3.49
DATAFLOW,OECD.SDD.STES:DSD_KEI@DF_KEI(4.0),I,FRA,M,IRLT,PA,_Z,_Z,_Z,2011-06,3.43
DATAFLOW,OECD.SDD.STES:DSD_KEI@DF_KEI(4.0),I,FRA,M,IRLT,PA,_Z,_Z,_Z,2011-07,3.4
DATAFLOW,OECD.SDD.STES:DSD_KEI@DF_KEI(4.0),I,FRA,M,IRLT,PA,_Z,_Z,_Z,2011-08,2.98
DATAFLOW,OECD.SDD.STES:DSD_KEI@DF_KEI(4.0),I,FRA,M,IRLT,PA,_Z,_Z,_Z,2011-09,2.64
DATAFLOW,OECD.SDD.STES:DSD_KEI@DF_KEI(4.0),I,FRA,M,IRLT,PA,_Z,_Z,_Z,2011-10,2.99
DATAFLOW,OECD.SDD.STES:DSD_KEI@DF_KEI(4.0),I,FRA,M,IRLT,PA,_Z,_Z,_Z,2011-11,3.41
DATAFLOW,OECD.SDD.STES:DSD_KEI@DF_KEI(4.0),I,FRA,M,IRLT,PA,_Z,_Z,_Z,2011-12,3.16
DATAFLOW,OECD.SDD.STES:DSD_KEI@DF_KEI(4.0),I,FRA,M,IRLT,PA,_Z,_Z,_Z,2012-01,3.18
DATAFLOW,OECD.SDD.STES:DSD_KEI@DF_KEI(4.0),I,FRA,M,IRLT,PA,_Z,_Z,_Z,2012-02,3.02
DATAFLOW,OECD.SDD.STES:DSD_KEI@DF_KEI(4.0),I,FRA,M,IRLT,PA,_Z,_Z,_Z,2012-03,2.95
DATAFLOW,OECD.SDD.STES:DSD_KEI@DF_KEI(4.0),I,FRA,M,IRLT,PA,_Z,_Z,_Z,2012-04,2.99
DATAFLOW,OECD.SDD.STES:DSD_KEI@DF_KEI(4.0),I,FRA,M,IRLT,PA,_Z,_Z,_Z,2012-05,2.75
DATAFLOW,OECD.SDD.STES:DSD_KEI@DF_KEI(4.0),I,FRA,M,IRLT,PA,_Z,_Z,_Z,2016-04,0.51
DATAFLOW,OECD.SDD.STES:DSD_KEI@DF_KEI(4.0),I,FRA,M,IRLT,PA,_Z,_Z,_Z,2017-09,0.7
DATAFLOW,OECD.SDD.STES:DSD_KEI@DF_KEI(4.0),I,FRA,M,IRLT,PA,_Z,_Z,_Z,2023-01,2.69
DATAFLOW,OECD.SDD.STES:DSD_KEI@DF_KEI(4.0),I,FRA,M,IRLT,PA,_Z,_Z,_Z,2026-01,3.53
DATAFLOW,OECD.SDD.STES:DSD_KEI@DF_KEI(4.0),I,FRA,M,IRSTCI,PA,_Z,_Z,_Z,2022-07,-0.571064285714286
DATAFLOW,OECD.SDD.STES:DSD_KEI@DF_KEI(4.0),I,FRA,M,IRSTCI,PA,_Z,_Z,_Z,2022-08,-0.0946521739130435
DATAFLOW,OECD.SDD.STES:DSD_KEI@DF_KEI(4.0),I,FRA,M,IRSTCI,PA,_Z,_Z,_Z,2022-09,0.254584090909091
DATAFLOW,OECD.SDD.STES:DSD_KEI@DF_KEI(4.0),I,FRA,M,IRSTCI,PA,_Z,_Z,_Z,2022-10,0.655378571428571
DATAFLOW,OECD.SDD.STES:DSD_KEI@DF_KEI(4.0),I,AUS,M,IRSTCI,PA,_Z,_Z,_Z,2012-04,4.25
DATAFLOW,OECD.SDD.STES:DSD_KEI@DF_KEI(4.0),I,AUS,M,IRSTCI,PA,_Z,_Z,_Z,2012-07,3.5
DATAFLOW,OECD.SDD.STES:DSD_KEI@DF_KEI(4.0),I,AUS,M,IRSTCI,PA,_Z,_Z,_Z,2012-08,3.5
DATAFLOW,OECD.SDD.STES:DSD_KEI@DF_KEI(4.0),I,AUS,M,IRSTCI,PA,_Z,_Z,_Z,2012-09,3.5
DATAFLOW,OECD.SDD.STES:DSD_KEI@DF_KEI(4.0),I,AUS,M,IRSTCI,PA,_Z,_Z,_Z,2013-05,2.8
DATAFLOW,OECD.SDD.STES:DSD_KEI@DF_KEI(4.0),I,AUS,M,IRSTCI,PA,_Z,_Z,_Z,2013-06,2.75
DATAFLOW,OECD.SDD.STES:DSD_KEI@DF_KEI(4.0),I,AUS,M,IRSTCI,PA,_Z,_Z,_Z,2013-07,2.75
DATAFLOW,OECD.SDD.STES:DSD_KEI@DF_KEI(4.0),I,AUS,M,IRSTCI,PA,_Z,_Z,_Z,2013-08,2.55
DATAFLOW,OECD.SDD.STES:DSD_KEI@DF_KEI(4.0),I,AUS,M,IRSTCI,PA,_Z,_Z,_Z,2013-09,2.5
DATAFLOW,OECD.SDD.STES:DSD_KEI@DF_KEI(4.0),I,AUS,M,IRSTCI,PA,_Z,_Z,_Z,2013-10,2.5
DATAFLOW,OECD.SDD.STES:DSD_KEI@DF_KEI(4.0),I,AUS,M,IRSTCI,PA,_Z,_Z,_Z,2013-11,2.5
DATAFLOW,OECD.SDD.STES:DSD_KEI@DF_KEI(4.0),I,AUS,M,IRSTCI,PA,_Z,_Z,_Z,2013-12,2.5
DATAFLOW,OECD.SDD.STES:DSD_KEI@DF_KEI(4.0),I,AUS,M,IRSTCI,PA,_Z,_Z,_Z,2014-01,2.5
DATAFLOW,OECD.SDD.STES:DSD_KEI@DF_KEI(4.0),I,AUS,M,IRSTCI,PA,_Z,_Z,_Z,2014-02,2.5
DATAFLOW,OECD.SDD.STES:DSD_KEI@DF_KEI(4.0),I,AUS,M,IRSTCI,PA,_Z,_Z,_Z,2014-03,2.5
DATAFLOW,OECD.SDD.STES:DSD_KEI@DF_KEI(4.0),I,AUS,M,IRSTCI,PA,_Z,_Z,_Z,2014-04,2.5
DATAFLOW,OECD.SDD.STES:DSD_KEI@DF_KEI(4.0),I,AUS,M,IRSTCI,PA,_Z,_Z,_Z,2014-05,2.5
DATAFLOW,OECD.SDD.STES:DSD_KEI@DF_KEI(4.0),I,AUS,M,IRSTCI,PA,_Z,_Z,_Z,2014-06,2.5
DATAFLOW,OECD.SDD.STES:DSD_KEI@DF_KEI(4.0),I,AUS,M,IRSTCI,PA,_Z,_Z,_Z,2014-07,2.5
DATAFLOW,OECD.SDD.STES:DSD_KEI@DF_KEI(4.0),I,AUS,M,IRSTCI,PA,_Z,_Z,_Z,2014-08,2.5
DATAFLOW,OECD.SDD.STES:DSD_KEI@DF_KEI(4.0),I,AUS,M,IRSTCI,PA,_Z,_Z,_Z,2014-09,2.5
DATAFLOW,OECD.SDD.STES:DSD_KEI@DF_KEI(4.0),I,AUS,M,IRSTCI,PA,_Z,_Z,_Z,2014-10,2.5
DATAFLOW,OECD.SDD.STES:DSD_KEI@DF_KEI(4.0),I,AUS,M,IRSTCI,PA,_Z,_Z,_Z,2014-11,2.5
DATAFLOW,OECD.SDD.STES:DSD_KEI@DF_KEI(4.0),I,AUS,M,IRSTCI,PA,_Z,_Z,_Z,2014-12,2.5
DATAFLOW,OECD.SDD.STES:DSD_KEI@DF_KEI(4.0),I,AUS,M,IRSTCI,PA,_Z,_Z,_Z,2015-01,2.5
DATAFLOW,OECD.SDD.STES:DSD_KEI@DF_KEI(4.0),I,AUS,M,IRSTCI,PA,_Z,_Z,_Z,2015-02,2.28
DATAFLOW,OECD.SDD.STES:DSD_KEI@DF_KEI(4.0),I,AUS,M,IRSTCI,PA,_Z,_Z,_Z,2015-03,2.25
DATAFLOW,OECD.SDD.STES:DSD_KEI@DF_KEI(4.0),I,AUS,M,IRSTCI,PA,_Z,_Z,_Z,2015-04,2.25
DATAFLOW,OECD.SDD.STES:DSD_KEI@DF_KEI(4.0),I,AUS,M,IRSTCI,PA,_Z,_Z,_Z,2015-05,2.04
DATAFLOW,OECD.SDD.STES:DSD_KEI@DF_KEI(4.0),I,AUS,M,IRSTCI,PA,_Z,_Z,_Z,2015-06,2.0
DATAFLOW,OECD.SDD.STES:DSD_KEI@DF_KEI(4.0),I,AUS,M,IRSTCI,PA,_Z,_Z,_Z,2015-07,2.0
DATAFLOW,OECD.SDD.STES:DSD_KEI@DF_KEI(4.0),I,AUS,M,IRSTCI,PA,_Z,_Z,_Z,2015-08,2.0
DATAFLOW,OECD.SDD.STES:DSD_KEI@DF_KEI(4.0),I,AUS,M,IRSTCI,PA,_Z,_Z,_Z,2015-09,2.0
DATAFLOW,OECD.SDD.STES:DSD_KEI@DF_KEI(4.0),I,AUS,M,IRSTCI,PA,_Z,_Z,_Z,2015-10,2.0
DATAFLOW,OECD.SDD.STES:DSD_KEI@DF_KEI(4.0),I,AUS,M,IRSTCI,PA,_Z,_Z,_Z,2015-11,2.0
DATAFLOW,OECD.SDD.STES:DSD_KEI@DF_KEI(4.0),I,AUS,M,IRSTCI,PA,_Z,_Z,_Z,2015-12,2.0
DATAFLOW,OECD.SDD.STES:DSD_KEI@DF_KEI(4.0),I,AUS,M,IRSTCI,PA,_Z,_Z,_Z,2016-01,2.0
DATAFLOW,OECD.SDD.STES:DSD_KEI@DF_KEI(4.0),I,AUS,M,IRSTCI,PA,_Z,_Z,_Z,2016-02,2.0
DATAFLOW,OECD.SDD.STES:DSD_KEI@DF_KEI(4.0),I,AUS,M,IRSTCI,PA,_Z,_Z,_Z,2016-03,2.0
DATAFLOW,OECD.SDD.STES:DSD_KEI@DF_KEI(4.0),I,AUS,M,IRSTCI,PA,_Z,_Z,_Z,2016-04,2.0
DATAFLOW,OECD.SDD.STES:DSD_KEI@DF_KEI(4.0),I,AUS,M,IRSTCI,PA,_Z,_Z,_Z,2016-05,1.77
DATAFLOW,OECD.SDD.STES:DSD_KEI@DF_KEI(4.0),I,AUS,M,IRSTCI,PA,_Z,_Z,_Z,2016-06,1.75
DATAFLOW,OECD.SDD.STES:DSD_KEI@DF_KEI(4.0),I,AUS,M,IRSTCI,PA,_Z,_Z,_Z,2016-07,1.75
DATAFLOW,OECD.SDD.STES:DSD_KEI@DF_KEI(4.0),I,AUS,M,IRSTCI,PA,_Z,_Z,_Z,2016-08,1.52
DATAFLOW,OECD.SDD.STES:DSD_KEI@DF_KEI(4.0),I,AUS,M,IRSTCI,PA,_Z,_Z,_Z,2016-09,1.5
DATAFLOW,OECD.SDD.STES:DSD_KEI@DF_KEI(4.0),I,AUS,M,IRSTCI,PA,_Z,_Z,_Z,2016-10,1.5
DATAFLOW,OECD.SDD.STES:DSD_KEI@DF_KEI(4.0),I,AUS,M,IRSTCI,PA,_Z,_Z,_Z,2016-11,1.5
DATAFLOW,OECD.SDD.STES:DSD_KEI@DF_KEI(4.0),I,AUS,M,IRSTCI,PA,_Z,_Z,_Z,2016-12,1.5
DATAFLOW,OECD.SDD.STES:DSD_KEI@DF_KEI(4.0),I,AUS,M,IRSTCI,PA,_Z,_Z,_Z,2017-01,1.5
DATAFLOW,OECD.SDD.STES:DSD_KEI@DF_KEI(4.0),I,AUS,M,IRSTCI,PA,_Z,_Z,_Z,2017-02,1.5
DATAFLOW,OECD.SDD.STES:DSD_KEI@DF_KEI(4.0),I,AUS,M,IRSTCI,PA,_Z,_Z,_Z,2017-03,1.5
DATAFLOW,OECD.SDD.STES:DSD_KEI@DF_KEI(4.0),I,AUS,M,IRSTCI,PA,_Z,_Z,_Z,2017-04,1.5
DATAFLOW,OECD.SDD.STES:DSD_KEI@DF_KEI(4.0),I,AUS,M,IRSTCI,PA,_Z,_Z,_Z,2017-05,1.5
DATAFLOW,OECD.SDD.STES:DSD_KEI@DF_KEI(4.0),I,AUS,M,IRSTCI,PA,_Z,_Z,_Z,2017-06,1.5
DATAFLOW,OECD.SDD.STES:DSD_KEI@DF_KEI(4.0),I,AUS,M,IRSTCI,PA,_Z,_Z,_Z,2017-07,1.5
DATAFLOW,OECD.SDD.STES:DSD_KEI@DF_KEI(4.0),I,AUS,M,IRSTCI,PA,_Z,_Z,_Z,2017-08,1.5
DATAFLOW,OECD.SDD.STES:DSD_KEI@DF_KEI(4.0),I,AUS,M,IRSTCI,PA,_Z,_Z,_Z,2017-09,1.5
DATAFLOW,OECD.SDD.STES:DSD_KEI@DF_KEI(4.0),I,AUS,M,IRSTCI,PA,_Z,_Z,_Z,2017-10,1.5
DATAFLOW,OECD.SDD.STES:DSD_KEI@DF_KEI(4.0),I,AUS,M,IRSTCI,PA,_Z,_Z,_Z,2009-05,3.0
DATAFLOW,OECD.SDD.STES:DSD_KEI@DF_KEI(4.0),I,AUS,M,IRSTCI,PA,_Z,_Z,_Z,2009-07,3.0
DATAFLOW,OECD.SDD.STES:DSD_KEI@DF_KEI(4.0),I,AUS,M,IRSTCI,PA,_Z,_Z,_Z,2009-08,3.0
DATAFLOW,OECD.SDD.STES:DSD_KEI@DF_KEI(4.0),I,AUS,M,IRSTCI,PA,_Z,_Z,_Z,2009-09,3.0
DATAFLOW,OECD.SDD.STES:DSD_KEI@DF_KEI(4.0),I,AUS,M,IRSTCI,PA,_Z,_Z,_Z,2013-01,3.0
DATAFLOW,OECD.SDD.STES:DSD_KEI@DF_KEI(4.0),I,AUS,M,IRSTCI,PA,_Z,_Z,_Z,2013-02,3.0
DATAFLOW,OECD.SDD.STES:DSD_KEI@DF_KEI(4.0),I,AUS,M,IRSTCI,PA,_Z,_Z,_Z,2013-03,3.0
DATAFLOW,OECD.SDD.STES:DSD_KEI@DF_KEI(4.0),I,AUS,M,IRSTCI,PA,_Z,_Z,_Z,2013-04,3.0
DATAFLOW,OECD.SDD.STES:DSD_KEI@DF_KEI(4.0),I,AUS,M,IRSTCI,PA,_Z,_Z,_Z,2010-06,4.5
DATAFLOW,OECD.SDD.STES:DSD_KEI@DF_KEI(4.0),I,AUS,M,IR3TIB,PA,_Z,_Z,_Z,2017-03,1.79
DATAFLOW,OECD.SDD.STES:DSD_KEI@DF_KEI(4.0),I,AUS,M,IR3TIB,PA,_Z,_Z,_Z,2017-04,1.77
DATAFLOW,OECD.SDD.STES:DSD_KEI@DF_KEI(4.0),I,AUS,M,IR3TIB,PA,_Z,_Z,_Z,2017-05,1.73
DATAFLOW,OECD.SDD.STES:DSD_KEI@DF_KEI(4.0),I,AUS,M,IR3TIB,PA,_Z,_Z,_Z,2017-06,1.72
DATAFLOW,OECD.SDD.STES:DSD_KEI@DF_KEI(4.0),I,AUS,M,IR3TIB,PA,_Z,_Z,_Z,2017-07,1.7
DATAFLOW,OECD.SDD.STES:DSD_KEI@DF_KEI(4.0),I,AUS,M,IR3TIB,PA,_Z,_Z,_Z,2017-08,1.7
DATAFLOW,OECD.SDD.STES:DSD_KEI@DF_KEI(4.0),I,AUS,M,IR3TIB,PA,_Z,_Z,_Z,2017-09,1.72
DATAFLOW,OECD.SDD.STES:DSD_KEI@DF_KEI(4.0),I,AUS,M,IR3TIB,PA,_Z,_Z,_Z,2017-10,1.7
DATAFLOW,OECD.SDD.STES:DSD_KEI@DF_KEI(4.0),I,AUS,M,IR3TIB,PA,_Z,_Z,_Z,2017-11,1.72
DATAFLOW,OECD.SDD.STES:DSD_KEI@DF_KEI(4.0),I,AUS,M,IR3TIB,PA,_Z,_Z,_Z,2017-12,1.77
DATAFLOW,OECD.SDD.STES:DSD_KEI@DF_KEI(4.0),I,AUS,M,IR3TIB,PA,_Z,_Z,_Z,2018-01,1.79
DATAFLOW,OECD.SDD.STES:DSD_KEI@DF_KEI(4.0),I,AUS,M,IR3TIB,PA,_Z,_Z,_Z,2018-02,1.77
DATAFLOW,OECD.SDD.STES:DSD_KEI@DF_KEI(4.0),I,AUS,M,IR3TIB,PA,_Z,_Z,_Z,2018-03,1.93
DATAFLOW,OECD.SDD.STES:DSD_KEI@DF_KEI(4.0),I,AUS,M,IR3TIB,PA,_Z,_Z,_Z,2018-04,2.06
DATAFLOW,OECD.SDD.STES:DSD_KEI@DF_KEI(4.0),I,AUS,M,IR3TIB,PA,_Z,_Z,_Z,2018-05,1.96
DATAFLOW,OECD.SDD.STES:DSD_KEI@DF_KEI(4.0),I,AUS,M,IR3TIB,PA,_Z,_Z,_Z,2018-06,2.07
DATAFLOW,OECD.SDD.STES:DSD_KEI@DF_KEI(4.0),I,AUS,M,IR3TIB,PA,_Z,_Z,_Z,2018-07,2.02
DATAFLOW,OECD.SDD.STES:DSD_KEI@DF_KEI(4.0),I,AUS,M,IR3TIB,PA,_Z,_Z,_Z,2018-08,1.96
DATAFLOW,OECD.SDD.STES:DSD_KEI@DF_KEI(4.0),I,AUS,M,IR3TIB,PA,_Z,_Z,_Z,2018-09,1.93
DATAFLOW,OECD.SDD.STES:DSD_KEI@DF_KEI(4.0),I,AUS,M,IR3TIB,PA,_Z,_Z,_Z,2011-10,4.72
DATAFLOW,OECD.SDD.STES:DSD_KEI@DF_KEI(4.0),I,AUS,M,IR3TIB,PA,_Z,_Z,_Z,2011-11,4.62
DATAFLOW,OECD.SDD.STES:DSD_KEI@DF_KEI(4.0),I,AUS,M,IR3TIB,PA,_Z,_Z,_Z,2011-12,4.51
DATAFLOW,OECD.SDD.STES:DSD_KEI@DF_KEI(4.0),I,AUS,M,IR3TIB,PA,_Z,_Z,_Z,2012-03,4.44
DATAFLOW,OECD.SDD.STES:DSD_KEI@DF_KEI(4.0),I,AUS,M,IR3TIB,PA,_Z,_Z,_Z,2012-04,4.2
DATAFLOW,OECD.SDD.STES:DSD_KEI@DF_KEI(4.0),I,AUS,M,IR3TIB,PA,_Z,_Z,_Z,2012-05,3.66
DATAFLOW,OECD.SDD.STES:DSD_KEI@DF_KEI(4.0),I,AUS,M,IR3TIB,PA,_Z,_Z,_Z,2012-06,3.49
DATAFLOW,OECD.SDD.STES:DSD_KEI@DF_KEI(4.0),I,AUS,M,IR3TIB,PA,_Z,_Z,_Z,2012-07,3.55
DATAFLOW,OECD.SDD.STES:DSD_KEI@DF_KEI(4.0),I,AUS,M,IRLT,PA,_Z,_Z,_Z,2023-12,4.187
DATAFLOW,OECD.SDD.STES:DSD_KEI@DF_KEI(4.0),I,AUS,M,IRLT,PA,_Z,_Z,_Z,2024-01,4.148
DATAFLOW,OECD.SDD.STES:DSD_KEI@DF_KEI(4.0),I,AUS,M,IRLT,PA,_Z,_Z,_Z,2024-02,4.141
DATAFLOW,OECD.SDD.STES:DSD_KEI@DF_KEI(4.0),I,AUS,M,IRLT,PA,_Z,_Z,_Z,2024-03,4.045
DATAFLOW,OECD.SDD.STES:DSD_KEI@DF_KEI(4.0),I,AUS,M,IRLT,PA,_Z,_Z,_Z,2024-04,4.268
DATAFLOW,OECD.SDD.STES:DSD_KEI@DF_KEI(4.0),I,AUS,M,IRLT,PA,_Z,_Z,_Z,2024-05,4.325
DATAFLOW,OECD.SDD.STES:DSD_KEI@DF_KEI(4.0),I,FRA,M,IRLT,PA,_Z,_Z,_Z,2015-11,0.88
DATAFLOW,OECD.SDD.STES:DSD_KEI@DF_KEI(4.0),I,FRA,M,IRLT,PA,_Z,_Z,_Z,2015-12,0.93
DATAFLOW,OECD.SDD.STES:DSD_KEI@DF_KEI(4.0),I,FRA,M,IRLT,PA,_Z,_Z,_Z,2016-01,0.84
DATAFLOW,OECD.SDD.STES:DSD_KEI@DF_KEI(4.0),I,FRA,M,IRLT,PA,_Z,_Z,_Z,2016-02,0.59
DATAFLOW,OECD.SDD.STES:DSD_KEI@DF_KEI(4.0),I,FRA,M,IRLT,PA,_Z,_Z,_Z,2016-03,0.51
DATAFLOW,OECD.SDD.STES:DSD_KEI@DF_KEI(4.0),I,FRA,M,IRLT,PA,_Z,_Z,_Z,2016-05,0.51
DATAFLOW,OECD.SDD.STES:DSD_KEI@DF_KEI(4.0),I,FRA,M,IRLT,PA,_Z,_Z,_Z,2016-06,0.39
DATAFLOW,OECD.SDD.STES:DSD_KEI@DF_KEI(4.0),I,FRA,M,IRLT,PA,_Z,_Z,_Z,2016-07,0.17
DATAFLOW,OECD.SDD.STES:DSD_KEI@DF_KEI(4.0),I,FRA,M,IRLT,PA,_Z,_Z,_Z,2016-08,0.15
DATAFLOW,OECD.SDD.STES:DSD_KEI@DF_KEI(4.0),I,FRA,M,IRLT,PA,_Z,_Z,_Z,2016-09,0.18
DATAFLOW,OECD.SDD.STES:DSD_KEI@DF_KEI(4.0),I,FRA,M,IRLT,PA,_Z,_Z,_Z,2016-10,0.33
DATAFLOW,OECD.SDD.STES:DSD_KEI@DF_KEI(4.0),I,FRA,M,IRLT,PA,_Z,_Z,_Z,2016-11,0.67
DATAFLOW,OECD.SDD.STES:DSD_KEI@DF_KEI(4.0),I,FRA,M,IRLT,PA,_Z,_Z,_Z,2016-12,0.75
DATAFLOW,OECD.SDD.STES:DSD_KEI@DF_KEI(4.0),I,FRA,M,IRLT,PA,_Z,_Z,_Z,2017-01,0.86
DATAFLOW,OECD.SDD.STES:DSD_KEI@DF_KEI(4.0),I,FRA,M,IRLT,PA,_Z,_Z,_Z,2017-02,1.03
DATAFLOW,OECD.SDD.STES:DSD_KEI@DF_KEI(4.0),I,FRA,M,IRLT,PA,_Z,_Z,_Z,2017-03,1.02
DATAFLOW,OECD.SDD.STES:DSD_KEI@DF_KEI(4.0),I,FRA,M,IRLT,PA,_Z,_Z,_Z,2017-04,0.88
DATAFLOW,OECD.SDD.STES:DSD_KEI@DF_KEI(4.0),I,FRA,M,IRLT,PA,_Z,_Z,_Z,2017-05,0.81
DATAFLOW,OECD.SDD.STES:DSD_KEI@DF_KEI(4.0),I,FRA,M,IRLT,PA,_Z,_Z,_Z,2017-06,0.66
DATAFLOW,OECD.SDD.STES:DSD_KEI@DF_KEI(4.0),I,FRA,M,IRLT,PA,_Z,_Z,_Z,2017-07,0.84
DATAFLOW,OECD.SDD.STES:DSD_KEI@DF_KEI(4.0),I,FRA,M,IRLT,PA,_Z,_Z,_Z,2017-08,0.71
DATAFLOW,OECD.SDD.STES:DSD_KEI@DF_KEI(4.0),I,FRA,M,IRLT,PA,_Z,_Z,_Z,2017-10,0.81
DATAFLOW,OECD.SDD.STES:DSD_KEI@DF_KEI(4.0),I,FRA,M,IRLT,PA,_Z,_Z,_Z,2017-11,0.72
DATAFLOW,OECD.SDD.STES:DSD_KEI@DF_KEI(4.0),I,FRA,M,IRLT,PA,_Z,_Z,_Z,2017-12,0.67
DATAFLOW,OECD.SDD.STES:DSD_KEI@DF_KEI(4.0),I,FRA,M,IRLT,PA,_Z,_Z,_Z,2018-01,0.85
DATAFLOW,OECD.SDD.STES:DSD_KEI@DF_KEI(4.0),I,FRA,M,IRLT,PA,_Z,_Z,_Z,2018-02,0.98
DATAFLOW,OECD.SDD.STES:DSD_KEI@DF_KEI(4.0),I,FRA,M,IRLT,PA,_Z,_Z,_Z,2018-03,0.83
DATAFLOW,OECD.SDD.STES:DSD_KEI@DF_KEI(4.0),I,FRA,M,IRLT,PA,_Z,_Z,_Z,2018-04,0.78
DATAFLOW,OECD.SDD.STES:DSD_KEI@DF_KEI(4.0),I,FRA,M,IRLT,PA,_Z,_Z,_Z,2018-05,0.79
DATAFLOW,OECD.SDD.STES:DSD_KEI@DF_KEI(4.0),I,FRA,M,IRLT,PA,_Z,_Z,_Z,2018-06,0.75
DATAFLOW,OECD.SDD.STES:DSD_KEI@DF_KEI(4.0),I,FRA,M,IRLT,PA,_Z,_Z,_Z,2018-07,0.67
DATAFLOW,OECD.SDD.STES:DSD_KEI@DF_KEI(4.0),I,FRA,M,IRLT,PA,_Z,_Z,_Z,2018-08,0.7
DATAFLOW,OECD.SDD.STES:DSD_KEI@DF_KEI(4.0),I,FRA,M,IRLT,PA,_Z,_Z,_Z,2018-09,0.77
DATAFLOW,OECD.SDD.STES:DSD_KEI@DF_KEI(4.0),I,FRA,M,IRLT,PA,_Z,_Z,_Z,2018-10,0.82
DATAFLOW,OECD.SDD.STES:DSD_KEI@DF_KEI(4.0),I,FRA,M,IRLT,PA,_Z,_Z,_Z,2018-11,0.76
DATAFLOW,OECD.SDD.STES:DSD_KEI@DF_KEI(4.0),I,FRA,M,IRLT,PA,_Z,_Z,_Z,2018-12,0.7
DATAFLOW,OECD.SDD.STES:DSD_KEI@DF_KEI(4.0),I,FRA,M,IRLT,PA,_Z,_Z,_Z,2019-01,0.65
DATAFLOW,OECD.SDD.STES:DSD_KEI@DF_KEI(4.0),I,FRA,M,IRLT,PA,_Z,_Z,_Z,2019-02,0.55
DATAFLOW,OECD.SDD.STES:DSD_KEI@DF_KEI(4.0),I,FRA,M,IRLT,PA,_Z,_Z,_Z,2019-03,0.44
DATAFLOW,OECD.SDD.STES:DSD_KEI@DF_KEI(4.0),I,FRA,M,IRLT,PA,_Z,_Z,_Z,2019-04,0.37
DATAFLOW,OECD.SDD.STES:DSD_KEI@DF_KEI(4.0),I,FRA,M,IRLT,PA,_Z,_Z,_Z,2019-05,0.3
DATAFLOW,OECD.SDD.STES:DSD_KEI@DF_KEI(4.0),I,FRA,M,IRLT,PA,_Z,_Z,_Z,2019-06,0.08
DATAFLOW,OECD.SDD.STES:DSD_KEI@DF_KEI(4.0),I,FRA,M,IRLT,PA,_Z,_Z,_Z,2019-07,-0.07
DATAFLOW,OECD.SDD.STES:DSD_KEI@DF_KEI(4.0),I,FRA,M,IRLT,PA,_Z,_Z,_Z,2019-08,-0.34
DATAFLOW,OECD.SDD.STES:DSD_KEI@DF_KEI(4.0),I,FRA,M,IRLT,PA,_Z,_Z,_Z,2019-09,-0.27
DATAFLOW,OECD.SDD.STES:DSD_KEI@DF_KEI(4.0),I,FRA,M,IRLT,PA,_Z,_Z,_Z,2019-10,-0.16
DATAFLOW,OECD.SDD.STES:DSD_KEI@DF_KEI(4.0),I,FRA,M,IRLT,PA,_Z,_Z,_Z,2019-11,-0.02
DATAFLOW,OECD.SDD.STES:DSD_KEI@DF_KEI(4.0),I,FRA,M,IRLT,PA,_Z,_Z,_Z,2019-12,0.04
DATAFLOW,OECD.SDD.STES:DSD_KEI@DF_KEI(4.0),I,FRA,M,IRLT,PA,_Z,_Z,_Z,2020-01,-0.01
DATAFLOW,OECD.SDD.STES:DSD_KEI@DF_KEI(4.0),I,FRA,M,IRLT,PA,_Z,_Z,_Z,2020-02,-0.18
DATAFLOW,OECD.SDD.STES:DSD_KEI@DF_KEI(4.0),I,FRA,M,IRLT,PA,_Z,_Z,_Z,2020-03,-0.05
DATAFLOW,OECD.SDD.STES:DSD_KEI@DF_KEI(4.0),I,FRA,M,IRLT,PA,_Z,_Z,_Z,2020-04,0.06
DATAFLOW,OECD.SDD.STES:DSD_KEI@DF_KEI(4.0),I,FRA,M,IRLT,PA,_Z,_Z,_Z,2020-05,-0.03
DATAFLOW,OECD.SDD.STES:DSD_KEI@DF_KEI(4.0),I,FRA,M,IRLT,PA,_Z,_Z,_Z,2020-06,-0.04
DATAFLOW,OECD.SDD.STES:DSD_KEI@DF_KEI(4.0),I,FRA,M,IRLT,PA,_Z,_Z,_Z,2020-07,-0.15
DATAFLOW,OECD.SDD.STES:DSD_KEI@DF_KEI(4.0),I,FRA,M,IRLT,PA,_Z,_Z,_Z,2020-08,-0.17
DATAFLOW,OECD.SDD.STES:DSD_KEI@DF_KEI(4.0),I,FRA,M,IRLT,PA,_Z,_Z,_Z,2020-09,-0.21
DATAFLOW,OECD.SDD.STES:DSD_KEI@DF_KEI(4.0),I,FRA,M,IRLT,PA,_Z,_Z,_Z,2020-10,-0.3
DATAFLOW,OECD.SDD.STES:DSD_KEI@DF_KEI(4.0),I,FRA,M,IRLT,PA,_Z,_Z,_Z,2020-11,-0.32
DATAFLOW,OECD.SDD.STES:DSD_KEI@DF_KEI(4.0),I,FRA,M,IRLT,PA,_Z,_Z,_Z,2020-12,-0.34
DATAFLOW,OECD.SDD.STES:DSD_KEI@DF_KEI(4.0),I,FRA,M,IRLT,PA,_Z,_Z,_Z,2021-01,-0.31
DATAFLOW,OECD.SDD.STES:DSD_KEI@DF_KEI(4.0),I,FRA,M,IRLT,PA,_Z,_Z,_Z,2021-02,-0.15
DATAFLOW,OECD.SDD.STES:DSD_KEI@DF_KEI(4.0),I,FRA,M,IRLT,PA,_Z,_Z,_Z,2021-03,-0.07
DATAFLOW,OECD.SDD.STES:DSD_KEI@DF_KEI(4.0),I,FRA,M,IRLT,PA,_Z,_Z,_Z,2021-04,-0.01
DATAFLOW,OECD.SDD.STES:DSD_KEI@DF_KEI(4.0),I,FRA,M,IRLT,PA,_Z,_Z,_Z,2021-05,0.21
DATAFLOW,OECD.SDD.STES:DSD_KEI@DF_KEI(4.0),I,FRA,M,IRLT,PA,_Z,_Z,_Z,2021-06,0.15
DATAFLOW,OECD.SDD.STES:DSD_KEI@DF_KEI(4.0),I,FRA,M,IRLT,PA,_Z,_Z,_Z,2021-07,-0.01
DATAFLOW,OECD.SDD.STES:DSD_KEI@DF_KEI(4.0),I,FRA,M,IRLT,PA,_Z,_Z,_Z,2021-08,-0.12
DATAFLOW,OECD.SDD.STES:DSD_KEI@DF_KEI(4.0),I,FRA,M,IRLT,PA,_Z,_Z,_Z,2021-09,0.04
DATAFLOW,OECD.SDD.STES:DSD_KEI@DF_KEI(4.0),I,FRA,M,IRLT,PA,_Z,_Z,_Z,2021-10,0.2
DATAFLOW,OECD.SDD.STES:DSD_KEI@DF_KEI(4.0),I,FRA,M,IRLT,PA,_Z,_Z,_Z,2021-11,0.1
DATAFLOW,OECD.SDD.STES:DSD_KEI@DF_KEI(4.0),I,FRA,M,IRLT,PA,_Z,_Z,_Z,2021-12,0.05
DATAFLOW,OECD.SDD.STES:DSD_KEI@DF_KEI(4.0),I,FRA,M,IRLT,PA,_Z,_Z,_Z,2022-01,0.31
DATAFLOW,OECD.SDD.STES:DSD_KEI@DF_KEI(4.0),I,FRA,M,IRLT,PA,_Z,_Z,_Z,2022-02,0.68
DATAFLOW,OECD.SDD.STES:DSD_KEI@DF_KEI(4.0),I,FRA,M,IRLT,PA,_Z,_Z,_Z,2022-03,0.78
DATAFLOW,OECD.SDD.STES:DSD_KEI@DF_KEI(4.0),I,FRA,M,IRLT,PA,_Z,_Z,_Z,2022-04,1.28
DATAFLOW,OECD.SDD.STES:DSD_KEI@DF_KEI(4.0),I,FRA,M,IRLT,PA,_Z,_Z,_Z,2022-05,1.52
DATAFLOW,OECD.SDD.STES:DSD_KEI@DF_KEI(4.0),I,FRA,M,IRLT,PA,_Z,_Z,_Z,2022-06,2.06
DATAFLOW,OECD.SDD.STES:DSD_KEI@DF_KEI(4.0),I,FRA,M,IRLT,PA,_Z,_Z,_Z,2022-07,1.71
DATAFLOW,OECD.SDD.STES:DSD_KEI@DF_KEI(4.0),I,FRA,M,IRLT,PA,_Z,_Z,_Z,2022-08,1.69
DATAFLOW,OECD.SDD.STES:DSD_KEI@DF_KEI(4.0),I,FRA,M,IRLT,PA,_Z,_Z,_Z,2022-09,2.41
DATAFLOW,OECD.SDD.STES:DSD_KEI@DF_KEI(4.0),I,FRA,M,IRLT,PA,_Z,_Z,_Z,2022-10,2.77
DATAFLOW,OECD.SDD.STES:DSD_KEI@DF_KEI(4.0),I,FRA,M,IRLT,PA,_Z,_Z,_Z,2022-11,2.58
DATAFLOW,OECD.SDD.STES:DSD_KEI@DF_KEI(4.0),I,FRA,M,IRLT,PA,_Z,_Z,_Z,2022-12,2.62
DATAFLOW,OECD.SDD.STES:DSD_KEI@DF_KEI(4.0),I,FRA,M,IRLT,PA,_Z,_Z,_Z,2023-02,2.87
DATAFLOW,OECD.SDD.STES:DSD_KEI@DF_KEI(4.0),I,FRA,M,IRLT,PA,_Z,_Z,_Z,2023-03,2.92
DATAFLOW,OECD.SDD.STES:DSD_KEI@DF_KEI(4.0),I,FRA,M,IRLT,PA,_Z,_Z,_Z,2023-04,2.9
DATAFLOW,OECD.SDD.STES:DSD_KEI@DF_KEI(4.0),I,FRA,M,IRLT,PA,_Z,_Z,_Z,2023-05,2.94
DATAFLOW,OECD.SDD.STES:DSD_KEI@DF_KEI(4.0),I,FRA,M,IRLT,PA,_Z,_Z,_Z,2023-06,2.93
DATAFLOW,OECD.SDD.STES:DSD_KEI@DF_KEI(4.0),I,FRA,M,IRLT,PA,_Z,_Z,_Z,2023-07,3.04
DATAFLOW,OECD.SDD.STES:DSD_KEI@DF_KEI(4.0),I,FRA,M,IRLT,PA,_Z,_Z,_Z,2023-08,3.11
DATAFLOW,OECD.SDD.STES:DSD_KEI@DF_KEI(4.0),I,FRA,M,IRLT,PA,_Z,_Z,_Z,2023-09,3.24
DATAFLOW,OECD.SDD.STES:DSD_KEI@DF_KEI(4.0),I,FRA,M,IRLT,PA,_Z,_Z,_Z,2023-10,3.45
DATAFLOW,OECD.SDD.STES:DSD_KEI@DF_KEI(4.0),I,FRA,M,IRLT,PA,_Z,_Z,_Z,2023-11,3.19
DATAFLOW,OECD.SDD.STES:DSD_KEI@DF_KEI(4.0),I,FRA,M,IRLT,PA,_Z,_Z,_Z,2023-12,2.65
DATAFLOW,OECD.SDD.STES:DSD_KEI@DF_KEI(4.0),I,FRA,M,IRLT,PA,_Z,_Z,_Z,2024-01,2.74
DATAFLOW,OECD.SDD.STES:DSD_KEI@DF_KEI(4.0),I,FRA,M,IRLT,PA,_Z,_Z,_Z,2024-02,2.85
DATAFLOW,OECD.SDD.STES:DSD_KEI@DF_KEI(4.0),I,AUS,M,IRSTCI,PA,_Z,_Z,_Z,2018-03,1.5
DATAFLOW,OECD.SDD.STES:DSD_KEI@DF_KEI(4.0),I,AUS,M,IRSTCI,PA,_Z,_Z,_Z,2018-04,1.5
DATAFLOW,OECD.SDD.STES:DSD_KEI@DF_KEI(4.0),I,AUS,M,IRSTCI,PA,_Z,_Z,_Z,2018-05,1.5
DATAFLOW,OECD.SDD.STES:DSD_KEI@DF_KEI(4.0),I,AUS,M,IRSTCI,PA,_Z,_Z,_Z,2018-06,1.5
DATAFLOW,OECD.SDD.STES:DSD_KEI@DF_KEI(4.0),I,AUS,M,IRSTCI,PA,_Z,_Z,_Z,2018-07,1.5
DATAFLOW,OECD.SDD.STES:DSD_KEI@DF_KEI(4.0),I,AUS,M,IRSTCI,PA,_Z,_Z,_Z,2018-08,1.5
DATAFLOW,OECD.SDD.STES:DSD_KEI@DF_KEI(4.0),I,AUS,M,IRSTCI,PA,_Z,_Z,_Z,2018-09,1.5
DATAFLOW,OECD.SDD.STES:DSD_KEI@DF_KEI(4.0),I,AUS,M,IRSTCI,PA,_Z,_Z,_Z,2018-10,1.5
DATAFLOW,OECD.SDD.STES:DSD_KEI@DF_KEI(4.0),I,AUS,M,IRSTCI,PA,_Z,_Z,_Z,2018-11,1.5
DATAFLOW,OECD.SDD.STES:DSD_KEI@DF_KEI(4.0),I,AUS,M,IRSTCI,PA,_Z,_Z,_Z,2018-12,1.5
DATAFLOW,OECD.SDD.STES:DSD_KEI@DF_KEI(4.0),I,AUS,M,IRSTCI,PA,_Z,_Z,_Z,2019-01,1.5
DATAFLOW,OECD.SDD.STES:DSD_KEI@DF_KEI(4.0),I,AUS,M,IRSTCI,PA,_Z,_Z,_Z,2019-02,1.5
DATAFLOW,OECD.SDD.STES:DSD_KEI@DF_KEI(4.0),I,AUS,M,IRSTCI,PA,_Z,_Z,_Z,2019-03,1.5
DATAFLOW,OECD.SDD.STES:DSD_KEI@DF_KEI(4.0),I,AUS,M,IRSTCI,PA,_Z,_Z,_Z,2019-04,1.5
DATAFLOW,OECD.SDD.STES:DSD_KEI@DF_KEI(4.0),I,AUS,M,IRSTCI,PA,_Z,_Z,_Z,2019-05,1.5
DATAFLOW,OECD.SDD.STES:DSD_KEI@DF_KEI(4.0),I,AUS,M,IRSTCI,PA,_Z,_Z,_Z,2019-06,1.28
DATAFLOW,OECD.SDD.STES:DSD_KEI@DF_KEI(4.0),I,AUS,M,IRSTCI,PA,_Z,_Z,_Z,2019-07,1.02
DATAFLOW,OECD.SDD.STES:DSD_KEI@DF_KEI(4.0),I,AUS,M,IRSTCI,PA,_Z,_Z,_Z,2019-08,1.0
DATAFLOW,OECD.SDD.STES:DSD_KEI@DF_KEI(4.0),I,AUS,M,IRSTCI,PA,_Z,_Z,_Z,2019-09,1.0
DATAFLOW,OECD.SDD.STES:DSD_KEI@DF_KEI(4.0),I,AUS,M,IRSTCI,PA,_Z,_Z,_Z,2019-10,0.76
DATAFLOW,OECD.SDD.STES:DSD_KEI@DF_KEI(4.0),I,AUS,M,IRSTCI,PA,_Z,_Z,_Z,2019-11,0.75
DATAFLOW,OECD.SDD.STES:DSD_KEI@DF_KEI(4.0),I,AUS,M,IRSTCI,PA,_Z,_Z,_Z,2019-12,0.75
DATAFLOW,OECD.SDD.STES:DSD_KEI@DF_KEI(4.0),I,AUS,M,IRSTCI,PA,_Z,_Z,_Z,2020-01,0.75
DATAFLOW,OECD.SDD.STES:DSD_KEI@DF_KEI(4.0),I,AUS,M,IRSTCI,PA,_Z,_Z,_Z,2020-02,0.75
DATAFLOW,OECD.SDD.STES:DSD_KEI@DF_KEI(4.0),I,AUS,M,IRSTCI,PA,_Z,_Z,_Z,2020-03,0.43
DATAFLOW,OECD.SDD.STES:DSD_KEI@DF_KEI(4.0),I,AUS,M,IRSTCI,PA,_Z,_Z,_Z,2020-04,0.25
DATAFLOW,OECD.SDD.STES:DSD_KEI@DF_KEI(4.0),I,AUS,M,IRSTCI,PA,_Z,_Z,_Z,2020-05,0.25
DATAFLOW,OECD.SDD.STES:DSD_KEI@DF_KEI(4.0),I,AUS,M,IRSTCI,PA,_Z,_Z,_Z,2020-06,0.25
DATAFLOW,OECD.SDD.STES:DSD_KEI@DF_KEI(4.0),I,AUS,M,IRSTCI,PA,_Z,_Z,_Z,2020-07,0.25
DATAFLOW,OECD.SDD.STES:DSD_KEI@DF_KEI(4.0),I,AUS,M,IRSTCI,PA,_Z,_Z,_Z,2020-08,0.25
DATAFLOW,OECD.SDD.STES:DSD_KEI@DF_KEI(4.0),I,AUS,M,IRSTCI,PA,_Z,_Z,_Z,2020-09,0.25
DATAFLOW,OECD.SDD.STES:DSD_KEI@DF_KEI(4.0),I,AUS,M,IRSTCI,PA,_Z,_Z,_Z,2020-10,0.25
DATAFLOW,OECD.SDD.STES:DSD_KEI@DF_KEI(4.0),I,AUS,M,IRSTCI,PA,_Z,_Z,_Z,2020-11,0.11
DATAFLOW,OECD.SDD.STES:DSD_KEI@DF_KEI(4.0),I,AUS,M,IRSTCI,PA,_Z,_Z,_Z,2020-12,0.1
DATAFLOW,OECD.SDD.STES:DSD_KEI@DF_KEI(4.0),I,AUS,M,IRSTCI,PA,_Z,_Z,_Z,2021-01,0.1
DATAFLOW,OECD.SDD.STES:DSD_KEI@DF_KEI(4.0),I,FRA,M,IRLT,PA,_Z,_Z,_Z,2009-06,3.9
DATAFLOW,OECD.SDD.STES:DSD_KEI@DF_KEI(4.0),I,FRA,M,IRLT,PA,_Z,_Z,_Z,2009-07,3.73
DATAFLOW,OECD.SDD.STES:DSD_KEI@DF_KEI(4.0),I,FRA,M,IRLT,PA,_Z,_Z,_Z,2009-08,3.59
DATAFLOW,OECD.SDD.STES:DSD_KEI@DF_KEI(4.0),I,FRA,M,IRLT,PA,_Z,_Z,_Z,2009-09,3.59
DATAFLOW,OECD.SDD.STES:DSD_KEI@DF_KEI(4.0),I,FRA,M,IRLT,PA,_Z,_Z,_Z,2009-10,3.56
DATAFLOW,OECD.SDD.STES:DSD_KEI@DF_KEI(4.0),I,FRA,M,IRLT,PA,_Z,_Z,_Z,2009-11,3.56
DATAFLOW,OECD.SDD.STES:DSD_KEI@DF_KEI(4.0),I,FRA,M,IR3TIB,PA,_Z,_Z,_Z,2025-05,2.0912727273
DATAFLOW,OECD.SDD.STES:DSD_KEI@DF_KEI(4.0),I,FRA,M,IR3TIB,PA,_Z,_Z,_Z,2025-06,1.9836190476
DATAFLOW,OECD.SDD.STES:DSD_KEI@DF_KEI(4.0),I,FRA,M,IR3TIB,PA,_Z,_Z,_Z,2025-07,1.9863478261
DATAFLOW,OECD.SDD.STES:DSD_KEI@DF_KEI(4.0),I,FRA,M,IR3TIB,PA,_Z,_Z,_Z,2025-08,2.0210952381
DATAFLOW,OECD.SDD.STES:DSD_KEI@DF_KEI(4.0),I,FRA,M,IR3TIB,PA,_Z,_Z,_Z,2025-09,2.0272727273
DATAFLOW,OECD.SDD.STES:DSD_KEI@DF_KEI(4.0),I,FRA,M,IR3TIB,PA,_Z,_Z,_Z,2025-10,2.0344347826
DATAFLOW,OECD.SDD.STES:DSD_KEI@DF_KEI(4.0),I,FRA,M,IR3TIB,PA,_Z,_Z,_Z,2026-01,2.0277272727
DATAFLOW,OECD.SDD.STES:DSD_KEI@DF_KEI(4.0),I,FRA,M,IRSTCI,PA,_Z,_Z,_Z,2026-01,1.93167095238095
DATAFLOW,OECD.SDD.STES:DSD_KEI@DF_KEI(4.0),I,FRA,M,IR3TIB,PA,_Z,_Z,_Z,2023-07,3.67180952380952
DATAFLOW,OECD.SDD.STES:DSD_KEI@DF_KEI(4.0),I,FRA,M,IR3TIB,PA,_Z,_Z,_Z,2023-08,3.78030434782609
DATAFLOW,OECD.SDD.STES:DSD_KEI@DF_KEI(4.0),I,FRA,M,IR3TIB,PA,_Z,_Z,_Z,2023-09,3.88004761904762
DATAFLOW,OECD.SDD.STES:DSD_KEI@DF_KEI(4.0),I,FRA,M,IR3TIB,PA,_Z,_Z,_Z,2023-10,3.96763636363636
DATAFLOW,OECD.SDD.STES:DSD_KEI@DF_KEI(4.0),I,FRA,M,IR3TIB,PA,_Z,_Z,_Z,2023-11,3.97163636363636
DATAFLOW,OECD.SDD.STES:DSD_KEI@DF_KEI(4.0),I,FRA,M,IR3TIB,PA,_Z,_Z,_Z,2023-12,3.93309523809524
DATAFLOW,OECD.SDD.STES:DSD_KEI@DF_KEI(4.0),I,FRA,M,IR3TIB,PA,_Z,_Z,_Z,2007-01,3.75186363636364
DATAFLOW,OECD.SDD.STES:DSD_KEI@DF_KEI(4.0),I,FRA,M,IR3TIB,PA,_Z,_Z,_Z,2007-03,3.89090909090909
DATAFLOW,OECD.SDD.STES:DSD_KEI@DF_KEI(4.0),I,FRA,M,IR3TIB,PA,_Z,_Z,_Z,2007-04,3.97526315789474
DATAFLOW,OECD.SDD.STES:DSD_KEI@DF_KEI(4.0),I,FRA,M,IR3TIB,PA,_Z,_Z,_Z,2007-05,4.07136363636364
DATAFLOW,OECD.SDD.STES:DSD_KEI@DF_KEI(4.0),I,FRA,M,IR3TIB,PA,_Z,_Z,_Z,2007-06,4.14776190476191
DATAFLOW,OECD.SDD.STES:DSD_KEI@DF_KEI(4.0),I,FRA,M,IR3TIB,PA,_Z,_Z,_Z,2007-07,4.21618181818182
DATAFLOW,OECD.SDD.STES:DSD_KEI@DF_KEI(4.0),I,FRA,M,IR3TIB,PA,_Z,_Z,_Z,2007-08,4.54360869565217
DATAFLOW,OECD.SDD.STES:DSD_KEI@DF_KEI(4.0),I,FRA,M,IR3TIB,PA,_Z,_Z,_Z,2007-10,4.68739130434783
DATAFLOW,OECD.SDD.STES:DSD_KEI@DF_KEI(4.0),I,FRA,M,IR3TIB,PA,_Z,_Z,_Z,2007-11,4.63854545454545
DATAFLOW,OECD.SDD.STES:DSD_KEI@DF_KEI(4.0),I,FRA,M,IR3TIB,PA,_Z,_Z,_Z,2007-12,4.84836842105263
DATAFLOW,OECD.SDD.STES:DSD_KEI@DF_KEI(4.0),I,FRA,M,IR3TIB,PA,_Z,_Z,_Z,2008-01,4.48154545454545
DATAFLOW,OECD.SDD.STES:DSD_KEI@DF_KEI(4.0),I,FRA,M,IR3TIB,PA,_Z,_Z,_Z,2008-02,4.36209523809524
DATAFLOW,OECD.SDD.STES:DSD_KEI@DF_KEI(4.0),I,FRA,M,IR3TIB,PA,_Z,_Z,_Z,2008-03,4.59636842105263
DATAFLOW,OECD.SDD.STES:DSD_KEI@DF_KEI(4.0),I,FRA,M,IR3TIB,PA,_Z,_Z,_Z,2008-05,4.85738095238095
DATAFLOW,OECD.SDD.STES:DSD_KEI@DF_KEI(4.0),I,FRA,M,IR3TIB,PA,_Z,_Z,_Z,2008-06,4.94052380952381
DATAFLOW,OECD.SDD.STES:DSD_KEI@DF_KEI(4.0),I,FRA,M,IR3TIB,PA,_Z,_Z,_Z,2008-08,4.96519047619048
DATAFLOW,OECD.SDD.STES:DSD_KEI@DF_KEI(4.0),I,FRA,M,IR3TIB,PA,_Z,_Z,_Z,2008-09,5.01918181818182
DATAFLOW,OECD.SDD.STES:DSD_KEI@DF_KEI(4.0),I,FRA,M,IR3TIB,PA,_Z,_Z,_Z,2008-10,5.11308695652174
DATAFLOW,OECD.SDD.STES:DSD_KEI@DF_KEI(4.0),I,FRA,M,IR3TIB,PA,_Z,_Z,_Z,2008-12,3.29261904761905
DATAFLOW,OECD.SDD.STES:DSD_KEI@DF_KEI(4.0),I,FRA,M,IR3TIB,PA,_Z,_Z,_Z,2009-01,2.45652380952381
DATAFLOW,OECD.SDD.STES:DSD_KEI@DF_KEI(4.0),I,FRA,M,IR3TIB,PA,_Z,_Z,_Z,2009-02,1.94305
DATAFLOW,OECD.SDD.STES:DSD_KEI@DF_KEI(4.0),I,FRA,M,IR3TIB,PA,_Z,_Z,_Z,2009-03,1.63545454545455
DATAFLOW,OECD.SDD.STES:DSD_KEI@DF_KEI(4.0),I,FRA,M,IR3TIB,PA,_Z,_Z,_Z,2009-06,1.22790909090909
DATAFLOW,OECD.SDD.STES:DSD_KEI@DF_KEI(4.0),I,FRA,M,IR3TIB,PA,_Z,_Z,_Z,2009-07,0.974956521739131
DATAFLOW,OECD.SDD.STES:DSD_KEI@DF_KEI(4.0),I,FRA,M,IR3TIB,PA,_Z,_Z,_Z,2009-08,0.860476190476191
DATAFLOW,OECD.SDD.STES:DSD_KEI@DF_KEI(4.0),I,FRA,M,IR3TIB,PA,_Z,_Z,_Z,2009-09,0.772090909090909
DATAFLOW,OECD.SDD.STES:DSD_KEI@DF_KEI(4.0),I,FRA,M,IR3TIB,PA,_Z,_Z,_Z,2009-11,0.716190476190476
DATAFLOW,OECD.SDD.STES:DSD_KEI@DF_KEI(4.0),I,FRA,M,IR3TIB,PA,_Z,_Z,_Z,2009-12,0.712045454545454
DATAFLOW,OECD.SDD.STES:DSD_KEI@DF_KEI(4.0),I,FRA,M,IR3TIB,PA,_Z,_Z,_Z,2010-01,0.67975
DATAFLOW,OECD.SDD.STES:DSD_KEI@DF_KEI(4.0),I,FRA,M,IR3TIB,PA,_Z,_Z,_Z,2010-03,0.64495652173913
DATAFLOW,OECD.SDD.STES:DSD_KEI@DF_KEI(4.0),I,FRA,M,IR3TIB,PA,_Z,_Z,_Z,2010-05,0.68652380952381
DATAFLOW,OECD.SDD.STES:DSD_KEI@DF_KEI(4.0),I,FRA,M,IR3TIB,PA,_Z,_Z,_Z,2010-06,0.727590909090909
DATAFLOW,OECD.SDD.STES:DSD_KEI@DF_KEI(4.0),I,FRA,M,IR3TIB,PA,_Z,_Z,_Z,2010-07,0.848818181818182
DATAFLOW,OECD.SDD.STES:DSD_KEI@DF_KEI(4.0),I,FRA,M,IR3TIB,PA,_Z,_Z,_Z,2010-10,0.997666666666667
DATAFLOW,OECD.SDD.STES:DSD_KEI@DF_KEI(4.0),I,FRA,M,IR3TIB,PA,_Z,_Z,_Z,2010-11,1.04204545454545
DATAFLOW,OECD.SDD.STES:DSD_KEI@DF_KEI(4.0),I,FRA,M,IR3TIB,PA,_Z,_Z,_Z,2010-12,1.02169565217391
DATAFLOW,OECD.SDD.STES:DSD_KEI@DF_KEI(4.0),I,FRA,M,IR3TIB,PA,_Z,_Z,_Z,2011-01,1.0172380952381
DATAFLOW,OECD.SDD.STES:DSD_KEI@DF_KEI(4.0),I,FRA,M,IR3TIB,PA,_Z,_Z,_Z,2011-02,1.08675
DATAFLOW,OECD.SDD.STES:DSD_KEI@DF_KEI(4.0),I,FRA,M,IR3TIB,PA,_Z,_Z,_Z,2011-03,1.17552173913043
DATAFLOW,OECD.SDD.STES:DSD_KEI@DF_KEI(4.0),I,FRA,M,IR3TIB,PA,_Z,_Z,_Z,2011-04,1.32121052631579
DATAFLOW,OECD.SDD.STES:DSD_KEI@DF_KEI(4.0),I,FRA,M,IR3TIB,PA,_Z,_Z,_Z,2011-05,1.42509090909091
DATAFLOW,OECD.SDD.STES:DSD_KEI@DF_KEI(4.0),I,FRA,M,IR3TIB,PA,_Z,_Z,_Z,2011-06,1.48859090909091
DATAFLOW,OECD.SDD.STES:DSD_KEI@DF_KEI(4.0),I,FRA,M,IR3TIB,PA,_Z,_Z,_Z,2011-07,1.59761904761905
DATAFLOW,OECD.SDD.STES:DSD_KEI@DF_KEI(4.0),I,FRA,M,IR3TIB,PA,_Z,_Z,_Z,2011-08,1.55208695652174
DATAFLOW,OECD.SDD.STES:DSD_KEI@DF_KEI(4.0),I,FRA,M,IR3TIB,PA,_Z,_Z,_Z,2011-09,1.53645454545455
DATAFLOW,OECD.SDD.STES:DSD_KEI@DF_KEI(4.0),I,FRA,M,IR3TIB,PA,_Z,_Z,_Z,2011-10,1.57585714285714
DATAFLOW,OECD.SDD.STES:DSD_KEI@DF_KEI(4.0),I,FRA,M,IR3TIB,PA,_Z,_Z,_Z,2011-11,1.48468181818182
DATAFLOW,OECD.SDD.STES:DSD_KEI@DF_KEI(4.0),I,FRA,M,IR3TIB,PA,_Z,_Z,_Z,2011-12,1.42609523809524
DATAFLOW,OECD.SDD.STES:DSD_KEI@DF_KEI(4.0),I,FRA,M,IR3TIB,PA,_Z,_Z,_Z,2012-01,1.22222727272727
DATAFLOW,OECD.SDD.STES:DSD_KEI@DF_KEI(4.0),I,FRA,M,IR3TIB,PA,_Z,_Z,_Z,2012-02,1.04828571428571
DATAFLOW,OECD.SDD.STES:DSD_KEI@DF_KEI(4.0),I,FRA,M,IR3TIB,PA,_Z,_Z,_Z,2012-03,0.858454545454546
DATAFLOW,OECD.SDD.STES:DSD_KEI@DF_KEI(4.0),I,FRA,M,IR3TIB,PA,_Z,_Z,_Z,2012-04,0.744315789473684
DATAFLOW,OECD.SDD.STES:DSD_KEI@DF_KEI(4.0),I,FRA,M,IR3TIB,PA,_Z,_Z,_Z,2012-05,0.684909090909091
DATAFLOW,OECD.SDD.STES:DSD_KEI@DF_KEI(4.0),I,FRA,M,IR3TIB,PA,_Z,_Z,_Z,2012-06,0.658857142857143
DATAFLOW,OECD.SDD.STES:DSD_KEI@DF_KEI(4.0),I,FRA,M,IR3TIB,PA,_Z,_Z,_Z,2012-07,0.497045454545455
DATAFLOW,OECD.SDD.STES:DSD_KEI@DF_KEI(4.0),I,FRA,M,IR3TIB,PA,_Z,_Z,_Z,2012-08,0.332391304347826
DATAFLOW,OECD.SDD.STES:DSD_KEI@DF_KEI(4.0),I,FRA,M,IR3TIB,PA,_Z,_Z,_Z,2012-10,0.207913043478261
DATAFLOW,OECD.SDD.STES:DSD_KEI@DF_KEI(4.0),I,FRA,M,IR3TIB,PA,_Z,_Z,_Z,2012-12,0.185473684210526
DATAFLOW,OECD.SDD.STES:DSD_KEI@DF_KEI(4.0),I,FRA,M,IR3TIB,PA,_Z,_Z,_Z,2013-01,0.204909090909091
DATAFLOW,OECD.SDD.STES:DSD_KEI@DF_KEI(4.0),I,FRA,M,IR3TIB,PA,_Z,_Z,_Z,2013-02,0.22335
DATAFLOW,OECD.SDD.STES:DSD_KEI@DF_KEI(4.0),I,FRA,M,IR3TIB,PA,_Z,_Z,_Z,2013-03,0.20605
DATAFLOW,OECD.SDD.STES:DSD_KEI@DF_KEI(4.0),I,FRA,M,IR3TIB,PA,_Z,_Z,_Z,2013-04,0.208904761904762
DATAFLOW,OECD.SDD.STES:DSD_KEI@DF_KEI(4.0),I,FRA,M,IR3TIB,PA,_Z,_Z,_Z,2013-05,0.201227272727273
DATAFLOW,OECD.SDD.STES:DSD_KEI@DF_KEI(4.0),I,FRA,M,IR3TIB,PA,_Z,_Z,_Z,2013-06,0.21025
DATAFLOW,OECD.SDD.STES:DSD_KEI@DF_KEI(4.0),I,FRA,M,IR3TIB,PA,_Z,_Z,_Z,2013-07,0.221434782608696
DATAFLOW,OECD.SDD.STES:DSD_KEI@DF_KEI(4.0),I,FRA,M,IR3TIB,PA,_Z,_Z,_Z,2013-08,0.225863636363636
DATAFLOW,OECD.SDD.STES:DSD_KEI@DF_KEI(4.0),I,FRA,M,IR3TIB,PA,_Z,_Z,_Z,2013-09,0.223238095238095
DATAFLOW,OECD.SDD.STES:DSD_KEI@DF_KEI(4.0),I,FRA,M,IR3TIB,PA,_Z,_Z,_Z,2013-10,0.225826086956522
DATAFLOW,OECD.SDD.STES:DSD_KEI@DF_KEI(4.0),I,FRA,M,IR3TIB,PA,_Z,_Z,_Z,2013-11,0.223380952380952
DATAFLOW,OECD.SDD.STES:DSD_KEI@DF_KEI(4.0),I,FRA,M,IR3TIB,PA,_Z,_Z,_Z,2014-01,0.292045454545455
DATAFLOW,OECD.SDD.STES:DSD_KEI@DF_KEI(4.0),I,FRA,M,IR3TIB,PA,_Z,_Z,_Z,2014-03,0.305333333333333
DATAFLOW,OECD.SDD.STES:DSD_KEI@DF_KEI(4.0),I,FRA,M,IR3TIB,PA,_Z,_Z,_Z,2014-04,0.32975
DATAFLOW,OECD.SDD.STES:DSD_KEI@DF_KEI(4.0),I,FRA,M,IR3TIB,PA,_Z,_Z,_Z,2014-05,0.324571428571429
DATAFLOW,OECD.SDD.STES:DSD_KEI@DF_KEI(4.0),I,FRA,M,IR3TIB,PA,_Z,_Z,_Z,2014-06,0.241428571428571
DATAFLOW,OECD.SDD.STES:DSD_KEI@DF_KEI(4.0),I,FRA,M,IR3TIB,PA,_Z,_Z,_Z,2014-07,0.20504347826087
DATAFLOW,OECD.SDD.STES:DSD_KEI@DF_KEI(4.0),I,AUS,M,IRSTCI,PA,_Z,_Z,_Z,2010-07,4.5
DATAFLOW,OECD.SDD.STES:DSD_KEI@DF_KEI(4.0),I,AUS,M,IRSTCI,PA,_Z,_Z,_Z,2010-08,4.5
DATAFLOW,OECD.SDD.STES:DSD_KEI@DF_KEI(4.0),I,AUS,M,IRSTCI,PA,_Z,_Z,_Z,2010-09,4.5
DATAFLOW,OECD.SDD.STES:DSD_KEI@DF_KEI(4.0),I,AUS,M,IRSTCI,PA,_Z,_Z,_Z,2010-10,4.5
DATAFLOW,OECD.SDD.STES:DSD_KEI@DF_KEI(4.0),I,AUS,M,IRSTCI,PA,_Z,_Z,_Z,2012-11,3.25
DATAFLOW,OECD.SDD.STES:DSD_KEI@DF_KEI(4.0),I,AUS,M,IRSTCI,PA,_Z,_Z,_Z,2007-09,6.5
DATAFLOW,OECD.SDD.STES:DSD_KEI@DF_KEI(4.0),I,AUS,M,IRSTCI,PA,_Z,_Z,_Z,2007-10,6.5
DATAFLOW,OECD.SDD.STES:DSD_KEI@DF_KEI(4.0),I,AUS,M,IR3TIB,PA,_Z,_Z,_Z,2007-01,6.43
DATAFLOW,OECD.SDD.STES:DSD_KEI@DF_KEI(4.0),I,AUS,M,IR3TIB,PA,_Z,_Z,_Z,2007-02,6.37
DATAFLOW,OECD.SDD.STES:DSD_KEI@DF_KEI(4.0),I,AUS,M,IR3TIB,PA,_Z,_Z,_Z,2007-03,6.43
DATAFLOW,OECD.SDD.STES:DSD_KEI@DF_KEI(4.0),I,AUS,M,IR3TIB,PA,_Z,_Z,_Z,2007-04,6.48
DATAFLOW,OECD.SDD.STES:DSD_KEI@DF_KEI(4.0),I,AUS,M,IR3TIB,PA,_Z,_Z,_Z,2007-05,6.37
DATAFLOW,OECD.SDD.STES:DSD_KEI@DF_KEI(4.0),I,AUS,M,IR3TIB,PA,_Z,_Z,_Z,2007-06,6.42
DATAFLOW,OECD.SDD.STES:DSD_KEI@DF_KEI(4.0),I,AUS,M,IR3TIB,PA,_Z,_Z,_Z,2007-07,6.47
DATAFLOW,OECD.SDD.STES:DSD_KEI@DF_KEI(4.0),I,AUS,M,IR3TIB,PA,_Z,_Z,_Z,2007-08,6.75
DATAFLOW,OECD.SDD.STES:DSD_KEI@DF_KEI(4.0),I,AUS,M,IR3TIB,PA,_Z,_Z,_Z,2007-09,6.94
DATAFLOW,OECD.SDD.STES:DSD_KEI@DF_KEI(4.0),I,AUS,M,IR3TIB,PA,_Z,_Z,_Z,2007-10,6.91
DATAFLOW,OECD.SDD.STES:DSD_KEI@DF_KEI(4.0),I,AUS,M,IR3TIB,PA,_Z,_Z,_Z,2007-11,7.15
DATAFLOW,OECD.SDD.STES:DSD_KEI@DF_KEI(4.0),I,AUS,M,IR3TIB,PA,_Z,_Z,_Z,2007-12,7.29
DATAFLOW,OECD.SDD.STES:DSD_KEI@DF_KEI(4.0),I,AUS,M,IR3TIB,PA,_Z,_Z,_Z,2008-01,7.18
DATAFLOW,OECD.SDD.STES:DSD_KEI@DF_KEI(4.0),I,AUS,M,IR3TIB,PA,_Z,_Z,_Z,2008-02,7.69
DATAFLOW,OECD.SDD.STES:DSD_KEI@DF_KEI(4.0),I,AUS,M,IR3TIB,PA,_Z,_Z,_Z,2008-03,7.9
DATAFLOW,OECD.SDD.STES:DSD_KEI@DF_KEI(4.0),I,AUS,M,IR3TIB,PA,_Z,_Z,_Z,2008-04,7.84
DATAFLOW,OECD.SDD.STES:DSD_KEI@DF_KEI(4.0),I,AUS,M,IR3TIB,PA,_Z,_Z,_Z,2008-05,7.75
DATAFLOW,OECD.SDD.STES:DSD_KEI@DF_KEI(4.0),I,AUS,M,IR3TIB,PA,_Z,_Z,_Z,2008-06,7.81
DATAFLOW,OECD.SDD.STES:DSD_KEI@DF_KEI(4.0),I,AUS,M,IR3TIB,PA,_Z,_Z,_Z,2008-07,7.75
DATAFLOW,OECD.SDD.STES:DSD_KEI@DF_KEI(4.0),I,AUS,M,IR3TIB,PA,_Z,_Z,_Z,2008-08,7.31
DATAFLOW,OECD.SDD.STES:DSD_KEI@DF_KEI(4.0),I,AUS,M,IR3TIB,PA,_Z,_Z,_Z,2008-09,7.27
DATAFLOW,OECD.SDD.STES:DSD_KEI@DF_KEI(4.0),I,AUS,M,IR3TIB,PA,_Z,_Z,_Z,2008-10,6.03
DATAFLOW,OECD.SDD.STES:DSD_KEI@DF_KEI(4.0),I,AUS,M,IR3TIB,PA,_Z,_Z,_Z,2008-11,4.76
DATAFLOW,OECD.SDD.STES:DSD_KEI@DF_KEI(4.0),I,AUS,M,IR3TIB,PA,_Z,_Z,_Z,2008-12,4.39
DATAFLOW,OECD.SDD.STES:DSD_KEI@DF_KEI(4.0),I,AUS,M,IR3TIB,PA,_Z,_Z,_Z,2009-01,3.74
DATAFLOW,OECD.SDD.STES:DSD_KEI@DF_KEI(4.0),I,AUS,M,IR3TIB,PA,_Z,_Z,_Z,2009-02,3.16
DATAFLOW,OECD.SDD.STES:DSD_KEI@DF_KEI(4.0),I,AUS,M,IR3TIB,PA,_Z,_Z,_Z,2009-03,3.16
DATAFLOW,OECD.SDD.STES:DSD_KEI@DF_KEI(4.0),I,AUS,M,IRLT,PA,_Z,_Z,_Z,2013-05,3.324
DATAFLOW,OECD.SDD.STES:DSD_KEI@DF_KEI(4.0),I,AUS,M,IRLT,PA,_Z,_Z,_Z,2015-06,2.985
DATAFLOW,OECD.SDD.STES:DSD_KEI@DF_KEI(4.0),I,AUS,M,IRLT,PA,_Z,_Z,_Z,2017-08,2.626
DATAFLOW,OECD.SDD.STES:DSD_KEI@DF_KEI(4.0),I,AUS,M,IRLT,PA,_Z,_Z,_Z,2018-08,2.59
DATAFLOW,OECD.SDD.STES:DSD_KEI@DF_KEI(4.0),I,AUS,M,IRLT,PA,_Z,_Z,_Z,2019-08,0.959
DATAFLOW,OECD.SDD.STES:DSD_KEI@DF_KEI(4.0),I,AUS,M,IRLT,PA,_Z,_Z,_Z,2020-08,0.905
DATAFLOW,OECD.SDD.STES:DSD_KEI@DF_KEI(4.0),I,AUS,M,IRLT,PA,_Z,_Z,_Z,2022-02,2.111
DATAFLOW,OECD.SDD.STES:DSD_KEI@DF_KEI(4.0),I,AUS,M,IRLT,PA,_Z,_Z,_Z,2022-10,3.919
DATAFLOW,OECD.SDD.STES:DSD_KEI@DF_KEI(4.0),I,AUS,M,IRLT,PA,_Z,_Z,_Z,2023-10,4.633
DATAFLOW,OECD.SDD.STES:DSD_KEI@DF_KEI(4.0),I,FRA,M,IRLT,PA,_Z,_Z,_Z,2015-05,0.89
DATAFLOW,OECD.SDD.STES:DSD_KEI@DF_KEI(4.0),I,FRA,M,IRLT,PA,_Z,_Z,_Z,2015-06,1.2
DATAFLOW,OECD.SDD.STES:DSD_KEI@DF_KEI(4.0),I,FRA,M,IRLT,PA,_Z,_Z,_Z,2015-07,1.11
DATAFLOW,OECD.SDD.STES:DSD_KEI@DF_KEI(4.0),I,FRA,M,IRLT,PA,_Z,_Z,_Z,2015-08,1.01
DATAFLOW,OECD.SDD.STES:DSD_KEI@DF_KEI(4.0),I,FRA,M,IRLT,PA,_Z,_Z,_Z,2015-09,1.0
DATAFLOW,OECD.SDD.STES:DSD_KEI@DF_KEI(4.0),I,FRA,M,IRLT,PA,_Z,_Z,_Z,2015-10,0.87
DATAFLOW,OECD.SDD.STES:DSD_KEI@DF_KEI(4.0),I,FRA,M,IRSTCI,PA,_Z,_Z,_Z,2020-10,-0.554640909090909
DATAFLOW,OECD.SDD.STES:DSD_KEI@DF_KEI(4.0),I,FRA,M,IRSTCI,PA,_Z,_Z,_Z,2020-11,-0.55621619047619
DATAFLOW,OECD.SDD.STES:DSD_KEI@DF_KEI(4.0),I,FRA,M,IRSTCI,PA,_Z,_Z,_Z,2020-12,-0.556349090909091
DATAFLOW,OECD.SDD.STES:DSD_KEI@DF_KEI(4.0),I,FRA,M,IRSTCI,PA,_Z,_Z,_Z,2021-01,-0.5657645
DATAFLOW,OECD.SDD.STES:DSD_KEI@DF_KEI(4.0),I,FRA,M,IRSTCI,PA,_Z,_Z,_Z,2021-02,-0.563521
DATAFLOW,OECD.SDD.STES:DSD_KEI@DF_KEI(4.0),I,FRA,M,IRSTCI,PA,_Z,_Z,_Z,2021-03,-0.56376652173913
DATAFLOW,OECD.SDD.STES:DSD_KEI@DF_KEI(4.0),I,FRA,M,IRSTCI,PA,_Z,_Z,_Z,2021-04,-0.5660555
DATAFLOW,OECD.SDD.STES:DSD_KEI@DF_KEI(4.0),I,FRA,M,IRSTCI,PA,_Z,_Z,_Z,2021-05,-0.56470619047619
DATAFLOW,OECD.SDD.STES:DSD_KEI@DF_KEI(4.0),I,FRA,M,IRSTCI,PA,_Z,_Z,_Z,2021-06,-0.564125909090909
DATAFLOW,OECD.SDD.STES:DSD_KEI@DF_KEI(4.0),I,FRA,M,IRSTCI,PA,_Z,_Z,_Z,2021-07,-0.566522272727273
DATAFLOW,OECD.SDD.STES:DSD_KEI@DF_KEI(4.0),I,FRA,M,IRSTCI,PA,_Z,_Z,_Z,2021-08,-0.5681
DATAFLOW,OECD.SDD.STES:DSD_KEI@DF_KEI(4.0),I,FRA,M,IRSTCI,PA,_Z,_Z,_Z,2021-09,-0.569360454545455
DATAFLOW,OECD.SDD.STES:DSD_KEI@DF_KEI(4.0),I,FRA,M,IRSTCI,PA,_Z,_Z,_Z,2021-10,-0.570412857142857
DATAFLOW,OECD.SDD.STES:DSD_KEI@DF_KEI(4.0),I,FRA,M,IRSTCI,PA,_Z,_Z,_Z,2021-11,-0.573237272727273
DATAFLOW,OECD.SDD.STES:DSD_KEI@DF_KEI(4.0),I,FRA,M,IRSTCI,PA,_Z,_Z,_Z,2021-12,-0.576372173913044
DATAFLOW,OECD.SDD.STES:DSD_KEI@DF_KEI(4.0),I,FRA,M,IRSTCI,PA,_Z,_Z,_Z,2022-01,-0.579465714285714
DATAFLOW,OECD.SDD.STES:DSD_KEI@DF_KEI(4.0),I,FRA,M,IRSTCI,PA,_Z,_Z,_Z,2022-02,-0.576333
DATAFLOW,OECD.SDD.STES:DSD_KEI@DF_KEI(4.0),I,FRA,M,IRSTCI,PA,_Z,_Z,_Z,2022-03,-0.577703043478261
DATAFLOW,OECD.SDD.STES:DSD_KEI@DF_KEI(4.0),I,FRA,M,IRSTCI,PA,_Z,_Z,_Z,2022-04,-0.583707368421053
DATAFLOW,OECD.SDD.STES:DSD_KEI@DF_KEI(4.0),I,FRA,M,IRSTCI,PA,_Z,_Z,_Z,2022-05,-0.584741363636364
DATAFLOW,OECD.SDD.STES:DSD_KEI@DF_KEI(4.0),I,FRA,M,IRSTCI,PA,_Z,_Z,_Z,2022-06,-0.582624090909091
DATAFLOW,OECD.SDD.STES:DSD_KEI@DF_KEI(4.0),I,FRA,M,IR3TIB,PA,_Z,_Z,_Z,2016-12,-0.315761904761905
DATAFLOW,OECD.SDD.STES:DSD_KEI@DF_KEI(4.0),I,FRA,M,IR3TIB,PA,_Z,_Z,_Z,2017-01,-0.325545454545455
DATAFLOW,OECD.SDD.STES:DSD_KEI@DF_KEI(4.0),I,FRA,M,IR3TIB,PA,_Z,_Z,_Z,2017-03,-0.329347826086957
DATAFLOW,OECD.SDD.STES:DSD_KEI@DF_KEI(4.0),I,FRA,M,IR3TIB,PA,_Z,_Z,_Z,2017-04,-0.330388888888889
DATAFLOW,OECD.SDD.STES:DSD_KEI@DF_KEI(4.0),I,FRA,M,IR3TIB,PA,_Z,_Z,_Z,2017-05,-0.329454545454545
DATAFLOW,OECD.SDD.STES:DSD_KEI@DF_KEI(4.0),I,FRA,M,IR3TIB,PA,_Z,_Z,_Z,2017-07,-0.330428571428571
DATAFLOW,OECD.SDD.STES:DSD_KEI@DF_KEI(4.0),I,FRA,M,IR3TIB,PA,_Z,_Z,_Z,2017-08,-0.329086956521739
DATAFLOW,OECD.SDD.STES:DSD_KEI@DF_KEI(4.0),I,FRA,M,IR3TIB,PA,_Z,_Z,_Z,2017-09,-0.329380952380952
DATAFLOW,OECD.SDD.STES:DSD_KEI@DF_KEI(4.0),I,FRA,M,IR3TIB,PA,_Z,_Z,_Z,2017-10,-0.329545454545455
DATAFLOW,OECD.SDD.STES:DSD_KEI@DF_KEI(4.0),I,FRA,M,IR3TIB,PA,_Z,_Z,_Z,2017-12,-0.327894736842105
DATAFLOW,OECD.SDD.STES:DSD_KEI@DF_KEI(4.0),I,FRA,M,IR3TIB,PA,_Z,_Z,_Z,2018-01,-0.328454545454546
DATAFLOW,OECD.SDD.STES:DSD_KEI@DF_KEI(4.0),I,FRA,M,IR3TIB,PA,_Z,_Z,_Z,2018-03,-0.327904761904762
DATAFLOW,OECD.SDD.STES:DSD_KEI@DF_KEI(4.0),I,FRA,M,IR3TIB,PA,_Z,_Z,_Z,2018-04,-0.32845
DATAFLOW,OECD.SDD.STES:DSD_KEI@DF_KEI(4.0),I,FRA,M,IR3TIB,PA,_Z,_Z,_Z,2018-05,-0.325227272727273
DATAFLOW,OECD.SDD.STES:DSD_KEI@DF_KEI(4.0),I,FRA,M,IR3TIB,PA,_Z,_Z,_Z,2018-06,-0.322047619047619
DATAFLOW,OECD.SDD.STES:DSD_KEI@DF_KEI(4.0),I,FRA,M,IR3TIB,PA,_Z,_Z,_Z,2018-07,-0.320727272727273
DATAFLOW,OECD.SDD.STES:DSD_KEI@DF_KEI(4.0),I,FRA,M,IR3TIB,PA,_Z,_Z,_Z,2018-09,-0.31885
DATAFLOW,OECD.SDD.STES:DSD_KEI@DF_KEI(4.0),I,FRA,M,IR3TIB,PA,_Z,_Z,_Z,2018-10,-0.317695652173913
DATAFLOW,OECD.SDD.STES:DSD_KEI@DF_KEI(4.0),I,FRA,M,IR3TIB,PA,_Z,_Z,_Z,2018-11,-0.316363636363636
DATAFLOW,OECD.SDD.STES:DSD_KEI@DF_KEI(4.0),I,FRA,M,IR3TIB,PA,_Z,_Z,_Z,2018-12,-0.311894736842105
DATAFLOW,OECD.SDD.STES:DSD_KEI@DF_KEI(4.0),I,FRA,M,IR3TIB,PA,_Z,_Z,_Z,2019-02,-0.30845
DATAFLOW,OECD.SDD.STES:DSD_KEI@DF_KEI(4.0),I,FRA,M,IR3TIB,PA,_Z,_Z,_Z,2019-03,-0.309190476190476
DATAFLOW,OECD.SDD.STES:DSD_KEI@DF_KEI(4.0),I,FRA,M,IR3TIB,PA,_Z,_Z,_Z,2019-04,-0.31045
DATAFLOW,OECD.SDD.STES:DSD_KEI@DF_KEI(4.0),I,FRA,M,IR3TIB,PA,_Z,_Z,_Z,2019-05,-0.311863636363636
DATAFLOW,OECD.SDD.STES:DSD_KEI@DF_KEI(4.0),I,FRA,M,IR3TIB,PA,_Z,_Z,_Z,2019-07,-0.364869565217391
DATAFLOW,OECD.SDD.STES:DSD_KEI@DF_KEI(4.0),I,FRA,M,IR3TIB,PA,_Z,_Z,_Z,2019-08,-0.407681818181818
DATAFLOW,OECD.SDD.STES:DSD_KEI@DF_KEI(4.0),I,FRA,M,IR3TIB,PA,_Z,_Z,_Z,2019-09,-0.417571428571429
DATAFLOW,OECD.SDD.STES:DSD_KEI@DF_KEI(4.0),I,FRA,M,IR3TIB,PA,_Z,_Z,_Z,2019-10,-0.412869565217391
DATAFLOW,OECD.SDD.STES:DSD_KEI@DF_KEI(4.0),I,FRA,M,IR3TIB,PA,_Z,_Z,_Z,2019-11,-0.401285714285714
DATAFLOW,OECD.SDD.STES:DSD_KEI@DF_KEI(4.0),I,FRA,M,IR3TIB,PA,_Z,_Z,_Z,2020-01,-0.391136363636364
DATAFLOW,OECD.SDD.STES:DSD_KEI@DF_KEI(4.0),I,FRA,M,IR3TIB,PA,_Z,_Z,_Z,2020-02,-0.40885
DATAFLOW,OECD.SDD.STES:DSD_KEI@DF_KEI(4.0),I,FRA,M,IR3TIB,PA,_Z,_Z,_Z,2020-03,-0.416636363636364
DATAFLOW,OECD.SDD.STES:DSD_KEI@DF_KEI(4.0),I,FRA,M,IR3TIB,PA,_Z,_Z,_Z,2020-04,-0.25405
DATAFLOW,OECD.SDD.STES:DSD_KEI@DF_KEI(4.0),I,FRA,M,IR3TIB,PA,_Z,_Z,_Z,2020-05,-0.27195
DATAFLOW,OECD.SDD.STES:DSD_KEI@DF_KEI(4.0),I,FRA,M,IR3TIB,PA,_Z,_Z,_Z,2020-07,-0.444130434782609
DATAFLOW,OECD.SDD.STES:DSD_KEI@DF_KEI(4.0),I,FRA,M,IR3TIB,PA,_Z,_Z,_Z,2020-08,-0.479714285714286
DATAFLOW,OECD.SDD.STES:DSD_KEI@DF_KEI(4.0),I,FRA,M,IR3TIB,PA,_Z,_Z,_Z,2020-09,-0.491363636363636
DATAFLOW,OECD.SDD.STES:DSD_KEI@DF_KEI(4.0),I,FRA,M,IR3TIB,PA,_Z,_Z,_Z,2020-10,-0.509136363636364
DATAFLOW,OECD.SDD.STES:DSD_KEI@DF_KEI(4.0),I,FRA,M,IR3TIB,PA,_Z,_Z,_Z,2020-11,-0.520857142857143
DATAFLOW,OECD.SDD.STES:DSD_KEI@DF_KEI(4.0),I,FRA,M,IR3TIB,PA,_Z,_Z,_Z,2020-12,-0.538090909090909
DATAFLOW,OECD.SDD.STES:DSD_KEI@DF_KEI(4.0),I,FRA,M,IR3TIB,PA,_Z,_Z,_Z,2021-01,-0.54715
DATAFLOW,OECD.SDD.STES:DSD_KEI@DF_KEI(4.0),I,FRA,M,IR3TIB,PA,_Z,_Z,_Z,2021-03,-0.539086956521739
DATAFLOW,OECD.SDD.STES:DSD_KEI@DF_KEI(4.0),I,FRA,M,IR3TIB,PA,_Z,_Z,_Z,2021-04,-0.53815
DATAFLOW,OECD.SDD.STES:DSD_KEI@DF_KEI(4.0),I,FRA,M,IR3TIB,PA,_Z,_Z,_Z,2021-05,-0.540095238095238
DATAFLOW,OECD.SDD.STES:DSD_KEI@DF_KEI(4.0),I,FRA,M,IR3TIB,PA,_Z,_Z,_Z,2021-06,-0.542909090909091
DATAFLOW,OECD.SDD.STES:DSD_KEI@DF_KEI(4.0),I,FRA,M,IR3TIB,PA,_Z,_Z,_Z,2021-07,-0.544818181818182
DATAFLOW,OECD.SDD.STES:DSD_KEI@DF_KEI(4.0),I,FRA,M,IR3TIB,PA,_Z,_Z,_Z,2021-08,-0.547590909090909
DATAFLOW,OECD.SDD.STES:DSD_KEI@DF_KEI(4.0),I,FRA,M,IR3TIB,PA,_Z,_Z,_Z,2021-09,-0.545045454545454
DATAFLOW,OECD.SDD.STES:DSD_KEI@DF_KEI(4.0),I,FRA,M,IR3TIB,PA,_Z,_Z,_Z,2021-10,-0.549809523809524
DATAFLOW,OECD.SDD.STES:DSD_KEI@DF_KEI(4.0),I,FRA,M,IR3TIB,PA,_Z,_Z,_Z,2021-11,-0.567363636363636
DATAFLOW,OECD.SDD.STES:DSD_KEI@DF_KEI(4.0),I,FRA,M,IR3TIB,PA,_Z,_Z,_Z,2021-12,-0.58195652173913
DATAFLOW,OECD.SDD.STES:DSD_KEI@DF_KEI(4.0),I,FRA,M,IR3TIB,PA,_Z,_Z,_Z,2022-01,-0.560142857142857
DATAFLOW,OECD.SDD.STES:DSD_KEI@DF_KEI(4.0),I,FRA,M,IR3TIB,PA,_Z,_Z,_Z,2022-02,-0.53150000005
DATAFLOW,OECD.SDD.STES:DSD_KEI@DF_KEI(4.0),I,FRA,M,IR3TIB,PA,_Z,_Z,_Z,2022-03,-0.495434782608696
DATAFLOW,OECD.SDD.STES:DSD_KEI@DF_KEI(4.0),I,FRA,M,IR3TIB,PA,_Z,_Z,_Z,2022-04,-0.447894736842105
DATAFLOW,OECD.SDD.STES:DSD_KEI@DF_KEI(4.0),I,FRA,M,IR3TIB,PA,_Z,_Z,_Z,2022-05,-0.385727272727273
DATAFLOW,OECD.SDD.STES:DSD_KEI@DF_KEI(4.0),I,FRA,M,IR3TIB,PA,_Z,_Z,_Z,2022-06,-0.239227272727273
DATAFLOW,OECD.SDD.STES:DSD_KEI@DF_KEI(4.0),I,FRA,M,IR3TIB,PA,_Z,_Z,_Z,2022-07,0.0366190476190476
DATAFLOW,OECD.SDD.STES:DSD_KEI@DF_KEI(4.0),I,FRA,M,IR3TIB,PA,_Z,_Z,_Z,2022-08,0.394739130434783
DATAFLOW,OECD.SDD.STES:DSD_KEI@DF_KEI(4.0),I,FRA,M,IR3TIB,PA,_Z,_Z,_Z,2022-09,1.01086363636364
DATAFLOW,OECD.SDD.STES:DSD_KEI@DF_KEI(4.0),I,FRA,M,IRLT,PA,_Z,_Z,_Z,2024-03,2.82
DATAFLOW,OECD.SDD.STES:DSD_KEI@DF_KEI(4.0),I,FRA,M,IRLT,PA,_Z,_Z,_Z,2024-04,2.97
DATAFLOW,OECD.SDD.STES:DSD_KEI@DF_KEI(4.0),I,FRA,M,IRLT,PA,_Z,_Z,_Z,2024-05,3.03
DATAFLOW,OECD.SDD.STES:DSD_KEI@DF_KEI(4.0),I,FRA,M,IRLT,PA,_Z,_Z,_Z,2024-06,3.15
DATAFLOW,OECD.SDD.STES:DSD_KEI@DF_KEI(4.0),I,FRA,M,IRLT,PA,_Z,_Z,_Z,2024-07,3.14
DATAFLOW,OECD.SDD.STES:DSD_KEI@DF_KEI(4.0),I,FRA,M,IRLT,PA,_Z,_Z,_Z,2024-08,2.94
DATAFLOW,OECD.SDD.STES:DSD_KEI@DF_KEI(4.0),I,FRA,M,IRLT,PA,_Z,_Z,_Z,2024-09,2.9
DATAFLOW,OECD.SDD.STES:DSD_KEI@DF_KEI(4.0),I,FRA,M,IRLT,PA,_Z,_Z,_Z,2024-10,2.99
DATAFLOW,OECD.SDD.STES:DSD_KEI@DF_KEI(4.0),I,FRA,M,IRLT,PA,_Z,_Z,_Z,2024-11,3.09
DATAFLOW,OECD.SDD.STES:DSD_KEI@DF_KEI(4.0),I,FRA,M,IRLT,PA,_Z,_Z,_Z,2024-12,3.01
DATAFLOW,OECD.SDD.STES:DSD_KEI@DF_KEI(4.0),I,FRA,M,IRLT,PA,_Z,_Z,_Z,2025-01,3.32
DATAFLOW,OECD.SDD.STES:DSD_KEI@DF_KEI(4.0),I,FRA,M,IRLT,PA,_Z,_Z,_Z,2025-02,3.15
DATAFLOW,OECD.SDD.STES:DSD_KEI@DF_KEI(4.0),I,FRA,M,IRLT,PA,_Z,_Z,_Z,2025-03,3.43
DATAFLOW,OECD.SDD.STES:DSD_KEI@DF_KEI(4.0),I,FRA,M,IRLT,PA,_Z,_Z,_Z,2025-04,3.26
DATAFLOW,OECD.SDD.STES:DSD_KEI@DF_KEI(4.0),I,FRA,M,IRLT,PA,_Z,_Z,_Z,2025-05,3.26
DATAFLOW,OECD.SDD.STES:DSD_KEI@DF_KEI(4.0),I,FRA,M,IRLT,PA,_Z,_Z,_Z,2025-06,3.24
DATAFLOW,OECD.SDD.STES:DSD_KEI@DF_KEI(4.0),I,FRA,M,IRLT,PA,_Z,_Z,_Z,2025-07,3.36
DATAFLOW,OECD.SDD.STES:DSD_KEI@DF_KEI(4.0),I,FRA,M,IRLT,PA,_Z,_Z,_Z,2025-08,3.42
DATAFLOW,OECD.SDD.STES:DSD_KEI@DF_KEI(4.0),I,FRA,M,IRLT,PA,_Z,_Z,_Z,2025-09,3.51
DATAFLOW,OECD.SDD.STES:DSD_KEI@DF_KEI(4.0),I,FRA,M,IRLT,PA,_Z,_Z,_Z,2025-10,3.44
DATAFLOW,OECD.SDD.STES:DSD_KEI@DF_KEI(4.0),I,FRA,M,IRLT,PA,_Z,_Z,_Z,2025-11,3.44
DATAFLOW,OECD.SDD.STES:DSD_KEI@DF_KEI(4.0),I,FRA,M,IRLT,PA,_Z,_Z,_Z,2025-12,3.56
DATAFLOW,OECD.SDD.STES:DSD_KEI@DF_KEI(4.0),I,FRA,M,IRLT,PA,_Z,_Z,_Z,2007-01,4.07
DATAFLOW,OECD.SDD.STES:DSD_KEI@DF_KEI(4.0),I,FRA,M,IRLT,PA,_Z,_Z,_Z,2007-02,4.1
DATAFLOW,OECD.SDD.STES:DSD_KEI@DF_KEI(4.0),I,FRA,M,IRLT,PA,_Z,_Z,_Z,2007-03,4.0
DATAFLOW,OECD.SDD.STES:DSD_KEI@DF_KEI(4.0),I,FRA,M,IRLT,PA,_Z,_Z,_Z,2007-04,4.21
DATAFLOW,OECD.SDD.STES:DSD_KEI@DF_KEI(4.0),I,FRA,M,IRLT,PA,_Z,_Z,_Z,2007-05,4.34
DATAFLOW,OECD.SDD.STES:DSD_KEI@DF_KEI(4.0),I,FRA,M,IRLT,PA,_Z,_Z,_Z,2007-06,4.62
DATAFLOW,OECD.SDD.STES:DSD_KEI@DF_KEI(4.0),I,FRA,M,IRLT,PA,_Z,_Z,_Z,2007-07,4.58
DATAFLOW,OECD.SDD.STES:DSD_KEI@DF_KEI(4.0),I,FRA,M,IRLT,PA,_Z,_Z,_Z,2007-08,4.39
DATAFLOW,OECD.SDD.STES:DSD_KEI@DF_KEI(4.0),I,FRA,M,IRLT,PA,_Z,_Z,_Z,2007-09,4.36
DATAFLOW,OECD.SDD.STES:DSD_KEI@DF_KEI(4.0),I,FRA,M,IRLT,PA,_Z,_Z,_Z,2007-10,4.4
DATAFLOW,OECD.SDD.STES:DSD_KEI@DF_KEI(4.0),I,FRA,M,IRLT,PA,_Z,_Z,_Z,2007-11,4.23
DATAFLOW,OECD.SDD.STES:DSD_KEI@DF_KEI(4.0),I,FRA,M,IRLT,PA,_Z,_Z,_Z,2007-12,4.35
DATAFLOW,OECD.SDD.STES:DSD_KEI@DF_KEI(4.0),I,FRA,M,IRLT,PA,_Z,_Z,_Z,2008-01,4.15
DATAFLOW,OECD.SDD.STES:DSD_KEI@DF_KEI(4.0),I,FRA,M,IRLT,PA,_Z,_Z,_Z,2008-02,4.08
DATAFLOW,OECD.SDD.STES:DSD_KEI@DF_KEI(4.0),I,FRA,M,IRLT,PA,_Z,_Z,_Z,2008-03,4.02
DATAFLOW,OECD.SDD.STES:DSD_KEI@DF_KEI(4.0),I,FRA,M,IRLT,PA,_Z,_Z,_Z,2008-04,4.27
DATAFLOW,OECD.SDD.STES:DSD_KEI@DF_KEI(4.0),I,FRA,M,IRLT,PA,_Z,_Z,_Z,2008-05,4.41
DATAFLOW,OECD.SDD.STES:DSD_KEI@DF_KEI(4.0),I,FRA,M,IRLT,PA,_Z,_Z,_Z,2008-06,4.73
DATAFLOW,OECD.SDD.STES:DSD_KEI@DF_KEI(4.0),I,FRA,M,IRLT,PA,_Z,_Z,_Z,2008-07,4.69
DATAFLOW,OECD.SDD.STES:DSD_KEI@DF_KEI(4.0),I,FRA,M,IRLT,PA,_Z,_Z,_Z,2008-08,4.4
DATAFLOW,OECD.SDD.STES:DSD_KEI@DF_KEI(4.0),I,FRA,M,IRLT,PA,_Z,_Z,_Z,2008-09,4.36
DATAFLOW,OECD.SDD.STES:DSD_KEI@DF_KEI(4.0),I,FRA,M,IRLT,PA,_Z,_Z,_Z,2008-10,4.18
DATAFLOW,OECD.SDD.STES:DSD_KEI@DF_KEI(4.0),I,FRA,M,IRLT,PA,_Z,_Z,_Z,2008-11,3.98
DATAFLOW,OECD.SDD.STES:DSD_KEI@DF_KEI(4.0),I,FRA,M,IRLT,PA,_Z,_Z,_Z,2008-12,3.54
DATAFLOW,OECD.SDD.STES:DSD_KEI@DF_KEI(4.0),I,FRA,M,IRLT,PA,_Z,_Z,_Z,2009-01,3.6
DATAFLOW,OECD.SDD.STES:DSD_KEI@DF_KEI(4.0),I,FRA,M,IRLT,PA,_Z,_Z,_Z,2009-02,3.68
DATAFLOW,OECD.SDD.STES:DSD_KEI@DF_KEI(4.0),I,FRA,M,IRLT,PA,_Z,_Z,_Z,2009-03,3.65
DATAFLOW,OECD.SDD.STES:DSD_KEI@DF_KEI(4.0),I,FRA,M,IRLT,PA,_Z,_Z,_Z,2009-04,3.66
DATAFLOW,OECD.SDD.STES:DSD_KEI@DF_KEI(4.0),I,FRA,M,IRLT,PA,_Z,_Z,_Z,2009-05,3.8
DATAFLOW,OECD.SDD.STES:DSD_KEI@DF_KEI(4.0),I,FRA,M,IR3TIB,PA,_Z,_Z,_Z,2025-11,2.04165
DATAFLOW,OECD.SDD.STES:DSD_KEI@DF_KEI(4.0),I,FRA,M,IR3TIB,PA,_Z,_Z,_Z,2025-12,2.0457826087
DATAFLOW,OECD.SDD.STES:DSD_KEI@DF_KEI(4.0),I,FRA,M,IR3TIB,PA,_Z,_Z,_Z,2024-01,3.92527272727273
DATAFLOW,OECD.SDD.STES:DSD_KEI@DF_KEI(4.0),I,FRA,M,IR3TIB,PA,_Z,_Z,_Z,2025-01,2.7031304348
DATAFLOW,OECD.SDD.STES:DSD_KEI@DF_KEI(4.0),I,FRA,M,IR3TIB,PA,_Z,_Z,_Z,2025-03,2.4424285714
DATAFLOW,OECD.SDD.STES:DSD_KEI@DF_KEI(4.0),I,FRA,M,IR3TIB,PA,_Z,_Z,_Z,2025-04,2.2481818182
DATAFLOW,OECD.SDD.STES:DSD_KEI@DF_KEI(4.0),I,FRA,M,IRSTCI,PA,_Z,_Z,_Z,2025-11,1.9289305
DATAFLOW,OECD.SDD.STES:DSD_KEI@DF_KEI(4.0),I,FRA,M,IRSTCI,PA,_Z,_Z,_Z,2025-12,1.92928666666667
DATAFLOW,OECD.SDD.STES:DSD_KEI@DF_KEI(4.0),I,FRA,M,IRSTCI,PA,_Z,_Z,_Z,2008-02,4.0279
DATAFLOW,OECD.SDD.STES:DSD_KEI@DF_KEI(4.0),I,FRA,M,IRSTCI,PA,_Z,_Z,_Z,2008-03,4.091
DATAFLOW,OECD.SDD.STES:DSD_KEI@DF_KEI(4.0),I,FRA,M,IRSTCI,PA,_Z,_Z,_Z,2008-04,3.9868
DATAFLOW,OECD.SDD.STES:DSD_KEI@DF_KEI(4.0),I,FRA,M,IRSTCI,PA,_Z,_Z,_Z,2008-05,4.0097
DATAFLOW,OECD.SDD.STES:DSD_KEI@DF_KEI(4.0),I,FRA,M,IRSTCI,PA,_Z,_Z,_Z,2008-06,4.0067
DATAFLOW,OECD.SDD.STES:DSD_KEI@DF_KEI(4.0),I,FRA,M,IRSTCI,PA,_Z,_Z,_Z,2008-07,4.1908
DATAFLOW,OECD.SDD.STES:DSD_KEI@DF_KEI(4.0),I,FRA,M,IRSTCI,PA,_Z,_Z,_Z,2008-08,4.2989
DATAFLOW,OECD.SDD.STES:DSD_KEI@DF_KEI(4.0),I,FRA,M,IRSTCI,PA,_Z,_Z,_Z,2008-09,4.2733
DATAFLOW,OECD.SDD.STES:DSD_KEI@DF_KEI(4.0),I,FRA,M,IRSTCI,PA,_Z,_Z,_Z,2008-10,3.8198
DATAFLOW,OECD.SDD.STES:DSD_KEI@DF_KEI(4.0),I,FRA,M,IRSTCI,PA,_Z,_Z,_Z,2008-11,3.1502
DATAFLOW,OECD.SDD.STES:DSD_KEI@DF_KEI(4.0),I,FRA,M,IRSTCI,PA,_Z,_Z,_Z,2008-12,2.4864
DATAFLOW,OECD.SDD.STES:DSD_KEI@DF_KEI(4.0),I,FRA,M,IRSTCI,PA,_Z,_Z,_Z,2009-01,1.8122
DATAFLOW,OECD.SDD.STES:DSD_KEI@DF_KEI(4.0),I,FRA,M,IRSTCI,PA,_Z,_Z,_Z,2009-02,1.2571
DATAFLOW,OECD.SDD.STES:DSD_KEI@DF_KEI(4.0),I,FRA,M,IRSTCI,PA,_Z,_Z,_Z,2009-03,1.062
DATAFLOW,OECD.SDD.STES:DSD_KEI@DF_KEI(4.0),I,FRA,M,IRSTCI,PA,_Z,_Z,_Z,2009-04,0.8419
DATAFLOW,OECD.SDD.STES:DSD_KEI@DF_KEI(4.0),I,FRA,M,IRSTCI,PA,_Z,_Z,_Z,2009-05,0.7821
DATAFLOW,OECD.SDD.STES:DSD_KEI@DF_KEI(4.0),I,FRA,M,IRSTCI,PA,_Z,_Z,_Z,2009-06,0.698
DATAFLOW,OECD.SDD.STES:DSD_KEI@DF_KEI(4.0),I,FRA,M,IRSTCI,PA,_Z,_Z,_Z,2009-07,0.3576
DATAFLOW,OECD.SDD.STES:DSD_KEI@DF_KEI(4.0),I,FRA,M,IRSTCI,PA,_Z,_Z,_Z,2009-08,0.3475
DATAFLOW,OECD.SDD.STES:DSD_KEI@DF_KEI(4.0),I,FRA,M,IRSTCI,PA,_Z,_Z,_Z,2009-09,0.3632
DATAFLOW,OECD.SDD.STES:DSD_KEI@DF_KEI(4.0),I,FRA,M,IRSTCI,PA,_Z,_Z,_Z,2009-10,0.3587
DATAFLOW,OECD.SDD.STES:DSD_KEI@DF_KEI(4.0),I,FRA,M,IRSTCI,PA,_Z,_Z,_Z,2009-11,0.3624
DATAFLOW,OECD.SDD.STES:DSD_KEI@DF_KEI(4.0),I,FRA,M,IRSTCI,PA,_Z,_Z,_Z,2009-12,0.3546
DATAFLOW,OECD.SDD.STES:DSD_KEI@DF_KEI(4.0),I,FRA,M,IRSTCI,PA,_Z,_Z,_Z,2010-01,0.344
DATAFLOW,OECD.SDD.STES:DSD_KEI@DF_KEI(4.0),I,FRA,M,IRSTCI,PA,_Z,_Z,_Z,2010-02,0.3406
DATAFLOW,OECD.SDD.STES:DSD_KEI@DF_KEI(4.0),I,FRA,M,IRSTCI,PA,_Z,_Z,_Z,2010-03,0.3477
DATAFLOW,OECD.SDD.STES:DSD_KEI@DF_KEI(4.0),I,FRA,M,IRSTCI,PA,_Z,_Z,_Z,2010-04,0.3533
DATAFLOW,OECD.SDD.STES:DSD_KEI@DF_KEI(4.0),I,FRA,M,IRSTCI,PA,_Z,_Z,_Z,2010-05,0.3439
DATAFLOW,OECD.SDD.STES:DSD_KEI@DF_KEI(4.0),I,FRA,M,IRSTCI,PA,_Z,_Z,_Z,2010-06,0.3543
DATAFLOW,OECD.SDD.STES:DSD_KEI@DF_KEI(4.0),I,FRA,M,IRSTCI,PA,_Z,_Z,_Z,2010-07,0.4811
DATAFLOW,OECD.SDD.STES:DSD_KEI@DF_KEI(4.0),I,FRA,M,IRSTCI,PA,_Z,_Z,_Z,2010-08,0.4256
DATAFLOW,OECD.SDD.STES:DSD_KEI@DF_KEI(4.0),I,FRA,M,IRSTCI,PA,_Z,_Z,_Z,2010-09,0.4536
DATAFLOW,OECD.SDD.STES:DSD_KEI@DF_KEI(4.0),I,FRA,M,IRSTCI,PA,_Z,_Z,_Z,2010-10,0.7013
DATAFLOW,OECD.SDD.STES:DSD_KEI@DF_KEI(4.0),I,FRA,M,IRSTCI,PA,_Z,_Z,_Z,2010-11,0.5926
DATAFLOW,OECD.SDD.STES:DSD_KEI@DF_KEI(4.0),I,FRA,M,IRSTCI,PA,_Z,_Z,_Z,2010-12,0.4981
DATAFLOW,OECD.SDD.STES:DSD_KEI@DF_KEI(4.0),I,FRA,M,IRSTCI,PA,_Z,_Z,_Z,2011-01,0.659
DATAFLOW,OECD.SDD.STES:DSD_KEI@DF_KEI(4.0),I,FRA,M,IRSTCI,PA,_Z,_Z,_Z,2011-02,0.7071
DATAFLOW,OECD.SDD.STES:DSD_KEI@DF_KEI(4.0),I,FRA,M,IRSTCI,PA,_Z,_Z,_Z,2011-03,0.6587
DATAFLOW,OECD.SDD.STES:DSD_KEI@DF_KEI(4.0),I,FRA,M,IRSTCI,PA,_Z,_Z,_Z,2011-04,0.9661
DATAFLOW,OECD.SDD.STES:DSD_KEI@DF_KEI(4.0),I,FRA,M,IRSTCI,PA,_Z,_Z,_Z,2011-05,1.0334
DATAFLOW,OECD.SDD.STES:DSD_KEI@DF_KEI(4.0),I,FRA,M,IRSTCI,PA,_Z,_Z,_Z,2011-06,1.124
DATAFLOW,OECD.SDD.STES:DSD_KEI@DF_KEI(4.0),I,FRA,M,IRSTCI,PA,_Z,_Z,_Z,2011-07,1.0118
DATAFLOW,OECD.SDD.STES:DSD_KEI@DF_KEI(4.0),I,FRA,M,IRSTCI,PA,_Z,_Z,_Z,2011-08,0.9058
DATAFLOW,OECD.SDD.STES:DSD_KEI@DF_KEI(4.0),I,FRA,M,IRSTCI,PA,_Z,_Z,_Z,2011-09,1.0055
DATAFLOW,OECD.SDD.STES:DSD_KEI@DF_KEI(4.0),I,FRA,M,IRSTCI,PA,_Z,_Z,_Z,2011-10,0.9596
DATAFLOW,OECD.SDD.STES:DSD_KEI@DF_KEI(4.0),I,FRA,M,IRSTCI,PA,_Z,_Z,_Z,2011-11,0.79
DATAFLOW,OECD.SDD.STES:DSD_KEI@DF_KEI(4.0),I,FRA,M,IRSTCI,PA,_Z,_Z,_Z,2011-12,0.627
DATAFLOW,OECD.SDD.STES:DSD_KEI@DF_KEI(4.0),I,FRA,M,IRSTCI,PA,_Z,_Z,_Z,2012-01,0.38
DATAFLOW,OECD.SDD.STES:DSD_KEI@DF_KEI(4.0),I,FRA,M,IRSTCI,PA,_Z,_Z,_Z,2012-02,0.3656
DATAFLOW,OECD.SDD.STES:DSD_KEI@DF_KEI(4.0),I,FRA,M,IRSTCI,PA,_Z,_Z,_Z,2012-03,0.3567
DATAFLOW,OECD.SDD.STES:DSD_KEI@DF_KEI(4.0),I,FRA,M,IRSTCI,PA,_Z,_Z,_Z,2012-04,0.3451
DATAFLOW,OECD.SDD.STES:DSD_KEI@DF_KEI(4.0),I,FRA,M,IRSTCI,PA,_Z,_Z,_Z,2012-05,0.337
DATAFLOW,OECD.SDD.STES:DSD_KEI@DF_KEI(4.0),I,FRA,M,IRSTCI,PA,_Z,_Z,_Z,2012-06,0.332
DATAFLOW,OECD.SDD.STES:DSD_KEI@DF_KEI(4.0),I,FRA,M,IRSTCI,PA,_Z,_Z,_Z,2012-07,0.1842
DATAFLOW,OECD.SDD.STES:DSD_KEI@DF_KEI(4.0),I,FRA,M,IRSTCI,PA,_Z,_Z,_Z,2012-08,0.1101
DATAFLOW,OECD.SDD.STES:DSD_KEI@DF_KEI(4.0),I,FRA,M,IRSTCI,PA,_Z,_Z,_Z,2012-09,0.0993
DATAFLOW,OECD.SDD.STES:DSD_KEI@DF_KEI(4.0),I,FRA,M,IRSTCI,PA,_Z,_Z,_Z,2012-10,0.0907
DATAFLOW,OECD.SDD.STES:DSD_KEI@DF_KEI(4.0),I,FRA,M,IRSTCI,PA,_Z,_Z,_Z,2012-11,0.0785
DATAFLOW,OECD.SDD.STES:DSD_KEI@DF_KEI(4.0),I,FRA,M,IRSTCI,PA,_Z,_Z,_Z,2012-12,0.0734
DATAFLOW,OECD.SDD.STES:DSD_KEI@DF_KEI(4.0),I,FRA,M,IRSTCI,PA,_Z,_Z,_Z,2013-01,0.069
DATAFLOW,OECD.SDD.STES:DSD_KEI@DF_KEI(4.0),I,FRA,M,IRSTCI,PA,_Z,_Z,_Z,2013-02,0.0677
DATAFLOW,OECD.SDD.STES:DSD_KEI@DF_KEI(4.0),I,FRA,M,IRSTCI,PA,_Z,_Z,_Z,2013-03,0.067
DATAFLOW,OECD.SDD.STES:DSD_KEI@DF_KEI(4.0),I,FRA,M,IRSTCI,PA,_Z,_Z,_Z,2013-04,0.081
DATAFLOW,OECD.SDD.STES:DSD_KEI@DF_KEI(4.0),I,FRA,M,IRSTCI,PA,_Z,_Z,_Z,2013-05,0.0787
DATAFLOW,OECD.SDD.STES:DSD_KEI@DF_KEI(4.0),I,FRA,M,IRSTCI,PA,_Z,_Z,_Z,2013-06,0.0862
DATAFLOW,OECD.SDD.STES:DSD_KEI@DF_KEI(4.0),I,FRA,M,IRSTCI,PA,_Z,_Z,_Z,2013-07,0.0931
DATAFLOW,OECD.SDD.STES:DSD_KEI@DF_KEI(4.0),I,FRA,M,IRSTCI,PA,_Z,_Z,_Z,2013-08,0.082
DATAFLOW,OECD.SDD.STES:DSD_KEI@DF_KEI(4.0),I,FRA,M,IRSTCI,PA,_Z,_Z,_Z,2013-09,0.0803
DATAFLOW,OECD.SDD.STES:DSD_KEI@DF_KEI(4.0),I,FRA,M,IRSTCI,PA,_Z,_Z,_Z,2013-10,0.0933
DATAFLOW,OECD.SDD.STES:DSD_KEI@DF_KEI(4.0),I,FRA,M,IRSTCI,PA,_Z,_Z,_Z,2013-11,0.1031
DATAFLOW,OECD.SDD.STES:DSD_KEI@DF_KEI(4.0),I,FRA,M,IRSTCI,PA,_Z,_Z,_Z,2013-12,0.1686
DATAFLOW,OECD.SDD.STES:DSD_KEI@DF_KEI(4.0),I,FRA,M,IR3TIB,PA,_Z,_Z,_Z,2014-08,0.191571428571429
DATAFLOW,OECD.SDD.STES:DSD_KEI@DF_KEI(4.0),I,FRA,M,IR3TIB,PA,_Z,_Z,_Z,2014-09,0.0970909090909091
DATAFLOW,OECD.SDD.STES:DSD_KEI@DF_KEI(4.0),I,FRA,M,IR3TIB,PA,_Z,_Z,_Z,2014-10,0.0826086956521739
DATAFLOW,OECD.SDD.STES:DSD_KEI@DF_KEI(4.0),I,FRA,M,IR3TIB,PA,_Z,_Z,_Z,2014-12,0.0809047619047619
DATAFLOW,OECD.SDD.STES:DSD_KEI@DF_KEI(4.0),I,FRA,M,IR3TIB,PA,_Z,_Z,_Z,2015-01,0.0626666666666667
DATAFLOW,OECD.SDD.STES:DSD_KEI@DF_KEI(4.0),I,FRA,M,IR3TIB,PA,_Z,_Z,_Z,2015-03,0.0271818181818182
DATAFLOW,OECD.SDD.STES:DSD_KEI@DF_KEI(4.0),I,FRA,M,IR3TIB,PA,_Z,_Z,_Z,2015-05,-0.0103684210526316
DATAFLOW,OECD.SDD.STES:DSD_KEI@DF_KEI(4.0),I,FRA,M,IR3TIB,PA,_Z,_Z,_Z,2015-06,-0.0139090909090909
DATAFLOW,OECD.SDD.STES:DSD_KEI@DF_KEI(4.0),I,FRA,M,IR3TIB,PA,_Z,_Z,_Z,2015-07,-0.0187391304347826
DATAFLOW,OECD.SDD.STES:DSD_KEI@DF_KEI(4.0),I,FRA,M,IR3TIB,PA,_Z,_Z,_Z,2015-08,-0.0276666666666667
DATAFLOW,OECD.SDD.STES:DSD_KEI@DF_KEI(4.0),I,FRA,M,IR3TIB,PA,_Z,_Z,_Z,2015-09,-0.0370454545454546
DATAFLOW,OECD.SDD.STES:DSD_KEI@DF_KEI(4.0),I,FRA,M,IR3TIB,PA,_Z,_Z,_Z,2015-10,-0.0535909090909091
DATAFLOW,OECD.SDD.STES:DSD_KEI@DF_KEI(4.0),I,FRA,M,IR3TIB,PA,_Z,_Z,_Z,2015-11,-0.0876190476190476
DATAFLOW,OECD.SDD.STES:DSD_KEI@DF_KEI(4.0),I,FRA,M,IR3TIB,PA,_Z,_Z,_Z,2015-12,-0.126318181818182
DATAFLOW,OECD.SDD.STES:DSD_KEI@DF_KEI(4.0),I,FRA,M,IR3TIB,PA,_Z,_Z,_Z,2016-01,-0.14615
DATAFLOW,OECD.SDD.STES:DSD_KEI@DF_KEI(4.0),I,FRA,M,IR3TIB,PA,_Z,_Z,_Z,2016-02,-0.183571428571429
DATAFLOW,OECD.SDD.STES:DSD_KEI@DF_KEI(4.0),I,FRA,M,IR3TIB,PA,_Z,_Z,_Z,2016-03,-0.22852380952381
DATAFLOW,OECD.SDD.STES:DSD_KEI@DF_KEI(4.0),I,FRA,M,IR3TIB,PA,_Z,_Z,_Z,2016-04,-0.249190476190476
DATAFLOW,OECD.SDD.STES:DSD_KEI@DF_KEI(4.0),I,FRA,M,IR3TIB,PA,_Z,_Z,_Z,2016-05,-0.257181818181818
DATAFLOW,OECD.SDD.STES:DSD_KEI@DF_KEI(4.0),I,FRA,M,IR3TIB,PA,_Z,_Z,_Z,2016-06,-0.267909090909091
DATAFLOW,OECD.SDD.STES:DSD_KEI@DF_KEI(4.0),I,FRA,M,IR3TIB,PA,_Z,_Z,_Z,2016-07,-0.294523809523809
DATAFLOW,OECD.SDD.STES:DSD_KEI@DF_KEI(4.0),I,FRA,M,IR3TIB,PA,_Z,_Z,_Z,2016-08,-0.298217391304348
DATAFLOW,OECD.SDD.STES:DSD_KEI@DF_KEI(4.0),I,FRA,M,IR3TIB,PA,_Z,_Z,_Z,2016-09,-0.301636363636364
DATAFLOW,OECD.SDD.STES:DSD_KEI@DF_KEI(4.0),I,FRA,M,IR3TIB,PA,_Z,_Z,_Z,2016-11,-0.312681818181818
DATAFLOW,OECD.SDD.STES:DSD_KEI@DF_KEI(4.0),I,FRA,M,IRLT,PA,_Z,_Z,_Z,2012-06,2.57
DATAFLOW,OECD.SDD.STES:DSD_KEI@DF_KEI(4.0),I,FRA,M,IRLT,PA,_Z,_Z,_Z,2012-07,2.28
DATAFLOW,OECD.SDD.STES:DSD_KEI@DF_KEI(4.0),I,FRA,M,IRLT,PA,_Z,_Z,_Z,2012-08,2.12
DATAFLOW,OECD.SDD.STES:DSD_KEI@DF_KEI(4.0),I,FRA,M,IRLT,PA,_Z,_Z,_Z,2012-09,2.24
DATAFLOW,OECD.SDD.STES:DSD_KEI@DF_KEI(4.0),I,FRA,M,IRLT,PA,_Z,_Z,_Z,2012-10,2.19
DATAFLOW,OECD.SDD.STES:DSD_KEI@DF_KEI(4.0),I,FRA,M,IRLT,PA,_Z,_Z,_Z,2012-11,2.14
DATAFLOW,OECD.SDD.STES:DSD_KEI@DF_KEI(4.0),I,FRA,M,IRLT,PA,_Z,_Z,_Z,2012-12,2.01
DATAFLOW,OECD.SDD.STES:DSD_KEI@DF_KEI(4.0),I,FRA,M,IRLT,PA,_Z,_Z,_Z,2013-01,2.17
DATAFLOW,OECD.SDD.STES:DSD_KEI@DF_KEI(4.0),I,FRA,M,IRLT,PA,_Z,_Z,_Z,2013-02,2.24
DATAFLOW,OECD.SDD.STES:DSD_KEI@DF_KEI(4.0),I,FRA,M,IRLT,PA,_Z,_Z,_Z,2013-03,2.07
DATAFLOW,OECD.SDD.STES:DSD_KEI@DF_KEI(4.0),I,FRA,M,IRLT,PA,_Z,_Z,_Z,2013-04,1.8
DATAFLOW,OECD.SDD.STES:DSD_KEI@DF_KEI(4.0),I,FRA,M,IRLT,PA,_Z,_Z,_Z,2013-05,1.87
DATAFLOW,OECD.SDD.STES:DSD_KEI@DF_KEI(4.0),I,FRA,M,IRLT,PA,_Z,_Z,_Z,2013-06,2.21
DATAFLOW,OECD.SDD.STES:DSD_KEI@DF_KEI(4.0),I,FRA,M,IRLT,PA,_Z,_Z,_Z,2013-07,2.25
DATAFLOW,OECD.SDD.STES:DSD_KEI@DF_KEI(4.0),I,FRA,M,IRLT,PA,_Z,_Z,_Z,2013-08,2.36
DATAFLOW,OECD.SDD.STES:DSD_KEI@DF_KEI(4.0),I,FRA,M,IRLT,PA,_Z,_Z,_Z,2013-09,2.49
DATAFLOW,OECD.SDD.STES:DSD_KEI@DF_KEI(4.0),I,FRA,M,IRLT,PA,_Z,_Z,_Z,2013-10,2.39
DATAFLOW,OECD.SDD.STES:DSD_KEI@DF_KEI(4.0),I,FRA,M,IRLT,PA,_Z,_Z,_Z,2013-11,2.27
DATAFLOW,OECD.SDD.STES:DSD_KEI@DF_KEI(4.0),I,FRA,M,IRLT,PA,_Z,_Z,_Z,2013-12,2.33
DATAFLOW,OECD.SDD.STES:DSD_KEI@DF_KEI(4.0),I,FRA,M,IRLT,PA,_Z,_Z,_Z,2014-01,2.38
DATAFLOW,OECD.SDD.STES:DSD_KEI@DF_KEI(4.0),I,FRA,M,IRLT,PA,_Z,_Z,_Z,2014-02,2.25
DATAFLOW,OECD.SDD.STES:DSD_KEI@DF_KEI(4.0),I,FRA,M,IRLT,PA,_Z,_Z,_Z,2014-03,2.15
DATAFLOW,OECD.SDD.STES:DSD_KEI@DF_KEI(4.0),I,FRA,M,IRLT,PA,_Z,_Z,_Z,2014-04,2.03
DATAFLOW,OECD.SDD.STES:DSD_KEI@DF_KEI(4.0),I,FRA,M,IRLT,PA,_Z,_Z,_Z,2014-05,1.84
DATAFLOW,OECD.SDD.STES:DSD_KEI@DF_KEI(4.0),I,FRA,M,IRLT,PA,_Z,_Z,_Z,2014-06,1.71
DATAFLOW,OECD.SDD.STES:DSD_KEI@DF_KEI(4.0),I,FRA,M,IRLT,PA,_Z,_Z,_Z,2014-07,1.56
DATAFLOW,OECD.SDD.STES:DSD_KEI@DF_KEI(4.0),I,FRA,M,IRLT,PA,_Z,_Z,_Z,2014-08,1.41
DATAFLOW,OECD.SDD.STES:DSD_KEI@DF_KEI(4.0),I,FRA,M,IRLT,PA,_Z,_Z,_Z,2014-09,1.35
DATAFLOW,OECD.SDD.STES:DSD_KEI@DF_KEI(4.0),I,FRA,M,IRLT,PA,_Z,_Z,_Z,2014-10,1.26
DATAFLOW,OECD.SDD.STES:DSD_KEI@DF_KEI(4.0),I,FRA,M,IRLT,PA,_Z,_Z,_Z,2014-11,1.14
DATAFLOW,OECD.SDD.STES:DSD_KEI@DF_KEI(4.0),I,FRA,M,IRLT,PA,_Z,_Z,_Z,2014-12,0.92
DATAFLOW,OECD.SDD.STES:DSD_KEI@DF_KEI(4.0),I,FRA,M,IRLT,PA,_Z,_Z,_Z,2015-01,0.67
DATAFLOW,OECD.SDD.STES:DSD_KEI@DF_KEI(4.0),I,FRA,M,IRLT,PA,_Z,_Z,_Z,2015-02,0.6
DATAFLOW,OECD.SDD.STES:DSD_KEI@DF_KEI(4.0),I,FRA,M,IRLT,PA,_Z,_Z,_Z,2015-03,0.51
DATAFLOW,OECD.SDD.STES:DSD_KEI@DF_KEI(4.0),I,FRA,M,IRLT,PA,_Z,_Z,_Z,2015-04,0.44
DATAFLOW,OECD.SDD.STES:DSD_KEI@DF_KEI(4.0),I,FRA,M,IRSTCI,PA,_Z,_Z,_Z,2020-04,-0.5354685
DATAFLOW,OECD.SDD.STES:DSD_KEI@DF_KEI(4.0),I,FRA,M,IRSTCI,PA,_Z,_Z,_Z,2020-05,-0.540192
DATAFLOW,OECD.SDD.STES:DSD_KEI@DF_KEI(4.0),I,FRA,M,IRSTCI,PA,_Z,_Z,_Z,2020-06,-0.544465
DATAFLOW,OECD.SDD.STES:DSD_KEI@DF_KEI(4.0),I,FRA,M,IRSTCI,PA,_Z,_Z,_Z,2020-07,-0.549555652173913
DATAFLOW,OECD.SDD.STES:DSD_KEI@DF_KEI(4.0),I,FRA,M,IRSTCI,PA,_Z,_Z,_Z,2020-08,-0.552087619047619
DATAFLOW,OECD.SDD.STES:DSD_KEI@DF_KEI(4.0),I,FRA,M,IRSTCI,PA,_Z,_Z,_Z,2020-09,-0.552932727272727
DATAFLOW,OECD.SDD.STES:DSD_KEI@DF_KEI(4.0),I,DEU,M,IRLT,PA,_Z,_Z,_Z,2022-08,1.03434782608696
DATAFLOW,OECD.SDD.STES:DSD_KEI@DF_KEI(4.0),I,DEU,M,IRLT,PA,_Z,_Z,_Z,2022-09,1.79545454545455
DATAFLOW,OECD.SDD.STES:DSD_KEI@DF_KEI(4.0),I,DEU,M,IRLT,PA,_Z,_Z,_Z,2022-10,2.18666666666667
DATAFLOW,OECD.SDD.STES:DSD_KEI@DF_KEI(4.0),I,DEU,M,IRLT,PA,_Z,_Z,_Z,2022-11,2.06636363636364
DATAFLOW,OECD.SDD.STES:DSD_KEI@DF_KEI(4.0),I,DEU,M,IRLT,PA,_Z,_Z,_Z,2022-12,2.0852380952381
DATAFLOW,OECD.SDD.STES:DSD_KEI@DF_KEI(4.0),I,DEU,M,IRLT,PA,_Z,_Z,_Z,2023-01,2.19272727272727
DATAFLOW,OECD.SDD.STES:DSD_KEI@DF_KEI(4.0),I,DEU,M,IRLT,PA,_Z,_Z,_Z,2023-03,2.38347826086957
DATAFLOW,OECD.SDD.STES:DSD_KEI@DF_KEI(4.0),I,DEU,M,IRLT,PA,_Z,_Z,_Z,2023-04,2.35944444444444
DATAFLOW,OECD.SDD.STES:DSD_KEI@DF_KEI(4.0),I,DEU,M,IRLT,PA,_Z,_Z,_Z,2023-05,2.34227272727273
DATAFLOW,OECD.SDD.STES:DSD_KEI@DF_KEI(4.0),I,DEU,M,IRLT,PA,_Z,_Z,_Z,2023-06,2.37636363636364
DATAFLOW,OECD.SDD.STES:DSD_KEI@DF_KEI(4.0),I,DEU,M,IRLT,PA,_Z,_Z,_Z,2023-07,2.45666666666667
DATAFLOW,OECD.SDD.STES:DSD_KEI@DF_KEI(4.0),I,DEU,M,IRLT,PA,_Z,_Z,_Z,2023-08,2.54565217391304
DATAFLOW,OECD.SDD.STES:DSD_KEI@DF_KEI(4.0),I,DEU,M,IRLT,PA,_Z,_Z,_Z,2023-09,2.66142857142857
DATAFLOW,OECD.SDD.STES:DSD_KEI@DF_KEI(4.0),I,DEU,M,IRLT,PA,_Z,_Z,_Z,2023-10,2.82318181818182
DATAFLOW,OECD.SDD.STES:DSD_KEI@DF_KEI(4.0),I,DEU,M,IRLT,PA,_Z,_Z,_Z,2023-11,2.60136363636364
DATAFLOW,OECD.SDD.STES:DSD_KEI@DF_KEI(4.0),I,DEU,M,IRLT,PA,_Z,_Z,_Z,2023-12,2.10210526315789
DATAFLOW,OECD.SDD.STES:DSD_KEI@DF_KEI(4.0),I,DEU,M,IRLT,PA,_Z,_Z,_Z,2024-01,2.17454545454545
DATAFLOW,OECD.SDD.STES:DSD_KEI@DF_KEI(4.0),I,DEU,M,IRLT,PA,_Z,_Z,_Z,2024-02,2.33190476190476
DATAFLOW,OECD.SDD.STES:DSD_KEI@DF_KEI(4.0),I,DEU,M,IRLT,PA,_Z,_Z,_Z,2024-03,2.3495
DATAFLOW,OECD.SDD.STES:DSD_KEI@DF_KEI(4.0),I,DEU,M,IRLT,PA,_Z,_Z,_Z,2024-04,2.44571428571429
DATAFLOW,OECD.SDD.STES:DSD_KEI@DF_KEI(4.0),I,DEU,M,IRLT,PA,_Z,_Z,_Z,2024-05,2.51954545454545
DATAFLOW,OECD.SDD.STES:DSD_KEI@DF_KEI(4.0),I,DEU,M,IRLT,PA,_Z,_Z,_Z,2024-06,2.4845
DATAFLOW,OECD.SDD.STES:DSD_KEI@DF_KEI(4.0),I,DEU,M,IRLT,PA,_Z,_Z,_Z,2024-07,2.45826086956522
DATAFLOW,OECD.SDD.STES:DSD_KEI@DF_KEI(4.0),I,DEU,M,IRLT,PA,_Z,_Z,_Z,2024-08,2.20772727272727
DATAFLOW,OECD.SDD.STES:DSD_KEI@DF_KEI(4.0),I,DEU,M,IRLT,PA,_Z,_Z,_Z,2024-09,2.16714285714286
DATAFLOW,OECD.SDD.STES:DSD_KEI@DF_KEI(4.0),I,DEU,M,IRLT,PA,_Z,_Z,_Z,2024-10,2.2295652173913
DATAFLOW,OECD.SDD.STES:DSD_KEI@DF_KEI(4.0),I,DEU,M,IRLT,PA,_Z,_Z,_Z,2024-11,2.30571428571429
DATAFLOW,OECD.SDD.STES:DSD_KEI@DF_KEI(4.0),I,DEU,M,IRLT,PA,_Z,_Z,_Z,2024-12,2.17888888888889
DATAFLOW,OECD.SDD.STES:DSD_KEI@DF_KEI(4.0),I,DEU,M,IRLT,PA,_Z,_Z,_Z,2025-01,2.48363636363636
DATAFLOW,OECD.SDD.STES:DSD_KEI@DF_KEI(4.0),I,DEU,M,IRLT,PA,_Z,_Z,_Z,2025-02,2.4055
DATAFLOW,OECD.SDD.STES:DSD_KEI@DF_KEI(4.0),I,DEU,M,IRLT,PA,_Z,_Z,_Z,2025-03,2.74142857142857
DATAFLOW,OECD.SDD.STES:DSD_KEI@DF_KEI(4.0),I,DEU,M,IRLT,PA,_Z,_Z,_Z,2025-04,2.5105
DATAFLOW,OECD.SDD.STES:DSD_KEI@DF_KEI(4.0),I,DEU,M,IRLT,PA,_Z,_Z,_Z,2025-05,2.56285714285714
DATAFLOW,OECD.SDD.STES:DSD_KEI@DF_KEI(4.0),I,DEU,M,IRLT,PA,_Z,_Z,_Z,2025-06,2.51904761904762
DATAFLOW,OECD.SDD.STES:DSD_KEI@DF_KEI(4.0),I,DEU,M,IRLT,PA,_Z,_Z,_Z,2025-07,2.63130434782609
DATAFLOW,OECD.SDD.STES:DSD_KEI@DF_KEI(4.0),I,DEU,M,IRLT,PA,_Z,_Z,_Z,2025-08,2.67333333333333
DATAFLOW,OECD.SDD.STES:DSD_KEI@DF_KEI(4.0),I,DEU,M,IRLT,PA,_Z,_Z,_Z,2025-09,2.69318181818182
DATAFLOW,OECD.SDD.STES:DSD_KEI@DF_KEI(4.0),I,DEU,M,IRLT,PA,_Z,_Z,_Z,2025-10,2.61782608695652
DATAFLOW,OECD.SDD.STES:DSD_KEI@DF_KEI(4.0),I,DEU,M,IRLT,PA,_Z,_Z,_Z,2025-11,2.6575
DATAFLOW,OECD.SDD.STES:DSD_KEI@DF_KEI(4.0),I,DEU,M,IRLT,PA,_Z,_Z,_Z,2025-12,2.81421052631579
DATAFLOW,OECD.SDD.STES:DSD_KEI@DF_KEI(4.0),I,DEU,M,IRLT,PA,_Z,_Z,_Z,2007-01,4.01681818181818
DATAFLOW,OECD.SDD.STES:DSD_KEI@DF_KEI(4.0),I,DEU,M,IRLT,PA,_Z,_Z,_Z,2007-03,3.94090909090909
DATAFLOW,OECD.SDD.STES:DSD_KEI@DF_KEI(4.0),I,DEU,M,IRLT,PA,_Z,_Z,_Z,2007-04,4.1521052631579
DATAFLOW,OECD.SDD.STES:DSD_KEI@DF_KEI(4.0),I,DEU,M,IRLT,PA,_Z,_Z,_Z,2007-05,4.27904761904762
DATAFLOW,OECD.SDD.STES:DSD_KEI@DF_KEI(4.0),I,DEU,M,IRLT,PA,_Z,_Z,_Z,2007-06,4.56047619047619
DATAFLOW,OECD.SDD.STES:DSD_KEI@DF_KEI(4.0),I,DEU,M,IRLT,PA,_Z,_Z,_Z,2007-08,4.29652173913043
DATAFLOW,OECD.SDD.STES:DSD_KEI@DF_KEI(4.0),I,DEU,M,IRLT,PA,_Z,_Z,_Z,2007-10,4.28260869565217
DATAFLOW,OECD.SDD.STES:DSD_KEI@DF_KEI(4.0),I,DEU,M,IRLT,PA,_Z,_Z,_Z,2007-11,4.08909090909091
DATAFLOW,OECD.SDD.STES:DSD_KEI@DF_KEI(4.0),I,DEU,M,IRLT,PA,_Z,_Z,_Z,2007-12,4.20588235294118
DATAFLOW,OECD.SDD.STES:DSD_KEI@DF_KEI(4.0),I,DEU,M,IRLT,PA,_Z,_Z,_Z,2008-01,4.02772727272727
DATAFLOW,OECD.SDD.STES:DSD_KEI@DF_KEI(4.0),I,DEU,M,IRLT,PA,_Z,_Z,_Z,2008-02,3.95285714285714
DATAFLOW,OECD.SDD.STES:DSD_KEI@DF_KEI(4.0),I,DEU,M,IRLT,PA,_Z,_Z,_Z,2008-03,3.79947368421053
DATAFLOW,OECD.SDD.STES:DSD_KEI@DF_KEI(4.0),I,DEU,M,IRLT,PA,_Z,_Z,_Z,2008-05,4.20190476190476
DATAFLOW,OECD.SDD.STES:DSD_KEI@DF_KEI(4.0),I,DEU,M,IRLT,PA,_Z,_Z,_Z,2008-06,4.52047619047619
DATAFLOW,OECD.SDD.STES:DSD_KEI@DF_KEI(4.0),I,DEU,M,IRLT,PA,_Z,_Z,_Z,2008-07,4.4904347826087
DATAFLOW,OECD.SDD.STES:DSD_KEI@DF_KEI(4.0),I,DEU,M,IRLT,PA,_Z,_Z,_Z,2008-08,4.20238095238095
DATAFLOW,OECD.SDD.STES:DSD_KEI@DF_KEI(4.0),I,DEU,M,IRLT,PA,_Z,_Z,_Z,2008-09,4.09409090909091
DATAFLOW,OECD.SDD.STES:DSD_KEI@DF_KEI(4.0),I,DEU,M,IRLT,PA,_Z,_Z,_Z,2008-10,3.88347826086957
DATAFLOW,OECD.SDD.STES:DSD_KEI@DF_KEI(4.0),I,DEU,M,IRLT,PA,_Z,_Z,_Z,2013-11,1.67714285714286
DATAFLOW,OECD.SDD.STES:DSD_KEI@DF_KEI(4.0),I,DEU,M,IRLT,PA,_Z,_Z,_Z,2013-12,1.79777777777778
DATAFLOW,OECD.SDD.STES:DSD_KEI@DF_KEI(4.0),I,DEU,M,IRLT,PA,_Z,_Z,_Z,2014-01,1.75590909090909
DATAFLOW,OECD.SDD.STES:DSD_KEI@DF_KEI(4.0),I,DEU,M,IRLT,PA,_Z,_Z,_Z,2014-03,1.50857142857143
DATAFLOW,OECD.SDD.STES:DSD_KEI@DF_KEI(4.0),I,DEU,M,IRLT,PA,_Z,_Z,_Z,2014-05,1.32714285714286
DATAFLOW,OECD.SDD.STES:DSD_KEI@DF_KEI(4.0),I,DEU,M,IRLT,PA,_Z,_Z,_Z,2014-06,1.26428571428571
DATAFLOW,OECD.SDD.STES:DSD_KEI@DF_KEI(4.0),I,DEU,M,IRLT,PA,_Z,_Z,_Z,2014-07,1.11434782608696
DATAFLOW,OECD.SDD.STES:DSD_KEI@DF_KEI(4.0),I,FRA,M,IR3TIB,PA,_Z,_Z,_Z,2022-10,1.42766666666667
DATAFLOW,OECD.SDD.STES:DSD_KEI@DF_KEI(4.0),I,FRA,M,IR3TIB,PA,_Z,_Z,_Z,2022-11,1.82522727272727
DATAFLOW,OECD.SDD.STES:DSD_KEI@DF_KEI(4.0),I,FRA,M,IR3TIB,PA,_Z,_Z,_Z,2022-12,2.06347619047619
DATAFLOW,OECD.SDD.STES:DSD_KEI@DF_KEI(4.0),I,FRA,M,IR3TIB,PA,_Z,_Z,_Z,2023-01,2.34486363636364
DATAFLOW,OECD.SDD.STES:DSD_KEI@DF_KEI(4.0),I,FRA,M,IR3TIB,PA,_Z,_Z,_Z,2023-02,2.64035
DATAFLOW,OECD.SDD.STES:DSD_KEI@DF_KEI(4.0),I,FRA,M,IR3TIB,PA,_Z,_Z,_Z,2023-03,2.91056521739131
DATAFLOW,OECD.SDD.STES:DSD_KEI@DF_KEI(4.0),I,FRA,M,IR3TIB,PA,_Z,_Z,_Z,2023-05,3.3664347826087
DATAFLOW,OECD.SDD.STES:DSD_KEI@DF_KEI(4.0),I,FRA,M,IR3TIB,PA,_Z,_Z,_Z,2023-06,3.53586363636364
DATAFLOW,OECD.SDD.STES:DSD_KEI@DF_KEI(4.0),I,FRA,M,IR3TIB,PA,_Z,_Z,_Z,2007-02,3.8182
DATAFLOW,OECD.SDD.STES:DSD_KEI@DF_KEI(4.0),I,FRA,M,IR3TIB,PA,_Z,_Z,_Z,2007-09,4.7417
DATAFLOW,OECD.SDD.STES:DSD_KEI@DF_KEI(4.0),I,FRA,M,IR3TIB,PA,_Z,_Z,_Z,2008-04,4.7835
DATAFLOW,OECD.SDD.STES:DSD_KEI@DF_KEI(4.0),I,FRA,M,IR3TIB,PA,_Z,_Z,_Z,2008-07,4.961
DATAFLOW,OECD.SDD.STES:DSD_KEI@DF_KEI(4.0),I,FRA,M,IR3TIB,PA,_Z,_Z,_Z,2008-11,4.2383
DATAFLOW,OECD.SDD.STES:DSD_KEI@DF_KEI(4.0),I,FRA,M,IR3TIB,PA,_Z,_Z,_Z,2009-04,1.4223
DATAFLOW,OECD.SDD.STES:DSD_KEI@DF_KEI(4.0),I,FRA,M,IR3TIB,PA,_Z,_Z,_Z,2009-05,1.2817
DATAFLOW,OECD.SDD.STES:DSD_KEI@DF_KEI(4.0),I,FRA,M,IR3TIB,PA,_Z,_Z,_Z,2009-10,0.7375
DATAFLOW,OECD.SDD.STES:DSD_KEI@DF_KEI(4.0),I,FRA,M,IR3TIB,PA,_Z,_Z,_Z,2010-02,0.6617
DATAFLOW,OECD.SDD.STES:DSD_KEI@DF_KEI(4.0),I,FRA,M,IR3TIB,PA,_Z,_Z,_Z,2010-04,0.6447
DATAFLOW,OECD.SDD.STES:DSD_KEI@DF_KEI(4.0),I,FRA,M,IR3TIB,PA,_Z,_Z,_Z,2010-08,0.8955
DATAFLOW,OECD.SDD.STES:DSD_KEI@DF_KEI(4.0),I,FRA,M,IR3TIB,PA,_Z,_Z,_Z,2010-09,0.8805
DATAFLOW,OECD.SDD.STES:DSD_KEI@DF_KEI(4.0),I,FRA,M,IR3TIB,PA,_Z,_Z,_Z,2012-09,0.2463
DATAFLOW,OECD.SDD.STES:DSD_KEI@DF_KEI(4.0),I,FRA,M,IR3TIB,PA,_Z,_Z,_Z,2012-11,0.192
DATAFLOW,OECD.SDD.STES:DSD_KEI@DF_KEI(4.0),I,FRA,M,IR3TIB,PA,_Z,_Z,_Z,2013-12,0.2735
DATAFLOW,OECD.SDD.STES:DSD_KEI@DF_KEI(4.0),I,FRA,M,IR3TIB,PA,_Z,_Z,_Z,2014-02,0.2881
DATAFLOW,OECD.SDD.STES:DSD_KEI@DF_KEI(4.0),I,FRA,M,IR3TIB,PA,_Z,_Z,_Z,2014-11,0.0809
DATAFLOW,OECD.SDD.STES:DSD_KEI@DF_KEI(4.0),I,FRA,M,IR3TIB,PA,_Z,_Z,_Z,2015-02,0.0482
DATAFLOW,OECD.SDD.STES:DSD_KEI@DF_KEI(4.0),I,FRA,M,IR3TIB,PA,_Z,_Z,_Z,2015-04,0.0047
DATAFLOW,OECD.SDD.STES:DSD_KEI@DF_KEI(4.0),I,FRA,M,IR3TIB,PA,_Z,_Z,_Z,2016-10,-0.309
DATAFLOW,OECD.SDD.STES:DSD_KEI@DF_KEI(4.0),I,FRA,M,IR3TIB,PA,_Z,_Z,_Z,2017-02,-0.3286
DATAFLOW,OECD.SDD.STES:DSD_KEI@DF_KEI(4.0),I,FRA,M,IR3TIB,PA,_Z,_Z,_Z,2017-06,-0.33
DATAFLOW,OECD.SDD.STES:DSD_KEI@DF_KEI(4.0),I,FRA,M,IR3TIB,PA,_Z,_Z,_Z,2017-11,-0.329
DATAFLOW,OECD.SDD.STES:DSD_KEI@DF_KEI(4.0),I,FRA,M,IR3TIB,PA,_Z,_Z,_Z,2018-02,-0.3285
DATAFLOW,OECD.SDD.STES:DSD_KEI@DF_KEI(4.0),I,FRA,M,IR3TIB,PA,_Z,_Z,_Z,2018-08,-0.319
DATAFLOW,OECD.SDD.STES:DSD_KEI@DF_KEI(4.0),I,FRA,M,IR3TIB,PA,_Z,_Z,_Z,2019-01,-0.308
DATAFLOW,OECD.SDD.STES:DSD_KEI@DF_KEI(4.0),I,FRA,M,IR3TIB,PA,_Z,_Z,_Z,2019-06,-0.3289
DATAFLOW,OECD.SDD.STES:DSD_KEI@DF_KEI(4.0),I,FRA,M,IR3TIB,PA,_Z,_Z,_Z,2019-12,-0.3947
DATAFLOW,OECD.SDD.STES:DSD_KEI@DF_KEI(4.0),I,FRA,M,IR3TIB,PA,_Z,_Z,_Z,2020-06,-0.376
DATAFLOW,OECD.SDD.STES:DSD_KEI@DF_KEI(4.0),I,FRA,M,IR3TIB,PA,_Z,_Z,_Z,2021-02,-0.5411
DATAFLOW,OECD.SDD.STES:DSD_KEI@DF_KEI(4.0),I,FRA,M,IR3TIB,PA,_Z,_Z,_Z,2023-04,3.167
DATAFLOW,OECD.SDD.STES:DSD_KEI@DF_KEI(4.0),I,FRA,M,IRSTCI,PA,_Z,_Z,_Z,2007-01,3.5632
DATAFLOW,OECD.SDD.STES:DSD_KEI@DF_KEI(4.0),I,FRA,M,IRSTCI,PA,_Z,_Z,_Z,2007-02,3.5695
DATAFLOW,OECD.SDD.STES:DSD_KEI@DF_KEI(4.0),I,FRA,M,IRSTCI,PA,_Z,_Z,_Z,2007-03,3.6909
DATAFLOW,OECD.SDD.STES:DSD_KEI@DF_KEI(4.0),I,FRA,M,IRSTCI,PA,_Z,_Z,_Z,2007-04,3.8195
DATAFLOW,OECD.SDD.STES:DSD_KEI@DF_KEI(4.0),I,FRA,M,IRSTCI,PA,_Z,_Z,_Z,2007-05,3.7905
DATAFLOW,OECD.SDD.STES:DSD_KEI@DF_KEI(4.0),I,FRA,M,IRSTCI,PA,_Z,_Z,_Z,2007-06,3.9557
DATAFLOW,OECD.SDD.STES:DSD_KEI@DF_KEI(4.0),I,FRA,M,IRSTCI,PA,_Z,_Z,_Z,2007-07,4.0632
DATAFLOW,OECD.SDD.STES:DSD_KEI@DF_KEI(4.0),I,FRA,M,IRSTCI,PA,_Z,_Z,_Z,2007-08,4.0474
DATAFLOW,OECD.SDD.STES:DSD_KEI@DF_KEI(4.0),I,FRA,M,IRSTCI,PA,_Z,_Z,_Z,2007-09,4.0286
DATAFLOW,OECD.SDD.STES:DSD_KEI@DF_KEI(4.0),I,FRA,M,IRSTCI,PA,_Z,_Z,_Z,2007-10,3.9414
DATAFLOW,OECD.SDD.STES:DSD_KEI@DF_KEI(4.0),I,FRA,M,IRSTCI,PA,_Z,_Z,_Z,2007-11,4.0221
DATAFLOW,OECD.SDD.STES:DSD_KEI@DF_KEI(4.0),I,FRA,M,IRSTCI,PA,_Z,_Z,_Z,2007-12,3.8791
DATAFLOW,OECD.SDD.STES:DSD_KEI@DF_KEI(4.0),I,FRA,M,IRSTCI,PA,_Z,_Z,_Z,2008-01,4.0218
DATAFLOW,OECD.SDD.STES:DSD_KEI@DF_KEI(4.0),I,FRA,M,IRSTCI,PA,_Z,_Z,_Z,2024-01,3.90264954545455
DATAFLOW,OECD.SDD.STES:DSD_KEI@DF_KEI(4.0),I,FRA,M,IRSTCI,PA,_Z,_Z,_Z,2024-02,3.90867571428571
DATAFLOW,OECD.SDD.STES:DSD_KEI@DF_KEI(4.0),I,FRA,M,IRSTCI,PA,_Z,_Z,_Z,2024-03,3.907311
DATAFLOW,OECD.SDD.STES:DSD_KEI@DF_KEI(4.0),I,FRA,M,IR3TIB,PA,_Z,_Z,_Z,2024-02,3.92319047619048
DATAFLOW,OECD.SDD.STES:DSD_KEI@DF_KEI(4.0),I,FRA,M,IR3TIB,PA,_Z,_Z,_Z,2024-03,3.92238095238095
DATAFLOW,OECD.SDD.STES:DSD_KEI@DF_KEI(4.0),I,FRA,M,IR3TIB,PA,_Z,_Z,_Z,2024-04,3.88636363636364
DATAFLOW,OECD.SDD.STES:DSD_KEI@DF_KEI(4.0),I,FRA,M,IR3TIB,PA,_Z,_Z,_Z,2024-05,3.81365217391304
DATAFLOW,OECD.SDD.STES:DSD_KEI@DF_KEI(4.0),I,FRA,M,IR3TIB,PA,_Z,_Z,_Z,2024-06,3.7245
DATAFLOW,OECD.SDD.STES:DSD_KEI@DF_KEI(4.0),I,FRA,M,IR3TIB,PA,_Z,_Z,_Z,2024-07,3.68482608695652
DATAFLOW,OECD.SDD.STES:DSD_KEI@DF_KEI(4.0),I,FRA,M,IR3TIB,PA,_Z,_Z,_Z,2024-08,3.54759090909091
DATAFLOW,OECD.SDD.STES:DSD_KEI@DF_KEI(4.0),I,FRA,M,IR3TIB,PA,_Z,_Z,_Z,2024-09,3.43371428571428
DATAFLOW,OECD.SDD.STES:DSD_KEI@DF_KEI(4.0),I,FRA,M,IR3TIB,PA,_Z,_Z,_Z,2024-10,3.16660869565217
DATAFLOW,OECD.SDD.STES:DSD_KEI@DF_KEI(4.0),I,FRA,M,IR3TIB,PA,_Z,_Z,_Z,2024-11,3.0067619047619
DATAFLOW,OECD.SDD.STES:DSD_KEI@DF_KEI(4.0),I,FRA,M,IR3TIB,PA,_Z,_Z,_Z,2024-12,2.81609090909091
DATAFLOW,OECD.SDD.STES:DSD_KEI@DF_KEI(4.0),I,FRA,M,IR3TIB,PA,_Z,_Z,_Z,2025-02,2.52495
DATAFLOW,OECD.SDD.STES:DSD_KEI@DF_KEI(4.0),I,FRA,M,IRSTCI,PA,_Z,_Z,_Z,2025-05,2.16900238095238
DATAFLOW,OECD.SDD.STES:DSD_KEI@DF_KEI(4.0),I,FRA,M,IRSTCI,PA,_Z,_Z,_Z,2025-06,2.04096523809524
DATAFLOW,OECD.SDD.STES:DSD_KEI@DF_KEI(4.0),I,FRA,M,IRSTCI,PA,_Z,_Z,_Z,2025-07,1.92323304347826
DATAFLOW,OECD.SDD.STES:DSD_KEI@DF_KEI(4.0),I,FRA,M,IRSTCI,PA,_Z,_Z,_Z,2025-08,1.92433952380952
DATAFLOW,OECD.SDD.STES:DSD_KEI@DF_KEI(4.0),I,FRA,M,IRSTCI,PA,_Z,_Z,_Z,2025-09,1.92456272727273
DATAFLOW,OECD.SDD.STES:DSD_KEI@DF_KEI(4.0),I,FRA,M,IRSTCI,PA,_Z,_Z,_Z,2025-10,1.92637608695652
DATAFLOW,OECD.SDD.STES:DSD_KEI@DF_KEI(4.0),I,DEU,M,IR3TIB,PA,_Z,_Z,_Z,2007-07,4.21618181818182
DATAFLOW,OECD.SDD.STES:DSD_KEI@DF_KEI(4.0),I,DEU,M,IR3TIB,PA,_Z,_Z,_Z,2007-08,4.54360869565217
DATAFLOW,OECD.SDD.STES:DSD_KEI@DF_KEI(4.0),I,DEU,M,IR3TIB,PA,_Z,_Z,_Z,2007-10,4.68739130434783
DATAFLOW,OECD.SDD.STES:DSD_KEI@DF_KEI(4.0),I,DEU,M,IR3TIB,PA,_Z,_Z,_Z,2007-11,4.63854545454545
DATAFLOW,OECD.SDD.STES:DSD_KEI@DF_KEI(4.0),I,DEU,M,IR3TIB,PA,_Z,_Z,_Z,2007-12,4.84836842105263
DATAFLOW,OECD.SDD.STES:DSD_KEI@DF_KEI(4.0),I,DEU,M,IR3TIB,PA,_Z,_Z,_Z,2008-01,4.48154545454545
DATAFLOW,OECD.SDD.STES:DSD_KEI@DF_KEI(4.0),I,DEU,M,IR3TIB,PA,_Z,_Z,_Z,2008-02,4.36209523809524
DATAFLOW,OECD.SDD.STES:DSD_KEI@DF_KEI(4.0),I,DEU,M,IR3TIB,PA,_Z,_Z,_Z,2008-03,4.59636842105263
DATAFLOW,OECD.SDD.STES:DSD_KEI@DF_KEI(4.0),I,DEU,M,IR3TIB,PA,_Z,_Z,_Z,2008-05,4.85738095238095
DATAFLOW,OECD.SDD.STES:DSD_KEI@DF_KEI(4.0),I,DEU,M,IR3TIB,PA,_Z,_Z,_Z,2008-06,4.94052380952381
DATAFLOW,OECD.SDD.STES:DSD_KEI@DF_KEI(4.0),I,DEU,M,IR3TIB,PA,_Z,_Z,_Z,2008-08,4.96519047619048
DATAFLOW,OECD.SDD.STES:DSD_KEI@DF_KEI(4.0),I,DEU,M,IR3TIB,PA,_Z,_Z,_Z,2008-09,5.01918181818182
DATAFLOW,OECD.SDD.STES:DSD_KEI@DF_KEI(4.0),I,DEU,M,IR3TIB,PA,_Z,_Z,_Z,2008-10,5.11308695652174
DATAFLOW,OECD.SDD.STES:DSD_KEI@DF_KEI(4.0),I,DEU,M,IR3TIB,PA,_Z,_Z,_Z,2008-12,3.29261904761905
DATAFLOW,OECD.SDD.STES:DSD_KEI@DF_KEI(4.0),I,DEU,M,IR3TIB,PA,_Z,_Z,_Z,2009-01,2.45652380952381
DATAFLOW,OECD.SDD.STES:DSD_KEI@DF_KEI(4.0),I,DEU,M,IR3TIB,PA,_Z,_Z,_Z,2009-02,1.94305
DATAFLOW,OECD.SDD.STES:DSD_KEI@DF_KEI(4.0),I,DEU,M,IR3TIB,PA,_Z,_Z,_Z,2009-03,1.63545454545455
DATAFLOW,OECD.SDD.STES:DSD_KEI@DF_KEI(4.0),I,DEU,M,IR3TIB,PA,_Z,_Z,_Z,2009-06,1.22790909090909
DATAFLOW,OECD.SDD.STES:DSD_KEI@DF_KEI(4.0),I,DEU,M,IR3TIB,PA,_Z,_Z,_Z,2009-07,0.974956521739131
DATAFLOW,OECD.SDD.STES:DSD_KEI@DF_KEI(4.0),I,DEU,M,IR3TIB,PA,_Z,_Z,_Z,2009-08,0.860476190476191
DATAFLOW,OECD.SDD.STES:DSD_KEI@DF_KEI(4.0),I,DEU,M,IR3TIB,PA,_Z,_Z,_Z,2009-09,0.772090909090909
DATAFLOW,OECD.SDD.STES:DSD_KEI@DF_KEI(4.0),I,DEU,M,IR3TIB,PA,_Z,_Z,_Z,2009-11,0.716190476190476
DATAFLOW,OECD.SDD.STES:DSD_KEI@DF_KEI(4.0),I,DEU,M,IR3TIB,PA,_Z,_Z,_Z,2009-12,0.712045454545454
DATAFLOW,OECD.SDD.STES:DSD_KEI@DF_KEI(4.0),I,DEU,M,IR3TIB,PA,_Z,_Z,_Z,2010-01,0.67975
DATAFLOW,OECD.SDD.STES:DSD_KEI@DF_KEI(4.0),I,DEU,M,IR3TIB,PA,_Z,_Z,_Z,2010-03,0.64495652173913
DATAFLOW,OECD.SDD.STES:DSD_KEI@DF_KEI(4.0),I,DEU,M,IR3TIB,PA,_Z,_Z,_Z,2010-05,0.68652380952381
DATAFLOW,OECD.SDD.STES:DSD_KEI@DF_KEI(4.0),I,DEU,M,IR3TIB,PA,_Z,_Z,_Z,2010-06,0.727590909090909
DATAFLOW,OECD.SDD.STES:DSD_KEI@DF_KEI(4.0),I,DEU,M,IR3TIB,PA,_Z,_Z,_Z,2010-07,0.848818181818182
DATAFLOW,OECD.SDD.STES:DSD_KEI@DF_KEI(4.0),I,DEU,M,IR3TIB,PA,_Z,_Z,_Z,2010-10,0.997666666666667
DATAFLOW,OECD.SDD.STES:DSD_KEI@DF_KEI(4.0),I,DEU,M,IR3TIB,PA,_Z,_Z,_Z,2010-11,1.04204545454545
DATAFLOW,OECD.SDD.STES:DSD_KEI@DF_KEI(4.0),I,DEU,M,IR3TIB,PA,_Z,_Z,_Z,2010-12,1.02169565217391
DATAFLOW,OECD.SDD.STES:DSD_KEI@DF_KEI(4.0),I,DEU,M,IR3TIB,PA,_Z,_Z,_Z,2011-01,1.0172380952381
DATAFLOW,OECD.SDD.STES:DSD_KEI@DF_KEI(4.0),I,DEU,M,IR3TIB,PA,_Z,_Z,_Z,2011-02,1.08675
DATAFLOW,OECD.SDD.STES:DSD_KEI@DF_KEI(4.0),I,DEU,M,IR3TIB,PA,_Z,_Z,_Z,2011-03,1.17552173913043
DATAFLOW,OECD.SDD.STES:DSD_KEI@DF_KEI(4.0),I,DEU,M,IR3TIB,PA,_Z,_Z,_Z,2011-04,1.32121052631579
DATAFLOW,OECD.SDD.STES:DSD_KEI@DF_KEI(4.0),I,DEU,M,IR3TIB,PA,_Z,_Z,_Z,2011-05,1.42509090909091
DATAFLOW,OECD.SDD.STES:DSD_KEI@DF_KEI(4.0),I,DEU,M,IR3TIB,PA,_Z,_Z,_Z,2011-06,1.48859090909091
DATAFLOW,OECD.SDD.STES:DSD_KEI@DF_KEI(4.0),I,DEU,M,IR3TIB,PA,_Z,_Z,_Z,2011-07,1.59761904761905
DATAFLOW,OECD.SDD.STES:DSD_KEI@DF_KEI(4.0),I,DEU,M,IR3TIB,PA,_Z,_Z,_Z,2011-08,1.55208695652174
DATAFLOW,OECD.SDD.STES:DSD_KEI@DF_KEI(4.0),I,DEU,M,IR3TIB,PA,_Z,_Z,_Z,2011-09,1.53645454545455
DATAFLOW,OECD.SDD.STES:DSD_KEI@DF_KEI(4.0),I,DEU,M,IR3TIB,PA,_Z,_Z,_Z,2011-10,1.57585714285714
DATAFLOW,OECD.SDD.STES:DSD_KEI@DF_KEI(4.0),I,DEU,M,IR3TIB,PA,_Z,_Z,_Z,2011-11,1.48468181818182
DATAFLOW,OECD.SDD.STES:DSD_KEI@DF_KEI(4.0),I,DEU,M,IR3TIB,PA,_Z,_Z,_Z,2011-12,1.42609523809524
DATAFLOW,OECD.SDD.STES:DSD_KEI@DF_KEI(4.0),I,DEU,M,IR3TIB,PA,_Z,_Z,_Z,2012-01,1.22222727272727
DATAFLOW,OECD.SDD.STES:DSD_KEI@DF_KEI(4.0),I,DEU,M,IR3TIB,PA,_Z,_Z,_Z,2012-02,1.04828571428571
DATAFLOW,OECD.SDD.STES:DSD_KEI@DF_KEI(4.0),I,DEU,M,IR3TIB,PA,_Z,_Z,_Z,2012-03,0.858454545454546
DATAFLOW,OECD.SDD.STES:DSD_KEI@DF_KEI(4.0),I,DEU,M,IR3TIB,PA,_Z,_Z,_Z,2012-04,0.744315789473684
DATAFLOW,OECD.SDD.STES:DSD_KEI@DF_KEI(4.0),I,DEU,M,IR3TIB,PA,_Z,_Z,_Z,2012-05,0.684909090909091
DATAFLOW,OECD.SDD.STES:DSD_KEI@DF_KEI(4.0),I,DEU,M,IR3TIB,PA,_Z,_Z,_Z,2012-06,0.658857142857143
DATAFLOW,OECD.SDD.STES:DSD_KEI@DF_KEI(4.0),I,DEU,M,IR3TIB,PA,_Z,_Z,_Z,2012-07,0.497045454545455
DATAFLOW,OECD.SDD.STES:DSD_KEI@DF_KEI(4.0),I,DEU,M,IR3TIB,PA,_Z,_Z,_Z,2012-08,0.332391304347826
DATAFLOW,OECD.SDD.STES:DSD_KEI@DF_KEI(4.0),I,DEU,M,IR3TIB,PA,_Z,_Z,_Z,2012-10,0.207913043478261
DATAFLOW,OECD.SDD.STES:DSD_KEI@DF_KEI(4.0),I,DEU,M,IR3TIB,PA,_Z,_Z,_Z,2012-12,0.185473684210526
DATAFLOW,OECD.SDD.STES:DSD_KEI@DF_KEI(4.0),I,DEU,M,IR3TIB,PA,_Z,_Z,_Z,2013-01,0.204909090909091
DATAFLOW,OECD.SDD.STES:DSD_KEI@DF_KEI(4.0),I,DEU,M,IR3TIB,PA,_Z,_Z,_Z,2013-02,0.22335
DATAFLOW,OECD.SDD.STES:DSD_KEI@DF_KEI(4.0),I,DEU,M,IR3TIB,PA,_Z,_Z,_Z,2013-03,0.20605
DATAFLOW,OECD.SDD.STES:DSD_KEI@DF_KEI(4.0),I,DEU,M,IR3TIB,PA,_Z,_Z,_Z,2013-04,0.208904761904762
DATAFLOW,OECD.SDD.STES:DSD_KEI@DF_KEI(4.0),I,FRA,M,IRSTCI,PA,_Z,_Z,_Z,2014-01,0.1961
DATAFLOW,OECD.SDD.STES:DSD_KEI@DF_KEI(4.0),I,FRA,M,IRSTCI,PA,_Z,_Z,_Z,2014-02,0.1567
DATAFLOW,OECD.SDD.STES:DSD_KEI@DF_KEI(4.0),I,FRA,M,IRSTCI,PA,_Z,_Z,_Z,2014-03,0.1919
DATAFLOW,OECD.SDD.STES:DSD_KEI@DF_KEI(4.0),I,FRA,M,IRSTCI,PA,_Z,_Z,_Z,2014-04,0.2539
DATAFLOW,OECD.SDD.STES:DSD_KEI@DF_KEI(4.0),I,FRA,M,IRSTCI,PA,_Z,_Z,_Z,2014-05,0.248
DATAFLOW,OECD.SDD.STES:DSD_KEI@DF_KEI(4.0),I,FRA,M,IRSTCI,PA,_Z,_Z,_Z,2014-06,0.0758
DATAFLOW,OECD.SDD.STES:DSD_KEI@DF_KEI(4.0),I,FRA,M,IRSTCI,PA,_Z,_Z,_Z,2014-07,0.0433
DATAFLOW,OECD.SDD.STES:DSD_KEI@DF_KEI(4.0),I,FRA,M,IRSTCI,PA,_Z,_Z,_Z,2014-08,0.0179
DATAFLOW,OECD.SDD.STES:DSD_KEI@DF_KEI(4.0),I,FRA,M,IRSTCI,PA,_Z,_Z,_Z,2014-09,0.0066
DATAFLOW,OECD.SDD.STES:DSD_KEI@DF_KEI(4.0),I,FRA,M,IRSTCI,PA,_Z,_Z,_Z,2014-10,-0.0045
DATAFLOW,OECD.SDD.STES:DSD_KEI@DF_KEI(4.0),I,FRA,M,IRSTCI,PA,_Z,_Z,_Z,2014-11,-0.0116
DATAFLOW,OECD.SDD.STES:DSD_KEI@DF_KEI(4.0),I,FRA,M,IRSTCI,PA,_Z,_Z,_Z,2014-12,-0.0301
DATAFLOW,OECD.SDD.STES:DSD_KEI@DF_KEI(4.0),I,FRA,M,IRSTCI,PA,_Z,_Z,_Z,2015-01,-0.0506
DATAFLOW,OECD.SDD.STES:DSD_KEI@DF_KEI(4.0),I,FRA,M,IRSTCI,PA,_Z,_Z,_Z,2015-02,-0.036
DATAFLOW,OECD.SDD.STES:DSD_KEI@DF_KEI(4.0),I,FRA,M,IRSTCI,PA,_Z,_Z,_Z,2015-03,-0.0504
DATAFLOW,OECD.SDD.STES:DSD_KEI@DF_KEI(4.0),I,FRA,M,IRSTCI,PA,_Z,_Z,_Z,2015-04,-0.0745
DATAFLOW,OECD.SDD.STES:DSD_KEI@DF_KEI(4.0),I,FRA,M,IRSTCI,PA,_Z,_Z,_Z,2015-05,-0.1058
DATAFLOW,OECD.SDD.STES:DSD_KEI@DF_KEI(4.0),I,FRA,M,IRSTCI,PA,_Z,_Z,_Z,2015-06,-0.1185
DATAFLOW,OECD.SDD.STES:DSD_KEI@DF_KEI(4.0),I,FRA,M,IRSTCI,PA,_Z,_Z,_Z,2015-07,-0.1177
DATAFLOW,OECD.SDD.STES:DSD_KEI@DF_KEI(4.0),I,FRA,M,IRSTCI,PA,_Z,_Z,_Z,2015-08,-0.1213
DATAFLOW,OECD.SDD.STES:DSD_KEI@DF_KEI(4.0),I,FRA,M,IRSTCI,PA,_Z,_Z,_Z,2015-09,-0.1357
DATAFLOW,OECD.SDD.STES:DSD_KEI@DF_KEI(4.0),I,FRA,M,IRSTCI,PA,_Z,_Z,_Z,2015-10,-0.1389
DATAFLOW,OECD.SDD.STES:DSD_KEI@DF_KEI(4.0),I,FRA,M,IRSTCI,PA,_Z,_Z,_Z,2015-11,-0.1347
DATAFLOW,OECD.SDD.STES:DSD_KEI@DF_KEI(4.0),I,FRA,M,IRSTCI,PA,_Z,_Z,_Z,2015-12,-0.199
DATAFLOW,OECD.SDD.STES:DSD_KEI@DF_KEI(4.0),I,FRA,M,IRSTCI,PA,_Z,_Z,_Z,2016-01,-0.2387
DATAFLOW,OECD.SDD.STES:DSD_KEI@DF_KEI(4.0),I,FRA,M,IRSTCI,PA,_Z,_Z,_Z,2016-02,-0.2404
DATAFLOW,OECD.SDD.STES:DSD_KEI@DF_KEI(4.0),I,FRA,M,IRSTCI,PA,_Z,_Z,_Z,2016-03,-0.2877
DATAFLOW,OECD.SDD.STES:DSD_KEI@DF_KEI(4.0),I,FRA,M,IRSTCI,PA,_Z,_Z,_Z,2016-04,-0.3378
DATAFLOW,OECD.SDD.STES:DSD_KEI@DF_KEI(4.0),I,FRA,M,IRSTCI,PA,_Z,_Z,_Z,2016-05,-0.338
DATAFLOW,OECD.SDD.STES:DSD_KEI@DF_KEI(4.0),I,FRA,M,IRSTCI,PA,_Z,_Z,_Z,2016-06,-0.3325
DATAFLOW,OECD.SDD.STES:DSD_KEI@DF_KEI(4.0),I,FRA,M,IRSTCI,PA,_Z,_Z,_Z,2016-07,-0.3288
DATAFLOW,OECD.SDD.STES:DSD_KEI@DF_KEI(4.0),I,FRA,M,IRSTCI,PA,_Z,_Z,_Z,2016-08,-0.3388
DATAFLOW,OECD.SDD.STES:DSD_KEI@DF_KEI(4.0),I,FRA,M,IRSTCI,PA,_Z,_Z,_Z,2016-09,-0.343
DATAFLOW,OECD.SDD.STES:DSD_KEI@DF_KEI(4.0),I,FRA,M,IRSTCI,PA,_Z,_Z,_Z,2016-10,-0.3466
DATAFLOW,OECD.SDD.STES:DSD_KEI@DF_KEI(4.0),I,FRA,M,IRSTCI,PA,_Z,_Z,_Z,2016-11,-0.3487
DATAFLOW,OECD.SDD.STES:DSD_KEI@DF_KEI(4.0),I,FRA,M,IRSTCI,PA,_Z,_Z,_Z,2016-12,-0.3504
DATAFLOW,OECD.SDD.STES:DSD_KEI@DF_KEI(4.0),I,FRA,M,IRSTCI,PA,_Z,_Z,_Z,2017-01,-0.3515
DATAFLOW,OECD.SDD.STES:DSD_KEI@DF_KEI(4.0),I,FRA,M,IRSTCI,PA,_Z,_Z,_Z,2017-02,-0.3528
DATAFLOW,OECD.SDD.STES:DSD_KEI@DF_KEI(4.0),I,FRA,M,IRSTCI,PA,_Z,_Z,_Z,2017-03,-0.3535
DATAFLOW,OECD.SDD.STES:DSD_KEI@DF_KEI(4.0),I,FRA,M,IRSTCI,PA,_Z,_Z,_Z,2017-04,-0.3569
DATAFLOW,OECD.SDD.STES:DSD_KEI@DF_KEI(4.0),I,FRA,M,IRSTCI,PA,_Z,_Z,_Z,2017-05,-0.3589
DATAFLOW,OECD.SDD.STES:DSD_KEI@DF_KEI(4.0),I,FRA,M,IRSTCI,PA,_Z,_Z,_Z,2017-06,-0.3587
DATAFLOW,OECD.SDD.STES:DSD_KEI@DF_KEI(4.0),I,FRA,M,IRSTCI,PA,_Z,_Z,_Z,2017-07,-0.3595
DATAFLOW,OECD.SDD.STES:DSD_KEI@DF_KEI(4.0),I,FRA,M,IRSTCI,PA,_Z,_Z,_Z,2017-08,-0.3558
DATAFLOW,OECD.SDD.STES:DSD_KEI@DF_KEI(4.0),I,FRA,M,IRSTCI,PA,_Z,_Z,_Z,2017-09,-0.3581
DATAFLOW,OECD.SDD.STES:DSD_KEI@DF_KEI(4.0),I,FRA,M,IRSTCI,PA,_Z,_Z,_Z,2017-10,-0.359
DATAFLOW,OECD.SDD.STES:DSD_KEI@DF_KEI(4.0),I,FRA,M,IRSTCI,PA,_Z,_Z,_Z,2017-11,-0.3492
DATAFLOW,OECD.SDD.STES:DSD_KEI@DF_KEI(4.0),I,FRA,M,IRSTCI,PA,_Z,_Z,_Z,2017-12,-0.3423
DATAFLOW,OECD.SDD.STES:DSD_KEI@DF_KEI(4.0),I,FRA,M,IRSTCI,PA,_Z,_Z,_Z,2018-01,-0.3624
DATAFLOW,OECD.SDD.STES:DSD_KEI@DF_KEI(4.0),I,FRA,M,IRSTCI,PA,_Z,_Z,_Z,2018-02,-0.3647
DATAFLOW,OECD.SDD.STES:DSD_KEI@DF_KEI(4.0),I,FRA,M,IRSTCI,PA,_Z,_Z,_Z,2018-03,-0.3639
DATAFLOW,OECD.SDD.STES:DSD_KEI@DF_KEI(4.0),I,FRA,M,IRSTCI,PA,_Z,_Z,_Z,2018-04,-0.3657
DATAFLOW,OECD.SDD.STES:DSD_KEI@DF_KEI(4.0),I,FRA,M,IRSTCI,PA,_Z,_Z,_Z,2018-05,-0.3625
DATAFLOW,OECD.SDD.STES:DSD_KEI@DF_KEI(4.0),I,FRA,M,IRSTCI,PA,_Z,_Z,_Z,2018-06,-0.3618
DATAFLOW,OECD.SDD.STES:DSD_KEI@DF_KEI(4.0),I,FRA,M,IRSTCI,PA,_Z,_Z,_Z,2018-07,-0.3636
DATAFLOW,OECD.SDD.STES:DSD_KEI@DF_KEI(4.0),I,FRA,M,IRSTCI,PA,_Z,_Z,_Z,2018-08,-0.3591
DATAFLOW,OECD.SDD.STES:DSD_KEI@DF_KEI(4.0),I,FRA,M,IRSTCI,PA,_Z,_Z,_Z,2018-09,-0.3627
DATAFLOW,OECD.SDD.STES:DSD_KEI@DF_KEI(4.0),I,FRA,M,IRSTCI,PA,_Z,_Z,_Z,2018-10,-0.366
DATAFLOW,OECD.SDD.STES:DSD_KEI@DF_KEI(4.0),I,FRA,M,IRSTCI,PA,_Z,_Z,_Z,2018-11,-0.3613
DATAFLOW,OECD.SDD.STES:DSD_KEI@DF_KEI(4.0),I,FRA,M,IRSTCI,PA,_Z,_Z,_Z,2018-12,-0.3605
DATAFLOW,OECD.SDD.STES:DSD_KEI@DF_KEI(4.0),I,FRA,M,IRSTCI,PA,_Z,_Z,_Z,2019-01,-0.367
DATAFLOW,OECD.SDD.STES:DSD_KEI@DF_KEI(4.0),I,FRA,M,IRSTCI,PA,_Z,_Z,_Z,2019-02,-0.367
DATAFLOW,OECD.SDD.STES:DSD_KEI@DF_KEI(4.0),I,FRA,M,IRSTCI,PA,_Z,_Z,_Z,2019-03,-0.3679
DATAFLOW,OECD.SDD.STES:DSD_KEI@DF_KEI(4.0),I,FRA,M,IRSTCI,PA,_Z,_Z,_Z,2019-04,-0.367
DATAFLOW,OECD.SDD.STES:DSD_KEI@DF_KEI(4.0),I,FRA,M,IRSTCI,PA,_Z,_Z,_Z,2019-05,-0.3666
DATAFLOW,OECD.SDD.STES:DSD_KEI@DF_KEI(4.0),I,FRA,M,IRSTCI,PA,_Z,_Z,_Z,2019-06,-0.3616
DATAFLOW,OECD.SDD.STES:DSD_KEI@DF_KEI(4.0),I,FRA,M,IRSTCI,PA,_Z,_Z,_Z,2019-07,-0.3668
DATAFLOW,OECD.SDD.STES:DSD_KEI@DF_KEI(4.0),I,FRA,M,IRSTCI,PA,_Z,_Z,_Z,2019-08,-0.3612
DATAFLOW,OECD.SDD.STES:DSD_KEI@DF_KEI(4.0),I,FRA,M,IRSTCI,PA,_Z,_Z,_Z,2019-09,-0.4032
DATAFLOW,OECD.SDD.STES:DSD_KEI@DF_KEI(4.0),I,FRA,M,IRSTCI,PA,_Z,_Z,_Z,2019-10,-0.549597777777778
DATAFLOW,OECD.SDD.STES:DSD_KEI@DF_KEI(4.0),I,FRA,M,IRSTCI,PA,_Z,_Z,_Z,2019-11,-0.53915
DATAFLOW,OECD.SDD.STES:DSD_KEI@DF_KEI(4.0),I,FRA,M,IRSTCI,PA,_Z,_Z,_Z,2019-12,-0.540201
DATAFLOW,OECD.SDD.STES:DSD_KEI@DF_KEI(4.0),I,FRA,M,IRSTCI,PA,_Z,_Z,_Z,2020-01,-0.537421363636364
DATAFLOW,OECD.SDD.STES:DSD_KEI@DF_KEI(4.0),I,FRA,M,IRSTCI,PA,_Z,_Z,_Z,2020-02,-0.5382235
DATAFLOW,OECD.SDD.STES:DSD_KEI@DF_KEI(4.0),I,FRA,M,IRSTCI,PA,_Z,_Z,_Z,2020-03,-0.535628636363636
DATAFLOW,OECD.SDD.STES:DSD_KEI@DF_KEI(4.0),I,DEU,M,IRLT,PA,_Z,_Z,_Z,2021-12,-0.384285714285714
DATAFLOW,OECD.SDD.STES:DSD_KEI@DF_KEI(4.0),I,DEU,M,IRLT,PA,_Z,_Z,_Z,2022-01,-0.114761904761905
DATAFLOW,OECD.SDD.STES:DSD_KEI@DF_KEI(4.0),I,DEU,M,IRLT,PA,_Z,_Z,_Z,2022-03,0.281739130434783
DATAFLOW,OECD.SDD.STES:DSD_KEI@DF_KEI(4.0),I,DEU,M,IRLT,PA,_Z,_Z,_Z,2022-04,0.746315789473684
DATAFLOW,OECD.SDD.STES:DSD_KEI@DF_KEI(4.0),I,DEU,M,IRLT,PA,_Z,_Z,_Z,2022-05,0.952727272727273
DATAFLOW,OECD.SDD.STES:DSD_KEI@DF_KEI(4.0),I,DEU,M,IRLT,PA,_Z,_Z,_Z,2022-07,1.08190476190476
DATAFLOW,OECD.SDD.STES:DSD_KEI@DF_KEI(4.0),I,DEU,M,IR3TIB,PA,_Z,_Z,_Z,2009-04,1.4223
DATAFLOW,OECD.SDD.STES:DSD_KEI@DF_KEI(4.0),I,DEU,M,IR3TIB,PA,_Z,_Z,_Z,2009-05,1.2817
DATAFLOW,OECD.SDD.STES:DSD_KEI@DF_KEI(4.0),I,DEU,M,IRLT,PA,_Z,_Z,_Z,2007-02,4.049
DATAFLOW,OECD.SDD.STES:DSD_KEI@DF_KEI(4.0),I,DEU,M,IRLT,PA,_Z,_Z,_Z,2007-07,4.505
DATAFLOW,OECD.SDD.STES:DSD_KEI@DF_KEI(4.0),I,DEU,M,IRLT,PA,_Z,_Z,_Z,2007-09,4.226
DATAFLOW,OECD.SDD.STES:DSD_KEI@DF_KEI(4.0),I,DEU,M,IRLT,PA,_Z,_Z,_Z,2008-04,4.04
DATAFLOW,OECD.SDD.STES:DSD_KEI@DF_KEI(4.0),I,DEU,M,IRLT,PA,_Z,_Z,_Z,2008-11,3.5565
DATAFLOW,OECD.SDD.STES:DSD_KEI@DF_KEI(4.0),I,DEU,M,IRLT,PA,_Z,_Z,_Z,2009-02,3.1275
DATAFLOW,OECD.SDD.STES:DSD_KEI@DF_KEI(4.0),I,DEU,M,IRLT,PA,_Z,_Z,_Z,2009-04,3.133
DATAFLOW,OECD.SDD.STES:DSD_KEI@DF_KEI(4.0),I,DEU,M,IRLT,PA,_Z,_Z,_Z,2009-05,3.371
DATAFLOW,OECD.SDD.STES:DSD_KEI@DF_KEI(4.0),I,DEU,M,IRLT,PA,_Z,_Z,_Z,2009-12,3.1385
DATAFLOW,OECD.SDD.STES:DSD_KEI@DF_KEI(4.0),I,DEU,M,IRLT,PA,_Z,_Z,_Z,2010-01,3.2575
DATAFLOW,OECD.SDD.STES:DSD_KEI@DF_KEI(4.0),I,DEU,M,IRLT,PA,_Z,_Z,_Z,2010-02,3.17
DATAFLOW,OECD.SDD.STES:DSD_KEI@DF_KEI(4.0),I,DEU,M,IRLT,PA,_Z,_Z,_Z,2010-04,3.0645
DATAFLOW,OECD.SDD.STES:DSD_KEI@DF_KEI(4.0),I,DEU,M,IRLT,PA,_Z,_Z,_Z,2010-08,2.35
DATAFLOW,OECD.SDD.STES:DSD_KEI@DF_KEI(4.0),I,DEU,M,IRLT,PA,_Z,_Z,_Z,2011-02,3.199
DATAFLOW,OECD.SDD.STES:DSD_KEI@DF_KEI(4.0),I,DEU,M,IRLT,PA,_Z,_Z,_Z,2012-09,1.4905
DATAFLOW,OECD.SDD.STES:DSD_KEI@DF_KEI(4.0),I,DEU,M,IRLT,PA,_Z,_Z,_Z,2013-02,1.5435
DATAFLOW,OECD.SDD.STES:DSD_KEI@DF_KEI(4.0),I,DEU,M,IRLT,PA,_Z,_Z,_Z,2013-03,1.3545
DATAFLOW,OECD.SDD.STES:DSD_KEI@DF_KEI(4.0),I,DEU,M,IRLT,PA,_Z,_Z,_Z,2013-06,1.5305
DATAFLOW,OECD.SDD.STES:DSD_KEI@DF_KEI(4.0),I,DEU,M,IRLT,PA,_Z,_Z,_Z,2013-08,1.735
DATAFLOW,OECD.SDD.STES:DSD_KEI@DF_KEI(4.0),I,DEU,M,IRLT,PA,_Z,_Z,_Z,2014-02,1.5585
DATAFLOW,OECD.SDD.STES:DSD_KEI@DF_KEI(4.0),I,DEU,M,IRLT,PA,_Z,_Z,_Z,2014-04,1.4565
DATAFLOW,OECD.SDD.STES:DSD_KEI@DF_KEI(4.0),I,DEU,M,IRLT,PA,_Z,_Z,_Z,2014-11,0.719
DATAFLOW,OECD.SDD.STES:DSD_KEI@DF_KEI(4.0),I,DEU,M,IRLT,PA,_Z,_Z,_Z,2015-01,0.39
DATAFLOW,OECD.SDD.STES:DSD_KEI@DF_KEI(4.0),I,DEU,M,IRLT,PA,_Z,_Z,_Z,2015-02,0.302
DATAFLOW,OECD.SDD.STES:DSD_KEI@DF_KEI(4.0),I,DEU,M,IRLT,PA,_Z,_Z,_Z,2015-04,0.122
DATAFLOW,OECD.SDD.STES:DSD_KEI@DF_KEI(4.0),I,DEU,M,IRLT,PA,_Z,_Z,_Z,2015-07,0.71
DATAFLOW,OECD.SDD.STES:DSD_KEI@DF_KEI(4.0),I,DEU,M,IRLT,PA,_Z,_Z,_Z,2015-12,0.5455
DATAFLOW,OECD.SDD.STES:DSD_KEI@DF_KEI(4.0),I,DEU,M,IRLT,PA,_Z,_Z,_Z,2016-01,0.4305
DATAFLOW,OECD.SDD.STES:DSD_KEI@DF_KEI(4.0),I,DEU,M,IRLT,PA,_Z,_Z,_Z,2016-10,0.002
DATAFLOW,OECD.SDD.STES:DSD_KEI@DF_KEI(4.0),I,DEU,M,IRLT,PA,_Z,_Z,_Z,2017-02,0.258
DATAFLOW,OECD.SDD.STES:DSD_KEI@DF_KEI(4.0),I,DEU,M,IRLT,PA,_Z,_Z,_Z,2017-10,0.3725
DATAFLOW,OECD.SDD.STES:DSD_KEI@DF_KEI(4.0),I,DEU,M,IRLT,PA,_Z,_Z,_Z,2018-02,0.659
DATAFLOW,OECD.SDD.STES:DSD_KEI@DF_KEI(4.0),I,DEU,M,IRLT,PA,_Z,_Z,_Z,2018-04,0.48
DATAFLOW,OECD.SDD.STES:DSD_KEI@DF_KEI(4.0),I,DEU,M,IRLT,PA,_Z,_Z,_Z,2018-05,0.45
DATAFLOW,OECD.SDD.STES:DSD_KEI@DF_KEI(4.0),I,DEU,M,IRLT,PA,_Z,_Z,_Z,2018-09,0.3705
DATAFLOW,OECD.SDD.STES:DSD_KEI@DF_KEI(4.0),I,DEU,M,IRLT,PA,_Z,_Z,_Z,2019-02,0.0555
DATAFLOW,OECD.SDD.STES:DSD_KEI@DF_KEI(4.0),I,DEU,M,IRLT,PA,_Z,_Z,_Z,2019-04,-0.0395
DATAFLOW,OECD.SDD.STES:DSD_KEI@DF_KEI(4.0),I,DEU,M,IRLT,PA,_Z,_Z,_Z,2020-02,-0.466
DATAFLOW,OECD.SDD.STES:DSD_KEI@DF_KEI(4.0),I,DEU,M,IRLT,PA,_Z,_Z,_Z,2020-04,-0.4495
DATAFLOW,OECD.SDD.STES:DSD_KEI@DF_KEI(4.0),I,DEU,M,IRLT,PA,_Z,_Z,_Z,2020-05,-0.5165
DATAFLOW,OECD.SDD.STES:DSD_KEI@DF_KEI(4.0),I,DEU,M,IRLT,PA,_Z,_Z,_Z,2020-12,-0.6185
DATAFLOW,OECD.SDD.STES:DSD_KEI@DF_KEI(4.0),I,DEU,M,IRLT,PA,_Z,_Z,_Z,2021-01,-0.5835
DATAFLOW,OECD.SDD.STES:DSD_KEI@DF_KEI(4.0),I,DEU,M,IRLT,PA,_Z,_Z,_Z,2021-02,-0.4455
DATAFLOW,OECD.SDD.STES:DSD_KEI@DF_KEI(4.0),I,DEU,M,IRLT,PA,_Z,_Z,_Z,2021-04,-0.325
DATAFLOW,OECD.SDD.STES:DSD_KEI@DF_KEI(4.0),I,DEU,M,IRLT,PA,_Z,_Z,_Z,2021-05,-0.2235
DATAFLOW,OECD.SDD.STES:DSD_KEI@DF_KEI(4.0),I,DEU,M,IRLT,PA,_Z,_Z,_Z,2022-02,0.15
DATAFLOW,OECD.SDD.STES:DSD_KEI@DF_KEI(4.0),I,DEU,M,IRLT,PA,_Z,_Z,_Z,2022-06,1.445
DATAFLOW,OECD.SDD.STES:DSD_KEI@DF_KEI(4.0),I,DEU,M,IRLT,PA,_Z,_Z,_Z,2014-08,0.956190476190476
DATAFLOW,OECD.SDD.STES:DSD_KEI@DF_KEI(4.0),I,DEU,M,IRLT,PA,_Z,_Z,_Z,2014-09,0.921363636363636
DATAFLOW,OECD.SDD.STES:DSD_KEI@DF_KEI(4.0),I,DEU,M,IRLT,PA,_Z,_Z,_Z,2014-10,0.790909090909091
DATAFLOW,OECD.SDD.STES:DSD_KEI@DF_KEI(4.0),I,DEU,M,IRLT,PA,_Z,_Z,_Z,2014-12,0.588947368421053
DATAFLOW,OECD.SDD.STES:DSD_KEI@DF_KEI(4.0),I,DEU,M,IRLT,PA,_Z,_Z,_Z,2015-03,0.227272727272727
DATAFLOW,OECD.SDD.STES:DSD_KEI@DF_KEI(4.0),I,DEU,M,IRLT,PA,_Z,_Z,_Z,2015-05,0.55578947368421
DATAFLOW,OECD.SDD.STES:DSD_KEI@DF_KEI(4.0),I,DEU,M,IRLT,PA,_Z,_Z,_Z,2015-06,0.792727272727273
DATAFLOW,OECD.SDD.STES:DSD_KEI@DF_KEI(4.0),I,DEU,M,IRLT,PA,_Z,_Z,_Z,2015-08,0.608571428571429
DATAFLOW,OECD.SDD.STES:DSD_KEI@DF_KEI(4.0),I,DEU,M,IRLT,PA,_Z,_Z,_Z,2015-09,0.654090909090909
DATAFLOW,OECD.SDD.STES:DSD_KEI@DF_KEI(4.0),I,DEU,M,IRLT,PA,_Z,_Z,_Z,2015-10,0.518181818181818
DATAFLOW,OECD.SDD.STES:DSD_KEI@DF_KEI(4.0),I,DEU,M,IRLT,PA,_Z,_Z,_Z,2015-11,0.516190476190476
DATAFLOW,OECD.SDD.STES:DSD_KEI@DF_KEI(4.0),I,DEU,M,IRLT,PA,_Z,_Z,_Z,2016-02,0.172857142857143
DATAFLOW,OECD.SDD.STES:DSD_KEI@DF_KEI(4.0),I,DEU,M,IRLT,PA,_Z,_Z,_Z,2016-03,0.171428571428571
DATAFLOW,OECD.SDD.STES:DSD_KEI@DF_KEI(4.0),I,DEU,M,IRLT,PA,_Z,_Z,_Z,2016-04,0.134285714285714
DATAFLOW,OECD.SDD.STES:DSD_KEI@DF_KEI(4.0),I,DEU,M,IRLT,PA,_Z,_Z,_Z,2016-05,0.132857142857143
DATAFLOW,OECD.SDD.STES:DSD_KEI@DF_KEI(4.0),I,DEU,M,IRLT,PA,_Z,_Z,_Z,2016-06,-0.0168181818181818
DATAFLOW,OECD.SDD.STES:DSD_KEI@DF_KEI(4.0),I,DEU,M,IRLT,PA,_Z,_Z,_Z,2016-07,-0.154285714285714
DATAFLOW,OECD.SDD.STES:DSD_KEI@DF_KEI(4.0),I,DEU,M,IRLT,PA,_Z,_Z,_Z,2016-08,-0.131739130434783
DATAFLOW,OECD.SDD.STES:DSD_KEI@DF_KEI(4.0),I,DEU,M,IRLT,PA,_Z,_Z,_Z,2016-09,-0.0840909090909091
DATAFLOW,OECD.SDD.STES:DSD_KEI@DF_KEI(4.0),I,DEU,M,IRLT,PA,_Z,_Z,_Z,2016-11,0.189090909090909
DATAFLOW,OECD.SDD.STES:DSD_KEI@DF_KEI(4.0),I,DEU,M,IRLT,PA,_Z,_Z,_Z,2016-12,0.251904761904762
DATAFLOW,OECD.SDD.STES:DSD_KEI@DF_KEI(4.0),I,DEU,M,IRLT,PA,_Z,_Z,_Z,2017-01,0.250909090909091
DATAFLOW,OECD.SDD.STES:DSD_KEI@DF_KEI(4.0),I,DEU,M,IRLT,PA,_Z,_Z,_Z,2017-03,0.348260869565217
DATAFLOW,OECD.SDD.STES:DSD_KEI@DF_KEI(4.0),I,DEU,M,IRLT,PA,_Z,_Z,_Z,2017-04,0.225555555555556
DATAFLOW,OECD.SDD.STES:DSD_KEI@DF_KEI(4.0),I,DEU,M,IRLT,PA,_Z,_Z,_Z,2017-05,0.336363636363636
DATAFLOW,OECD.SDD.STES:DSD_KEI@DF_KEI(4.0),I,DEU,M,IRLT,PA,_Z,_Z,_Z,2017-06,0.25047619047619
DATAFLOW,OECD.SDD.STES:DSD_KEI@DF_KEI(4.0),I,DEU,M,IRLT,PA,_Z,_Z,_Z,2017-07,0.455714285714286
DATAFLOW,OECD.SDD.STES:DSD_KEI@DF_KEI(4.0),I,DEU,M,IRLT,PA,_Z,_Z,_Z,2017-08,0.346086956521739
DATAFLOW,OECD.SDD.STES:DSD_KEI@DF_KEI(4.0),I,DEU,M,IRLT,PA,_Z,_Z,_Z,2017-09,0.347142857142857
DATAFLOW,OECD.SDD.STES:DSD_KEI@DF_KEI(4.0),I,DEU,M,IRLT,PA,_Z,_Z,_Z,2017-11,0.308181818181818
DATAFLOW,OECD.SDD.STES:DSD_KEI@DF_KEI(4.0),I,DEU,M,IRLT,PA,_Z,_Z,_Z,2017-12,0.296842105263158
DATAFLOW,OECD.SDD.STES:DSD_KEI@DF_KEI(4.0),I,DEU,M,IRLT,PA,_Z,_Z,_Z,2018-01,0.474545454545455
DATAFLOW,OECD.SDD.STES:DSD_KEI@DF_KEI(4.0),I,DEU,M,IRLT,PA,_Z,_Z,_Z,2018-03,0.52952380952381
DATAFLOW,OECD.SDD.STES:DSD_KEI@DF_KEI(4.0),I,DEU,M,IRLT,PA,_Z,_Z,_Z,2018-06,0.327142857142857
DATAFLOW,OECD.SDD.STES:DSD_KEI@DF_KEI(4.0),I,DEU,M,IRLT,PA,_Z,_Z,_Z,2018-07,0.274545454545455
DATAFLOW,OECD.SDD.STES:DSD_KEI@DF_KEI(4.0),I,DEU,M,IRLT,PA,_Z,_Z,_Z,2018-08,0.290869565217391
DATAFLOW,OECD.SDD.STES:DSD_KEI@DF_KEI(4.0),I,DEU,M,IRLT,PA,_Z,_Z,_Z,2018-10,0.399090909090909
DATAFLOW,OECD.SDD.STES:DSD_KEI@DF_KEI(4.0),I,DEU,M,IRLT,PA,_Z,_Z,_Z,2011-12,1.92761904761905
DATAFLOW,OECD.SDD.STES:DSD_KEI@DF_KEI(4.0),I,DEU,M,IRLT,PA,_Z,_Z,_Z,2012-01,1.82090909090909
DATAFLOW,OECD.SDD.STES:DSD_KEI@DF_KEI(4.0),I,DEU,M,IRLT,PA,_Z,_Z,_Z,2012-02,1.85190476190476
DATAFLOW,OECD.SDD.STES:DSD_KEI@DF_KEI(4.0),I,DEU,M,IRLT,PA,_Z,_Z,_Z,2012-03,1.83045454545455
DATAFLOW,OECD.SDD.STES:DSD_KEI@DF_KEI(4.0),I,DEU,M,IRLT,PA,_Z,_Z,_Z,2012-04,1.62421052631579
DATAFLOW,OECD.SDD.STES:DSD_KEI@DF_KEI(4.0),I,DEU,M,IRLT,PA,_Z,_Z,_Z,2012-05,1.33681818181818
DATAFLOW,OECD.SDD.STES:DSD_KEI@DF_KEI(4.0),I,DEU,M,IRLT,PA,_Z,_Z,_Z,2012-06,1.30047619047619
DATAFLOW,OECD.SDD.STES:DSD_KEI@DF_KEI(4.0),I,DEU,M,IRLT,PA,_Z,_Z,_Z,2012-07,1.24227272727273
DATAFLOW,OECD.SDD.STES:DSD_KEI@DF_KEI(4.0),I,DEU,M,IRLT,PA,_Z,_Z,_Z,2012-08,1.34173913043478
DATAFLOW,OECD.SDD.STES:DSD_KEI@DF_KEI(4.0),I,DEU,M,IRLT,PA,_Z,_Z,_Z,2012-10,1.46695652173913
DATAFLOW,OECD.SDD.STES:DSD_KEI@DF_KEI(4.0),I,DEU,M,IRLT,PA,_Z,_Z,_Z,2012-11,1.33590909090909
DATAFLOW,OECD.SDD.STES:DSD_KEI@DF_KEI(4.0),I,DEU,M,IRLT,PA,_Z,_Z,_Z,2012-12,1.29941176470588
DATAFLOW,OECD.SDD.STES:DSD_KEI@DF_KEI(4.0),I,DEU,M,IRLT,PA,_Z,_Z,_Z,2013-01,1.51227272727273
DATAFLOW,OECD.SDD.STES:DSD_KEI@DF_KEI(4.0),I,DEU,M,IRLT,PA,_Z,_Z,_Z,2013-04,1.19619047619048
DATAFLOW,OECD.SDD.STES:DSD_KEI@DF_KEI(4.0),I,DEU,M,IRLT,PA,_Z,_Z,_Z,2013-05,1.29409090909091
DATAFLOW,OECD.SDD.STES:DSD_KEI@DF_KEI(4.0),I,DEU,M,IRLT,PA,_Z,_Z,_Z,2013-07,1.56565217391304
DATAFLOW,OECD.SDD.STES:DSD_KEI@DF_KEI(4.0),I,DEU,M,IRLT,PA,_Z,_Z,_Z,2013-09,1.88809523809524
DATAFLOW,OECD.SDD.STES:DSD_KEI@DF_KEI(4.0),I,DEU,M,IRLT,PA,_Z,_Z,_Z,2013-10,1.76217391304348
DATAFLOW,OECD.SDD.STES:DSD_KEI@DF_KEI(4.0),I,DEU,M,IRSTCI,PA,_Z,_Z,_Z,2024-12,3.1026865
DATAFLOW,OECD.SDD.STES:DSD_KEI@DF_KEI(4.0),I,DEU,M,IRSTCI,PA,_Z,_Z,_Z,2025-01,2.91883909090909
DATAFLOW,OECD.SDD.STES:DSD_KEI@DF_KEI(4.0),I,FRA,M,IRSTCI,PA,_Z,_Z,_Z,2022-12,1.50396476190476
DATAFLOW,OECD.SDD.STES:DSD_KEI@DF_KEI(4.0),I,FRA,M,IRSTCI,PA,_Z,_Z,_Z,2023-01,1.90131181818182
DATAFLOW,OECD.SDD.STES:DSD_KEI@DF_KEI(4.0),I,FRA,M,IRSTCI,PA,_Z,_Z,_Z,2023-02,2.200642
DATAFLOW,OECD.SDD.STES:DSD_KEI@DF_KEI(4.0),I,FRA,M,IRSTCI,PA,_Z,_Z,_Z,2023-03,2.50836391304348
DATAFLOW,OECD.SDD.STES:DSD_KEI@DF_KEI(4.0),I,FRA,M,IRSTCI,PA,_Z,_Z,_Z,2023-04,2.89908111111111
DATAFLOW,OECD.SDD.STES:DSD_KEI@DF_KEI(4.0),I,FRA,M,IRSTCI,PA,_Z,_Z,_Z,2023-05,3.04630909090909
DATAFLOW,OECD.SDD.STES:DSD_KEI@DF_KEI(4.0),I,FRA,M,IRSTCI,PA,_Z,_Z,_Z,2023-06,3.20459045454545
DATAFLOW,OECD.SDD.STES:DSD_KEI@DF_KEI(4.0),I,FRA,M,IRSTCI,PA,_Z,_Z,_Z,2023-07,3.40326333333333
DATAFLOW,OECD.SDD.STES:DSD_KEI@DF_KEI(4.0),I,FRA,M,IRSTCI,PA,_Z,_Z,_Z,2023-08,3.61036652173913
DATAFLOW,OECD.SDD.STES:DSD_KEI@DF_KEI(4.0),I,FRA,M,IRSTCI,PA,_Z,_Z,_Z,2023-09,3.7125219047619
DATAFLOW,OECD.SDD.STES:DSD_KEI@DF_KEI(4.0),I,FRA,M,IRSTCI,PA,_Z,_Z,_Z,2023-10,3.90106045454545
DATAFLOW,OECD.SDD.STES:DSD_KEI@DF_KEI(4.0),I,FRA,M,IRSTCI,PA,_Z,_Z,_Z,2023-11,3.90274363636364
DATAFLOW,OECD.SDD.STES:DSD_KEI@DF_KEI(4.0),I,FRA,M,IRSTCI,PA,_Z,_Z,_Z,2023-12,3.90344210526316
DATAFLOW,OECD.SDD.STES:DSD_KEI@DF_KEI(4.0),I,FRA,M,IRSTCI,PA,_Z,_Z,_Z,2024-04,3.90827857142857
DATAFLOW,OECD.SDD.STES:DSD_KEI@DF_KEI(4.0),I,FRA,M,IRSTCI,PA,_Z,_Z,_Z,2024-05,3.90696272727273
DATAFLOW,OECD.SDD.STES:DSD_KEI@DF_KEI(4.0),I,FRA,M,IRSTCI,PA,_Z,_Z,_Z,2024-06,3.786032
DATAFLOW,OECD.SDD.STES:DSD_KEI@DF_KEI(4.0),I,FRA,M,IRSTCI,PA,_Z,_Z,_Z,2024-07,3.66308869565217
DATAFLOW,OECD.SDD.STES:DSD_KEI@DF_KEI(4.0),I,FRA,M,IRSTCI,PA,_Z,_Z,_Z,2024-08,3.66435590909091
DATAFLOW,OECD.SDD.STES:DSD_KEI@DF_KEI(4.0),I,FRA,M,IRSTCI,PA,_Z,_Z,_Z,2024-09,3.59209238095238
DATAFLOW,OECD.SDD.STES:DSD_KEI@DF_KEI(4.0),I,FRA,M,IRSTCI,PA,_Z,_Z,_Z,2024-10,3.37139391304348
DATAFLOW,OECD.SDD.STES:DSD_KEI@DF_KEI(4.0),I,FRA,M,IRSTCI,PA,_Z,_Z,_Z,2024-11,3.16496666666667
DATAFLOW,OECD.SDD.STES:DSD_KEI@DF_KEI(4.0),I,FRA,M,IRSTCI,PA,_Z,_Z,_Z,2024-12,3.1026865
DATAFLOW,OECD.SDD.STES:DSD_KEI@DF_KEI(4.0),I,FRA,M,IRSTCI,PA,_Z,_Z,_Z,2025-01,2.91883909090909
DATAFLOW,OECD.SDD.STES:DSD_KEI@DF_KEI(4.0),I,FRA,M,IRSTCI,PA,_Z,_Z,_Z,2025-02,2.7290455
DATAFLOW,OECD.SDD.STES:DSD_KEI@DF_KEI(4.0),I,FRA,M,IRSTCI,PA,_Z,_Z,_Z,2025-03,2.53437142857143
DATAFLOW,OECD.SDD.STES:DSD_KEI@DF_KEI(4.0),I,FRA,M,IRSTCI,PA,_Z,_Z,_Z,2025-04,2.3830535
DATAFLOW,OECD.SDD.STES:DSD_KEI@DF_KEI(4.0),I,DEU,M,IR3TIB,PA,_Z,_Z,_Z,2023-12,3.93309523809524
DATAFLOW,OECD.SDD.STES:DSD_KEI@DF_KEI(4.0),I,DEU,M,IR3TIB,PA,_Z,_Z,_Z,2007-01,3.75186363636364
DATAFLOW,OECD.SDD.STES:DSD_KEI@DF_KEI(4.0),I,DEU,M,IR3TIB,PA,_Z,_Z,_Z,2007-03,3.89090909090909
DATAFLOW,OECD.SDD.STES:DSD_KEI@DF_KEI(4.0),I,DEU,M,IR3TIB,PA,_Z,_Z,_Z,2007-04,3.97526315789474
DATAFLOW,OECD.SDD.STES:DSD_KEI@DF_KEI(4.0),I,DEU,M,IR3TIB,PA,_Z,_Z,_Z,2007-05,4.07136363636364
DATAFLOW,OECD.SDD.STES:DSD_KEI@DF_KEI(4.0),I,DEU,M,IR3TIB,PA,_Z,_Z,_Z,2007-06,4.14776190476191
DATAFLOW,OECD.SDD.STES:DSD_KEI@DF_KEI(4.0),I,DEU,M,IRSTCI,PA,_Z,_Z,_Z,2016-03,-0.2877
DATAFLOW,OECD.SDD.STES:DSD_KEI@DF_KEI(4.0),I,DEU,M,IRSTCI,PA,_Z,_Z,_Z,2016-04,-0.3378
DATAFLOW,OECD.SDD.STES:DSD_KEI@DF_KEI(4.0),I,DEU,M,IRSTCI,PA,_Z,_Z,_Z,2016-05,-0.338
DATAFLOW,OECD.SDD.STES:DSD_KEI@DF_KEI(4.0),I,DEU,M,IRSTCI,PA,_Z,_Z,_Z,2016-06,-0.3325
DATAFLOW,OECD.SDD.STES:DSD_KEI@DF_KEI(4.0),I,DEU,M,IRSTCI,PA,_Z,_Z,_Z,2016-07,-0.3288
DATAFLOW,OECD.SDD.STES:DSD_KEI@DF_KEI(4.0),I,DEU,M,IRSTCI,PA,_Z,_Z,_Z,2016-08,-0.3388
DATAFLOW,OECD.SDD.STES:DSD_KEI@DF_KEI(4.0),I,DEU,M,IRSTCI,PA,_Z,_Z,_Z,2016-09,-0.343
DATAFLOW,OECD.SDD.STES:DSD_KEI@DF_KEI(4.0),I,DEU,M,IRSTCI,PA,_Z,_Z,_Z,2016-10,-0.3466
DATAFLOW,OECD.SDD.STES:DSD_KEI@DF_KEI(4.0),I,DEU,M,IRSTCI,PA,_Z,_Z,_Z,2016-11,-0.3487
DATAFLOW,OECD.SDD.STES:DSD_KEI@DF_KEI(4.0),I,DEU,M,IRSTCI,PA,_Z,_Z,_Z,2016-12,-0.3504
DATAFLOW,OECD.SDD.STES:DSD_KEI@DF_KEI(4.0),I,DEU,M,IRSTCI,PA,_Z,_Z,_Z,2017-01,-0.3515
DATAFLOW,OECD.SDD.STES:DSD_KEI@DF_KEI(4.0),I,DEU,M,IRSTCI,PA,_Z,_Z,_Z,2017-02,-0.3528
DATAFLOW,OECD.SDD.STES:DSD_KEI@DF_KEI(4.0),I,DEU,M,IRSTCI,PA,_Z,_Z,_Z,2017-03,-0.3535
DATAFLOW,OECD.SDD.STES:DSD_KEI@DF_KEI(4.0),I,DEU,M,IRSTCI,PA,_Z,_Z,_Z,2017-04,-0.3569
DATAFLOW,OECD.SDD.STES:DSD_KEI@DF_KEI(4.0),I,DEU,M,IRSTCI,PA,_Z,_Z,_Z,2017-05,-0.3589
DATAFLOW,OECD.SDD.STES:DSD_KEI@DF_KEI(4.0),I,DEU,M,IRSTCI,PA,_Z,_Z,_Z,2017-06,-0.3587
DATAFLOW,OECD.SDD.STES:DSD_KEI@DF_KEI(4.0),I,DEU,M,IRSTCI,PA,_Z,_Z,_Z,2017-07,-0.3595
DATAFLOW,OECD.SDD.STES:DSD_KEI@DF_KEI(4.0),I,DEU,M,IRSTCI,PA,_Z,_Z,_Z,2017-08,-0.3558
DATAFLOW,OECD.SDD.STES:DSD_KEI@DF_KEI(4.0),I,DEU,M,IRSTCI,PA,_Z,_Z,_Z,2017-09,-0.3581
DATAFLOW,OECD.SDD.STES:DSD_KEI@DF_KEI(4.0),I,DEU,M,IRSTCI,PA,_Z,_Z,_Z,2017-10,-0.359
DATAFLOW,OECD.SDD.STES:DSD_KEI@DF_KEI(4.0),I,DEU,M,IRSTCI,PA,_Z,_Z,_Z,2017-11,-0.3492
DATAFLOW,OECD.SDD.STES:DSD_KEI@DF_KEI(4.0),I,DEU,M,IRSTCI,PA,_Z,_Z,_Z,2017-12,-0.3423
DATAFLOW,OECD.SDD.STES:DSD_KEI@DF_KEI(4.0),I,DEU,M,IRSTCI,PA,_Z,_Z,_Z,2018-01,-0.3624
DATAFLOW,OECD.SDD.STES:DSD_KEI@DF_KEI(4.0),I,DEU,M,IRSTCI,PA,_Z,_Z,_Z,2018-02,-0.3647
DATAFLOW,OECD.SDD.STES:DSD_KEI@DF_KEI(4.0),I,DEU,M,IRSTCI,PA,_Z,_Z,_Z,2018-03,-0.3639
DATAFLOW,OECD.SDD.STES:DSD_KEI@DF_KEI(4.0),I,DEU,M,IRSTCI,PA,_Z,_Z,_Z,2018-04,-0.3657
DATAFLOW,OECD.SDD.STES:DSD_KEI@DF_KEI(4.0),I,DEU,M,IRSTCI,PA,_Z,_Z,_Z,2018-05,-0.3625
DATAFLOW,OECD.SDD.STES:DSD_KEI@DF_KEI(4.0),I,DEU,M,IRSTCI,PA,_Z,_Z,_Z,2018-06,-0.3618
DATAFLOW,OECD.SDD.STES:DSD_KEI@DF_KEI(4.0),I,DEU,M,IRSTCI,PA,_Z,_Z,_Z,2018-07,-0.3636
DATAFLOW,OECD.SDD.STES:DSD_KEI@DF_KEI(4.0),I,DEU,M,IRSTCI,PA,_Z,_Z,_Z,2018-08,-0.3591
DATAFLOW,OECD.SDD.STES:DSD_KEI@DF_KEI(4.0),I,DEU,M,IRSTCI,PA,_Z,_Z,_Z,2018-09,-0.3627
DATAFLOW,OECD.SDD.STES:DSD_KEI@DF_KEI(4.0),I,DEU,M,IRSTCI,PA,_Z,_Z,_Z,2018-10,-0.366
DATAFLOW,OECD.SDD.STES:DSD_KEI@DF_KEI(4.0),I,DEU,M,IRSTCI,PA,_Z,_Z,_Z,2018-11,-0.3613
DATAFLOW,OECD.SDD.STES:DSD_KEI@DF_KEI(4.0),I,DEU,M,IRSTCI,PA,_Z,_Z,_Z,2018-12,-0.3605
DATAFLOW,OECD.SDD.STES:DSD_KEI@DF_KEI(4.0),I,DEU,M,IRSTCI,PA,_Z,_Z,_Z,2019-01,-0.367
DATAFLOW,OECD.SDD.STES:DSD_KEI@DF_KEI(4.0),I,DEU,M,IRSTCI,PA,_Z,_Z,_Z,2019-02,-0.367
DATAFLOW,OECD.SDD.STES:DSD_KEI@DF_KEI(4.0),I,DEU,M,IRSTCI,PA,_Z,_Z,_Z,2019-03,-0.3679
DATAFLOW,OECD.SDD.STES:DSD_KEI@DF_KEI(4.0),I,DEU,M,IRSTCI,PA,_Z,_Z,_Z,2019-04,-0.367
DATAFLOW,OECD.SDD.STES:DSD_KEI@DF_KEI(4.0),I,DEU,M,IRSTCI,PA,_Z,_Z,_Z,2019-05,-0.3666
DATAFLOW,OECD.SDD.STES:DSD_KEI@DF_KEI(4.0),I,DEU,M,IRSTCI,PA,_Z,_Z,_Z,2019-06,-0.3616
DATAFLOW,OECD.SDD.STES:DSD_KEI@DF_KEI(4.0),I,DEU,M,IRSTCI,PA,_Z,_Z,_Z,2019-07,-0.3668
DATAFLOW,OECD.SDD.STES:DSD_KEI@DF_KEI(4.0),I,DEU,M,IR3TIB,PA,_Z,_Z,_Z,2013-05,0.201227272727273
DATAFLOW,OECD.SDD.STES:DSD_KEI@DF_KEI(4.0),I,DEU,M,IR3TIB,PA,_Z,_Z,_Z,2013-06,0.21025
DATAFLOW,OECD.SDD.STES:DSD_KEI@DF_KEI(4.0),I,DEU,M,IR3TIB,PA,_Z,_Z,_Z,2013-07,0.221434782608696
DATAFLOW,OECD.SDD.STES:DSD_KEI@DF_KEI(4.0),I,DEU,M,IR3TIB,PA,_Z,_Z,_Z,2013-08,0.225863636363636
DATAFLOW,OECD.SDD.STES:DSD_KEI@DF_KEI(4.0),I,DEU,M,IR3TIB,PA,_Z,_Z,_Z,2013-09,0.223238095238095
DATAFLOW,OECD.SDD.STES:DSD_KEI@DF_KEI(4.0),I,DEU,M,IR3TIB,PA,_Z,_Z,_Z,2013-10,0.225826086956522
DATAFLOW,OECD.SDD.STES:DSD_KEI@DF_KEI(4.0),I,DEU,M,IR3TIB,PA,_Z,_Z,_Z,2013-11,0.223380952380952
DATAFLOW,OECD.SDD.STES:DSD_KEI@DF_KEI(4.0),I,DEU,M,IR3TIB,PA,_Z,_Z,_Z,2014-01,0.292045454545455
DATAFLOW,OECD.SDD.STES:DSD_KEI@DF_KEI(4.0),I,DEU,M,IR3TIB,PA,_Z,_Z,_Z,2014-03,0.305333333333333
DATAFLOW,OECD.SDD.STES:DSD_KEI@DF_KEI(4.0),I,DEU,M,IR3TIB,PA,_Z,_Z,_Z,2014-04,0.32975
DATAFLOW,OECD.SDD.STES:DSD_KEI@DF_KEI(4.0),I,DEU,M,IR3TIB,PA,_Z,_Z,_Z,2014-05,0.324571428571429
DATAFLOW,OECD.SDD.STES:DSD_KEI@DF_KEI(4.0),I,DEU,M,IRLT,PA,_Z,_Z,_Z,2008-12,3.04789473684211
DATAFLOW,OECD.SDD.STES:DSD_KEI@DF_KEI(4.0),I,DEU,M,IRLT,PA,_Z,_Z,_Z,2009-01,3.07095238095238
DATAFLOW,OECD.SDD.STES:DSD_KEI@DF_KEI(4.0),I,DEU,M,IRLT,PA,_Z,_Z,_Z,2009-03,3.01954545454545
DATAFLOW,OECD.SDD.STES:DSD_KEI@DF_KEI(4.0),I,DEU,M,IRLT,PA,_Z,_Z,_Z,2009-06,3.47363636363636
DATAFLOW,OECD.SDD.STES:DSD_KEI@DF_KEI(4.0),I,DEU,M,IRLT,PA,_Z,_Z,_Z,2009-07,3.33782608695652
DATAFLOW,OECD.SDD.STES:DSD_KEI@DF_KEI(4.0),I,DEU,M,IRLT,PA,_Z,_Z,_Z,2009-08,3.3052380952381
DATAFLOW,OECD.SDD.STES:DSD_KEI@DF_KEI(4.0),I,DEU,M,IRLT,PA,_Z,_Z,_Z,2009-09,3.26318181818182
DATAFLOW,OECD.SDD.STES:DSD_KEI@DF_KEI(4.0),I,DEU,M,IRLT,PA,_Z,_Z,_Z,2009-10,3.20909090909091
DATAFLOW,OECD.SDD.STES:DSD_KEI@DF_KEI(4.0),I,DEU,M,IRLT,PA,_Z,_Z,_Z,2009-11,3.21714285714286
DATAFLOW,OECD.SDD.STES:DSD_KEI@DF_KEI(4.0),I,DEU,M,IRLT,PA,_Z,_Z,_Z,2010-03,3.10217391304348
DATAFLOW,OECD.SDD.STES:DSD_KEI@DF_KEI(4.0),I,DEU,M,IRLT,PA,_Z,_Z,_Z,2010-05,2.73428571428571
DATAFLOW,OECD.SDD.STES:DSD_KEI@DF_KEI(4.0),I,DEU,M,IRLT,PA,_Z,_Z,_Z,2010-06,2.54318181818182
DATAFLOW,OECD.SDD.STES:DSD_KEI@DF_KEI(4.0),I,DEU,M,IRLT,PA,_Z,_Z,_Z,2010-07,2.61590909090909
DATAFLOW,OECD.SDD.STES:DSD_KEI@DF_KEI(4.0),I,DEU,M,IRLT,PA,_Z,_Z,_Z,2010-09,2.30045454545455
DATAFLOW,OECD.SDD.STES:DSD_KEI@DF_KEI(4.0),I,DEU,M,IRLT,PA,_Z,_Z,_Z,2010-10,2.34571428571429
DATAFLOW,OECD.SDD.STES:DSD_KEI@DF_KEI(4.0),I,DEU,M,IRLT,PA,_Z,_Z,_Z,2010-11,2.53272727272727
DATAFLOW,OECD.SDD.STES:DSD_KEI@DF_KEI(4.0),I,DEU,M,IRLT,PA,_Z,_Z,_Z,2010-12,2.9147619047619
DATAFLOW,OECD.SDD.STES:DSD_KEI@DF_KEI(4.0),I,DEU,M,IRLT,PA,_Z,_Z,_Z,2011-01,3.01666666666667
DATAFLOW,OECD.SDD.STES:DSD_KEI@DF_KEI(4.0),I,DEU,M,IRLT,PA,_Z,_Z,_Z,2011-03,3.21173913043478
DATAFLOW,OECD.SDD.STES:DSD_KEI@DF_KEI(4.0),I,DEU,M,IRLT,PA,_Z,_Z,_Z,2011-04,3.34052631578947
DATAFLOW,OECD.SDD.STES:DSD_KEI@DF_KEI(4.0),I,DEU,M,IRLT,PA,_Z,_Z,_Z,2011-05,3.06090909090909
DATAFLOW,OECD.SDD.STES:DSD_KEI@DF_KEI(4.0),I,DEU,M,IRLT,PA,_Z,_Z,_Z,2011-06,2.89090909090909
DATAFLOW,OECD.SDD.STES:DSD_KEI@DF_KEI(4.0),I,DEU,M,IRLT,PA,_Z,_Z,_Z,2011-07,2.74380952380952
DATAFLOW,OECD.SDD.STES:DSD_KEI@DF_KEI(4.0),I,DEU,M,IRLT,PA,_Z,_Z,_Z,2011-08,2.21347826086957
DATAFLOW,OECD.SDD.STES:DSD_KEI@DF_KEI(4.0),I,DEU,M,IRLT,PA,_Z,_Z,_Z,2011-09,1.82909090909091
DATAFLOW,OECD.SDD.STES:DSD_KEI@DF_KEI(4.0),I,DEU,M,IRLT,PA,_Z,_Z,_Z,2011-10,2.00238095238095
DATAFLOW,OECD.SDD.STES:DSD_KEI@DF_KEI(4.0),I,DEU,M,IRLT,PA,_Z,_Z,_Z,2011-11,1.87409090909091
DATAFLOW,OECD.SDD.STES:DSD_KEI@DF_KEI(4.0),I,DEU,M,IR3TIB,PA,_Z,_Z,_Z,2024-01,3.92527272727273
DATAFLOW,OECD.SDD.STES:DSD_KEI@DF_KEI(4.0),I,DEU,M,IR3TIB,PA,_Z,_Z,_Z,2024-02,3.92319047619048
DATAFLOW,OECD.SDD.STES:DSD_KEI@DF_KEI(4.0),I,DEU,M,IR3TIB,PA,_Z,_Z,_Z,2024-03,3.92238095238095
DATAFLOW,OECD.SDD.STES:DSD_KEI@DF_KEI(4.0),I,DEU,M,IR3TIB,PA,_Z,_Z,_Z,2024-04,3.88636363636364
DATAFLOW,OECD.SDD.STES:DSD_KEI@DF_KEI(4.0),I,DEU,M,IR3TIB,PA,_Z,_Z,_Z,2024-05,3.81365217391304
DATAFLOW,OECD.SDD.STES:DSD_KEI@DF_KEI(4.0),I,DEU,M,IR3TIB,PA,_Z,_Z,_Z,2024-06,3.7245
DATAFLOW,OECD.SDD.STES:DSD_KEI@DF_KEI(4.0),I,DEU,M,IR3TIB,PA,_Z,_Z,_Z,2024-07,3.68482608695652
DATAFLOW,OECD.SDD.STES:DSD_KEI@DF_KEI(4.0),I,DEU,M,IR3TIB,PA,_Z,_Z,_Z,2024-08,3.54759090909091
DATAFLOW,OECD.SDD.STES:DSD_KEI@DF_KEI(4.0),I,DEU,M,IR3TIB,PA,_Z,_Z,_Z,2024-09,3.43371428571428
DATAFLOW,OECD.SDD.STES:DSD_KEI@DF_KEI(4.0),I,DEU,M,IR3TIB,PA,_Z,_Z,_Z,2024-10,3.16660869565217
DATAFLOW,OECD.SDD.STES:DSD_KEI@DF_KEI(4.0),I,DEU,M,IR3TIB,PA,_Z,_Z,_Z,2024-11,3.0067619047619
DATAFLOW,OECD.SDD.STES:DSD_KEI@DF_KEI(4.0),I,DEU,M,IR3TIB,PA,_Z,_Z,_Z,2024-12,2.81609090909091
DATAFLOW,OECD.SDD.STES:DSD_KEI@DF_KEI(4.0),I,DEU,M,IR3TIB,PA,_Z,_Z,_Z,2025-02,2.52495
DATAFLOW,OECD.SDD.STES:DSD_KEI@DF_KEI(4.0),I,DEU,M,IR3TIB,PA,_Z,_Z,_Z,2025-11,2.04165
DATAFLOW,OECD.SDD.STES:DSD_KEI@DF_KEI(4.0),I,DEU,M,IR3TIB,PA,_Z,_Z,_Z,2025-12,2.0457826087
DATAFLOW,OECD.SDD.STES:DSD_KEI@DF_KEI(4.0),I,DEU,M,IR3TIB,PA,_Z,_Z,_Z,2025-01,2.7031304348
DATAFLOW,OECD.SDD.STES:DSD_KEI@DF_KEI(4.0),I,DEU,M,IR3TIB,PA,_Z,_Z,_Z,2025-03,2.4424285714
DATAFLOW,OECD.SDD.STES:DSD_KEI@DF_KEI(4.0),I,DEU,M,IR3TIB,PA,_Z,_Z,_Z,2025-04,2.2481818182
DATAFLOW,OECD.SDD.STES:DSD_KEI@DF_KEI(4.0),I,DEU,M,IR3TIB,PA,_Z,_Z,_Z,2025-05,2.0912727273
DATAFLOW,OECD.SDD.STES:DSD_KEI@DF_KEI(4.0),I,DEU,M,IR3TIB,PA,_Z,_Z,_Z,2025-06,1.9836190476
DATAFLOW,OECD.SDD.STES:DSD_KEI@DF_KEI(4.0),I,DEU,M,IR3TIB,PA,_Z,_Z,_Z,2025-07,1.9863478261
DATAFLOW,OECD.SDD.STES:DSD_KEI@DF_KEI(4.0),I,DEU,M,IR3TIB,PA,_Z,_Z,_Z,2025-08,2.0210952381
DATAFLOW,OECD.SDD.STES:DSD_KEI@DF_KEI(4.0),I,DEU,M,IR3TIB,PA,_Z,_Z,_Z,2025-09,2.0272727273
DATAFLOW,OECD.SDD.STES:DSD_KEI@DF_KEI(4.0),I,DEU,M,IR3TIB,PA,_Z,_Z,_Z,2025-10,2.0344347826
DATAFLOW,OECD.SDD.STES:DSD_KEI@DF_KEI(4.0),I,DEU,M,IR3TIB,PA,_Z,_Z,_Z,2026-01,2.0277272727
DATAFLOW,OECD.SDD.STES:DSD_KEI@DF_KEI(4.0),I,DEU,M,IRSTCI,PA,_Z,_Z,_Z,2026-01,1.93167095238095
DATAFLOW,OECD.SDD.STES:DSD_KEI@DF_KEI(4.0),I,DEU,M,IRLT,PA,_Z,_Z,_Z,2018-11,0.314090909090909
DATAFLOW,OECD.SDD.STES:DSD_KEI@DF_KEI(4.0),I,DEU,M,IRLT,PA,_Z,_Z,_Z,2018-12,0.187058823529412
DATAFLOW,OECD.SDD.STES:DSD_KEI@DF_KEI(4.0),I,DEU,M,IRLT,PA,_Z,_Z,_Z,2019-01,0.132727272727273
DATAFLOW,OECD.SDD.STES:DSD_KEI@DF_KEI(4.0),I,DEU,M,IRLT,PA,_Z,_Z,_Z,2019-03,0.010952380952381
DATAFLOW,OECD.SDD.STES:DSD_KEI@DF_KEI(4.0),I,DEU,M,IRLT,PA,_Z,_Z,_Z,2019-05,-0.134545454545455
DATAFLOW,OECD.SDD.STES:DSD_KEI@DF_KEI(4.0),I,DEU,M,IRLT,PA,_Z,_Z,_Z,2019-06,-0.315263157894737
DATAFLOW,OECD.SDD.STES:DSD_KEI@DF_KEI(4.0),I,DEU,M,IRLT,PA,_Z,_Z,_Z,2019-07,-0.388260869565217
DATAFLOW,OECD.SDD.STES:DSD_KEI@DF_KEI(4.0),I,DEU,M,IRLT,PA,_Z,_Z,_Z,2019-08,-0.649090909090909
DATAFLOW,OECD.SDD.STES:DSD_KEI@DF_KEI(4.0),I,DEU,M,IRLT,PA,_Z,_Z,_Z,2019-09,-0.594761904761905
DATAFLOW,OECD.SDD.STES:DSD_KEI@DF_KEI(4.0),I,DEU,M,IRLT,PA,_Z,_Z,_Z,2019-10,-0.469545454545455
DATAFLOW,OECD.SDD.STES:DSD_KEI@DF_KEI(4.0),I,DEU,M,IRLT,PA,_Z,_Z,_Z,2019-11,-0.352380952380952
DATAFLOW,OECD.SDD.STES:DSD_KEI@DF_KEI(4.0),I,DEU,M,IRLT,PA,_Z,_Z,_Z,2019-12,-0.299444444444444
DATAFLOW,OECD.SDD.STES:DSD_KEI@DF_KEI(4.0),I,DEU,M,IRLT,PA,_Z,_Z,_Z,2020-01,-0.313636363636364
DATAFLOW,OECD.SDD.STES:DSD_KEI@DF_KEI(4.0),I,DEU,M,IRLT,PA,_Z,_Z,_Z,2020-03,-0.541363636363636
DATAFLOW,OECD.SDD.STES:DSD_KEI@DF_KEI(4.0),I,DEU,M,IRLT,PA,_Z,_Z,_Z,2020-06,-0.434285714285714
DATAFLOW,OECD.SDD.STES:DSD_KEI@DF_KEI(4.0),I,DEU,M,IRLT,PA,_Z,_Z,_Z,2020-07,-0.52304347826087
DATAFLOW,OECD.SDD.STES:DSD_KEI@DF_KEI(4.0),I,DEU,M,IRLT,PA,_Z,_Z,_Z,2020-08,-0.523333333333333
DATAFLOW,OECD.SDD.STES:DSD_KEI@DF_KEI(4.0),I,DEU,M,IRLT,PA,_Z,_Z,_Z,2020-09,-0.524090909090909
DATAFLOW,OECD.SDD.STES:DSD_KEI@DF_KEI(4.0),I,DEU,M,IRLT,PA,_Z,_Z,_Z,2020-10,-0.607272727272727
DATAFLOW,OECD.SDD.STES:DSD_KEI@DF_KEI(4.0),I,DEU,M,IRLT,PA,_Z,_Z,_Z,2020-11,-0.614761904761905
DATAFLOW,OECD.SDD.STES:DSD_KEI@DF_KEI(4.0),I,DEU,M,IRLT,PA,_Z,_Z,_Z,2021-03,-0.364782608695652
DATAFLOW,OECD.SDD.STES:DSD_KEI@DF_KEI(4.0),I,DEU,M,IRLT,PA,_Z,_Z,_Z,2021-06,-0.288636363636364
DATAFLOW,OECD.SDD.STES:DSD_KEI@DF_KEI(4.0),I,DEU,M,IRLT,PA,_Z,_Z,_Z,2021-07,-0.451363636363636
DATAFLOW,OECD.SDD.STES:DSD_KEI@DF_KEI(4.0),I,DEU,M,IRLT,PA,_Z,_Z,_Z,2021-08,-0.538636363636364
DATAFLOW,OECD.SDD.STES:DSD_KEI@DF_KEI(4.0),I,DEU,M,IRLT,PA,_Z,_Z,_Z,2021-09,-0.362727272727273
DATAFLOW,OECD.SDD.STES:DSD_KEI@DF_KEI(4.0),I,DEU,M,IRLT,PA,_Z,_Z,_Z,2021-10,-0.204285714285714
DATAFLOW,OECD.SDD.STES:DSD_KEI@DF_KEI(4.0),I,DEU,M,IRLT,PA,_Z,_Z,_Z,2021-11,-0.313636363636364
DATAFLOW,OECD.SDD.STES:DSD_KEI@DF_KEI(4.0),I,DEU,M,IR3TIB,PA,_Z,_Z,_Z,2023-04,3.167
DATAFLOW,OECD.SDD.STES:DSD_KEI@DF_KEI(4.0),I,DEU,M,IR3TIB,PA,_Z,_Z,_Z,2007-02,3.8182
DATAFLOW,OECD.SDD.STES:DSD_KEI@DF_KEI(4.0),I,DEU,M,IR3TIB,PA,_Z,_Z,_Z,2007-09,4.7417
DATAFLOW,OECD.SDD.STES:DSD_KEI@DF_KEI(4.0),I,DEU,M,IR3TIB,PA,_Z,_Z,_Z,2008-04,4.7835
DATAFLOW,OECD.SDD.STES:DSD_KEI@DF_KEI(4.0),I,DEU,M,IR3TIB,PA,_Z,_Z,_Z,2008-07,4.961
DATAFLOW,OECD.SDD.STES:DSD_KEI@DF_KEI(4.0),I,DEU,M,IR3TIB,PA,_Z,_Z,_Z,2008-11,4.2383
DATAFLOW,OECD.SDD.STES:DSD_KEI@DF_KEI(4.0),I,KOR,M,IRLT,PA,_Z,_Z,_Z,2011-05,4.34
DATAFLOW,OECD.SDD.STES:DSD_KEI@DF_KEI(4.0),I,KOR,M,IRLT,PA,_Z,_Z,_Z,2011-06,4.24
DATAFLOW,OECD.SDD.STES:DSD_KEI@DF_KEI(4.0),I,KOR,M,IRLT,PA,_Z,_Z,_Z,2011-07,4.23
DATAFLOW,OECD.SDD.STES:DSD_KEI@DF_KEI(4.0),I,KOR,M,IRLT,PA,_Z,_Z,_Z,2011-08,3.96
DATAFLOW,OECD.SDD.STES:DSD_KEI@DF_KEI(4.0),I,KOR,M,IRLT,PA,_Z,_Z,_Z,2011-09,3.75
DATAFLOW,OECD.SDD.STES:DSD_KEI@DF_KEI(4.0),I,KOR,M,IRLT,PA,_Z,_Z,_Z,2011-10,3.86
DATAFLOW,OECD.SDD.STES:DSD_KEI@DF_KEI(4.0),I,KOR,M,IRLT,PA,_Z,_Z,_Z,2011-11,3.8
DATAFLOW,OECD.SDD.STES:DSD_KEI@DF_KEI(4.0),I,KOR,M,IRLT,PA,_Z,_Z,_Z,2011-12,3.81
DATAFLOW,OECD.SDD.STES:DSD_KEI@DF_KEI(4.0),I,KOR,M,IRLT,PA,_Z,_Z,_Z,2012-01,3.8
DATAFLOW,OECD.SDD.STES:DSD_KEI@DF_KEI(4.0),I,KOR,M,IRLT,PA,_Z,_Z,_Z,2012-02,3.81
DATAFLOW,OECD.SDD.STES:DSD_KEI@DF_KEI(4.0),I,KOR,M,IRLT,PA,_Z,_Z,_Z,2012-03,3.95
DATAFLOW,OECD.SDD.STES:DSD_KEI@DF_KEI(4.0),I,KOR,M,IRLT,PA,_Z,_Z,_Z,2012-04,3.9
DATAFLOW,OECD.SDD.STES:DSD_KEI@DF_KEI(4.0),I,KOR,M,IRLT,PA,_Z,_Z,_Z,2012-05,3.75
DATAFLOW,OECD.SDD.STES:DSD_KEI@DF_KEI(4.0),I,KOR,M,IRLT,PA,_Z,_Z,_Z,2012-06,3.63
DATAFLOW,OECD.SDD.STES:DSD_KEI@DF_KEI(4.0),I,KOR,M,IRLT,PA,_Z,_Z,_Z,2012-07,3.3
DATAFLOW,OECD.SDD.STES:DSD_KEI@DF_KEI(4.0),I,KOR,M,IRLT,PA,_Z,_Z,_Z,2012-08,3.09
DATAFLOW,OECD.SDD.STES:DSD_KEI@DF_KEI(4.0),I,KOR,M,IRLT,PA,_Z,_Z,_Z,2012-09,3.05
DATAFLOW,OECD.SDD.STES:DSD_KEI@DF_KEI(4.0),I,KOR,M,IRLT,PA,_Z,_Z,_Z,2012-10,2.97
DATAFLOW,OECD.SDD.STES:DSD_KEI@DF_KEI(4.0),I,KOR,M,IRLT,PA,_Z,_Z,_Z,2012-11,2.99
DATAFLOW,OECD.SDD.STES:DSD_KEI@DF_KEI(4.0),I,KOR,M,IRLT,PA,_Z,_Z,_Z,2012-12,3.13
DATAFLOW,OECD.SDD.STES:DSD_KEI@DF_KEI(4.0),I,KOR,M,IRLT,PA,_Z,_Z,_Z,2007-09,5.52
DATAFLOW,OECD.SDD.STES:DSD_KEI@DF_KEI(4.0),I,KOR,M,IRLT,PA,_Z,_Z,_Z,2007-10,5.56
DATAFLOW,OECD.SDD.STES:DSD_KEI@DF_KEI(4.0),I,KOR,M,IRLT,PA,_Z,_Z,_Z,2007-11,5.61
DATAFLOW,OECD.SDD.STES:DSD_KEI@DF_KEI(4.0),I,KOR,M,IRLT,PA,_Z,_Z,_Z,2007-12,5.82
DATAFLOW,OECD.SDD.STES:DSD_KEI@DF_KEI(4.0),I,KOR,M,IRLT,PA,_Z,_Z,_Z,2008-01,5.56
DATAFLOW,OECD.SDD.STES:DSD_KEI@DF_KEI(4.0),I,KOR,M,IRLT,PA,_Z,_Z,_Z,2008-02,5.28
DATAFLOW,OECD.SDD.STES:DSD_KEI@DF_KEI(4.0),I,KOR,M,IRLT,PA,_Z,_Z,_Z,2008-03,5.36
DATAFLOW,OECD.SDD.STES:DSD_KEI@DF_KEI(4.0),I,KOR,M,IRLT,PA,_Z,_Z,_Z,2008-04,5.17
DATAFLOW,OECD.SDD.STES:DSD_KEI@DF_KEI(4.0),I,KOR,M,IRLT,PA,_Z,_Z,_Z,2008-05,5.5
DATAFLOW,OECD.SDD.STES:DSD_KEI@DF_KEI(4.0),I,KOR,M,IRLT,PA,_Z,_Z,_Z,2008-06,5.89
DATAFLOW,OECD.SDD.STES:DSD_KEI@DF_KEI(4.0),I,KOR,M,IRLT,PA,_Z,_Z,_Z,2008-07,6.03
DATAFLOW,OECD.SDD.STES:DSD_KEI@DF_KEI(4.0),I,KOR,M,IRLT,PA,_Z,_Z,_Z,2008-08,5.91
DATAFLOW,OECD.SDD.STES:DSD_KEI@DF_KEI(4.0),I,KOR,M,IRLT,PA,_Z,_Z,_Z,2008-09,5.99
DATAFLOW,OECD.SDD.STES:DSD_KEI@DF_KEI(4.0),I,DEU,M,IRLT,PA,_Z,_Z,_Z,2023-02,2.3705
DATAFLOW,OECD.SDD.STES:DSD_KEI@DF_KEI(4.0),I,DEU,M,IRSTCI,PA,_Z,_Z,_Z,2007-01,3.5632
DATAFLOW,OECD.SDD.STES:DSD_KEI@DF_KEI(4.0),I,DEU,M,IRSTCI,PA,_Z,_Z,_Z,2007-02,3.5695
DATAFLOW,OECD.SDD.STES:DSD_KEI@DF_KEI(4.0),I,DEU,M,IRSTCI,PA,_Z,_Z,_Z,2007-03,3.6909
DATAFLOW,OECD.SDD.STES:DSD_KEI@DF_KEI(4.0),I,DEU,M,IRSTCI,PA,_Z,_Z,_Z,2007-04,3.8195
DATAFLOW,OECD.SDD.STES:DSD_KEI@DF_KEI(4.0),I,DEU,M,IRSTCI,PA,_Z,_Z,_Z,2007-05,3.7905
DATAFLOW,OECD.SDD.STES:DSD_KEI@DF_KEI(4.0),I,DEU,M,IRSTCI,PA,_Z,_Z,_Z,2007-06,3.9557
DATAFLOW,OECD.SDD.STES:DSD_KEI@DF_KEI(4.0),I,DEU,M,IRSTCI,PA,_Z,_Z,_Z,2007-07,4.0632
DATAFLOW,OECD.SDD.STES:DSD_KEI@DF_KEI(4.0),I,DEU,M,IRSTCI,PA,_Z,_Z,_Z,2007-08,4.0474
DATAFLOW,OECD.SDD.STES:DSD_KEI@DF_KEI(4.0),I,DEU,M,IRSTCI,PA,_Z,_Z,_Z,2007-09,4.0286
DATAFLOW,OECD.SDD.STES:DSD_KEI@DF_KEI(4.0),I,DEU,M,IRSTCI,PA,_Z,_Z,_Z,2007-10,3.9414
DATAFLOW,OECD.SDD.STES:DSD_KEI@DF_KEI(4.0),I,DEU,M,IRSTCI,PA,_Z,_Z,_Z,2007-11,4.0221
DATAFLOW,OECD.SDD.STES:DSD_KEI@DF_KEI(4.0),I,DEU,M,IRSTCI,PA,_Z,_Z,_Z,2007-12,3.8791
DATAFLOW,OECD.SDD.STES:DSD_KEI@DF_KEI(4.0),I,DEU,M,IRSTCI,PA,_Z,_Z,_Z,2008-01,4.0218
DATAFLOW,OECD.SDD.STES:DSD_KEI@DF_KEI(4.0),I,DEU,M,IRSTCI,PA,_Z,_Z,_Z,2008-02,4.0279
DATAFLOW,OECD.SDD.STES:DSD_KEI@DF_KEI(4.0),I,DEU,M,IRSTCI,PA,_Z,_Z,_Z,2008-03,4.091
DATAFLOW,OECD.SDD.STES:DSD_KEI@DF_KEI(4.0),I,DEU,M,IRSTCI,PA,_Z,_Z,_Z,2008-04,3.9868
DATAFLOW,OECD.SDD.STES:DSD_KEI@DF_KEI(4.0),I,DEU,M,IRSTCI,PA,_Z,_Z,_Z,2008-05,4.0097
DATAFLOW,OECD.SDD.STES:DSD_KEI@DF_KEI(4.0),I,DEU,M,IRSTCI,PA,_Z,_Z,_Z,2008-06,4.0067
DATAFLOW,OECD.SDD.STES:DSD_KEI@DF_KEI(4.0),I,DEU,M,IRLT,PA,_Z,_Z,_Z,2026-01,2.80666666666667
DATAFLOW,OECD.SDD.STES:DSD_KEI@DF_KEI(4.0),I,DEU,M,IR3TIB,PA,_Z,_Z,_Z,2016-05,-0.257181818181818
DATAFLOW,OECD.SDD.STES:DSD_KEI@DF_KEI(4.0),I,DEU,M,IR3TIB,PA,_Z,_Z,_Z,2016-06,-0.267909090909091
DATAFLOW,OECD.SDD.STES:DSD_KEI@DF_KEI(4.0),I,DEU,M,IR3TIB,PA,_Z,_Z,_Z,2016-07,-0.294523809523809
DATAFLOW,OECD.SDD.STES:DSD_KEI@DF_KEI(4.0),I,DEU,M,IR3TIB,PA,_Z,_Z,_Z,2016-08,-0.298217391304348
DATAFLOW,OECD.SDD.STES:DSD_KEI@DF_KEI(4.0),I,DEU,M,IR3TIB,PA,_Z,_Z,_Z,2016-09,-0.301636363636364
DATAFLOW,OECD.SDD.STES:DSD_KEI@DF_KEI(4.0),I,DEU,M,IR3TIB,PA,_Z,_Z,_Z,2016-11,-0.312681818181818
DATAFLOW,OECD.SDD.STES:DSD_KEI@DF_KEI(4.0),I,DEU,M,IR3TIB,PA,_Z,_Z,_Z,2016-12,-0.315761904761905
DATAFLOW,OECD.SDD.STES:DSD_KEI@DF_KEI(4.0),I,DEU,M,IR3TIB,PA,_Z,_Z,_Z,2017-01,-0.325545454545455
DATAFLOW,OECD.SDD.STES:DSD_KEI@DF_KEI(4.0),I,DEU,M,IR3TIB,PA,_Z,_Z,_Z,2017-03,-0.329347826086957
DATAFLOW,OECD.SDD.STES:DSD_KEI@DF_KEI(4.0),I,DEU,M,IR3TIB,PA,_Z,_Z,_Z,2017-04,-0.330388888888889
DATAFLOW,OECD.SDD.STES:DSD_KEI@DF_KEI(4.0),I,DEU,M,IR3TIB,PA,_Z,_Z,_Z,2017-05,-0.329454545454545
DATAFLOW,OECD.SDD.STES:DSD_KEI@DF_KEI(4.0),I,DEU,M,IR3TIB,PA,_Z,_Z,_Z,2017-07,-0.330428571428571
DATAFLOW,OECD.SDD.STES:DSD_KEI@DF_KEI(4.0),I,DEU,M,IR3TIB,PA,_Z,_Z,_Z,2017-08,-0.329086956521739
DATAFLOW,OECD.SDD.STES:DSD_KEI@DF_KEI(4.0),I,DEU,M,IR3TIB,PA,_Z,_Z,_Z,2017-09,-0.329380952380952
DATAFLOW,OECD.SDD.STES:DSD_KEI@DF_KEI(4.0),I,DEU,M,IR3TIB,PA,_Z,_Z,_Z,2017-10,-0.329545454545455
DATAFLOW,OECD.SDD.STES:DSD_KEI@DF_KEI(4.0),I,DEU,M,IR3TIB,PA,_Z,_Z,_Z,2017-12,-0.327894736842105
DATAFLOW,OECD.SDD.STES:DSD_KEI@DF_KEI(4.0),I,DEU,M,IR3TIB,PA,_Z,_Z,_Z,2018-01,-0.328454545454546
DATAFLOW,OECD.SDD.STES:DSD_KEI@DF_KEI(4.0),I,DEU,M,IR3TIB,PA,_Z,_Z,_Z,2018-03,-0.327904761904762
DATAFLOW,OECD.SDD.STES:DSD_KEI@DF_KEI(4.0),I,DEU,M,IR3TIB,PA,_Z,_Z,_Z,2018-04,-0.32845
DATAFLOW,OECD.SDD.STES:DSD_KEI@DF_KEI(4.0),I,DEU,M,IR3TIB,PA,_Z,_Z,_Z,2018-05,-0.325227272727273
DATAFLOW,OECD.SDD.STES:DSD_KEI@DF_KEI(4.0),I,DEU,M,IR3TIB,PA,_Z,_Z,_Z,2018-06,-0.322047619047619
DATAFLOW,OECD.SDD.STES:DSD_KEI@DF_KEI(4.0),I,DEU,M,IR3TIB,PA,_Z,_Z,_Z,2018-07,-0.320727272727273
DATAFLOW,OECD.SDD.STES:DSD_KEI@DF_KEI(4.0),I,DEU,M,IR3TIB,PA,_Z,_Z,_Z,2018-09,-0.31885
DATAFLOW,OECD.SDD.STES:DSD_KEI@DF_KEI(4.0),I,DEU,M,IR3TIB,PA,_Z,_Z,_Z,2018-10,-0.317695652173913
DATAFLOW,OECD.SDD.STES:DSD_KEI@DF_KEI(4.0),I,DEU,M,IR3TIB,PA,_Z,_Z,_Z,2018-11,-0.316363636363636
DATAFLOW,OECD.SDD.STES:DSD_KEI@DF_KEI(4.0),I,DEU,M,IR3TIB,PA,_Z,_Z,_Z,2018-12,-0.311894736842105
DATAFLOW,OECD.SDD.STES:DSD_KEI@DF_KEI(4.0),I,DEU,M,IR3TIB,PA,_Z,_Z,_Z,2019-02,-0.30845
DATAFLOW,OECD.SDD.STES:DSD_KEI@DF_KEI(4.0),I,DEU,M,IR3TIB,PA,_Z,_Z,_Z,2019-03,-0.309190476190476
DATAFLOW,OECD.SDD.STES:DSD_KEI@DF_KEI(4.0),I,DEU,M,IR3TIB,PA,_Z,_Z,_Z,2019-04,-0.31045
DATAFLOW,OECD.SDD.STES:DSD_KEI@DF_KEI(4.0),I,DEU,M,IR3TIB,PA,_Z,_Z,_Z,2019-05,-0.311863636363636
DATAFLOW,OECD.SDD.STES:DSD_KEI@DF_KEI(4.0),I,DEU,M,IR3TIB,PA,_Z,_Z,_Z,2019-07,-0.364869565217391
DATAFLOW,OECD.SDD.STES:DSD_KEI@DF_KEI(4.0),I,DEU,M,IR3TIB,PA,_Z,_Z,_Z,2019-08,-0.407681818181818
DATAFLOW,OECD.SDD.STES:DSD_KEI@DF_KEI(4.0),I,DEU,M,IR3TIB,PA,_Z,_Z,_Z,2019-09,-0.417571428571429
DATAFLOW,OECD.SDD.STES:DSD_KEI@DF_KEI(4.0),I,DEU,M,IR3TIB,PA,_Z,_Z,_Z,2019-10,-0.412869565217391
DATAFLOW,OECD.SDD.STES:DSD_KEI@DF_KEI(4.0),I,DEU,M,IR3TIB,PA,_Z,_Z,_Z,2019-11,-0.401285714285714
DATAFLOW,OECD.SDD.STES:DSD_KEI@DF_KEI(4.0),I,DEU,M,IR3TIB,PA,_Z,_Z,_Z,2020-01,-0.391136363636364
DATAFLOW,OECD.SDD.STES:DSD_KEI@DF_KEI(4.0),I,DEU,M,IR3TIB,PA,_Z,_Z,_Z,2020-02,-0.40885
DATAFLOW,OECD.SDD.STES:DSD_KEI@DF_KEI(4.0),I,DEU,M,IR3TIB,PA,_Z,_Z,_Z,2020-03,-0.416636363636364
DATAFLOW,OECD.SDD.STES:DSD_KEI@DF_KEI(4.0),I,DEU,M,IR3TIB,PA,_Z,_Z,_Z,2020-04,-0.25405
DATAFLOW,OECD.SDD.STES:DSD_KEI@DF_KEI(4.0),I,DEU,M,IR3TIB,PA,_Z,_Z,_Z,2020-05,-0.27195
DATAFLOW,OECD.SDD.STES:DSD_KEI@DF_KEI(4.0),I,DEU,M,IR3TIB,PA,_Z,_Z,_Z,2020-07,-0.444130434782609
DATAFLOW,OECD.SDD.STES:DSD_KEI@DF_KEI(4.0),I,DEU,M,IR3TIB,PA,_Z,_Z,_Z,2020-08,-0.479714285714286
DATAFLOW,OECD.SDD.STES:DSD_KEI@DF_KEI(4.0),I,DEU,M,IR3TIB,PA,_Z,_Z,_Z,2020-09,-0.491363636363636
DATAFLOW,OECD.SDD.STES:DSD_KEI@DF_KEI(4.0),I,DEU,M,IR3TIB,PA,_Z,_Z,_Z,2020-10,-0.509136363636364
DATAFLOW,OECD.SDD.STES:DSD_KEI@DF_KEI(4.0),I,DEU,M,IR3TIB,PA,_Z,_Z,_Z,2020-11,-0.520857142857143
DATAFLOW,OECD.SDD.STES:DSD_KEI@DF_KEI(4.0),I,DEU,M,IR3TIB,PA,_Z,_Z,_Z,2020-12,-0.538090909090909
DATAFLOW,OECD.SDD.STES:DSD_KEI@DF_KEI(4.0),I,DEU,M,IR3TIB,PA,_Z,_Z,_Z,2021-01,-0.54715
DATAFLOW,OECD.SDD.STES:DSD_KEI@DF_KEI(4.0),I,DEU,M,IR3TIB,PA,_Z,_Z,_Z,2021-03,-0.539086956521739
DATAFLOW,OECD.SDD.STES:DSD_KEI@DF_KEI(4.0),I,DEU,M,IR3TIB,PA,_Z,_Z,_Z,2021-04,-0.53815
DATAFLOW,OECD.SDD.STES:DSD_KEI@DF_KEI(4.0),I,DEU,M,IR3TIB,PA,_Z,_Z,_Z,2021-05,-0.540095238095238
DATAFLOW,OECD.SDD.STES:DSD_KEI@DF_KEI(4.0),I,DEU,M,IR3TIB,PA,_Z,_Z,_Z,2021-06,-0.542909090909091
DATAFLOW,OECD.SDD.STES:DSD_KEI@DF_KEI(4.0),I,DEU,M,IR3TIB,PA,_Z,_Z,_Z,2021-07,-0.544818181818182
DATAFLOW,OECD.SDD.STES:DSD_KEI@DF_KEI(4.0),I,DEU,M,IR3TIB,PA,_Z,_Z,_Z,2021-08,-0.547590909090909
DATAFLOW,OECD.SDD.STES:DSD_KEI@DF_KEI(4.0),I,DEU,M,IR3TIB,PA,_Z,_Z,_Z,2021-09,-0.545045454545454
DATAFLOW,OECD.SDD.STES:DSD_KEI@DF_KEI(4.0),I,DEU,M,IR3TIB,PA,_Z,_Z,_Z,2021-10,-0.549809523809524
DATAFLOW,OECD.SDD.STES:DSD_KEI@DF_KEI(4.0),I,DEU,M,IR3TIB,PA,_Z,_Z,_Z,2021-11,-0.567363636363636
DATAFLOW,OECD.SDD.STES:DSD_KEI@DF_KEI(4.0),I,DEU,M,IR3TIB,PA,_Z,_Z,_Z,2021-12,-0.58195652173913
DATAFLOW,OECD.SDD.STES:DSD_KEI@DF_KEI(4.0),I,DEU,M,IR3TIB,PA,_Z,_Z,_Z,2022-01,-0.560142857142857
DATAFLOW,OECD.SDD.STES:DSD_KEI@DF_KEI(4.0),I,DEU,M,IR3TIB,PA,_Z,_Z,_Z,2022-02,-0.53150000005
DATAFLOW,OECD.SDD.STES:DSD_KEI@DF_KEI(4.0),I,DEU,M,IR3TIB,PA,_Z,_Z,_Z,2022-03,-0.495434782608696
DATAFLOW,OECD.SDD.STES:DSD_KEI@DF_KEI(4.0),I,DEU,M,IR3TIB,PA,_Z,_Z,_Z,2022-04,-0.447894736842105
DATAFLOW,OECD.SDD.STES:DSD_KEI@DF_KEI(4.0),I,DEU,M,IR3TIB,PA,_Z,_Z,_Z,2022-05,-0.385727272727273
DATAFLOW,OECD.SDD.STES:DSD_KEI@DF_KEI(4.0),I,DEU,M,IR3TIB,PA,_Z,_Z,_Z,2022-06,-0.239227272727273
DATAFLOW,OECD.SDD.STES:DSD_KEI@DF_KEI(4.0),I,DEU,M,IR3TIB,PA,_Z,_Z,_Z,2022-07,0.0366190476190476
DATAFLOW,OECD.SDD.STES:DSD_KEI@DF_KEI(4.0),I,DEU,M,IR3TIB,PA,_Z,_Z,_Z,2022-08,0.394739130434783
DATAFLOW,OECD.SDD.STES:DSD_KEI@DF_KEI(4.0),I,DEU,M,IR3TIB,PA,_Z,_Z,_Z,2022-09,1.01086363636364
DATAFLOW,OECD.SDD.STES:DSD_KEI@DF_KEI(4.0),I,DEU,M,IR3TIB,PA,_Z,_Z,_Z,2022-10,1.42766666666667
DATAFLOW,OECD.SDD.STES:DSD_KEI@DF_KEI(4.0),I,DEU,M,IR3TIB,PA,_Z,_Z,_Z,2022-11,1.82522727272727
DATAFLOW,OECD.SDD.STES:DSD_KEI@DF_KEI(4.0),I,DEU,M,IR3TIB,PA,_Z,_Z,_Z,2022-12,2.06347619047619
DATAFLOW,OECD.SDD.STES:DSD_KEI@DF_KEI(4.0),I,DEU,M,IR3TIB,PA,_Z,_Z,_Z,2023-01,2.34486363636364
DATAFLOW,OECD.SDD.STES:DSD_KEI@DF_KEI(4.0),I,DEU,M,IR3TIB,PA,_Z,_Z,_Z,2023-02,2.64035
DATAFLOW,OECD.SDD.STES:DSD_KEI@DF_KEI(4.0),I,DEU,M,IR3TIB,PA,_Z,_Z,_Z,2023-03,2.91056521739131
DATAFLOW,OECD.SDD.STES:DSD_KEI@DF_KEI(4.0),I,DEU,M,IR3TIB,PA,_Z,_Z,_Z,2023-05,3.3664347826087
DATAFLOW,OECD.SDD.STES:DSD_KEI@DF_KEI(4.0),I,DEU,M,IR3TIB,PA,_Z,_Z,_Z,2023-06,3.53586363636364
DATAFLOW,OECD.SDD.STES:DSD_KEI@DF_KEI(4.0),I,DEU,M,IR3TIB,PA,_Z,_Z,_Z,2023-07,3.67180952380952
DATAFLOW,OECD.SDD.STES:DSD_KEI@DF_KEI(4.0),I,DEU,M,IR3TIB,PA,_Z,_Z,_Z,2023-08,3.78030434782609
DATAFLOW,OECD.SDD.STES:DSD_KEI@DF_KEI(4.0),I,DEU,M,IR3TIB,PA,_Z,_Z,_Z,2023-09,3.88004761904762
DATAFLOW,OECD.SDD.STES:DSD_KEI@DF_KEI(4.0),I,DEU,M,IR3TIB,PA,_Z,_Z,_Z,2023-10,3.96763636363636
DATAFLOW,OECD.SDD.STES:DSD_KEI@DF_KEI(4.0),I,DEU,M,IR3TIB,PA,_Z,_Z,_Z,2023-11,3.97163636363636
DATAFLOW,OECD.SDD.STES:DSD_KEI@DF_KEI(4.0),I,DEU,M,IRSTCI,PA,_Z,_Z,_Z,2015-09,-0.1357
DATAFLOW,OECD.SDD.STES:DSD_KEI@DF_KEI(4.0),I,DEU,M,IRSTCI,PA,_Z,_Z,_Z,2015-10,-0.1389
DATAFLOW,OECD.SDD.STES:DSD_KEI@DF_KEI(4.0),I,DEU,M,IRSTCI,PA,_Z,_Z,_Z,2015-11,-0.1347
DATAFLOW,OECD.SDD.STES:DSD_KEI@DF_KEI(4.0),I,DEU,M,IRSTCI,PA,_Z,_Z,_Z,2015-12,-0.199
DATAFLOW,OECD.SDD.STES:DSD_KEI@DF_KEI(4.0),I,DEU,M,IRSTCI,PA,_Z,_Z,_Z,2016-01,-0.2387
DATAFLOW,OECD.SDD.STES:DSD_KEI@DF_KEI(4.0),I,DEU,M,IRSTCI,PA,_Z,_Z,_Z,2016-02,-0.2404
DATAFLOW,OECD.SDD.STES:DSD_KEI@DF_KEI(4.0),I,KOR,M,IRSTCI,PA,_Z,_Z,_Z,2024-12,3.055
DATAFLOW,OECD.SDD.STES:DSD_KEI@DF_KEI(4.0),I,KOR,M,IRSTCI,PA,_Z,_Z,_Z,2025-01,3.053
DATAFLOW,OECD.SDD.STES:DSD_KEI@DF_KEI(4.0),I,KOR,M,IRSTCI,PA,_Z,_Z,_Z,2025-02,2.965
DATAFLOW,OECD.SDD.STES:DSD_KEI@DF_KEI(4.0),I,KOR,M,IRSTCI,PA,_Z,_Z,_Z,2025-03,2.754
DATAFLOW,OECD.SDD.STES:DSD_KEI@DF_KEI(4.0),I,KOR,M,IRSTCI,PA,_Z,_Z,_Z,2025-04,2.769
DATAFLOW,OECD.SDD.STES:DSD_KEI@DF_KEI(4.0),I,KOR,M,IRSTCI,PA,_Z,_Z,_Z,2025-05,2.738
DATAFLOW,OECD.SDD.STES:DSD_KEI@DF_KEI(4.0),I,KOR,M,IRSTCI,PA,_Z,_Z,_Z,2025-06,2.52
DATAFLOW,OECD.SDD.STES:DSD_KEI@DF_KEI(4.0),I,KOR,M,IRSTCI,PA,_Z,_Z,_Z,2025-07,2.5
DATAFLOW,OECD.SDD.STES:DSD_KEI@DF_KEI(4.0),I,KOR,M,IRSTCI,PA,_Z,_Z,_Z,2025-08,2.506
DATAFLOW,OECD.SDD.STES:DSD_KEI@DF_KEI(4.0),I,KOR,M,IRSTCI,PA,_Z,_Z,_Z,2025-09,2.526
DATAFLOW,OECD.SDD.STES:DSD_KEI@DF_KEI(4.0),I,KOR,M,IRSTCI,PA,_Z,_Z,_Z,2025-10,2.516
DATAFLOW,OECD.SDD.STES:DSD_KEI@DF_KEI(4.0),I,KOR,M,IRSTCI,PA,_Z,_Z,_Z,2025-11,2.512
DATAFLOW,OECD.SDD.STES:DSD_KEI@DF_KEI(4.0),I,KOR,M,IRSTCI,PA,_Z,_Z,_Z,2025-12,2.53
DATAFLOW,OECD.SDD.STES:DSD_KEI@DF_KEI(4.0),I,KOR,M,IRSTCI,PA,_Z,_Z,_Z,2026-01,2.531
DATAFLOW,OECD.SDD.STES:DSD_KEI@DF_KEI(4.0),I,KOR,M,IRLT,PA,_Z,_Z,_Z,2024-01,3.353
DATAFLOW,OECD.SDD.STES:DSD_KEI@DF_KEI(4.0),I,KOR,M,IRLT,PA,_Z,_Z,_Z,2024-02,3.429
DATAFLOW,OECD.SDD.STES:DSD_KEI@DF_KEI(4.0),I,KOR,M,IRLT,PA,_Z,_Z,_Z,2024-03,3.39
DATAFLOW,OECD.SDD.STES:DSD_KEI@DF_KEI(4.0),I,KOR,M,IRLT,PA,_Z,_Z,_Z,2024-04,3.567
DATAFLOW,OECD.SDD.STES:DSD_KEI@DF_KEI(4.0),I,KOR,M,IRLT,PA,_Z,_Z,_Z,2024-05,3.527
DATAFLOW,OECD.SDD.STES:DSD_KEI@DF_KEI(4.0),I,KOR,M,IRLT,PA,_Z,_Z,_Z,2024-06,3.337
DATAFLOW,OECD.SDD.STES:DSD_KEI@DF_KEI(4.0),I,KOR,M,IRLT,PA,_Z,_Z,_Z,2024-07,3.171
DATAFLOW,OECD.SDD.STES:DSD_KEI@DF_KEI(4.0),I,KOR,M,IRLT,PA,_Z,_Z,_Z,2024-08,2.999
DATAFLOW,OECD.SDD.STES:DSD_KEI@DF_KEI(4.0),I,KOR,M,IRLT,PA,_Z,_Z,_Z,2024-09,3.011
DATAFLOW,OECD.SDD.STES:DSD_KEI@DF_KEI(4.0),I,KOR,M,IRLT,PA,_Z,_Z,_Z,2024-10,3.07
DATAFLOW,OECD.SDD.STES:DSD_KEI@DF_KEI(4.0),I,KOR,M,IRLT,PA,_Z,_Z,_Z,2024-11,3.006
DATAFLOW,OECD.SDD.STES:DSD_KEI@DF_KEI(4.0),I,DEU,M,IRSTCI,PA,_Z,_Z,_Z,2019-08,-0.3612
DATAFLOW,OECD.SDD.STES:DSD_KEI@DF_KEI(4.0),I,DEU,M,IRSTCI,PA,_Z,_Z,_Z,2019-09,-0.4032
DATAFLOW,OECD.SDD.STES:DSD_KEI@DF_KEI(4.0),I,DEU,M,IRSTCI,PA,_Z,_Z,_Z,2019-10,-0.549597777777778
DATAFLOW,OECD.SDD.STES:DSD_KEI@DF_KEI(4.0),I,DEU,M,IRSTCI,PA,_Z,_Z,_Z,2019-11,-0.53915
DATAFLOW,OECD.SDD.STES:DSD_KEI@DF_KEI(4.0),I,DEU,M,IRSTCI,PA,_Z,_Z,_Z,2019-12,-0.540201
DATAFLOW,OECD.SDD.STES:DSD_KEI@DF_KEI(4.0),I,DEU,M,IRSTCI,PA,_Z,_Z,_Z,2020-01,-0.537421363636364
DATAFLOW,OECD.SDD.STES:DSD_KEI@DF_KEI(4.0),I,DEU,M,IRSTCI,PA,_Z,_Z,_Z,2020-02,-0.5382235
DATAFLOW,OECD.SDD.STES:DSD_KEI@DF_KEI(4.0),I,DEU,M,IRSTCI,PA,_Z,_Z,_Z,2020-03,-0.535628636363636
DATAFLOW,OECD.SDD.STES:DSD_KEI@DF_KEI(4.0),I,DEU,M,IRSTCI,PA,_Z,_Z,_Z,2020-04,-0.5354685
DATAFLOW,OECD.SDD.STES:DSD_KEI@DF_KEI(4.0),I,DEU,M,IRSTCI,PA,_Z,_Z,_Z,2020-05,-0.540192
DATAFLOW,OECD.SDD.STES:DSD_KEI@DF_KEI(4.0),I,DEU,M,IRSTCI,PA,_Z,_Z,_Z,2020-06,-0.544465
DATAFLOW,OECD.SDD.STES:DSD_KEI@DF_KEI(4.0),I,DEU,M,IRSTCI,PA,_Z,_Z,_Z,2020-07,-0.549555652173913
DATAFLOW,OECD.SDD.STES:DSD_KEI@DF_KEI(4.0),I,DEU,M,IRSTCI,PA,_Z,_Z,_Z,2020-08,-0.552087619047619
DATAFLOW,OECD.SDD.STES:DSD_KEI@DF_KEI(4.0),I,DEU,M,IRSTCI,PA,_Z,_Z,_Z,2020-09,-0.552932727272727
DATAFLOW,OECD.SDD.STES:DSD_KEI@DF_KEI(4.0),I,DEU,M,IRSTCI,PA,_Z,_Z,_Z,2020-10,-0.554640909090909
DATAFLOW,OECD.SDD.STES:DSD_KEI@DF_KEI(4.0),I,DEU,M,IRSTCI,PA,_Z,_Z,_Z,2020-11,-0.55621619047619
DATAFLOW,OECD.SDD.STES:DSD_KEI@DF_KEI(4.0),I,DEU,M,IRSTCI,PA,_Z,_Z,_Z,2020-12,-0.556349090909091
DATAFLOW,OECD.SDD.STES:DSD_KEI@DF_KEI(4.0),I,DEU,M,IRSTCI,PA,_Z,_Z,_Z,2021-01,-0.5657645
DATAFLOW,OECD.SDD.STES:DSD_KEI@DF_KEI(4.0),I,DEU,M,IRSTCI,PA,_Z,_Z,_Z,2021-02,-0.563521
DATAFLOW,OECD.SDD.STES:DSD_KEI@DF_KEI(4.0),I,DEU,M,IRSTCI,PA,_Z,_Z,_Z,2021-03,-0.56376652173913
DATAFLOW,OECD.SDD.STES:DSD_KEI@DF_KEI(4.0),I,DEU,M,IRSTCI,PA,_Z,_Z,_Z,2021-04,-0.5660555
DATAFLOW,OECD.SDD.STES:DSD_KEI@DF_KEI(4.0),I,DEU,M,IRSTCI,PA,_Z,_Z,_Z,2021-05,-0.56470619047619
DATAFLOW,OECD.SDD.STES:DSD_KEI@DF_KEI(4.0),I,DEU,M,IRSTCI,PA,_Z,_Z,_Z,2021-06,-0.564125909090909
DATAFLOW,OECD.SDD.STES:DSD_KEI@DF_KEI(4.0),I,DEU,M,IRSTCI,PA,_Z,_Z,_Z,2021-07,-0.566522272727273
DATAFLOW,OECD.SDD.STES:DSD_KEI@DF_KEI(4.0),I,DEU,M,IRSTCI,PA,_Z,_Z,_Z,2021-08,-0.5681
DATAFLOW,OECD.SDD.STES:DSD_KEI@DF_KEI(4.0),I,DEU,M,IRSTCI,PA,_Z,_Z,_Z,2021-09,-0.569360454545455
DATAFLOW,OECD.SDD.STES:DSD_KEI@DF_KEI(4.0),I,DEU,M,IRSTCI,PA,_Z,_Z,_Z,2021-10,-0.570412857142857
DATAFLOW,OECD.SDD.STES:DSD_KEI@DF_KEI(4.0),I,DEU,M,IRSTCI,PA,_Z,_Z,_Z,2021-11,-0.573237272727273
DATAFLOW,OECD.SDD.STES:DSD_KEI@DF_KEI(4.0),I,DEU,M,IRSTCI,PA,_Z,_Z,_Z,2021-12,-0.576372173913044
DATAFLOW,OECD.SDD.STES:DSD_KEI@DF_KEI(4.0),I,DEU,M,IRSTCI,PA,_Z,_Z,_Z,2022-01,-0.579465714285714
DATAFLOW,OECD.SDD.STES:DSD_KEI@DF_KEI(4.0),I,DEU,M,IRSTCI,PA,_Z,_Z,_Z,2022-02,-0.576333
DATAFLOW,OECD.SDD.STES:DSD_KEI@DF_KEI(4.0),I,DEU,M,IRSTCI,PA,_Z,_Z,_Z,2022-03,-0.577703043478261
DATAFLOW,OECD.SDD.STES:DSD_KEI@DF_KEI(4.0),I,DEU,M,IRSTCI,PA,_Z,_Z,_Z,2022-04,-0.583707368421053
DATAFLOW,OECD.SDD.STES:DSD_KEI@DF_KEI(4.0),I,DEU,M,IRSTCI,PA,_Z,_Z,_Z,2022-05,-0.584741363636364
DATAFLOW,OECD.SDD.STES:DSD_KEI@DF_KEI(4.0),I,DEU,M,IRSTCI,PA,_Z,_Z,_Z,2022-06,-0.582624090909091
DATAFLOW,OECD.SDD.STES:DSD_KEI@DF_KEI(4.0),I,DEU,M,IRSTCI,PA,_Z,_Z,_Z,2022-07,-0.571064285714286
DATAFLOW,OECD.SDD.STES:DSD_KEI@DF_KEI(4.0),I,DEU,M,IRSTCI,PA,_Z,_Z,_Z,2022-08,-0.0946521739130435
DATAFLOW,OECD.SDD.STES:DSD_KEI@DF_KEI(4.0),I,DEU,M,IRSTCI,PA,_Z,_Z,_Z,2022-09,0.254584090909091
DATAFLOW,OECD.SDD.STES:DSD_KEI@DF_KEI(4.0),I,DEU,M,IRSTCI,PA,_Z,_Z,_Z,2022-10,0.655378571428571
DATAFLOW,OECD.SDD.STES:DSD_KEI@DF_KEI(4.0),I,DEU,M,IRSTCI,PA,_Z,_Z,_Z,2022-11,1.26661954545455
DATAFLOW,OECD.SDD.STES:DSD_KEI@DF_KEI(4.0),I,DEU,M,IRSTCI,PA,_Z,_Z,_Z,2022-12,1.50396476190476
DATAFLOW,OECD.SDD.STES:DSD_KEI@DF_KEI(4.0),I,DEU,M,IRSTCI,PA,_Z,_Z,_Z,2023-01,1.90131181818182
DATAFLOW,OECD.SDD.STES:DSD_KEI@DF_KEI(4.0),I,DEU,M,IRSTCI,PA,_Z,_Z,_Z,2023-02,2.200642
DATAFLOW,OECD.SDD.STES:DSD_KEI@DF_KEI(4.0),I,DEU,M,IRSTCI,PA,_Z,_Z,_Z,2023-03,2.50836391304348
DATAFLOW,OECD.SDD.STES:DSD_KEI@DF_KEI(4.0),I,DEU,M,IRSTCI,PA,_Z,_Z,_Z,2023-04,2.89908111111111
DATAFLOW,OECD.SDD.STES:DSD_KEI@DF_KEI(4.0),I,DEU,M,IRSTCI,PA,_Z,_Z,_Z,2023-05,3.04630909090909
DATAFLOW,OECD.SDD.STES:DSD_KEI@DF_KEI(4.0),I,DEU,M,IRSTCI,PA,_Z,_Z,_Z,2023-06,3.20459045454545
DATAFLOW,OECD.SDD.STES:DSD_KEI@DF_KEI(4.0),I,DEU,M,IRSTCI,PA,_Z,_Z,_Z,2023-07,3.40326333333333
DATAFLOW,OECD.SDD.STES:DSD_KEI@DF_KEI(4.0),I,DEU,M,IRSTCI,PA,_Z,_Z,_Z,2023-08,3.61036652173913
DATAFLOW,OECD.SDD.STES:DSD_KEI@DF_KEI(4.0),I,DEU,M,IRSTCI,PA,_Z,_Z,_Z,2023-09,3.7125219047619
DATAFLOW,OECD.SDD.STES:DSD_KEI@DF_KEI(4.0),I,DEU,M,IRSTCI,PA,_Z,_Z,_Z,2023-10,3.90106045454545
DATAFLOW,OECD.SDD.STES:DSD_KEI@DF_KEI(4.0),I,DEU,M,IRSTCI,PA,_Z,_Z,_Z,2023-11,3.90274363636364
DATAFLOW,OECD.SDD.STES:DSD_KEI@DF_KEI(4.0),I,DEU,M,IRSTCI,PA,_Z,_Z,_Z,2023-12,3.90344210526316
DATAFLOW,OECD.SDD.STES:DSD_KEI@DF_KEI(4.0),I,DEU,M,IRSTCI,PA,_Z,_Z,_Z,2024-01,3.90264954545455
DATAFLOW,OECD.SDD.STES:DSD_KEI@DF_KEI(4.0),I,DEU,M,IRSTCI,PA,_Z,_Z,_Z,2024-02,3.90867571428571
DATAFLOW,OECD.SDD.STES:DSD_KEI@DF_KEI(4.0),I,DEU,M,IRSTCI,PA,_Z,_Z,_Z,2024-03,3.907311
DATAFLOW,OECD.SDD.STES:DSD_KEI@DF_KEI(4.0),I,DEU,M,IRSTCI,PA,_Z,_Z,_Z,2024-04,3.90827857142857
DATAFLOW,OECD.SDD.STES:DSD_KEI@DF_KEI(4.0),I,DEU,M,IRSTCI,PA,_Z,_Z,_Z,2024-05,3.90696272727273
DATAFLOW,OECD.SDD.STES:DSD_KEI@DF_KEI(4.0),I,DEU,M,IRSTCI,PA,_Z,_Z,_Z,2024-06,3.786032
DATAFLOW,OECD.SDD.STES:DSD_KEI@DF_KEI(4.0),I,DEU,M,IRSTCI,PA,_Z,_Z,_Z,2024-07,3.66308869565217
DATAFLOW,OECD.SDD.STES:DSD_KEI@DF_KEI(4.0),I,DEU,M,IRSTCI,PA,_Z,_Z,_Z,2024-08,3.66435590909091
DATAFLOW,OECD.SDD.STES:DSD_KEI@DF_KEI(4.0),I,DEU,M,IRSTCI,PA,_Z,_Z,_Z,2024-09,3.59209238095238
DATAFLOW,OECD.SDD.STES:DSD_KEI@DF_KEI(4.0),I,DEU,M,IRSTCI,PA,_Z,_Z,_Z,2024-10,3.37139391304348
DATAFLOW,OECD.SDD.STES:DSD_KEI@DF_KEI(4.0),I,DEU,M,IRSTCI,PA,_Z,_Z,_Z,2024-11,3.16496666666667
DATAFLOW,OECD.SDD.STES:DSD_KEI@DF_KEI(4.0),I,DEU,M,IR3TIB,PA,_Z,_Z,_Z,2014-06,0.241428571428571
DATAFLOW,OECD.SDD.STES:DSD_KEI@DF_KEI(4.0),I,DEU,M,IR3TIB,PA,_Z,_Z,_Z,2014-07,0.20504347826087
DATAFLOW,OECD.SDD.STES:DSD_KEI@DF_KEI(4.0),I,DEU,M,IR3TIB,PA,_Z,_Z,_Z,2014-08,0.191571428571429
DATAFLOW,OECD.SDD.STES:DSD_KEI@DF_KEI(4.0),I,DEU,M,IR3TIB,PA,_Z,_Z,_Z,2014-09,0.0970909090909091
DATAFLOW,OECD.SDD.STES:DSD_KEI@DF_KEI(4.0),I,DEU,M,IR3TIB,PA,_Z,_Z,_Z,2014-10,0.0826086956521739
DATAFLOW,OECD.SDD.STES:DSD_KEI@DF_KEI(4.0),I,DEU,M,IR3TIB,PA,_Z,_Z,_Z,2014-12,0.0809047619047619
DATAFLOW,OECD.SDD.STES:DSD_KEI@DF_KEI(4.0),I,DEU,M,IR3TIB,PA,_Z,_Z,_Z,2015-01,0.0626666666666667
DATAFLOW,OECD.SDD.STES:DSD_KEI@DF_KEI(4.0),I,DEU,M,IR3TIB,PA,_Z,_Z,_Z,2015-03,0.0271818181818182
DATAFLOW,OECD.SDD.STES:DSD_KEI@DF_KEI(4.0),I,DEU,M,IR3TIB,PA,_Z,_Z,_Z,2015-05,-0.0103684210526316
DATAFLOW,OECD.SDD.STES:DSD_KEI@DF_KEI(4.0),I,DEU,M,IR3TIB,PA,_Z,_Z,_Z,2015-06,-0.0139090909090909
DATAFLOW,OECD.SDD.STES:DSD_KEI@DF_KEI(4.0),I,DEU,M,IR3TIB,PA,_Z,_Z,_Z,2015-07,-0.0187391304347826
DATAFLOW,OECD.SDD.STES:DSD_KEI@DF_KEI(4.0),I,DEU,M,IR3TIB,PA,_Z,_Z,_Z,2015-08,-0.0276666666666667
DATAFLOW,OECD.SDD.STES:DSD_KEI@DF_KEI(4.0),I,DEU,M,IR3TIB,PA,_Z,_Z,_Z,2015-09,-0.0370454545454546
DATAFLOW,OECD.SDD.STES:DSD_KEI@DF_KEI(4.0),I,DEU,M,IR3TIB,PA,_Z,_Z,_Z,2015-10,-0.0535909090909091
DATAFLOW,OECD.SDD.STES:DSD_KEI@DF_KEI(4.0),I,DEU,M,IR3TIB,PA,_Z,_Z,_Z,2015-11,-0.0876190476190476
DATAFLOW,OECD.SDD.STES:DSD_KEI@DF_KEI(4.0),I,DEU,M,IR3TIB,PA,_Z,_Z,_Z,2015-12,-0.126318181818182
DATAFLOW,OECD.SDD.STES:DSD_KEI@DF_KEI(4.0),I,DEU,M,IR3TIB,PA,_Z,_Z,_Z,2016-01,-0.14615
DATAFLOW,OECD.SDD.STES:DSD_KEI@DF_KEI(4.0),I,DEU,M,IR3TIB,PA,_Z,_Z,_Z,2016-02,-0.183571428571429
DATAFLOW,OECD.SDD.STES:DSD_KEI@DF_KEI(4.0),I,DEU,M,IR3TIB,PA,_Z,_Z,_Z,2016-03,-0.22852380952381
DATAFLOW,OECD.SDD.STES:DSD_KEI@DF_KEI(4.0),I,DEU,M,IR3TIB,PA,_Z,_Z,_Z,2016-04,-0.249190476190476
DATAFLOW,OECD.SDD.STES:DSD_KEI@DF_KEI(4.0),I,DEU,M,IR3TIB,PA,_Z,_Z,_Z,2009-10,0.7375
DATAFLOW,OECD.SDD.STES:DSD_KEI@DF_KEI(4.0),I,DEU,M,IR3TIB,PA,_Z,_Z,_Z,2010-02,0.6617
DATAFLOW,OECD.SDD.STES:DSD_KEI@DF_KEI(4.0),I,DEU,M,IR3TIB,PA,_Z,_Z,_Z,2010-04,0.6447
DATAFLOW,OECD.SDD.STES:DSD_KEI@DF_KEI(4.0),I,DEU,M,IR3TIB,PA,_Z,_Z,_Z,2010-08,0.8955
DATAFLOW,OECD.SDD.STES:DSD_KEI@DF_KEI(4.0),I,DEU,M,IR3TIB,PA,_Z,_Z,_Z,2010-09,0.8805
DATAFLOW,OECD.SDD.STES:DSD_KEI@DF_KEI(4.0),I,DEU,M,IR3TIB,PA,_Z,_Z,_Z,2012-09,0.2463
DATAFLOW,OECD.SDD.STES:DSD_KEI@DF_KEI(4.0),I,DEU,M,IR3TIB,PA,_Z,_Z,_Z,2012-11,0.192
DATAFLOW,OECD.SDD.STES:DSD_KEI@DF_KEI(4.0),I,DEU,M,IR3TIB,PA,_Z,_Z,_Z,2013-12,0.2735
DATAFLOW,OECD.SDD.STES:DSD_KEI@DF_KEI(4.0),I,DEU,M,IR3TIB,PA,_Z,_Z,_Z,2014-02,0.2881
DATAFLOW,OECD.SDD.STES:DSD_KEI@DF_KEI(4.0),I,DEU,M,IR3TIB,PA,_Z,_Z,_Z,2014-11,0.0809
DATAFLOW,OECD.SDD.STES:DSD_KEI@DF_KEI(4.0),I,DEU,M,IR3TIB,PA,_Z,_Z,_Z,2015-02,0.0482
DATAFLOW,OECD.SDD.STES:DSD_KEI@DF_KEI(4.0),I,DEU,M,IR3TIB,PA,_Z,_Z,_Z,2015-04,0.0047
DATAFLOW,OECD.SDD.STES:DSD_KEI@DF_KEI(4.0),I,DEU,M,IR3TIB,PA,_Z,_Z,_Z,2016-10,-0.309
DATAFLOW,OECD.SDD.STES:DSD_KEI@DF_KEI(4.0),I,DEU,M,IR3TIB,PA,_Z,_Z,_Z,2017-02,-0.3286
DATAFLOW,OECD.SDD.STES:DSD_KEI@DF_KEI(4.0),I,DEU,M,IR3TIB,PA,_Z,_Z,_Z,2017-06,-0.33
DATAFLOW,OECD.SDD.STES:DSD_KEI@DF_KEI(4.0),I,DEU,M,IR3TIB,PA,_Z,_Z,_Z,2017-11,-0.329
DATAFLOW,OECD.SDD.STES:DSD_KEI@DF_KEI(4.0),I,DEU,M,IR3TIB,PA,_Z,_Z,_Z,2018-02,-0.3285
DATAFLOW,OECD.SDD.STES:DSD_KEI@DF_KEI(4.0),I,DEU,M,IR3TIB,PA,_Z,_Z,_Z,2018-08,-0.319
DATAFLOW,OECD.SDD.STES:DSD_KEI@DF_KEI(4.0),I,DEU,M,IR3TIB,PA,_Z,_Z,_Z,2019-01,-0.308
DATAFLOW,OECD.SDD.STES:DSD_KEI@DF_KEI(4.0),I,DEU,M,IR3TIB,PA,_Z,_Z,_Z,2019-06,-0.3289
DATAFLOW,OECD.SDD.STES:DSD_KEI@DF_KEI(4.0),I,DEU,M,IR3TIB,PA,_Z,_Z,_Z,2019-12,-0.3947
DATAFLOW,OECD.SDD.STES:DSD_KEI@DF_KEI(4.0),I,DEU,M,IR3TIB,PA,_Z,_Z,_Z,2020-06,-0.376
DATAFLOW,OECD.SDD.STES:DSD_KEI@DF_KEI(4.0),I,DEU,M,IR3TIB,PA,_Z,_Z,_Z,2021-02,-0.5411
DATAFLOW,OECD.SDD.STES:DSD_KEI@DF_KEI(4.0),I,KOR,M,IRLT,PA,_Z,_Z,_Z,2010-11,4.48
DATAFLOW,OECD.SDD.STES:DSD_KEI@DF_KEI(4.0),I,KOR,M,IRLT,PA,_Z,_Z,_Z,2010-12,4.46
DATAFLOW,OECD.SDD.STES:DSD_KEI@DF_KEI(4.0),I,KOR,M,IRLT,PA,_Z,_Z,_Z,2011-01,4.69
DATAFLOW,OECD.SDD.STES:DSD_KEI@DF_KEI(4.0),I,KOR,M,IRLT,PA,_Z,_Z,_Z,2011-02,4.76
DATAFLOW,OECD.SDD.STES:DSD_KEI@DF_KEI(4.0),I,KOR,M,IRLT,PA,_Z,_Z,_Z,2011-03,4.51
DATAFLOW,OECD.SDD.STES:DSD_KEI@DF_KEI(4.0),I,KOR,M,IRLT,PA,_Z,_Z,_Z,2011-04,4.48
DATAFLOW,OECD.SDD.STES:DSD_KEI@DF_KEI(4.0),I,KOR,M,IR3TIB,PA,_Z,_Z,_Z,2024-07,3.54
DATAFLOW,OECD.SDD.STES:DSD_KEI@DF_KEI(4.0),I,KOR,M,IR3TIB,PA,_Z,_Z,_Z,2024-08,3.5
DATAFLOW,OECD.SDD.STES:DSD_KEI@DF_KEI(4.0),I,KOR,M,IR3TIB,PA,_Z,_Z,_Z,2024-09,3.52
DATAFLOW,OECD.SDD.STES:DSD_KEI@DF_KEI(4.0),I,KOR,M,IR3TIB,PA,_Z,_Z,_Z,2024-10,3.43
DATAFLOW,OECD.SDD.STES:DSD_KEI@DF_KEI(4.0),I,KOR,M,IR3TIB,PA,_Z,_Z,_Z,2024-11,3.42
DATAFLOW,OECD.SDD.STES:DSD_KEI@DF_KEI(4.0),I,KOR,M,IR3TIB,PA,_Z,_Z,_Z,2024-12,3.35
DATAFLOW,OECD.SDD.STES:DSD_KEI@DF_KEI(4.0),I,KOR,M,IR3TIB,PA,_Z,_Z,_Z,2025-01,3.04
DATAFLOW,OECD.SDD.STES:DSD_KEI@DF_KEI(4.0),I,KOR,M,IR3TIB,PA,_Z,_Z,_Z,2025-02,2.95
DATAFLOW,OECD.SDD.STES:DSD_KEI@DF_KEI(4.0),I,KOR,M,IR3TIB,PA,_Z,_Z,_Z,2025-03,2.84
DATAFLOW,OECD.SDD.STES:DSD_KEI@DF_KEI(4.0),I,KOR,M,IR3TIB,PA,_Z,_Z,_Z,2025-04,2.74
DATAFLOW,OECD.SDD.STES:DSD_KEI@DF_KEI(4.0),I,KOR,M,IR3TIB,PA,_Z,_Z,_Z,2025-05,2.67
DATAFLOW,OECD.SDD.STES:DSD_KEI@DF_KEI(4.0),I,KOR,M,IR3TIB,PA,_Z,_Z,_Z,2025-06,2.57
DATAFLOW,OECD.SDD.STES:DSD_KEI@DF_KEI(4.0),I,KOR,M,IR3TIB,PA,_Z,_Z,_Z,2025-07,2.51
DATAFLOW,OECD.SDD.STES:DSD_KEI@DF_KEI(4.0),I,KOR,M,IR3TIB,PA,_Z,_Z,_Z,2025-08,2.51
DATAFLOW,OECD.SDD.STES:DSD_KEI@DF_KEI(4.0),I,KOR,M,IR3TIB,PA,_Z,_Z,_Z,2025-09,2.56
DATAFLOW,OECD.SDD.STES:DSD_KEI@DF_KEI(4.0),I,KOR,M,IR3TIB,PA,_Z,_Z,_Z,2025-11,2.69
DATAFLOW,OECD.SDD.STES:DSD_KEI@DF_KEI(4.0),I,KOR,M,IR3TIB,PA,_Z,_Z,_Z,2025-12,2.84
DATAFLOW,OECD.SDD.STES:DSD_KEI@DF_KEI(4.0),I,KOR,M,IRLT,PA,_Z,_Z,_Z,2008-10,5.53
DATAFLOW,OECD.SDD.STES:DSD_KEI@DF_KEI(4.0),I,KOR,M,IRLT,PA,_Z,_Z,_Z,2008-11,5.73
DATAFLOW,OECD.SDD.STES:DSD_KEI@DF_KEI(4.0),I,KOR,M,IRLT,PA,_Z,_Z,_Z,2008-12,4.87
DATAFLOW,OECD.SDD.STES:DSD_KEI@DF_KEI(4.0),I,KOR,M,IRLT,PA,_Z,_Z,_Z,2009-01,4.42
DATAFLOW,OECD.SDD.STES:DSD_KEI@DF_KEI(4.0),I,KOR,M,IRLT,PA,_Z,_Z,_Z,2009-02,5.24
DATAFLOW,OECD.SDD.STES:DSD_KEI@DF_KEI(4.0),I,KOR,M,IRLT,PA,_Z,_Z,_Z,2009-03,4.97
DATAFLOW,OECD.SDD.STES:DSD_KEI@DF_KEI(4.0),I,KOR,M,IRLT,PA,_Z,_Z,_Z,2009-04,4.9
DATAFLOW,OECD.SDD.STES:DSD_KEI@DF_KEI(4.0),I,KOR,M,IRLT,PA,_Z,_Z,_Z,2007-01,5.04
DATAFLOW,OECD.SDD.STES:DSD_KEI@DF_KEI(4.0),I,KOR,M,IRLT,PA,_Z,_Z,_Z,2007-02,5.01
DATAFLOW,OECD.SDD.STES:DSD_KEI@DF_KEI(4.0),I,KOR,M,IRLT,PA,_Z,_Z,_Z,2007-03,4.94
DATAFLOW,OECD.SDD.STES:DSD_KEI@DF_KEI(4.0),I,KOR,M,IRLT,PA,_Z,_Z,_Z,2007-04,5.07
DATAFLOW,OECD.SDD.STES:DSD_KEI@DF_KEI(4.0),I,KOR,M,IRLT,PA,_Z,_Z,_Z,2007-05,5.22
DATAFLOW,OECD.SDD.STES:DSD_KEI@DF_KEI(4.0),I,KOR,M,IRLT,PA,_Z,_Z,_Z,2007-06,5.48
DATAFLOW,OECD.SDD.STES:DSD_KEI@DF_KEI(4.0),I,KOR,M,IRLT,PA,_Z,_Z,_Z,2007-07,5.52
DATAFLOW,OECD.SDD.STES:DSD_KEI@DF_KEI(4.0),I,KOR,M,IRLT,PA,_Z,_Z,_Z,2007-08,5.42
DATAFLOW,OECD.SDD.STES:DSD_KEI@DF_KEI(4.0),I,KOR,M,IRSTCI,PA,_Z,_Z,_Z,2008-11,4.0
DATAFLOW,OECD.SDD.STES:DSD_KEI@DF_KEI(4.0),I,KOR,M,IRSTCI,PA,_Z,_Z,_Z,2008-12,3.27
DATAFLOW,OECD.SDD.STES:DSD_KEI@DF_KEI(4.0),I,KOR,M,IRSTCI,PA,_Z,_Z,_Z,2009-01,2.43
DATAFLOW,OECD.SDD.STES:DSD_KEI@DF_KEI(4.0),I,KOR,M,IRSTCI,PA,_Z,_Z,_Z,2009-02,2.06
DATAFLOW,OECD.SDD.STES:DSD_KEI@DF_KEI(4.0),I,DEU,M,IRSTCI,PA,_Z,_Z,_Z,2025-03,2.53437142857143
DATAFLOW,OECD.SDD.STES:DSD_KEI@DF_KEI(4.0),I,DEU,M,IRSTCI,PA,_Z,_Z,_Z,2025-04,2.3830535
DATAFLOW,OECD.SDD.STES:DSD_KEI@DF_KEI(4.0),I,DEU,M,IRSTCI,PA,_Z,_Z,_Z,2025-05,2.16900238095238
DATAFLOW,OECD.SDD.STES:DSD_KEI@DF_KEI(4.0),I,DEU,M,IRSTCI,PA,_Z,_Z,_Z,2025-06,2.04096523809524
DATAFLOW,OECD.SDD.STES:DSD_KEI@DF_KEI(4.0),I,DEU,M,IRSTCI,PA,_Z,_Z,_Z,2025-07,1.92323304347826
DATAFLOW,OECD.SDD.STES:DSD_KEI@DF_KEI(4.0),I,DEU,M,IRSTCI,PA,_Z,_Z,_Z,2025-08,1.92433952380952
DATAFLOW,OECD.SDD.STES:DSD_KEI@DF_KEI(4.0),I,DEU,M,IRSTCI,PA,_Z,_Z,_Z,2025-09,1.92456272727273
DATAFLOW,OECD.SDD.STES:DSD_KEI@DF_KEI(4.0),I,DEU,M,IRSTCI,PA,_Z,_Z,_Z,2025-10,1.92637608695652
DATAFLOW,OECD.SDD.STES:DSD_KEI@DF_KEI(4.0),I,DEU,M,IRSTCI,PA,_Z,_Z,_Z,2025-11,1.9289305
DATAFLOW,OECD.SDD.STES:DSD_KEI@DF_KEI(4.0),I,DEU,M,IRSTCI,PA,_Z,_Z,_Z,2025-12,1.92928666666667
DATAFLOW,OECD.SDD.STES:DSD_KEI@DF_KEI(4.0),I,DEU,M,IRSTCI,PA,_Z,_Z,_Z,2008-07,4.1908
DATAFLOW,OECD.SDD.STES:DSD_KEI@DF_KEI(4.0),I,DEU,M,IRSTCI,PA,_Z,_Z,_Z,2008-08,4.2989
DATAFLOW,OECD.SDD.STES:DSD_KEI@DF_KEI(4.0),I,DEU,M,IRSTCI,PA,_Z,_Z,_Z,2008-09,4.2733
DATAFLOW,OECD.SDD.STES:DSD_KEI@DF_KEI(4.0),I,DEU,M,IRSTCI,PA,_Z,_Z,_Z,2008-10,3.8198
DATAFLOW,OECD.SDD.STES:DSD_KEI@DF_KEI(4.0),I,DEU,M,IRSTCI,PA,_Z,_Z,_Z,2008-11,3.1502
DATAFLOW,OECD.SDD.STES:DSD_KEI@DF_KEI(4.0),I,DEU,M,IRSTCI,PA,_Z,_Z,_Z,2008-12,2.4864
DATAFLOW,OECD.SDD.STES:DSD_KEI@DF_KEI(4.0),I,DEU,M,IRSTCI,PA,_Z,_Z,_Z,2009-01,1.8122
DATAFLOW,OECD.SDD.STES:DSD_KEI@DF_KEI(4.0),I,DEU,M,IRSTCI,PA,_Z,_Z,_Z,2009-02,1.2571
DATAFLOW,OECD.SDD.STES:DSD_KEI@DF_KEI(4.0),I,DEU,M,IRSTCI,PA,_Z,_Z,_Z,2009-03,1.062
DATAFLOW,OECD.SDD.STES:DSD_KEI@DF_KEI(4.0),I,DEU,M,IRSTCI,PA,_Z,_Z,_Z,2009-04,0.8419
DATAFLOW,OECD.SDD.STES:DSD_KEI@DF_KEI(4.0),I,DEU,M,IRSTCI,PA,_Z,_Z,_Z,2009-05,0.7821
DATAFLOW,OECD.SDD.STES:DSD_KEI@DF_KEI(4.0),I,DEU,M,IRSTCI,PA,_Z,_Z,_Z,2009-06,0.698
DATAFLOW,OECD.SDD.STES:DSD_KEI@DF_KEI(4.0),I,DEU,M,IRSTCI,PA,_Z,_Z,_Z,2009-07,0.3576
DATAFLOW,OECD.SDD.STES:DSD_KEI@DF_KEI(4.0),I,DEU,M,IRSTCI,PA,_Z,_Z,_Z,2009-08,0.3475
DATAFLOW,OECD.SDD.STES:DSD_KEI@DF_KEI(4.0),I,DEU,M,IRSTCI,PA,_Z,_Z,_Z,2009-09,0.3632
DATAFLOW,OECD.SDD.STES:DSD_KEI@DF_KEI(4.0),I,DEU,M,IRSTCI,PA,_Z,_Z,_Z,2009-10,0.3587
DATAFLOW,OECD.SDD.STES:DSD_KEI@DF_KEI(4.0),I,DEU,M,IRSTCI,PA,_Z,_Z,_Z,2009-11,0.3624
DATAFLOW,OECD.SDD.STES:DSD_KEI@DF_KEI(4.0),I,DEU,M,IRSTCI,PA,_Z,_Z,_Z,2009-12,0.3546
DATAFLOW,OECD.SDD.STES:DSD_KEI@DF_KEI(4.0),I,DEU,M,IRSTCI,PA,_Z,_Z,_Z,2010-01,0.344
DATAFLOW,OECD.SDD.STES:DSD_KEI@DF_KEI(4.0),I,DEU,M,IRSTCI,PA,_Z,_Z,_Z,2010-02,0.3406
DATAFLOW,OECD.SDD.STES:DSD_KEI@DF_KEI(4.0),I,DEU,M,IRSTCI,PA,_Z,_Z,_Z,2010-03,0.3477
DATAFLOW,OECD.SDD.STES:DSD_KEI@DF_KEI(4.0),I,DEU,M,IRSTCI,PA,_Z,_Z,_Z,2010-04,0.3533
DATAFLOW,OECD.SDD.STES:DSD_KEI@DF_KEI(4.0),I,DEU,M,IRSTCI,PA,_Z,_Z,_Z,2010-05,0.3439
DATAFLOW,OECD.SDD.STES:DSD_KEI@DF_KEI(4.0),I,DEU,M,IRSTCI,PA,_Z,_Z,_Z,2010-06,0.3543
DATAFLOW,OECD.SDD.STES:DSD_KEI@DF_KEI(4.0),I,DEU,M,IRSTCI,PA,_Z,_Z,_Z,2010-07,0.4811
DATAFLOW,OECD.SDD.STES:DSD_KEI@DF_KEI(4.0),I,DEU,M,IRSTCI,PA,_Z,_Z,_Z,2010-08,0.4256
DATAFLOW,OECD.SDD.STES:DSD_KEI@DF_KEI(4.0),I,DEU,M,IRSTCI,PA,_Z,_Z,_Z,2010-09,0.4536
DATAFLOW,OECD.SDD.STES:DSD_KEI@DF_KEI(4.0),I,DEU,M,IRSTCI,PA,_Z,_Z,_Z,2010-10,0.7013
DATAFLOW,OECD.SDD.STES:DSD_KEI@DF_KEI(4.0),I,DEU,M,IRSTCI,PA,_Z,_Z,_Z,2010-11,0.5926
DATAFLOW,OECD.SDD.STES:DSD_KEI@DF_KEI(4.0),I,DEU,M,IRSTCI,PA,_Z,_Z,_Z,2010-12,0.4981
DATAFLOW,OECD.SDD.STES:DSD_KEI@DF_KEI(4.0),I,DEU,M,IRSTCI,PA,_Z,_Z,_Z,2011-01,0.659
DATAFLOW,OECD.SDD.STES:DSD_KEI@DF_KEI(4.0),I,DEU,M,IRSTCI,PA,_Z,_Z,_Z,2011-02,0.7071
DATAFLOW,OECD.SDD.STES:DSD_KEI@DF_KEI(4.0),I,DEU,M,IRSTCI,PA,_Z,_Z,_Z,2011-03,0.6587
DATAFLOW,OECD.SDD.STES:DSD_KEI@DF_KEI(4.0),I,DEU,M,IRSTCI,PA,_Z,_Z,_Z,2011-04,0.9661
DATAFLOW,OECD.SDD.STES:DSD_KEI@DF_KEI(4.0),I,DEU,M,IRSTCI,PA,_Z,_Z,_Z,2011-05,1.0334
DATAFLOW,OECD.SDD.STES:DSD_KEI@DF_KEI(4.0),I,DEU,M,IRSTCI,PA,_Z,_Z,_Z,2011-06,1.124
DATAFLOW,OECD.SDD.STES:DSD_KEI@DF_KEI(4.0),I,DEU,M,IRSTCI,PA,_Z,_Z,_Z,2011-07,1.0118
DATAFLOW,OECD.SDD.STES:DSD_KEI@DF_KEI(4.0),I,DEU,M,IRSTCI,PA,_Z,_Z,_Z,2011-08,0.9058
DATAFLOW,OECD.SDD.STES:DSD_KEI@DF_KEI(4.0),I,DEU,M,IRSTCI,PA,_Z,_Z,_Z,2011-09,1.0055
DATAFLOW,OECD.SDD.STES:DSD_KEI@DF_KEI(4.0),I,DEU,M,IRSTCI,PA,_Z,_Z,_Z,2011-10,0.9596
DATAFLOW,OECD.SDD.STES:DSD_KEI@DF_KEI(4.0),I,DEU,M,IRSTCI,PA,_Z,_Z,_Z,2011-11,0.79
DATAFLOW,OECD.SDD.STES:DSD_KEI@DF_KEI(4.0),I,DEU,M,IRSTCI,PA,_Z,_Z,_Z,2011-12,0.627
DATAFLOW,OECD.SDD.STES:DSD_KEI@DF_KEI(4.0),I,DEU,M,IRSTCI,PA,_Z,_Z,_Z,2012-01,0.38
DATAFLOW,OECD.SDD.STES:DSD_KEI@DF_KEI(4.0),I,DEU,M,IRSTCI,PA,_Z,_Z,_Z,2012-02,0.3656
DATAFLOW,OECD.SDD.STES:DSD_KEI@DF_KEI(4.0),I,DEU,M,IRSTCI,PA,_Z,_Z,_Z,2012-03,0.3567
DATAFLOW,OECD.SDD.STES:DSD_KEI@DF_KEI(4.0),I,DEU,M,IRSTCI,PA,_Z,_Z,_Z,2012-04,0.3451
DATAFLOW,OECD.SDD.STES:DSD_KEI@DF_KEI(4.0),I,DEU,M,IRSTCI,PA,_Z,_Z,_Z,2012-05,0.337
DATAFLOW,OECD.SDD.STES:DSD_KEI@DF_KEI(4.0),I,DEU,M,IRSTCI,PA,_Z,_Z,_Z,2012-06,0.332
DATAFLOW,OECD.SDD.STES:DSD_KEI@DF_KEI(4.0),I,DEU,M,IRSTCI,PA,_Z,_Z,_Z,2012-07,0.1842
DATAFLOW,OECD.SDD.STES:DSD_KEI@DF_KEI(4.0),I,DEU,M,IRSTCI,PA,_Z,_Z,_Z,2012-08,0.1101
DATAFLOW,OECD.SDD.STES:DSD_KEI@DF_KEI(4.0),I,DEU,M,IRSTCI,PA,_Z,_Z,_Z,2012-09,0.0993
DATAFLOW,OECD.SDD.STES:DSD_KEI@DF_KEI(4.0),I,DEU,M,IRSTCI,PA,_Z,_Z,_Z,2012-10,0.0907
DATAFLOW,OECD.SDD.STES:DSD_KEI@DF_KEI(4.0),I,DEU,M,IRSTCI,PA,_Z,_Z,_Z,2012-11,0.0785
DATAFLOW,OECD.SDD.STES:DSD_KEI@DF_KEI(4.0),I,DEU,M,IRSTCI,PA,_Z,_Z,_Z,2012-12,0.0734
DATAFLOW,OECD.SDD.STES:DSD_KEI@DF_KEI(4.0),I,DEU,M,IRSTCI,PA,_Z,_Z,_Z,2013-01,0.069
DATAFLOW,OECD.SDD.STES:DSD_KEI@DF_KEI(4.0),I,DEU,M,IRSTCI,PA,_Z,_Z,_Z,2013-02,0.0677
DATAFLOW,OECD.SDD.STES:DSD_KEI@DF_KEI(4.0),I,DEU,M,IRSTCI,PA,_Z,_Z,_Z,2013-03,0.067
DATAFLOW,OECD.SDD.STES:DSD_KEI@DF_KEI(4.0),I,DEU,M,IRSTCI,PA,_Z,_Z,_Z,2013-04,0.081
DATAFLOW,OECD.SDD.STES:DSD_KEI@DF_KEI(4.0),I,DEU,M,IRSTCI,PA,_Z,_Z,_Z,2013-05,0.0787
DATAFLOW,OECD.SDD.STES:DSD_KEI@DF_KEI(4.0),I,DEU,M,IRSTCI,PA,_Z,_Z,_Z,2013-06,0.0862
DATAFLOW,OECD.SDD.STES:DSD_KEI@DF_KEI(4.0),I,DEU,M,IRSTCI,PA,_Z,_Z,_Z,2013-07,0.0931
DATAFLOW,OECD.SDD.STES:DSD_KEI@DF_KEI(4.0),I,DEU,M,IRSTCI,PA,_Z,_Z,_Z,2013-08,0.082
DATAFLOW,OECD.SDD.STES:DSD_KEI@DF_KEI(4.0),I,DEU,M,IRSTCI,PA,_Z,_Z,_Z,2013-09,0.0803
DATAFLOW,OECD.SDD.STES:DSD_KEI@DF_KEI(4.0),I,DEU,M,IRSTCI,PA,_Z,_Z,_Z,2013-10,0.0933
DATAFLOW,OECD.SDD.STES:DSD_KEI@DF_KEI(4.0),I,DEU,M,IRSTCI,PA,_Z,_Z,_Z,2013-11,0.1031
DATAFLOW,OECD.SDD.STES:DSD_KEI@DF_KEI(4.0),I,DEU,M,IRSTCI,PA,_Z,_Z,_Z,2013-12,0.1686
DATAFLOW,OECD.SDD.STES:DSD_KEI@DF_KEI(4.0),I,DEU,M,IRSTCI,PA,_Z,_Z,_Z,2014-01,0.1961
DATAFLOW,OECD.SDD.STES:DSD_KEI@DF_KEI(4.0),I,DEU,M,IRSTCI,PA,_Z,_Z,_Z,2014-02,0.1567
DATAFLOW,OECD.SDD.STES:DSD_KEI@DF_KEI(4.0),I,DEU,M,IRSTCI,PA,_Z,_Z,_Z,2014-03,0.1919
DATAFLOW,OECD.SDD.STES:DSD_KEI@DF_KEI(4.0),I,DEU,M,IRSTCI,PA,_Z,_Z,_Z,2014-04,0.2539
DATAFLOW,OECD.SDD.STES:DSD_KEI@DF_KEI(4.0),I,DEU,M,IRSTCI,PA,_Z,_Z,_Z,2014-05,0.248
DATAFLOW,OECD.SDD.STES:DSD_KEI@DF_KEI(4.0),I,DEU,M,IRSTCI,PA,_Z,_Z,_Z,2014-06,0.0758
DATAFLOW,OECD.SDD.STES:DSD_KEI@DF_KEI(4.0),I,DEU,M,IRSTCI,PA,_Z,_Z,_Z,2014-07,0.0433
DATAFLOW,OECD.SDD.STES:DSD_KEI@DF_KEI(4.0),I,DEU,M,IRSTCI,PA,_Z,_Z,_Z,2014-08,0.0179
DATAFLOW,OECD.SDD.STES:DSD_KEI@DF_KEI(4.0),I,DEU,M,IRSTCI,PA,_Z,_Z,_Z,2014-09,0.0066
DATAFLOW,OECD.SDD.STES:DSD_KEI@DF_KEI(4.0),I,DEU,M,IRSTCI,PA,_Z,_Z,_Z,2014-10,-0.0045
DATAFLOW,OECD.SDD.STES:DSD_KEI@DF_KEI(4.0),I,DEU,M,IRSTCI,PA,_Z,_Z,_Z,2014-11,-0.0116
DATAFLOW,OECD.SDD.STES:DSD_KEI@DF_KEI(4.0),I,DEU,M,IRSTCI,PA,_Z,_Z,_Z,2014-12,-0.0301
DATAFLOW,OECD.SDD.STES:DSD_KEI@DF_KEI(4.0),I,DEU,M,IRSTCI,PA,_Z,_Z,_Z,2015-01,-0.0506
DATAFLOW,OECD.SDD.STES:DSD_KEI@DF_KEI(4.0),I,DEU,M,IRSTCI,PA,_Z,_Z,_Z,2015-02,-0.036
DATAFLOW,OECD.SDD.STES:DSD_KEI@DF_KEI(4.0),I,DEU,M,IRSTCI,PA,_Z,_Z,_Z,2015-03,-0.0504
DATAFLOW,OECD.SDD.STES:DSD_KEI@DF_KEI(4.0),I,DEU,M,IRSTCI,PA,_Z,_Z,_Z,2015-04,-0.0745
DATAFLOW,OECD.SDD.STES:DSD_KEI@DF_KEI(4.0),I,DEU,M,IRSTCI,PA,_Z,_Z,_Z,2015-05,-0.1058
DATAFLOW,OECD.SDD.STES:DSD_KEI@DF_KEI(4.0),I,DEU,M,IRSTCI,PA,_Z,_Z,_Z,2015-06,-0.1185
DATAFLOW,OECD.SDD.STES:DSD_KEI@DF_KEI(4.0),I,DEU,M,IRSTCI,PA,_Z,_Z,_Z,2015-07,-0.1177
DATAFLOW,OECD.SDD.STES:DSD_KEI@DF_KEI(4.0),I,DEU,M,IRSTCI,PA,_Z,_Z,_Z,2015-08,-0.1213
DATAFLOW,OECD.SDD.STES:DSD_KEI@DF_KEI(4.0),I,KOR,M,IRSTCI,PA,_Z,_Z,_Z,2024-06,3.547
DATAFLOW,OECD.SDD.STES:DSD_KEI@DF_KEI(4.0),I,KOR,M,IRSTCI,PA,_Z,_Z,_Z,2024-07,3.518
DATAFLOW,OECD.SDD.STES:DSD_KEI@DF_KEI(4.0),I,KOR,M,IRSTCI,PA,_Z,_Z,_Z,2024-08,3.531
DATAFLOW,OECD.SDD.STES:DSD_KEI@DF_KEI(4.0),I,KOR,M,IRSTCI,PA,_Z,_Z,_Z,2024-09,3.529
DATAFLOW,OECD.SDD.STES:DSD_KEI@DF_KEI(4.0),I,KOR,M,IRSTCI,PA,_Z,_Z,_Z,2024-10,3.321
DATAFLOW,OECD.SDD.STES:DSD_KEI@DF_KEI(4.0),I,KOR,M,IRSTCI,PA,_Z,_Z,_Z,2024-11,3.245
DATAFLOW,OECD.SDD.STES:DSD_KEI@DF_KEI(4.0),I,KOR,M,IRSTCI,PA,_Z,_Z,_Z,2023-11,3.572
DATAFLOW,OECD.SDD.STES:DSD_KEI@DF_KEI(4.0),I,KOR,M,IRSTCI,PA,_Z,_Z,_Z,2023-12,3.639
DATAFLOW,OECD.SDD.STES:DSD_KEI@DF_KEI(4.0),I,KOR,M,IRSTCI,PA,_Z,_Z,_Z,2007-01,4.63
DATAFLOW,OECD.SDD.STES:DSD_KEI@DF_KEI(4.0),I,KOR,M,IRSTCI,PA,_Z,_Z,_Z,2007-02,4.6
DATAFLOW,OECD.SDD.STES:DSD_KEI@DF_KEI(4.0),I,KOR,M,IRSTCI,PA,_Z,_Z,_Z,2007-03,4.6
DATAFLOW,OECD.SDD.STES:DSD_KEI@DF_KEI(4.0),I,KOR,M,IRSTCI,PA,_Z,_Z,_Z,2007-04,4.69
DATAFLOW,OECD.SDD.STES:DSD_KEI@DF_KEI(4.0),I,KOR,M,IRSTCI,PA,_Z,_Z,_Z,2007-05,4.61
DATAFLOW,OECD.SDD.STES:DSD_KEI@DF_KEI(4.0),I,KOR,M,IRSTCI,PA,_Z,_Z,_Z,2007-06,4.54
DATAFLOW,OECD.SDD.STES:DSD_KEI@DF_KEI(4.0),I,KOR,M,IRSTCI,PA,_Z,_Z,_Z,2007-07,4.67
DATAFLOW,OECD.SDD.STES:DSD_KEI@DF_KEI(4.0),I,KOR,M,IRLT,PA,_Z,_Z,_Z,2024-12,2.771
DATAFLOW,OECD.SDD.STES:DSD_KEI@DF_KEI(4.0),I,KOR,M,IRLT,PA,_Z,_Z,_Z,2025-01,2.821
DATAFLOW,OECD.SDD.STES:DSD_KEI@DF_KEI(4.0),I,KOR,M,IRLT,PA,_Z,_Z,_Z,2025-02,2.83
DATAFLOW,OECD.SDD.STES:DSD_KEI@DF_KEI(4.0),I,KOR,M,IRLT,PA,_Z,_Z,_Z,2025-03,2.795
DATAFLOW,OECD.SDD.STES:DSD_KEI@DF_KEI(4.0),I,KOR,M,IRLT,PA,_Z,_Z,_Z,2025-04,2.658
DATAFLOW,OECD.SDD.STES:DSD_KEI@DF_KEI(4.0),I,KOR,M,IRLT,PA,_Z,_Z,_Z,2025-05,2.71
DATAFLOW,OECD.SDD.STES:DSD_KEI@DF_KEI(4.0),I,KOR,M,IRLT,PA,_Z,_Z,_Z,2025-06,2.842
DATAFLOW,OECD.SDD.STES:DSD_KEI@DF_KEI(4.0),I,KOR,M,IRLT,PA,_Z,_Z,_Z,2025-07,2.84
DATAFLOW,OECD.SDD.STES:DSD_KEI@DF_KEI(4.0),I,KOR,M,IRLT,PA,_Z,_Z,_Z,2025-08,2.815
DATAFLOW,OECD.SDD.STES:DSD_KEI@DF_KEI(4.0),I,KOR,M,IRLT,PA,_Z,_Z,_Z,2025-09,2.849
DATAFLOW,OECD.SDD.STES:DSD_KEI@DF_KEI(4.0),I,KOR,M,IRLT,PA,_Z,_Z,_Z,2025-10,2.933
DATAFLOW,OECD.SDD.STES:DSD_KEI@DF_KEI(4.0),I,KOR,M,IRLT,PA,_Z,_Z,_Z,2025-11,3.248
DATAFLOW,OECD.SDD.STES:DSD_KEI@DF_KEI(4.0),I,KOR,M,IRLT,PA,_Z,_Z,_Z,2025-12,3.366
DATAFLOW,OECD.SDD.STES:DSD_KEI@DF_KEI(4.0),I,KOR,M,IRLT,PA,_Z,_Z,_Z,2026-01,3.485
DATAFLOW,OECD.SDD.STES:DSD_KEI@DF_KEI(4.0),I,KOR,M,IRLT,PA,_Z,_Z,_Z,2013-01,3.05
DATAFLOW,OECD.SDD.STES:DSD_KEI@DF_KEI(4.0),I,KOR,M,IRLT,PA,_Z,_Z,_Z,2013-02,3.04
DATAFLOW,OECD.SDD.STES:DSD_KEI@DF_KEI(4.0),I,KOR,M,IRLT,PA,_Z,_Z,_Z,2013-03,2.91
DATAFLOW,OECD.SDD.STES:DSD_KEI@DF_KEI(4.0),I,KOR,M,IRLT,PA,_Z,_Z,_Z,2013-04,2.84
DATAFLOW,OECD.SDD.STES:DSD_KEI@DF_KEI(4.0),I,KOR,M,IRLT,PA,_Z,_Z,_Z,2013-05,2.9
DATAFLOW,OECD.SDD.STES:DSD_KEI@DF_KEI(4.0),I,KOR,M,IRLT,PA,_Z,_Z,_Z,2013-06,3.31
DATAFLOW,OECD.SDD.STES:DSD_KEI@DF_KEI(4.0),I,KOR,M,IRLT,PA,_Z,_Z,_Z,2013-07,3.47
DATAFLOW,OECD.SDD.STES:DSD_KEI@DF_KEI(4.0),I,KOR,M,IRLT,PA,_Z,_Z,_Z,2013-08,3.61
DATAFLOW,OECD.SDD.STES:DSD_KEI@DF_KEI(4.0),I,KOR,M,IRLT,PA,_Z,_Z,_Z,2013-09,3.53
DATAFLOW,OECD.SDD.STES:DSD_KEI@DF_KEI(4.0),I,KOR,M,IRLT,PA,_Z,_Z,_Z,2013-10,3.44
DATAFLOW,OECD.SDD.STES:DSD_KEI@DF_KEI(4.0),I,KOR,M,IRLT,PA,_Z,_Z,_Z,2013-11,3.584
DATAFLOW,OECD.SDD.STES:DSD_KEI@DF_KEI(4.0),I,KOR,M,IRLT,PA,_Z,_Z,_Z,2013-12,3.653
DATAFLOW,OECD.SDD.STES:DSD_KEI@DF_KEI(4.0),I,KOR,M,IRLT,PA,_Z,_Z,_Z,2014-01,3.647
DATAFLOW,OECD.SDD.STES:DSD_KEI@DF_KEI(4.0),I,KOR,M,IRLT,PA,_Z,_Z,_Z,2014-02,3.522
DATAFLOW,OECD.SDD.STES:DSD_KEI@DF_KEI(4.0),I,KOR,M,IRLT,PA,_Z,_Z,_Z,2014-03,3.543
DATAFLOW,OECD.SDD.STES:DSD_KEI@DF_KEI(4.0),I,KOR,M,IRLT,PA,_Z,_Z,_Z,2014-04,3.54
DATAFLOW,OECD.SDD.STES:DSD_KEI@DF_KEI(4.0),I,KOR,M,IRLT,PA,_Z,_Z,_Z,2014-05,3.402
DATAFLOW,OECD.SDD.STES:DSD_KEI@DF_KEI(4.0),I,KOR,M,IRLT,PA,_Z,_Z,_Z,2014-06,3.286
DATAFLOW,OECD.SDD.STES:DSD_KEI@DF_KEI(4.0),I,KOR,M,IRLT,PA,_Z,_Z,_Z,2014-07,3.056
DATAFLOW,OECD.SDD.STES:DSD_KEI@DF_KEI(4.0),I,KOR,M,IRLT,PA,_Z,_Z,_Z,2014-08,3.086
DATAFLOW,OECD.SDD.STES:DSD_KEI@DF_KEI(4.0),I,KOR,M,IRLT,PA,_Z,_Z,_Z,2014-09,3.012
DATAFLOW,OECD.SDD.STES:DSD_KEI@DF_KEI(4.0),I,KOR,M,IRLT,PA,_Z,_Z,_Z,2014-10,2.769
DATAFLOW,OECD.SDD.STES:DSD_KEI@DF_KEI(4.0),I,KOR,M,IRLT,PA,_Z,_Z,_Z,2014-11,2.692
DATAFLOW,OECD.SDD.STES:DSD_KEI@DF_KEI(4.0),I,KOR,M,IRLT,PA,_Z,_Z,_Z,2014-12,2.681
DATAFLOW,OECD.SDD.STES:DSD_KEI@DF_KEI(4.0),I,KOR,M,IRLT,PA,_Z,_Z,_Z,2015-01,2.415
DATAFLOW,OECD.SDD.STES:DSD_KEI@DF_KEI(4.0),I,KOR,M,IRLT,PA,_Z,_Z,_Z,2015-02,2.346
DATAFLOW,OECD.SDD.STES:DSD_KEI@DF_KEI(4.0),I,KOR,M,IRLT,PA,_Z,_Z,_Z,2015-03,2.276
DATAFLOW,OECD.SDD.STES:DSD_KEI@DF_KEI(4.0),I,KOR,M,IRLT,PA,_Z,_Z,_Z,2015-04,2.177
DATAFLOW,OECD.SDD.STES:DSD_KEI@DF_KEI(4.0),I,KOR,M,IRLT,PA,_Z,_Z,_Z,2015-05,2.49
DATAFLOW,OECD.SDD.STES:DSD_KEI@DF_KEI(4.0),I,KOR,M,IRLT,PA,_Z,_Z,_Z,2015-06,2.468
DATAFLOW,OECD.SDD.STES:DSD_KEI@DF_KEI(4.0),I,KOR,M,IRLT,PA,_Z,_Z,_Z,2015-07,2.45
DATAFLOW,OECD.SDD.STES:DSD_KEI@DF_KEI(4.0),I,KOR,M,IRLT,PA,_Z,_Z,_Z,2015-08,2.308
DATAFLOW,OECD.SDD.STES:DSD_KEI@DF_KEI(4.0),I,KOR,M,IRLT,PA,_Z,_Z,_Z,2015-09,2.216
DATAFLOW,OECD.SDD.STES:DSD_KEI@DF_KEI(4.0),I,KOR,M,IRLT,PA,_Z,_Z,_Z,2015-10,2.088
DATAFLOW,OECD.SDD.STES:DSD_KEI@DF_KEI(4.0),I,KOR,M,IRLT,PA,_Z,_Z,_Z,2015-11,2.254
DATAFLOW,OECD.SDD.STES:DSD_KEI@DF_KEI(4.0),I,KOR,M,IRLT,PA,_Z,_Z,_Z,2015-12,2.181
DATAFLOW,OECD.SDD.STES:DSD_KEI@DF_KEI(4.0),I,KOR,M,IRLT,PA,_Z,_Z,_Z,2016-01,2.025
DATAFLOW,OECD.SDD.STES:DSD_KEI@DF_KEI(4.0),I,KOR,M,IRLT,PA,_Z,_Z,_Z,2016-02,1.826
DATAFLOW,OECD.SDD.STES:DSD_KEI@DF_KEI(4.0),I,KOR,M,IRLT,PA,_Z,_Z,_Z,2016-03,1.854
DATAFLOW,OECD.SDD.STES:DSD_KEI@DF_KEI(4.0),I,KOR,M,IRLT,PA,_Z,_Z,_Z,2016-04,1.81
DATAFLOW,OECD.SDD.STES:DSD_KEI@DF_KEI(4.0),I,KOR,M,IRLT,PA,_Z,_Z,_Z,2016-05,1.787
DATAFLOW,OECD.SDD.STES:DSD_KEI@DF_KEI(4.0),I,KOR,M,IRLT,PA,_Z,_Z,_Z,2016-06,1.617
DATAFLOW,OECD.SDD.STES:DSD_KEI@DF_KEI(4.0),I,KOR,M,IRLT,PA,_Z,_Z,_Z,2016-07,1.401
DATAFLOW,OECD.SDD.STES:DSD_KEI@DF_KEI(4.0),I,KOR,M,IRLT,PA,_Z,_Z,_Z,2016-08,1.417
DATAFLOW,OECD.SDD.STES:DSD_KEI@DF_KEI(4.0),I,KOR,M,IRLT,PA,_Z,_Z,_Z,2016-09,1.512
DATAFLOW,OECD.SDD.STES:DSD_KEI@DF_KEI(4.0),I,KOR,M,IRLT,PA,_Z,_Z,_Z,2016-10,1.596
DATAFLOW,OECD.SDD.STES:DSD_KEI@DF_KEI(4.0),I,KOR,M,IRLT,PA,_Z,_Z,_Z,2016-11,1.965
DATAFLOW,OECD.SDD.STES:DSD_KEI@DF_KEI(4.0),I,KOR,M,IRLT,PA,_Z,_Z,_Z,2016-12,2.159
DATAFLOW,OECD.SDD.STES:DSD_KEI@DF_KEI(4.0),I,KOR,M,IRLT,PA,_Z,_Z,_Z,2017-01,2.111
DATAFLOW,OECD.SDD.STES:DSD_KEI@DF_KEI(4.0),I,KOR,M,IRLT,PA,_Z,_Z,_Z,2017-02,2.163
DATAFLOW,OECD.SDD.STES:DSD_KEI@DF_KEI(4.0),I,KOR,M,IRLT,PA,_Z,_Z,_Z,2017-03,2.221
DATAFLOW,OECD.SDD.STES:DSD_KEI@DF_KEI(4.0),I,KOR,M,IRLT,PA,_Z,_Z,_Z,2017-04,2.182
DATAFLOW,OECD.SDD.STES:DSD_KEI@DF_KEI(4.0),I,KOR,M,IRLT,PA,_Z,_Z,_Z,2017-05,2.257
DATAFLOW,OECD.SDD.STES:DSD_KEI@DF_KEI(4.0),I,KOR,M,IRLT,PA,_Z,_Z,_Z,2017-06,2.165
DATAFLOW,OECD.SDD.STES:DSD_KEI@DF_KEI(4.0),I,KOR,M,IRLT,PA,_Z,_Z,_Z,2017-07,2.252
DATAFLOW,OECD.SDD.STES:DSD_KEI@DF_KEI(4.0),I,KOR,M,IRLT,PA,_Z,_Z,_Z,2017-08,2.287
DATAFLOW,OECD.SDD.STES:DSD_KEI@DF_KEI(4.0),I,KOR,M,IRLT,PA,_Z,_Z,_Z,2017-09,2.286
DATAFLOW,OECD.SDD.STES:DSD_KEI@DF_KEI(4.0),I,KOR,M,IRLT,PA,_Z,_Z,_Z,2017-10,2.455
DATAFLOW,OECD.SDD.STES:DSD_KEI@DF_KEI(4.0),I,KOR,M,IRLT,PA,_Z,_Z,_Z,2017-11,2.54
DATAFLOW,OECD.SDD.STES:DSD_KEI@DF_KEI(4.0),I,KOR,M,IRLT,PA,_Z,_Z,_Z,2017-12,2.472
DATAFLOW,OECD.SDD.STES:DSD_KEI@DF_KEI(4.0),I,KOR,M,IRLT,PA,_Z,_Z,_Z,2018-01,2.626
DATAFLOW,OECD.SDD.STES:DSD_KEI@DF_KEI(4.0),I,KOR,M,IRLT,PA,_Z,_Z,_Z,2018-02,2.77
DATAFLOW,OECD.SDD.STES:DSD_KEI@DF_KEI(4.0),I,KOR,M,IRLT,PA,_Z,_Z,_Z,2018-03,2.708
DATAFLOW,OECD.SDD.STES:DSD_KEI@DF_KEI(4.0),I,KOR,M,IRLT,PA,_Z,_Z,_Z,2018-04,2.655
DATAFLOW,OECD.SDD.STES:DSD_KEI@DF_KEI(4.0),I,KOR,M,IRLT,PA,_Z,_Z,_Z,2018-05,2.757
DATAFLOW,OECD.SDD.STES:DSD_KEI@DF_KEI(4.0),I,KOR,M,IRLT,PA,_Z,_Z,_Z,2018-06,2.656
DATAFLOW,OECD.SDD.STES:DSD_KEI@DF_KEI(4.0),I,KOR,M,IRLT,PA,_Z,_Z,_Z,2018-07,2.549
DATAFLOW,OECD.SDD.STES:DSD_KEI@DF_KEI(4.0),I,KOR,M,IRLT,PA,_Z,_Z,_Z,2018-08,2.458
DATAFLOW,OECD.SDD.STES:DSD_KEI@DF_KEI(4.0),I,KOR,M,IRLT,PA,_Z,_Z,_Z,2018-09,2.315
DATAFLOW,OECD.SDD.STES:DSD_KEI@DF_KEI(4.0),I,KOR,M,IRLT,PA,_Z,_Z,_Z,2018-10,2.338
DATAFLOW,OECD.SDD.STES:DSD_KEI@DF_KEI(4.0),I,KOR,M,IRLT,PA,_Z,_Z,_Z,2018-11,2.209
DATAFLOW,OECD.SDD.STES:DSD_KEI@DF_KEI(4.0),I,KOR,M,IRLT,PA,_Z,_Z,_Z,2018-12,1.992
DATAFLOW,OECD.SDD.STES:DSD_KEI@DF_KEI(4.0),I,KOR,M,IRLT,PA,_Z,_Z,_Z,2019-01,1.991
DATAFLOW,OECD.SDD.STES:DSD_KEI@DF_KEI(4.0),I,KOR,M,IRLT,PA,_Z,_Z,_Z,2019-02,1.988
DATAFLOW,OECD.SDD.STES:DSD_KEI@DF_KEI(4.0),I,KOR,M,IRLT,PA,_Z,_Z,_Z,2019-03,1.953
DATAFLOW,OECD.SDD.STES:DSD_KEI@DF_KEI(4.0),I,KOR,M,IRLT,PA,_Z,_Z,_Z,2019-04,1.889
DATAFLOW,OECD.SDD.STES:DSD_KEI@DF_KEI(4.0),I,KOR,M,IRLT,PA,_Z,_Z,_Z,2019-05,1.828
DATAFLOW,OECD.SDD.STES:DSD_KEI@DF_KEI(4.0),I,KOR,M,IRLT,PA,_Z,_Z,_Z,2019-06,1.618
DATAFLOW,OECD.SDD.STES:DSD_KEI@DF_KEI(4.0),I,KOR,M,IRLT,PA,_Z,_Z,_Z,2019-07,1.506
DATAFLOW,OECD.SDD.STES:DSD_KEI@DF_KEI(4.0),I,KOR,M,IRLT,PA,_Z,_Z,_Z,2019-08,1.254
DATAFLOW,OECD.SDD.STES:DSD_KEI@DF_KEI(4.0),I,KOR,M,IRLT,PA,_Z,_Z,_Z,2019-09,1.42
DATAFLOW,OECD.SDD.STES:DSD_KEI@DF_KEI(4.0),I,KOR,M,IRLT,PA,_Z,_Z,_Z,2019-10,1.577
DATAFLOW,OECD.SDD.STES:DSD_KEI@DF_KEI(4.0),I,KOR,M,IRLT,PA,_Z,_Z,_Z,2019-11,1.75
DATAFLOW,OECD.SDD.STES:DSD_KEI@DF_KEI(4.0),I,KOR,M,IRLT,PA,_Z,_Z,_Z,2019-12,1.653
DATAFLOW,OECD.SDD.STES:DSD_KEI@DF_KEI(4.0),I,KOR,M,IRLT,PA,_Z,_Z,_Z,2020-01,1.656
DATAFLOW,OECD.SDD.STES:DSD_KEI@DF_KEI(4.0),I,KOR,M,IRLT,PA,_Z,_Z,_Z,2020-02,1.54
DATAFLOW,OECD.SDD.STES:DSD_KEI@DF_KEI(4.0),I,KOR,M,IRLT,PA,_Z,_Z,_Z,2020-03,1.485
DATAFLOW,OECD.SDD.STES:DSD_KEI@DF_KEI(4.0),I,KOR,M,IRLT,PA,_Z,_Z,_Z,2020-04,1.504
DATAFLOW,OECD.SDD.STES:DSD_KEI@DF_KEI(4.0),I,KOR,M,IRLT,PA,_Z,_Z,_Z,2020-05,1.394
DATAFLOW,OECD.SDD.STES:DSD_KEI@DF_KEI(4.0),I,KOR,M,IRLT,PA,_Z,_Z,_Z,2020-06,1.392
DATAFLOW,OECD.SDD.STES:DSD_KEI@DF_KEI(4.0),I,KOR,M,IRLT,PA,_Z,_Z,_Z,2020-07,1.36
DATAFLOW,OECD.SDD.STES:DSD_KEI@DF_KEI(4.0),I,KOR,M,IRLT,PA,_Z,_Z,_Z,2009-05,5.05
DATAFLOW,OECD.SDD.STES:DSD_KEI@DF_KEI(4.0),I,KOR,M,IRLT,PA,_Z,_Z,_Z,2009-06,5.26
DATAFLOW,OECD.SDD.STES:DSD_KEI@DF_KEI(4.0),I,KOR,M,IRLT,PA,_Z,_Z,_Z,2009-07,5.18
DATAFLOW,OECD.SDD.STES:DSD_KEI@DF_KEI(4.0),I,KOR,M,IRLT,PA,_Z,_Z,_Z,2009-08,5.44
DATAFLOW,OECD.SDD.STES:DSD_KEI@DF_KEI(4.0),I,KOR,M,IRLT,PA,_Z,_Z,_Z,2009-09,5.38
DATAFLOW,OECD.SDD.STES:DSD_KEI@DF_KEI(4.0),I,KOR,M,IRLT,PA,_Z,_Z,_Z,2009-10,5.45
DATAFLOW,OECD.SDD.STES:DSD_KEI@DF_KEI(4.0),I,KOR,M,IRLT,PA,_Z,_Z,_Z,2009-11,5.39
DATAFLOW,OECD.SDD.STES:DSD_KEI@DF_KEI(4.0),I,KOR,M,IRLT,PA,_Z,_Z,_Z,2009-12,5.31
DATAFLOW,OECD.SDD.STES:DSD_KEI@DF_KEI(4.0),I,KOR,M,IRLT,PA,_Z,_Z,_Z,2010-01,5.35
DATAFLOW,OECD.SDD.STES:DSD_KEI@DF_KEI(4.0),I,KOR,M,IRLT,PA,_Z,_Z,_Z,2010-02,5.3
DATAFLOW,OECD.SDD.STES:DSD_KEI@DF_KEI(4.0),I,KOR,M,IRLT,PA,_Z,_Z,_Z,2010-03,4.92
DATAFLOW,OECD.SDD.STES:DSD_KEI@DF_KEI(4.0),I,KOR,M,IRLT,PA,_Z,_Z,_Z,2010-04,4.91
DATAFLOW,OECD.SDD.STES:DSD_KEI@DF_KEI(4.0),I,KOR,M,IRLT,PA,_Z,_Z,_Z,2010-05,4.95
DATAFLOW,OECD.SDD.STES:DSD_KEI@DF_KEI(4.0),I,KOR,M,IRLT,PA,_Z,_Z,_Z,2010-06,4.93
DATAFLOW,OECD.SDD.STES:DSD_KEI@DF_KEI(4.0),I,KOR,M,IRLT,PA,_Z,_Z,_Z,2010-07,4.91
DATAFLOW,OECD.SDD.STES:DSD_KEI@DF_KEI(4.0),I,KOR,M,IRLT,PA,_Z,_Z,_Z,2010-08,4.68
DATAFLOW,OECD.SDD.STES:DSD_KEI@DF_KEI(4.0),I,KOR,M,IRLT,PA,_Z,_Z,_Z,2010-09,4.28
DATAFLOW,OECD.SDD.STES:DSD_KEI@DF_KEI(4.0),I,KOR,M,IRLT,PA,_Z,_Z,_Z,2010-10,4.11
DATAFLOW,OECD.SDD.STES:DSD_KEI@DF_KEI(4.0),I,KOR,M,IR3TIB,PA,_Z,_Z,_Z,2024-01,3.74
DATAFLOW,OECD.SDD.STES:DSD_KEI@DF_KEI(4.0),I,KOR,M,IR3TIB,PA,_Z,_Z,_Z,2024-02,3.69
DATAFLOW,OECD.SDD.STES:DSD_KEI@DF_KEI(4.0),I,KOR,M,IR3TIB,PA,_Z,_Z,_Z,2024-03,3.65
DATAFLOW,OECD.SDD.STES:DSD_KEI@DF_KEI(4.0),I,KOR,M,IR3TIB,PA,_Z,_Z,_Z,2024-04,3.57
DATAFLOW,OECD.SDD.STES:DSD_KEI@DF_KEI(4.0),I,KOR,M,IR3TIB,PA,_Z,_Z,_Z,2024-05,3.6
DATAFLOW,OECD.SDD.STES:DSD_KEI@DF_KEI(4.0),I,KOR,M,IR3TIB,PA,_Z,_Z,_Z,2024-06,3.6
DATAFLOW,OECD.SDD.STES:DSD_KEI@DF_KEI(4.0),I,KOR,M,IRSTCI,PA,_Z,_Z,_Z,2011-01,2.66
DATAFLOW,OECD.SDD.STES:DSD_KEI@DF_KEI(4.0),I,KOR,M,IR3TIB,PA,_Z,_Z,_Z,2026-01,2.7
DATAFLOW,OECD.SDD.STES:DSD_KEI@DF_KEI(4.0),I,KOR,M,IR3TIB,PA,_Z,_Z,_Z,2025-10,2.55
DATAFLOW,OECD.SDD.STES:DSD_KEI@DF_KEI(4.0),I,KOR,M,IR3TIB,PA,_Z,_Z,_Z,2013-11,2.65
DATAFLOW,OECD.SDD.STES:DSD_KEI@DF_KEI(4.0),I,KOR,M,IR3TIB,PA,_Z,_Z,_Z,2013-12,2.65
DATAFLOW,OECD.SDD.STES:DSD_KEI@DF_KEI(4.0),I,KOR,M,IR3TIB,PA,_Z,_Z,_Z,2014-01,2.65
DATAFLOW,OECD.SDD.STES:DSD_KEI@DF_KEI(4.0),I,KOR,M,IR3TIB,PA,_Z,_Z,_Z,2014-02,2.65
DATAFLOW,OECD.SDD.STES:DSD_KEI@DF_KEI(4.0),I,KOR,M,IR3TIB,PA,_Z,_Z,_Z,2014-03,2.65
DATAFLOW,OECD.SDD.STES:DSD_KEI@DF_KEI(4.0),I,KOR,M,IR3TIB,PA,_Z,_Z,_Z,2014-04,2.65
DATAFLOW,OECD.SDD.STES:DSD_KEI@DF_KEI(4.0),I,KOR,M,IR3TIB,PA,_Z,_Z,_Z,2014-05,2.65
DATAFLOW,OECD.SDD.STES:DSD_KEI@DF_KEI(4.0),I,KOR,M,IR3TIB,PA,_Z,_Z,_Z,2014-06,2.65
DATAFLOW,OECD.SDD.STES:DSD_KEI@DF_KEI(4.0),I,KOR,M,IR3TIB,PA,_Z,_Z,_Z,2014-07,2.65
DATAFLOW,OECD.SDD.STES:DSD_KEI@DF_KEI(4.0),I,KOR,M,IR3TIB,PA,_Z,_Z,_Z,2014-08,2.52
DATAFLOW,OECD.SDD.STES:DSD_KEI@DF_KEI(4.0),I,KOR,M,IR3TIB,PA,_Z,_Z,_Z,2014-09,2.35
DATAFLOW,OECD.SDD.STES:DSD_KEI@DF_KEI(4.0),I,KOR,M,IR3TIB,PA,_Z,_Z,_Z,2014-10,2.21
DATAFLOW,OECD.SDD.STES:DSD_KEI@DF_KEI(4.0),I,KOR,M,IR3TIB,PA,_Z,_Z,_Z,2014-11,2.14
DATAFLOW,OECD.SDD.STES:DSD_KEI@DF_KEI(4.0),I,KOR,M,IR3TIB,PA,_Z,_Z,_Z,2014-12,2.13
DATAFLOW,OECD.SDD.STES:DSD_KEI@DF_KEI(4.0),I,KOR,M,IR3TIB,PA,_Z,_Z,_Z,2015-01,2.13
DATAFLOW,OECD.SDD.STES:DSD_KEI@DF_KEI(4.0),I,KOR,M,IR3TIB,PA,_Z,_Z,_Z,2015-02,2.12
DATAFLOW,OECD.SDD.STES:DSD_KEI@DF_KEI(4.0),I,KOR,M,IR3TIB,PA,_Z,_Z,_Z,2015-03,1.95
DATAFLOW,OECD.SDD.STES:DSD_KEI@DF_KEI(4.0),I,KOR,M,IR3TIB,PA,_Z,_Z,_Z,2015-04,1.81
DATAFLOW,OECD.SDD.STES:DSD_KEI@DF_KEI(4.0),I,KOR,M,IR3TIB,PA,_Z,_Z,_Z,2015-05,1.8
DATAFLOW,OECD.SDD.STES:DSD_KEI@DF_KEI(4.0),I,KOR,M,IR3TIB,PA,_Z,_Z,_Z,2015-06,1.7
DATAFLOW,OECD.SDD.STES:DSD_KEI@DF_KEI(4.0),I,KOR,M,IR3TIB,PA,_Z,_Z,_Z,2015-07,1.65
DATAFLOW,OECD.SDD.STES:DSD_KEI@DF_KEI(4.0),I,KOR,M,IR3TIB,PA,_Z,_Z,_Z,2015-08,1.64
DATAFLOW,OECD.SDD.STES:DSD_KEI@DF_KEI(4.0),I,KOR,M,IR3TIB,PA,_Z,_Z,_Z,2015-09,1.6
DATAFLOW,OECD.SDD.STES:DSD_KEI@DF_KEI(4.0),I,KOR,M,IR3TIB,PA,_Z,_Z,_Z,2015-10,1.58
DATAFLOW,OECD.SDD.STES:DSD_KEI@DF_KEI(4.0),I,KOR,M,IR3TIB,PA,_Z,_Z,_Z,2015-11,1.59
DATAFLOW,OECD.SDD.STES:DSD_KEI@DF_KEI(4.0),I,KOR,M,IR3TIB,PA,_Z,_Z,_Z,2015-12,1.67
DATAFLOW,OECD.SDD.STES:DSD_KEI@DF_KEI(4.0),I,KOR,M,IR3TIB,PA,_Z,_Z,_Z,2016-01,1.67
DATAFLOW,OECD.SDD.STES:DSD_KEI@DF_KEI(4.0),I,KOR,M,IR3TIB,PA,_Z,_Z,_Z,2016-02,1.64
DATAFLOW,OECD.SDD.STES:DSD_KEI@DF_KEI(4.0),I,KOR,M,IR3TIB,PA,_Z,_Z,_Z,2016-03,1.63
DATAFLOW,OECD.SDD.STES:DSD_KEI@DF_KEI(4.0),I,KOR,M,IR3TIB,PA,_Z,_Z,_Z,2016-04,1.61
DATAFLOW,OECD.SDD.STES:DSD_KEI@DF_KEI(4.0),I,KOR,M,IR3TIB,PA,_Z,_Z,_Z,2016-05,1.58
DATAFLOW,OECD.SDD.STES:DSD_KEI@DF_KEI(4.0),I,KOR,M,IR3TIB,PA,_Z,_Z,_Z,2016-06,1.43
DATAFLOW,OECD.SDD.STES:DSD_KEI@DF_KEI(4.0),I,KOR,M,IR3TIB,PA,_Z,_Z,_Z,2016-07,1.36
DATAFLOW,OECD.SDD.STES:DSD_KEI@DF_KEI(4.0),I,KOR,M,IR3TIB,PA,_Z,_Z,_Z,2016-08,1.35
DATAFLOW,OECD.SDD.STES:DSD_KEI@DF_KEI(4.0),I,KOR,M,IR3TIB,PA,_Z,_Z,_Z,2016-09,1.34
DATAFLOW,OECD.SDD.STES:DSD_KEI@DF_KEI(4.0),I,KOR,M,IR3TIB,PA,_Z,_Z,_Z,2016-10,1.35
DATAFLOW,OECD.SDD.STES:DSD_KEI@DF_KEI(4.0),I,KOR,M,IR3TIB,PA,_Z,_Z,_Z,2016-11,1.42
DATAFLOW,OECD.SDD.STES:DSD_KEI@DF_KEI(4.0),I,KOR,M,IR3TIB,PA,_Z,_Z,_Z,2016-12,1.54
DATAFLOW,OECD.SDD.STES:DSD_KEI@DF_KEI(4.0),I,KOR,M,IR3TIB,PA,_Z,_Z,_Z,2017-01,1.5
DATAFLOW,OECD.SDD.STES:DSD_KEI@DF_KEI(4.0),I,KOR,M,IR3TIB,PA,_Z,_Z,_Z,2017-02,1.49
DATAFLOW,OECD.SDD.STES:DSD_KEI@DF_KEI(4.0),I,KOR,M,IR3TIB,PA,_Z,_Z,_Z,2017-03,1.48
DATAFLOW,OECD.SDD.STES:DSD_KEI@DF_KEI(4.0),I,KOR,M,IR3TIB,PA,_Z,_Z,_Z,2017-04,1.43
DATAFLOW,OECD.SDD.STES:DSD_KEI@DF_KEI(4.0),I,KOR,M,IR3TIB,PA,_Z,_Z,_Z,2017-05,1.39
DATAFLOW,OECD.SDD.STES:DSD_KEI@DF_KEI(4.0),I,KOR,M,IR3TIB,PA,_Z,_Z,_Z,2017-06,1.38
DATAFLOW,OECD.SDD.STES:DSD_KEI@DF_KEI(4.0),I,KOR,M,IR3TIB,PA,_Z,_Z,_Z,2017-07,1.39
DATAFLOW,OECD.SDD.STES:DSD_KEI@DF_KEI(4.0),I,KOR,M,IR3TIB,PA,_Z,_Z,_Z,2017-08,1.39
DATAFLOW,OECD.SDD.STES:DSD_KEI@DF_KEI(4.0),I,KOR,M,IR3TIB,PA,_Z,_Z,_Z,2017-09,1.38
DATAFLOW,OECD.SDD.STES:DSD_KEI@DF_KEI(4.0),I,KOR,M,IR3TIB,PA,_Z,_Z,_Z,2017-10,1.38
DATAFLOW,OECD.SDD.STES:DSD_KEI@DF_KEI(4.0),I,KOR,M,IR3TIB,PA,_Z,_Z,_Z,2017-11,1.45
DATAFLOW,OECD.SDD.STES:DSD_KEI@DF_KEI(4.0),I,KOR,M,IR3TIB,PA,_Z,_Z,_Z,2017-12,1.66
DATAFLOW,OECD.SDD.STES:DSD_KEI@DF_KEI(4.0),I,KOR,M,IR3TIB,PA,_Z,_Z,_Z,2018-01,1.66
DATAFLOW,OECD.SDD.STES:DSD_KEI@DF_KEI(4.0),I,KOR,M,IR3TIB,PA,_Z,_Z,_Z,2018-02,1.65
DATAFLOW,OECD.SDD.STES:DSD_KEI@DF_KEI(4.0),I,KOR,M,IR3TIB,PA,_Z,_Z,_Z,2018-03,1.65
DATAFLOW,OECD.SDD.STES:DSD_KEI@DF_KEI(4.0),I,KOR,M,IR3TIB,PA,_Z,_Z,_Z,2018-04,1.65
DATAFLOW,OECD.SDD.STES:DSD_KEI@DF_KEI(4.0),I,KOR,M,IR3TIB,PA,_Z,_Z,_Z,2018-05,1.65
DATAFLOW,OECD.SDD.STES:DSD_KEI@DF_KEI(4.0),I,KOR,M,IR3TIB,PA,_Z,_Z,_Z,2018-06,1.65
DATAFLOW,OECD.SDD.STES:DSD_KEI@DF_KEI(4.0),I,KOR,M,IR3TIB,PA,_Z,_Z,_Z,2018-07,1.65
DATAFLOW,OECD.SDD.STES:DSD_KEI@DF_KEI(4.0),I,KOR,M,IR3TIB,PA,_Z,_Z,_Z,2018-08,1.65
DATAFLOW,OECD.SDD.STES:DSD_KEI@DF_KEI(4.0),I,KOR,M,IR3TIB,PA,_Z,_Z,_Z,2018-09,1.65
DATAFLOW,OECD.SDD.STES:DSD_KEI@DF_KEI(4.0),I,KOR,M,IR3TIB,PA,_Z,_Z,_Z,2018-10,1.68
DATAFLOW,OECD.SDD.STES:DSD_KEI@DF_KEI(4.0),I,KOR,M,IR3TIB,PA,_Z,_Z,_Z,2018-11,1.71
DATAFLOW,OECD.SDD.STES:DSD_KEI@DF_KEI(4.0),I,KOR,M,IR3TIB,PA,_Z,_Z,_Z,2018-12,1.91
DATAFLOW,OECD.SDD.STES:DSD_KEI@DF_KEI(4.0),I,KOR,M,IR3TIB,PA,_Z,_Z,_Z,2019-01,1.87
DATAFLOW,OECD.SDD.STES:DSD_KEI@DF_KEI(4.0),I,KOR,M,IR3TIB,PA,_Z,_Z,_Z,2019-02,1.87
DATAFLOW,OECD.SDD.STES:DSD_KEI@DF_KEI(4.0),I,KOR,M,IR3TIB,PA,_Z,_Z,_Z,2019-03,1.9
DATAFLOW,OECD.SDD.STES:DSD_KEI@DF_KEI(4.0),I,KOR,M,IR3TIB,PA,_Z,_Z,_Z,2019-04,1.86
DATAFLOW,OECD.SDD.STES:DSD_KEI@DF_KEI(4.0),I,KOR,M,IR3TIB,PA,_Z,_Z,_Z,2019-05,1.84
DATAFLOW,OECD.SDD.STES:DSD_KEI@DF_KEI(4.0),I,KOR,M,IR3TIB,PA,_Z,_Z,_Z,2019-06,1.8
DATAFLOW,OECD.SDD.STES:DSD_KEI@DF_KEI(4.0),I,KOR,M,IR3TIB,PA,_Z,_Z,_Z,2019-07,1.68
DATAFLOW,OECD.SDD.STES:DSD_KEI@DF_KEI(4.0),I,KOR,M,IR3TIB,PA,_Z,_Z,_Z,2019-08,1.49
DATAFLOW,OECD.SDD.STES:DSD_KEI@DF_KEI(4.0),I,KOR,M,IR3TIB,PA,_Z,_Z,_Z,2019-09,1.54
DATAFLOW,OECD.SDD.STES:DSD_KEI@DF_KEI(4.0),I,KOR,M,IR3TIB,PA,_Z,_Z,_Z,2019-10,1.46
DATAFLOW,OECD.SDD.STES:DSD_KEI@DF_KEI(4.0),I,KOR,M,IR3TIB,PA,_Z,_Z,_Z,2019-11,1.52
DATAFLOW,OECD.SDD.STES:DSD_KEI@DF_KEI(4.0),I,KOR,M,IR3TIB,PA,_Z,_Z,_Z,2019-12,1.53
DATAFLOW,OECD.SDD.STES:DSD_KEI@DF_KEI(4.0),I,KOR,M,IR3TIB,PA,_Z,_Z,_Z,2020-01,1.47
DATAFLOW,OECD.SDD.STES:DSD_KEI@DF_KEI(4.0),I,KOR,M,IR3TIB,PA,_Z,_Z,_Z,2020-02,1.42
DATAFLOW,OECD.SDD.STES:DSD_KEI@DF_KEI(4.0),I,KOR,M,IR3TIB,PA,_Z,_Z,_Z,2020-03,1.23
DATAFLOW,OECD.SDD.STES:DSD_KEI@DF_KEI(4.0),I,KOR,M,IR3TIB,PA,_Z,_Z,_Z,2020-04,1.1
DATAFLOW,OECD.SDD.STES:DSD_KEI@DF_KEI(4.0),I,KOR,M,IR3TIB,PA,_Z,_Z,_Z,2020-05,1.02
DATAFLOW,OECD.SDD.STES:DSD_KEI@DF_KEI(4.0),I,KOR,M,IR3TIB,PA,_Z,_Z,_Z,2020-06,0.79
DATAFLOW,OECD.SDD.STES:DSD_KEI@DF_KEI(4.0),I,KOR,M,IR3TIB,PA,_Z,_Z,_Z,2020-07,0.79
DATAFLOW,OECD.SDD.STES:DSD_KEI@DF_KEI(4.0),I,KOR,M,IR3TIB,PA,_Z,_Z,_Z,2020-08,0.68
DATAFLOW,OECD.SDD.STES:DSD_KEI@DF_KEI(4.0),I,KOR,M,IR3TIB,PA,_Z,_Z,_Z,2020-09,0.63
DATAFLOW,OECD.SDD.STES:DSD_KEI@DF_KEI(4.0),I,KOR,M,IRLT,PA,_Z,_Z,_Z,2020-08,1.373
DATAFLOW,OECD.SDD.STES:DSD_KEI@DF_KEI(4.0),I,KOR,M,IRLT,PA,_Z,_Z,_Z,2020-09,1.5
DATAFLOW,OECD.SDD.STES:DSD_KEI@DF_KEI(4.0),I,KOR,M,IRLT,PA,_Z,_Z,_Z,2020-10,1.507
DATAFLOW,OECD.SDD.STES:DSD_KEI@DF_KEI(4.0),I,KOR,M,IRLT,PA,_Z,_Z,_Z,2020-11,1.61
DATAFLOW,OECD.SDD.STES:DSD_KEI@DF_KEI(4.0),I,KOR,M,IRLT,PA,_Z,_Z,_Z,2020-12,1.675
DATAFLOW,OECD.SDD.STES:DSD_KEI@DF_KEI(4.0),I,KOR,M,IRLT,PA,_Z,_Z,_Z,2021-01,1.731
DATAFLOW,OECD.SDD.STES:DSD_KEI@DF_KEI(4.0),I,KOR,M,IRLT,PA,_Z,_Z,_Z,2021-02,1.845
DATAFLOW,OECD.SDD.STES:DSD_KEI@DF_KEI(4.0),I,KOR,M,IRLT,PA,_Z,_Z,_Z,2021-03,2.04
DATAFLOW,OECD.SDD.STES:DSD_KEI@DF_KEI(4.0),I,KOR,M,IRLT,PA,_Z,_Z,_Z,2021-04,2.041
DATAFLOW,OECD.SDD.STES:DSD_KEI@DF_KEI(4.0),I,KOR,M,IRLT,PA,_Z,_Z,_Z,2021-05,2.131
DATAFLOW,OECD.SDD.STES:DSD_KEI@DF_KEI(4.0),I,KOR,M,IRLT,PA,_Z,_Z,_Z,2021-06,2.103
DATAFLOW,OECD.SDD.STES:DSD_KEI@DF_KEI(4.0),I,KOR,M,IRLT,PA,_Z,_Z,_Z,2021-07,1.976
DATAFLOW,OECD.SDD.STES:DSD_KEI@DF_KEI(4.0),I,KOR,M,IRLT,PA,_Z,_Z,_Z,2021-08,1.905
DATAFLOW,OECD.SDD.STES:DSD_KEI@DF_KEI(4.0),I,KOR,M,IRLT,PA,_Z,_Z,_Z,2021-09,2.061
DATAFLOW,OECD.SDD.STES:DSD_KEI@DF_KEI(4.0),I,KOR,M,IRLT,PA,_Z,_Z,_Z,2021-10,2.399
DATAFLOW,OECD.SDD.STES:DSD_KEI@DF_KEI(4.0),I,KOR,M,IRLT,PA,_Z,_Z,_Z,2021-11,2.355
DATAFLOW,OECD.SDD.STES:DSD_KEI@DF_KEI(4.0),I,KOR,M,IRLT,PA,_Z,_Z,_Z,2021-12,2.187
DATAFLOW,OECD.SDD.STES:DSD_KEI@DF_KEI(4.0),I,KOR,M,IRLT,PA,_Z,_Z,_Z,2022-01,2.492
DATAFLOW,OECD.SDD.STES:DSD_KEI@DF_KEI(4.0),I,KOR,M,IRLT,PA,_Z,_Z,_Z,2022-02,2.69
DATAFLOW,OECD.SDD.STES:DSD_KEI@DF_KEI(4.0),I,KOR,M,IRLT,PA,_Z,_Z,_Z,2022-03,2.784
DATAFLOW,OECD.SDD.STES:DSD_KEI@DF_KEI(4.0),I,KOR,M,IRLT,PA,_Z,_Z,_Z,2022-04,3.219
DATAFLOW,OECD.SDD.STES:DSD_KEI@DF_KEI(4.0),I,KOR,M,IRLT,PA,_Z,_Z,_Z,2022-05,3.295
DATAFLOW,OECD.SDD.STES:DSD_KEI@DF_KEI(4.0),I,KOR,M,IRLT,PA,_Z,_Z,_Z,2022-06,3.64
DATAFLOW,OECD.SDD.STES:DSD_KEI@DF_KEI(4.0),I,KOR,M,IRLT,PA,_Z,_Z,_Z,2022-07,3.3
DATAFLOW,OECD.SDD.STES:DSD_KEI@DF_KEI(4.0),I,KOR,M,IRLT,PA,_Z,_Z,_Z,2022-08,3.322
DATAFLOW,OECD.SDD.STES:DSD_KEI@DF_KEI(4.0),I,KOR,M,IRLT,PA,_Z,_Z,_Z,2022-09,3.897
DATAFLOW,OECD.SDD.STES:DSD_KEI@DF_KEI(4.0),I,KOR,M,IRLT,PA,_Z,_Z,_Z,2022-10,4.267
DATAFLOW,OECD.SDD.STES:DSD_KEI@DF_KEI(4.0),I,KOR,M,IRLT,PA,_Z,_Z,_Z,2022-11,3.915
DATAFLOW,OECD.SDD.STES:DSD_KEI@DF_KEI(4.0),I,KOR,M,IRLT,PA,_Z,_Z,_Z,2022-12,3.541
DATAFLOW,OECD.SDD.STES:DSD_KEI@DF_KEI(4.0),I,KOR,M,IRLT,PA,_Z,_Z,_Z,2023-01,3.411
DATAFLOW,OECD.SDD.STES:DSD_KEI@DF_KEI(4.0),I,KOR,M,IRLT,PA,_Z,_Z,_Z,2023-02,3.45
DATAFLOW,OECD.SDD.STES:DSD_KEI@DF_KEI(4.0),I,KOR,M,IRLT,PA,_Z,_Z,_Z,2023-03,3.448
DATAFLOW,OECD.SDD.STES:DSD_KEI@DF_KEI(4.0),I,KOR,M,IRLT,PA,_Z,_Z,_Z,2023-04,3.319
DATAFLOW,OECD.SDD.STES:DSD_KEI@DF_KEI(4.0),I,KOR,M,IRLT,PA,_Z,_Z,_Z,2023-05,3.402
DATAFLOW,OECD.SDD.STES:DSD_KEI@DF_KEI(4.0),I,KOR,M,IRLT,PA,_Z,_Z,_Z,2023-06,3.611
DATAFLOW,OECD.SDD.STES:DSD_KEI@DF_KEI(4.0),I,KOR,M,IRLT,PA,_Z,_Z,_Z,2023-07,3.681
DATAFLOW,OECD.SDD.STES:DSD_KEI@DF_KEI(4.0),I,KOR,M,IRLT,PA,_Z,_Z,_Z,2023-08,3.86
DATAFLOW,OECD.SDD.STES:DSD_KEI@DF_KEI(4.0),I,KOR,M,IRLT,PA,_Z,_Z,_Z,2023-09,3.949
DATAFLOW,OECD.SDD.STES:DSD_KEI@DF_KEI(4.0),I,KOR,M,IRLT,PA,_Z,_Z,_Z,2023-10,4.272
DATAFLOW,OECD.SDD.STES:DSD_KEI@DF_KEI(4.0),I,KOR,M,IRLT,PA,_Z,_Z,_Z,2023-11,3.89
DATAFLOW,OECD.SDD.STES:DSD_KEI@DF_KEI(4.0),I,KOR,M,IRLT,PA,_Z,_Z,_Z,2023-12,3.415
DATAFLOW,OECD.SDD.STES:DSD_KEI@DF_KEI(4.0),I,KOR,M,IRSTCI,PA,_Z,_Z,_Z,2024-01,3.47
DATAFLOW,OECD.SDD.STES:DSD_KEI@DF_KEI(4.0),I,KOR,M,IRSTCI,PA,_Z,_Z,_Z,2024-02,3.582
DATAFLOW,OECD.SDD.STES:DSD_KEI@DF_KEI(4.0),I,KOR,M,IRSTCI,PA,_Z,_Z,_Z,2024-03,3.467
DATAFLOW,OECD.SDD.STES:DSD_KEI@DF_KEI(4.0),I,KOR,M,IRSTCI,PA,_Z,_Z,_Z,2024-04,3.518
DATAFLOW,OECD.SDD.STES:DSD_KEI@DF_KEI(4.0),I,KOR,M,IRSTCI,PA,_Z,_Z,_Z,2024-05,3.53
DATAFLOW,OECD.SDD.STES:DSD_KEI@DF_KEI(4.0),I,KOR,M,IRSTCI,PA,_Z,_Z,_Z,2023-05,3.57
DATAFLOW,OECD.SDD.STES:DSD_KEI@DF_KEI(4.0),I,KOR,M,IRSTCI,PA,_Z,_Z,_Z,2023-06,3.566
DATAFLOW,OECD.SDD.STES:DSD_KEI@DF_KEI(4.0),I,KOR,M,IRSTCI,PA,_Z,_Z,_Z,2023-07,3.51
DATAFLOW,OECD.SDD.STES:DSD_KEI@DF_KEI(4.0),I,KOR,M,IRSTCI,PA,_Z,_Z,_Z,2023-08,3.538
DATAFLOW,OECD.SDD.STES:DSD_KEI@DF_KEI(4.0),I,KOR,M,IRSTCI,PA,_Z,_Z,_Z,2023-09,3.596
DATAFLOW,OECD.SDD.STES:DSD_KEI@DF_KEI(4.0),I,KOR,M,IRSTCI,PA,_Z,_Z,_Z,2023-10,3.517
DATAFLOW,OECD.SDD.STES:DSD_KEI@DF_KEI(4.0),I,KOR,M,IRSTCI,PA,_Z,_Z,_Z,2008-03,4.97
DATAFLOW,OECD.SDD.STES:DSD_KEI@DF_KEI(4.0),I,KOR,M,IRSTCI,PA,_Z,_Z,_Z,2008-04,4.99
DATAFLOW,OECD.SDD.STES:DSD_KEI@DF_KEI(4.0),I,KOR,M,IRSTCI,PA,_Z,_Z,_Z,2008-05,4.97
DATAFLOW,OECD.SDD.STES:DSD_KEI@DF_KEI(4.0),I,KOR,M,IRSTCI,PA,_Z,_Z,_Z,2008-06,4.95
DATAFLOW,OECD.SDD.STES:DSD_KEI@DF_KEI(4.0),I,KOR,M,IRSTCI,PA,_Z,_Z,_Z,2008-07,4.98
DATAFLOW,OECD.SDD.STES:DSD_KEI@DF_KEI(4.0),I,KOR,M,IRSTCI,PA,_Z,_Z,_Z,2008-08,5.21
DATAFLOW,OECD.SDD.STES:DSD_KEI@DF_KEI(4.0),I,KOR,M,IRSTCI,PA,_Z,_Z,_Z,2008-09,5.21
DATAFLOW,OECD.SDD.STES:DSD_KEI@DF_KEI(4.0),I,KOR,M,IRSTCI,PA,_Z,_Z,_Z,2008-10,4.88
DATAFLOW,OECD.SDD.STES:DSD_KEI@DF_KEI(4.0),I,KOR,M,IR3TIB,PA,_Z,_Z,_Z,2020-10,0.63
DATAFLOW,OECD.SDD.STES:DSD_KEI@DF_KEI(4.0),I,KOR,M,IR3TIB,PA,_Z,_Z,_Z,2020-11,0.66
DATAFLOW,OECD.SDD.STES:DSD_KEI@DF_KEI(4.0),I,KOR,M,IR3TIB,PA,_Z,_Z,_Z,2020-12,0.66
DATAFLOW,OECD.SDD.STES:DSD_KEI@DF_KEI(4.0),I,KOR,M,IR3TIB,PA,_Z,_Z,_Z,2021-01,0.68
DATAFLOW,OECD.SDD.STES:DSD_KEI@DF_KEI(4.0),I,KOR,M,IR3TIB,PA,_Z,_Z,_Z,2021-02,0.73
DATAFLOW,OECD.SDD.STES:DSD_KEI@DF_KEI(4.0),I,KOR,M,IR3TIB,PA,_Z,_Z,_Z,2021-03,0.75
DATAFLOW,OECD.SDD.STES:DSD_KEI@DF_KEI(4.0),I,KOR,M,IR3TIB,PA,_Z,_Z,_Z,2021-04,0.74
DATAFLOW,OECD.SDD.STES:DSD_KEI@DF_KEI(4.0),I,KOR,M,IR3TIB,PA,_Z,_Z,_Z,2021-05,0.68
DATAFLOW,OECD.SDD.STES:DSD_KEI@DF_KEI(4.0),I,KOR,M,IR3TIB,PA,_Z,_Z,_Z,2021-06,0.66
DATAFLOW,OECD.SDD.STES:DSD_KEI@DF_KEI(4.0),I,KOR,M,IR3TIB,PA,_Z,_Z,_Z,2021-07,0.69
DATAFLOW,OECD.SDD.STES:DSD_KEI@DF_KEI(4.0),I,KOR,M,IR3TIB,PA,_Z,_Z,_Z,2021-08,0.77
DATAFLOW,OECD.SDD.STES:DSD_KEI@DF_KEI(4.0),I,KOR,M,IR3TIB,PA,_Z,_Z,_Z,2021-09,0.98
DATAFLOW,OECD.SDD.STES:DSD_KEI@DF_KEI(4.0),I,KOR,M,IR3TIB,PA,_Z,_Z,_Z,2021-10,1.08
DATAFLOW,OECD.SDD.STES:DSD_KEI@DF_KEI(4.0),I,KOR,M,IR3TIB,PA,_Z,_Z,_Z,2021-11,1.17
DATAFLOW,OECD.SDD.STES:DSD_KEI@DF_KEI(4.0),I,KOR,M,IR3TIB,PA,_Z,_Z,_Z,2021-12,1.27
DATAFLOW,OECD.SDD.STES:DSD_KEI@DF_KEI(4.0),I,KOR,M,IR3TIB,PA,_Z,_Z,_Z,2022-01,1.39
DATAFLOW,OECD.SDD.STES:DSD_KEI@DF_KEI(4.0),I,KOR,M,IR3TIB,PA,_Z,_Z,_Z,2022-02,1.5
DATAFLOW,OECD.SDD.STES:DSD_KEI@DF_KEI(4.0),I,KOR,M,IR3TIB,PA,_Z,_Z,_Z,2022-03,1.5
DATAFLOW,OECD.SDD.STES:DSD_KEI@DF_KEI(4.0),I,KOR,M,IR3TIB,PA,_Z,_Z,_Z,2022-04,1.64
DATAFLOW,OECD.SDD.STES:DSD_KEI@DF_KEI(4.0),I,KOR,M,IR3TIB,PA,_Z,_Z,_Z,2022-05,1.77
DATAFLOW,OECD.SDD.STES:DSD_KEI@DF_KEI(4.0),I,KOR,M,IR3TIB,PA,_Z,_Z,_Z,2022-06,1.99
DATAFLOW,OECD.SDD.STES:DSD_KEI@DF_KEI(4.0),I,KOR,M,IR3TIB,PA,_Z,_Z,_Z,2022-07,2.41
DATAFLOW,OECD.SDD.STES:DSD_KEI@DF_KEI(4.0),I,KOR,M,IR3TIB,PA,_Z,_Z,_Z,2022-08,2.79
DATAFLOW,OECD.SDD.STES:DSD_KEI@DF_KEI(4.0),I,KOR,M,IR3TIB,PA,_Z,_Z,_Z,2022-09,3.01
DATAFLOW,OECD.SDD.STES:DSD_KEI@DF_KEI(4.0),I,KOR,M,IR3TIB,PA,_Z,_Z,_Z,2022-10,3.69
DATAFLOW,OECD.SDD.STES:DSD_KEI@DF_KEI(4.0),I,KOR,M,IR3TIB,PA,_Z,_Z,_Z,2022-11,3.99
DATAFLOW,OECD.SDD.STES:DSD_KEI@DF_KEI(4.0),I,KOR,M,IR3TIB,PA,_Z,_Z,_Z,2022-12,4.02
DATAFLOW,OECD.SDD.STES:DSD_KEI@DF_KEI(4.0),I,KOR,M,IR3TIB,PA,_Z,_Z,_Z,2023-01,3.8
DATAFLOW,OECD.SDD.STES:DSD_KEI@DF_KEI(4.0),I,KOR,M,IR3TIB,PA,_Z,_Z,_Z,2023-02,3.52
DATAFLOW,OECD.SDD.STES:DSD_KEI@DF_KEI(4.0),I,KOR,M,IR3TIB,PA,_Z,_Z,_Z,2023-03,3.61
DATAFLOW,OECD.SDD.STES:DSD_KEI@DF_KEI(4.0),I,KOR,M,IR3TIB,PA,_Z,_Z,_Z,2023-04,3.5
DATAFLOW,OECD.SDD.STES:DSD_KEI@DF_KEI(4.0),I,KOR,M,IR3TIB,PA,_Z,_Z,_Z,2023-05,3.64
DATAFLOW,OECD.SDD.STES:DSD_KEI@DF_KEI(4.0),I,KOR,M,IR3TIB,PA,_Z,_Z,_Z,2023-06,3.75
DATAFLOW,OECD.SDD.STES:DSD_KEI@DF_KEI(4.0),I,KOR,M,IR3TIB,PA,_Z,_Z,_Z,2023-07,3.75
DATAFLOW,OECD.SDD.STES:DSD_KEI@DF_KEI(4.0),I,KOR,M,IR3TIB,PA,_Z,_Z,_Z,2023-08,3.7
DATAFLOW,OECD.SDD.STES:DSD_KEI@DF_KEI(4.0),I,KOR,M,IR3TIB,PA,_Z,_Z,_Z,2023-09,3.76
DATAFLOW,OECD.SDD.STES:DSD_KEI@DF_KEI(4.0),I,KOR,M,IR3TIB,PA,_Z,_Z,_Z,2023-10,3.82
DATAFLOW,OECD.SDD.STES:DSD_KEI@DF_KEI(4.0),I,KOR,M,IR3TIB,PA,_Z,_Z,_Z,2023-11,3.83
DATAFLOW,OECD.SDD.STES:DSD_KEI@DF_KEI(4.0),I,KOR,M,IR3TIB,PA,_Z,_Z,_Z,2023-12,3.83
DATAFLOW,OECD.SDD.STES:DSD_KEI@DF_KEI(4.0),I,KOR,M,IR3TIB,PA,_Z,_Z,_Z,2007-01,4.92
DATAFLOW,OECD.SDD.STES:DSD_KEI@DF_KEI(4.0),I,KOR,M,IR3TIB,PA,_Z,_Z,_Z,2007-02,4.95
DATAFLOW,OECD.SDD.STES:DSD_KEI@DF_KEI(4.0),I,KOR,M,IR3TIB,PA,_Z,_Z,_Z,2007-03,4.94
DATAFLOW,OECD.SDD.STES:DSD_KEI@DF_KEI(4.0),I,KOR,M,IR3TIB,PA,_Z,_Z,_Z,2007-04,4.95
DATAFLOW,OECD.SDD.STES:DSD_KEI@DF_KEI(4.0),I,KOR,M,IR3TIB,PA,_Z,_Z,_Z,2007-05,5.04
DATAFLOW,OECD.SDD.STES:DSD_KEI@DF_KEI(4.0),I,KOR,M,IR3TIB,PA,_Z,_Z,_Z,2007-06,5.03
DATAFLOW,OECD.SDD.STES:DSD_KEI@DF_KEI(4.0),I,KOR,M,IR3TIB,PA,_Z,_Z,_Z,2007-07,5.05
DATAFLOW,OECD.SDD.STES:DSD_KEI@DF_KEI(4.0),I,KOR,M,IR3TIB,PA,_Z,_Z,_Z,2007-08,5.21
DATAFLOW,OECD.SDD.STES:DSD_KEI@DF_KEI(4.0),I,KOR,M,IR3TIB,PA,_Z,_Z,_Z,2007-09,5.34
DATAFLOW,OECD.SDD.STES:DSD_KEI@DF_KEI(4.0),I,KOR,M,IR3TIB,PA,_Z,_Z,_Z,2007-10,5.34
DATAFLOW,OECD.SDD.STES:DSD_KEI@DF_KEI(4.0),I,KOR,M,IR3TIB,PA,_Z,_Z,_Z,2007-11,5.43
DATAFLOW,OECD.SDD.STES:DSD_KEI@DF_KEI(4.0),I,KOR,M,IR3TIB,PA,_Z,_Z,_Z,2007-12,5.73
DATAFLOW,OECD.SDD.STES:DSD_KEI@DF_KEI(4.0),I,KOR,M,IR3TIB,PA,_Z,_Z,_Z,2008-01,5.81
DATAFLOW,OECD.SDD.STES:DSD_KEI@DF_KEI(4.0),I,KOR,M,IR3TIB,PA,_Z,_Z,_Z,2008-02,5.28
DATAFLOW,OECD.SDD.STES:DSD_KEI@DF_KEI(4.0),I,KOR,M,IR3TIB,PA,_Z,_Z,_Z,2008-03,5.25
DATAFLOW,OECD.SDD.STES:DSD_KEI@DF_KEI(4.0),I,KOR,M,IR3TIB,PA,_Z,_Z,_Z,2008-04,5.38
DATAFLOW,OECD.SDD.STES:DSD_KEI@DF_KEI(4.0),I,KOR,M,IR3TIB,PA,_Z,_Z,_Z,2008-05,5.36
DATAFLOW,OECD.SDD.STES:DSD_KEI@DF_KEI(4.0),I,KOR,M,IR3TIB,PA,_Z,_Z,_Z,2008-06,5.36
DATAFLOW,OECD.SDD.STES:DSD_KEI@DF_KEI(4.0),I,KOR,M,IR3TIB,PA,_Z,_Z,_Z,2008-07,5.52
DATAFLOW,OECD.SDD.STES:DSD_KEI@DF_KEI(4.0),I,KOR,M,IR3TIB,PA,_Z,_Z,_Z,2008-08,5.77
DATAFLOW,OECD.SDD.STES:DSD_KEI@DF_KEI(4.0),I,KOR,M,IR3TIB,PA,_Z,_Z,_Z,2008-09,5.79
DATAFLOW,OECD.SDD.STES:DSD_KEI@DF_KEI(4.0),I,KOR,M,IR3TIB,PA,_Z,_Z,_Z,2008-10,6.03
DATAFLOW,OECD.SDD.STES:DSD_KEI@DF_KEI(4.0),I,KOR,M,IR3TIB,PA,_Z,_Z,_Z,2008-11,5.62
DATAFLOW,OECD.SDD.STES:DSD_KEI@DF_KEI(4.0),I,KOR,M,IR3TIB,PA,_Z,_Z,_Z,2008-12,4.68
DATAFLOW,OECD.SDD.STES:DSD_KEI@DF_KEI(4.0),I,KOR,M,IR3TIB,PA,_Z,_Z,_Z,2009-01,3.22
DATAFLOW,OECD.SDD.STES:DSD_KEI@DF_KEI(4.0),I,KOR,M,IR3TIB,PA,_Z,_Z,_Z,2009-02,2.7
DATAFLOW,OECD.SDD.STES:DSD_KEI@DF_KEI(4.0),I,KOR,M,IR3TIB,PA,_Z,_Z,_Z,2009-03,2.45
DATAFLOW,OECD.SDD.STES:DSD_KEI@DF_KEI(4.0),I,KOR,M,IR3TIB,PA,_Z,_Z,_Z,2009-04,2.42
DATAFLOW,OECD.SDD.STES:DSD_KEI@DF_KEI(4.0),I,KOR,M,IR3TIB,PA,_Z,_Z,_Z,2009-05,2.41
DATAFLOW,OECD.SDD.STES:DSD_KEI@DF_KEI(4.0),I,KOR,M,IR3TIB,PA,_Z,_Z,_Z,2009-06,2.41
DATAFLOW,OECD.SDD.STES:DSD_KEI@DF_KEI(4.0),I,KOR,M,IR3TIB,PA,_Z,_Z,_Z,2009-07,2.41
DATAFLOW,OECD.SDD.STES:DSD_KEI@DF_KEI(4.0),I,KOR,M,IR3TIB,PA,_Z,_Z,_Z,2009-08,2.48
DATAFLOW,OECD.SDD.STES:DSD_KEI@DF_KEI(4.0),I,KOR,M,IR3TIB,PA,_Z,_Z,_Z,2009-09,2.64
DATAFLOW,OECD.SDD.STES:DSD_KEI@DF_KEI(4.0),I,KOR,M,IR3TIB,PA,_Z,_Z,_Z,2009-10,2.79
DATAFLOW,OECD.SDD.STES:DSD_KEI@DF_KEI(4.0),I,KOR,M,IR3TIB,PA,_Z,_Z,_Z,2009-11,2.79
DATAFLOW,OECD.SDD.STES:DSD_KEI@DF_KEI(4.0),I,KOR,M,IR3TIB,PA,_Z,_Z,_Z,2009-12,2.82
DATAFLOW,OECD.SDD.STES:DSD_KEI@DF_KEI(4.0),I,KOR,M,IR3TIB,PA,_Z,_Z,_Z,2010-01,2.88
DATAFLOW,OECD.SDD.STES:DSD_KEI@DF_KEI(4.0),I,KOR,M,IR3TIB,PA,_Z,_Z,_Z,2010-02,2.88
DATAFLOW,OECD.SDD.STES:DSD_KEI@DF_KEI(4.0),I,KOR,M,IR3TIB,PA,_Z,_Z,_Z,2010-03,2.83
DATAFLOW,OECD.SDD.STES:DSD_KEI@DF_KEI(4.0),I,KOR,M,IR3TIB,PA,_Z,_Z,_Z,2010-04,2.51
DATAFLOW,OECD.SDD.STES:DSD_KEI@DF_KEI(4.0),I,KOR,M,IR3TIB,PA,_Z,_Z,_Z,2010-05,2.45
DATAFLOW,OECD.SDD.STES:DSD_KEI@DF_KEI(4.0),I,KOR,M,IR3TIB,PA,_Z,_Z,_Z,2010-06,2.45
DATAFLOW,OECD.SDD.STES:DSD_KEI@DF_KEI(4.0),I,KOR,M,IR3TIB,PA,_Z,_Z,_Z,2010-07,2.58
DATAFLOW,OECD.SDD.STES:DSD_KEI@DF_KEI(4.0),I,KOR,M,IR3TIB,PA,_Z,_Z,_Z,2010-08,2.63
DATAFLOW,OECD.SDD.STES:DSD_KEI@DF_KEI(4.0),I,KOR,M,IR3TIB,PA,_Z,_Z,_Z,2010-09,2.66
DATAFLOW,OECD.SDD.STES:DSD_KEI@DF_KEI(4.0),I,KOR,M,IR3TIB,PA,_Z,_Z,_Z,2010-10,2.66
DATAFLOW,OECD.SDD.STES:DSD_KEI@DF_KEI(4.0),I,KOR,M,IR3TIB,PA,_Z,_Z,_Z,2010-11,2.73
DATAFLOW,OECD.SDD.STES:DSD_KEI@DF_KEI(4.0),I,KOR,M,IR3TIB,PA,_Z,_Z,_Z,2010-12,2.8
DATAFLOW,OECD.SDD.STES:DSD_KEI@DF_KEI(4.0),I,KOR,M,IR3TIB,PA,_Z,_Z,_Z,2011-01,2.93
DATAFLOW,OECD.SDD.STES:DSD_KEI@DF_KEI(4.0),I,KOR,M,IR3TIB,PA,_Z,_Z,_Z,2011-02,3.13
DATAFLOW,OECD.SDD.STES:DSD_KEI@DF_KEI(4.0),I,KOR,M,IR3TIB,PA,_Z,_Z,_Z,2011-03,3.35
DATAFLOW,OECD.SDD.STES:DSD_KEI@DF_KEI(4.0),I,KOR,M,IR3TIB,PA,_Z,_Z,_Z,2011-04,3.4
DATAFLOW,OECD.SDD.STES:DSD_KEI@DF_KEI(4.0),I,KOR,M,IR3TIB,PA,_Z,_Z,_Z,2011-05,3.46
DATAFLOW,OECD.SDD.STES:DSD_KEI@DF_KEI(4.0),I,KOR,M,IR3TIB,PA,_Z,_Z,_Z,2011-06,3.53
DATAFLOW,OECD.SDD.STES:DSD_KEI@DF_KEI(4.0),I,KOR,M,IR3TIB,PA,_Z,_Z,_Z,2011-07,3.59
DATAFLOW,OECD.SDD.STES:DSD_KEI@DF_KEI(4.0),I,KOR,M,IR3TIB,PA,_Z,_Z,_Z,2011-08,3.59
DATAFLOW,OECD.SDD.STES:DSD_KEI@DF_KEI(4.0),I,KOR,M,IR3TIB,PA,_Z,_Z,_Z,2011-09,3.58
DATAFLOW,OECD.SDD.STES:DSD_KEI@DF_KEI(4.0),I,KOR,M,IR3TIB,PA,_Z,_Z,_Z,2011-10,3.58
DATAFLOW,OECD.SDD.STES:DSD_KEI@DF_KEI(4.0),I,KOR,M,IR3TIB,PA,_Z,_Z,_Z,2011-11,3.56
DATAFLOW,OECD.SDD.STES:DSD_KEI@DF_KEI(4.0),I,KOR,M,IR3TIB,PA,_Z,_Z,_Z,2011-12,3.55
DATAFLOW,OECD.SDD.STES:DSD_KEI@DF_KEI(4.0),I,KOR,M,IR3TIB,PA,_Z,_Z,_Z,2012-01,3.55
DATAFLOW,OECD.SDD.STES:DSD_KEI@DF_KEI(4.0),I,KOR,M,IR3TIB,PA,_Z,_Z,_Z,2012-02,3.53
DATAFLOW,OECD.SDD.STES:DSD_KEI@DF_KEI(4.0),I,KOR,M,IR3TIB,PA,_Z,_Z,_Z,2012-03,3.54
DATAFLOW,OECD.SDD.STES:DSD_KEI@DF_KEI(4.0),I,KOR,M,IR3TIB,PA,_Z,_Z,_Z,2012-04,3.54
DATAFLOW,OECD.SDD.STES:DSD_KEI@DF_KEI(4.0),I,KOR,M,IR3TIB,PA,_Z,_Z,_Z,2012-05,3.54
DATAFLOW,OECD.SDD.STES:DSD_KEI@DF_KEI(4.0),I,KOR,M,IR3TIB,PA,_Z,_Z,_Z,2012-06,3.54
DATAFLOW,OECD.SDD.STES:DSD_KEI@DF_KEI(4.0),I,KOR,M,IR3TIB,PA,_Z,_Z,_Z,2012-07,3.34
DATAFLOW,OECD.SDD.STES:DSD_KEI@DF_KEI(4.0),I,KOR,M,IR3TIB,PA,_Z,_Z,_Z,2012-08,3.19
DATAFLOW,OECD.SDD.STES:DSD_KEI@DF_KEI(4.0),I,KOR,M,IR3TIB,PA,_Z,_Z,_Z,2012-09,3.14
DATAFLOW,OECD.SDD.STES:DSD_KEI@DF_KEI(4.0),I,KOR,M,IR3TIB,PA,_Z,_Z,_Z,2012-10,2.93
DATAFLOW,OECD.SDD.STES:DSD_KEI@DF_KEI(4.0),I,KOR,M,IR3TIB,PA,_Z,_Z,_Z,2012-11,2.85
DATAFLOW,OECD.SDD.STES:DSD_KEI@DF_KEI(4.0),I,KOR,M,IR3TIB,PA,_Z,_Z,_Z,2012-12,2.88
DATAFLOW,OECD.SDD.STES:DSD_KEI@DF_KEI(4.0),I,KOR,M,IR3TIB,PA,_Z,_Z,_Z,2013-01,2.86
DATAFLOW,OECD.SDD.STES:DSD_KEI@DF_KEI(4.0),I,KOR,M,IR3TIB,PA,_Z,_Z,_Z,2013-02,2.83
DATAFLOW,OECD.SDD.STES:DSD_KEI@DF_KEI(4.0),I,KOR,M,IR3TIB,PA,_Z,_Z,_Z,2013-03,2.81
DATAFLOW,OECD.SDD.STES:DSD_KEI@DF_KEI(4.0),I,KOR,M,IR3TIB,PA,_Z,_Z,_Z,2013-04,2.8
DATAFLOW,OECD.SDD.STES:DSD_KEI@DF_KEI(4.0),I,KOR,M,IR3TIB,PA,_Z,_Z,_Z,2013-05,2.72
DATAFLOW,OECD.SDD.STES:DSD_KEI@DF_KEI(4.0),I,KOR,M,IR3TIB,PA,_Z,_Z,_Z,2013-06,2.69
DATAFLOW,OECD.SDD.STES:DSD_KEI@DF_KEI(4.0),I,KOR,M,IR3TIB,PA,_Z,_Z,_Z,2013-07,2.68
DATAFLOW,OECD.SDD.STES:DSD_KEI@DF_KEI(4.0),I,KOR,M,IR3TIB,PA,_Z,_Z,_Z,2013-08,2.66
DATAFLOW,OECD.SDD.STES:DSD_KEI@DF_KEI(4.0),I,KOR,M,IR3TIB,PA,_Z,_Z,_Z,2013-09,2.66
DATAFLOW,OECD.SDD.STES:DSD_KEI@DF_KEI(4.0),I,KOR,M,IR3TIB,PA,_Z,_Z,_Z,2013-10,2.66
DATAFLOW,OECD.SDD.STES:DSD_KEI@DF_KEI(4.0),I,KOR,M,IRSTCI,PA,_Z,_Z,_Z,2009-03,1.77
DATAFLOW,OECD.SDD.STES:DSD_KEI@DF_KEI(4.0),I,DEU,M,IRSTCI,PA,_Z,_Z,_Z,2025-02,2.7290455
DATAFLOW,OECD.SDD.STES:DSD_KEI@DF_KEI(4.0),I,FRA,M,IRSTCI,PA,_Z,_Z,_Z,2022-11,1.26661954545455
DATAFLOW,OECD.SDD.STES:DSD_KEI@DF_KEI(4.0),I,KOR,M,IRSTCI,PA,_Z,_Z,_Z,2010-07,2.21
DATAFLOW,OECD.SDD.STES:DSD_KEI@DF_KEI(4.0),I,KOR,M,IRSTCI,PA,_Z,_Z,_Z,2010-08,2.27
DATAFLOW,OECD.SDD.STES:DSD_KEI@DF_KEI(4.0),I,KOR,M,IRSTCI,PA,_Z,_Z,_Z,2010-09,2.27
DATAFLOW,OECD.SDD.STES:DSD_KEI@DF_KEI(4.0),I,KOR,M,IRSTCI,PA,_Z,_Z,_Z,2010-10,2.26
DATAFLOW,OECD.SDD.STES:DSD_KEI@DF_KEI(4.0),I,KOR,M,IRSTCI,PA,_Z,_Z,_Z,2010-11,2.37
DATAFLOW,OECD.SDD.STES:DSD_KEI@DF_KEI(4.0),I,KOR,M,IRSTCI,PA,_Z,_Z,_Z,2010-12,2.5
DATAFLOW,OECD.SDD.STES:DSD_KEI@DF_KEI(4.0),I,KOR,M,IRSTCI,PA,_Z,_Z,_Z,2012-05,3.26
DATAFLOW,OECD.SDD.STES:DSD_KEI@DF_KEI(4.0),I,KOR,M,IRSTCI,PA,_Z,_Z,_Z,2012-06,3.26
DATAFLOW,OECD.SDD.STES:DSD_KEI@DF_KEI(4.0),I,KOR,M,IRSTCI,PA,_Z,_Z,_Z,2012-07,3.08
DATAFLOW,OECD.SDD.STES:DSD_KEI@DF_KEI(4.0),I,KOR,M,IRSTCI,PA,_Z,_Z,_Z,2012-08,3.0
DATAFLOW,OECD.SDD.STES:DSD_KEI@DF_KEI(4.0),I,KOR,M,IRSTCI,PA,_Z,_Z,_Z,2012-09,2.99
DATAFLOW,OECD.SDD.STES:DSD_KEI@DF_KEI(4.0),I,KOR,M,IRSTCI,PA,_Z,_Z,_Z,2012-10,2.8
DATAFLOW,OECD.SDD.STES:DSD_KEI@DF_KEI(4.0),I,KOR,M,IRSTCI,PA,_Z,_Z,_Z,2012-11,2.75
DATAFLOW,OECD.SDD.STES:DSD_KEI@DF_KEI(4.0),I,KOR,M,IRSTCI,PA,_Z,_Z,_Z,2012-12,2.75
DATAFLOW,OECD.SDD.STES:DSD_KEI@DF_KEI(4.0),I,KOR,M,IRSTCI,PA,_Z,_Z,_Z,2013-01,2.76
DATAFLOW,OECD.SDD.STES:DSD_KEI@DF_KEI(4.0),I,KOR,M,IRSTCI,PA,_Z,_Z,_Z,2013-02,2.75
DATAFLOW,OECD.SDD.STES:DSD_KEI@DF_KEI(4.0),I,KOR,M,IRSTCI,PA,_Z,_Z,_Z,2013-03,2.74
DATAFLOW,OECD.SDD.STES:DSD_KEI@DF_KEI(4.0),I,KOR,M,IRSTCI,PA,_Z,_Z,_Z,2013-04,2.75
DATAFLOW,OECD.SDD.STES:DSD_KEI@DF_KEI(4.0),I,KOR,M,IRSTCI,PA,_Z,_Z,_Z,2013-05,2.55
DATAFLOW,OECD.SDD.STES:DSD_KEI@DF_KEI(4.0),I,KOR,M,IRSTCI,PA,_Z,_Z,_Z,2013-06,2.49
DATAFLOW,OECD.SDD.STES:DSD_KEI@DF_KEI(4.0),I,KOR,M,IRSTCI,PA,_Z,_Z,_Z,2013-07,2.48
DATAFLOW,OECD.SDD.STES:DSD_KEI@DF_KEI(4.0),I,KOR,M,IRSTCI,PA,_Z,_Z,_Z,2013-08,2.5
DATAFLOW,OECD.SDD.STES:DSD_KEI@DF_KEI(4.0),I,KOR,M,IRSTCI,PA,_Z,_Z,_Z,2013-09,2.5
DATAFLOW,OECD.SDD.STES:DSD_KEI@DF_KEI(4.0),I,KOR,M,IRSTCI,PA,_Z,_Z,_Z,2013-10,2.5
DATAFLOW,OECD.SDD.STES:DSD_KEI@DF_KEI(4.0),I,KOR,M,IRSTCI,PA,_Z,_Z,_Z,2013-11,2.5
DATAFLOW,OECD.SDD.STES:DSD_KEI@DF_KEI(4.0),I,KOR,M,IRSTCI,PA,_Z,_Z,_Z,2013-12,2.5
DATAFLOW,OECD.SDD.STES:DSD_KEI@DF_KEI(4.0),I,KOR,M,IRSTCI,PA,_Z,_Z,_Z,2014-01,2.5
DATAFLOW,OECD.SDD.STES:DSD_KEI@DF_KEI(4.0),I,KOR,M,IRSTCI,PA,_Z,_Z,_Z,2014-02,2.49
DATAFLOW,OECD.SDD.STES:DSD_KEI@DF_KEI(4.0),I,KOR,M,IRSTCI,PA,_Z,_Z,_Z,2014-03,2.48
DATAFLOW,OECD.SDD.STES:DSD_KEI@DF_KEI(4.0),I,KOR,M,IRSTCI,PA,_Z,_Z,_Z,2014-04,2.49
DATAFLOW,OECD.SDD.STES:DSD_KEI@DF_KEI(4.0),I,KOR,M,IRSTCI,PA,_Z,_Z,_Z,2014-05,2.49
DATAFLOW,OECD.SDD.STES:DSD_KEI@DF_KEI(4.0),I,KOR,M,IRSTCI,PA,_Z,_Z,_Z,2014-06,2.48
DATAFLOW,OECD.SDD.STES:DSD_KEI@DF_KEI(4.0),I,KOR,M,IRSTCI,PA,_Z,_Z,_Z,2014-07,2.49
DATAFLOW,OECD.SDD.STES:DSD_KEI@DF_KEI(4.0),I,KOR,M,IRSTCI,PA,_Z,_Z,_Z,2014-08,2.34
DATAFLOW,OECD.SDD.STES:DSD_KEI@DF_KEI(4.0),I,KOR,M,IRSTCI,PA,_Z,_Z,_Z,2014-09,2.23
DATAFLOW,OECD.SDD.STES:DSD_KEI@DF_KEI(4.0),I,KOR,M,IRSTCI,PA,_Z,_Z,_Z,2014-10,2.06
DATAFLOW,OECD.SDD.STES:DSD_KEI@DF_KEI(4.0),I,KOR,M,IRSTCI,PA,_Z,_Z,_Z,2014-11,1.98
DATAFLOW,OECD.SDD.STES:DSD_KEI@DF_KEI(4.0),I,KOR,M,IRSTCI,PA,_Z,_Z,_Z,2014-12,1.99
DATAFLOW,OECD.SDD.STES:DSD_KEI@DF_KEI(4.0),I,KOR,M,IRSTCI,PA,_Z,_Z,_Z,2015-01,1.99
DATAFLOW,OECD.SDD.STES:DSD_KEI@DF_KEI(4.0),I,KOR,M,IRSTCI,PA,_Z,_Z,_Z,2015-02,1.99
DATAFLOW,OECD.SDD.STES:DSD_KEI@DF_KEI(4.0),I,KOR,M,IRSTCI,PA,_Z,_Z,_Z,2015-03,1.82
DATAFLOW,OECD.SDD.STES:DSD_KEI@DF_KEI(4.0),I,KOR,M,IRSTCI,PA,_Z,_Z,_Z,2015-04,1.73
DATAFLOW,OECD.SDD.STES:DSD_KEI@DF_KEI(4.0),I,KOR,M,IRSTCI,PA,_Z,_Z,_Z,2015-05,1.74
DATAFLOW,OECD.SDD.STES:DSD_KEI@DF_KEI(4.0),I,KOR,M,IRSTCI,PA,_Z,_Z,_Z,2015-06,1.57
DATAFLOW,OECD.SDD.STES:DSD_KEI@DF_KEI(4.0),I,KOR,M,IRSTCI,PA,_Z,_Z,_Z,2015-07,1.48
DATAFLOW,OECD.SDD.STES:DSD_KEI@DF_KEI(4.0),I,KOR,M,IRSTCI,PA,_Z,_Z,_Z,2015-08,1.49
DATAFLOW,OECD.SDD.STES:DSD_KEI@DF_KEI(4.0),I,KOR,M,IRSTCI,PA,_Z,_Z,_Z,2015-09,1.48
DATAFLOW,OECD.SDD.STES:DSD_KEI@DF_KEI(4.0),I,KOR,M,IRSTCI,PA,_Z,_Z,_Z,2015-10,1.48
DATAFLOW,OECD.SDD.STES:DSD_KEI@DF_KEI(4.0),I,KOR,M,IRSTCI,PA,_Z,_Z,_Z,2015-11,1.49
DATAFLOW,OECD.SDD.STES:DSD_KEI@DF_KEI(4.0),I,KOR,M,IRSTCI,PA,_Z,_Z,_Z,2015-12,1.48
DATAFLOW,OECD.SDD.STES:DSD_KEI@DF_KEI(4.0),I,KOR,M,IRSTCI,PA,_Z,_Z,_Z,2016-01,1.49
DATAFLOW,OECD.SDD.STES:DSD_KEI@DF_KEI(4.0),I,KOR,M,IRSTCI,PA,_Z,_Z,_Z,2016-02,1.49
DATAFLOW,OECD.SDD.STES:DSD_KEI@DF_KEI(4.0),I,KOR,M,IRSTCI,PA,_Z,_Z,_Z,2016-03,1.49
DATAFLOW,OECD.SDD.STES:DSD_KEI@DF_KEI(4.0),I,KOR,M,IRSTCI,PA,_Z,_Z,_Z,2016-04,1.49
DATAFLOW,OECD.SDD.STES:DSD_KEI@DF_KEI(4.0),I,KOR,M,IRSTCI,PA,_Z,_Z,_Z,2016-05,1.49
DATAFLOW,OECD.SDD.STES:DSD_KEI@DF_KEI(4.0),I,KOR,M,IRSTCI,PA,_Z,_Z,_Z,2016-06,1.28
DATAFLOW,OECD.SDD.STES:DSD_KEI@DF_KEI(4.0),I,KOR,M,IRSTCI,PA,_Z,_Z,_Z,2016-07,1.23
DATAFLOW,OECD.SDD.STES:DSD_KEI@DF_KEI(4.0),I,KOR,M,IRSTCI,PA,_Z,_Z,_Z,2016-08,1.23
DATAFLOW,OECD.SDD.STES:DSD_KEI@DF_KEI(4.0),I,KOR,M,IRSTCI,PA,_Z,_Z,_Z,2016-09,1.24
DATAFLOW,OECD.SDD.STES:DSD_KEI@DF_KEI(4.0),I,KOR,M,IRSTCI,PA,_Z,_Z,_Z,2016-10,1.23
DATAFLOW,OECD.SDD.STES:DSD_KEI@DF_KEI(4.0),I,KOR,M,IRSTCI,PA,_Z,_Z,_Z,2016-11,1.23
DATAFLOW,OECD.SDD.STES:DSD_KEI@DF_KEI(4.0),I,KOR,M,IRSTCI,PA,_Z,_Z,_Z,2016-12,1.22
DATAFLOW,OECD.SDD.STES:DSD_KEI@DF_KEI(4.0),I,KOR,M,IRSTCI,PA,_Z,_Z,_Z,2017-01,1.24
DATAFLOW,OECD.SDD.STES:DSD_KEI@DF_KEI(4.0),I,KOR,M,IRSTCI,PA,_Z,_Z,_Z,2017-02,1.23
DATAFLOW,OECD.SDD.STES:DSD_KEI@DF_KEI(4.0),I,KOR,M,IRSTCI,PA,_Z,_Z,_Z,2017-03,1.23
DATAFLOW,OECD.SDD.STES:DSD_KEI@DF_KEI(4.0),I,KOR,M,IRSTCI,PA,_Z,_Z,_Z,2017-04,1.23
DATAFLOW,OECD.SDD.STES:DSD_KEI@DF_KEI(4.0),I,KOR,M,IRSTCI,PA,_Z,_Z,_Z,2017-05,1.23
DATAFLOW,OECD.SDD.STES:DSD_KEI@DF_KEI(4.0),I,KOR,M,IRSTCI,PA,_Z,_Z,_Z,2017-06,1.24
DATAFLOW,OECD.SDD.STES:DSD_KEI@DF_KEI(4.0),I,KOR,M,IRSTCI,PA,_Z,_Z,_Z,2017-07,1.24
DATAFLOW,OECD.SDD.STES:DSD_KEI@DF_KEI(4.0),I,KOR,M,IRSTCI,PA,_Z,_Z,_Z,2017-08,1.23
DATAFLOW,OECD.SDD.STES:DSD_KEI@DF_KEI(4.0),I,KOR,M,IRSTCI,PA,_Z,_Z,_Z,2017-09,1.25
DATAFLOW,OECD.SDD.STES:DSD_KEI@DF_KEI(4.0),I,KOR,M,IRSTCI,PA,_Z,_Z,_Z,2017-10,1.24
DATAFLOW,OECD.SDD.STES:DSD_KEI@DF_KEI(4.0),I,KOR,M,IRSTCI,PA,_Z,_Z,_Z,2017-11,1.26
DATAFLOW,OECD.SDD.STES:DSD_KEI@DF_KEI(4.0),I,KOR,M,IRSTCI,PA,_Z,_Z,_Z,2017-12,1.51
DATAFLOW,OECD.SDD.STES:DSD_KEI@DF_KEI(4.0),I,KOR,M,IRSTCI,PA,_Z,_Z,_Z,2018-01,1.49
DATAFLOW,OECD.SDD.STES:DSD_KEI@DF_KEI(4.0),I,KOR,M,IRSTCI,PA,_Z,_Z,_Z,2018-02,1.49
DATAFLOW,OECD.SDD.STES:DSD_KEI@DF_KEI(4.0),I,KOR,M,IRSTCI,PA,_Z,_Z,_Z,2018-03,1.49
DATAFLOW,OECD.SDD.STES:DSD_KEI@DF_KEI(4.0),I,KOR,M,IRSTCI,PA,_Z,_Z,_Z,2018-04,1.47
DATAFLOW,OECD.SDD.STES:DSD_KEI@DF_KEI(4.0),I,KOR,M,IRSTCI,PA,_Z,_Z,_Z,2018-05,1.5
DATAFLOW,OECD.SDD.STES:DSD_KEI@DF_KEI(4.0),I,KOR,M,IRSTCI,PA,_Z,_Z,_Z,2018-06,1.49
DATAFLOW,OECD.SDD.STES:DSD_KEI@DF_KEI(4.0),I,KOR,M,IRSTCI,PA,_Z,_Z,_Z,2018-07,1.49
DATAFLOW,OECD.SDD.STES:DSD_KEI@DF_KEI(4.0),I,KOR,M,IRSTCI,PA,_Z,_Z,_Z,2018-08,1.5
DATAFLOW,OECD.SDD.STES:DSD_KEI@DF_KEI(4.0),I,KOR,M,IRSTCI,PA,_Z,_Z,_Z,2018-09,1.54
DATAFLOW,OECD.SDD.STES:DSD_KEI@DF_KEI(4.0),I,KOR,M,IRSTCI,PA,_Z,_Z,_Z,2018-10,1.52
DATAFLOW,OECD.SDD.STES:DSD_KEI@DF_KEI(4.0),I,KOR,M,IRSTCI,PA,_Z,_Z,_Z,2018-11,1.51
DATAFLOW,OECD.SDD.STES:DSD_KEI@DF_KEI(4.0),I,KOR,M,IRSTCI,PA,_Z,_Z,_Z,2018-12,1.77
DATAFLOW,OECD.SDD.STES:DSD_KEI@DF_KEI(4.0),I,KOR,M,IRSTCI,PA,_Z,_Z,_Z,2019-01,1.75
DATAFLOW,OECD.SDD.STES:DSD_KEI@DF_KEI(4.0),I,KOR,M,IRSTCI,PA,_Z,_Z,_Z,2019-02,1.76
DATAFLOW,OECD.SDD.STES:DSD_KEI@DF_KEI(4.0),I,KOR,M,IRSTCI,PA,_Z,_Z,_Z,2019-03,1.76
DATAFLOW,OECD.SDD.STES:DSD_KEI@DF_KEI(4.0),I,KOR,M,IRSTCI,PA,_Z,_Z,_Z,2019-04,1.75
DATAFLOW,OECD.SDD.STES:DSD_KEI@DF_KEI(4.0),I,KOR,M,IRSTCI,PA,_Z,_Z,_Z,2019-05,1.75
DATAFLOW,OECD.SDD.STES:DSD_KEI@DF_KEI(4.0),I,KOR,M,IRSTCI,PA,_Z,_Z,_Z,2019-06,1.76
DATAFLOW,OECD.SDD.STES:DSD_KEI@DF_KEI(4.0),I,KOR,M,IRSTCI,PA,_Z,_Z,_Z,2019-07,1.63
DATAFLOW,OECD.SDD.STES:DSD_KEI@DF_KEI(4.0),I,KOR,M,IRSTCI,PA,_Z,_Z,_Z,2019-08,1.51
DATAFLOW,OECD.SDD.STES:DSD_KEI@DF_KEI(4.0),I,KOR,M,IRSTCI,PA,_Z,_Z,_Z,2019-09,1.52
DATAFLOW,OECD.SDD.STES:DSD_KEI@DF_KEI(4.0),I,KOR,M,IRSTCI,PA,_Z,_Z,_Z,2019-10,1.35
DATAFLOW,OECD.SDD.STES:DSD_KEI@DF_KEI(4.0),I,KOR,M,IRSTCI,PA,_Z,_Z,_Z,2019-11,1.28
DATAFLOW,OECD.SDD.STES:DSD_KEI@DF_KEI(4.0),I,KOR,M,IRSTCI,PA,_Z,_Z,_Z,2019-12,1.28
DATAFLOW,OECD.SDD.STES:DSD_KEI@DF_KEI(4.0),I,KOR,M,IRSTCI,PA,_Z,_Z,_Z,2020-01,1.27
DATAFLOW,OECD.SDD.STES:DSD_KEI@DF_KEI(4.0),I,KOR,M,IRSTCI,PA,_Z,_Z,_Z,2020-02,1.24
DATAFLOW,OECD.SDD.STES:DSD_KEI@DF_KEI(4.0),I,KOR,M,IRSTCI,PA,_Z,_Z,_Z,2020-03,0.98
DATAFLOW,OECD.SDD.STES:DSD_KEI@DF_KEI(4.0),I,KOR,M,IRSTCI,PA,_Z,_Z,_Z,2020-04,0.74
DATAFLOW,OECD.SDD.STES:DSD_KEI@DF_KEI(4.0),I,KOR,M,IRSTCI,PA,_Z,_Z,_Z,2020-05,0.7
DATAFLOW,OECD.SDD.STES:DSD_KEI@DF_KEI(4.0),I,KOR,M,IRSTCI,PA,_Z,_Z,_Z,2020-06,0.48
DATAFLOW,OECD.SDD.STES:DSD_KEI@DF_KEI(4.0),I,KOR,M,IRSTCI,PA,_Z,_Z,_Z,2020-07,0.48
DATAFLOW,OECD.SDD.STES:DSD_KEI@DF_KEI(4.0),I,KOR,M,IRSTCI,PA,_Z,_Z,_Z,2020-08,0.5
DATAFLOW,OECD.SDD.STES:DSD_KEI@DF_KEI(4.0),I,KOR,M,IRSTCI,PA,_Z,_Z,_Z,2020-09,0.48
DATAFLOW,OECD.SDD.STES:DSD_KEI@DF_KEI(4.0),I,KOR,M,IRSTCI,PA,_Z,_Z,_Z,2020-10,0.51
DATAFLOW,OECD.SDD.STES:DSD_KEI@DF_KEI(4.0),I,KOR,M,IRSTCI,PA,_Z,_Z,_Z,2020-11,0.49
DATAFLOW,OECD.SDD.STES:DSD_KEI@DF_KEI(4.0),I,KOR,M,IRSTCI,PA,_Z,_Z,_Z,2020-12,0.51
DATAFLOW,OECD.SDD.STES:DSD_KEI@DF_KEI(4.0),I,KOR,M,IRSTCI,PA,_Z,_Z,_Z,2021-01,0.49
DATAFLOW,OECD.SDD.STES:DSD_KEI@DF_KEI(4.0),I,KOR,M,IRSTCI,PA,_Z,_Z,_Z,2021-02,0.49
DATAFLOW,OECD.SDD.STES:DSD_KEI@DF_KEI(4.0),I,KOR,M,IRSTCI,PA,_Z,_Z,_Z,2021-03,0.49
DATAFLOW,OECD.SDD.STES:DSD_KEI@DF_KEI(4.0),I,KOR,M,IRSTCI,PA,_Z,_Z,_Z,2021-04,0.48
DATAFLOW,OECD.SDD.STES:DSD_KEI@DF_KEI(4.0),I,KOR,M,IRSTCI,PA,_Z,_Z,_Z,2021-05,0.48
DATAFLOW,OECD.SDD.STES:DSD_KEI@DF_KEI(4.0),I,KOR,M,IRSTCI,PA,_Z,_Z,_Z,2021-06,0.51
DATAFLOW,OECD.SDD.STES:DSD_KEI@DF_KEI(4.0),I,KOR,M,IRSTCI,PA,_Z,_Z,_Z,2021-07,0.53
DATAFLOW,OECD.SDD.STES:DSD_KEI@DF_KEI(4.0),I,KOR,M,IRSTCI,PA,_Z,_Z,_Z,2021-08,0.56
DATAFLOW,OECD.SDD.STES:DSD_KEI@DF_KEI(4.0),I,KOR,M,IRSTCI,PA,_Z,_Z,_Z,2021-09,0.77
DATAFLOW,OECD.SDD.STES:DSD_KEI@DF_KEI(4.0),I,KOR,M,IRSTCI,PA,_Z,_Z,_Z,2021-10,0.74
DATAFLOW,OECD.SDD.STES:DSD_KEI@DF_KEI(4.0),I,KOR,M,IRSTCI,PA,_Z,_Z,_Z,2021-11,0.796
DATAFLOW,OECD.SDD.STES:DSD_KEI@DF_KEI(4.0),I,KOR,M,IRSTCI,PA,_Z,_Z,_Z,2021-12,1.012
DATAFLOW,OECD.SDD.STES:DSD_KEI@DF_KEI(4.0),I,KOR,M,IRSTCI,PA,_Z,_Z,_Z,2022-01,1.188
DATAFLOW,OECD.SDD.STES:DSD_KEI@DF_KEI(4.0),I,KOR,M,IRSTCI,PA,_Z,_Z,_Z,2022-02,1.219
DATAFLOW,OECD.SDD.STES:DSD_KEI@DF_KEI(4.0),I,KOR,M,IRSTCI,PA,_Z,_Z,_Z,2022-03,1.244
DATAFLOW,OECD.SDD.STES:DSD_KEI@DF_KEI(4.0),I,KOR,M,IRSTCI,PA,_Z,_Z,_Z,2022-04,1.299
DATAFLOW,OECD.SDD.STES:DSD_KEI@DF_KEI(4.0),I,KOR,M,IRSTCI,PA,_Z,_Z,_Z,2022-05,1.505
DATAFLOW,OECD.SDD.STES:DSD_KEI@DF_KEI(4.0),I,KOR,M,IRSTCI,PA,_Z,_Z,_Z,2022-06,1.745
DATAFLOW,OECD.SDD.STES:DSD_KEI@DF_KEI(4.0),I,KOR,M,IRSTCI,PA,_Z,_Z,_Z,2022-07,1.971
DATAFLOW,OECD.SDD.STES:DSD_KEI@DF_KEI(4.0),I,KOR,M,IRSTCI,PA,_Z,_Z,_Z,2022-08,2.263
DATAFLOW,OECD.SDD.STES:DSD_KEI@DF_KEI(4.0),I,KOR,M,IRSTCI,PA,_Z,_Z,_Z,2022-09,2.533
DATAFLOW,OECD.SDD.STES:DSD_KEI@DF_KEI(4.0),I,KOR,M,IRSTCI,PA,_Z,_Z,_Z,2022-10,2.959
DATAFLOW,OECD.SDD.STES:DSD_KEI@DF_KEI(4.0),I,KOR,M,IRSTCI,PA,_Z,_Z,_Z,2022-11,3.096
DATAFLOW,OECD.SDD.STES:DSD_KEI@DF_KEI(4.0),I,KOR,M,IRSTCI,PA,_Z,_Z,_Z,2022-12,3.235
DATAFLOW,OECD.SDD.STES:DSD_KEI@DF_KEI(4.0),I,KOR,M,IRSTCI,PA,_Z,_Z,_Z,2023-01,3.269
DATAFLOW,OECD.SDD.STES:DSD_KEI@DF_KEI(4.0),I,KOR,M,IRSTCI,PA,_Z,_Z,_Z,2023-02,3.425
DATAFLOW,OECD.SDD.STES:DSD_KEI@DF_KEI(4.0),I,KOR,M,IRSTCI,PA,_Z,_Z,_Z,2023-03,3.425
DATAFLOW,OECD.SDD.STES:DSD_KEI@DF_KEI(4.0),I,KOR,M,IRSTCI,PA,_Z,_Z,_Z,2007-08,4.92
DATAFLOW,OECD.SDD.STES:DSD_KEI@DF_KEI(4.0),I,KOR,M,IRSTCI,PA,_Z,_Z,_Z,2007-09,4.98
DATAFLOW,OECD.SDD.STES:DSD_KEI@DF_KEI(4.0),I,KOR,M,IRSTCI,PA,_Z,_Z,_Z,2007-10,5.0
DATAFLOW,OECD.SDD.STES:DSD_KEI@DF_KEI(4.0),I,KOR,M,IRSTCI,PA,_Z,_Z,_Z,2007-11,5.0
DATAFLOW,OECD.SDD.STES:DSD_KEI@DF_KEI(4.0),I,KOR,M,IRSTCI,PA,_Z,_Z,_Z,2007-12,4.99
DATAFLOW,OECD.SDD.STES:DSD_KEI@DF_KEI(4.0),I,KOR,M,IRSTCI,PA,_Z,_Z,_Z,2008-01,4.99
DATAFLOW,OECD.SDD.STES:DSD_KEI@DF_KEI(4.0),I,KOR,M,IRSTCI,PA,_Z,_Z,_Z,2008-02,4.97
DATAFLOW,OECD.SDD.STES:DSD_KEI@DF_KEI(4.0),I,CAN,M,IR3TIB,PA,_Z,_Z,_Z,2015-11,0.4525
DATAFLOW,OECD.SDD.STES:DSD_KEI@DF_KEI(4.0),I,CAN,M,IR3TIB,PA,_Z,_Z,_Z,2015-10,0.4025
DATAFLOW,OECD.SDD.STES:DSD_KEI@DF_KEI(4.0),I,CAN,M,IR3TIB,PA,_Z,_Z,_Z,2015-09,0.4
DATAFLOW,OECD.SDD.STES:DSD_KEI@DF_KEI(4.0),I,CAN,M,IR3TIB,PA,_Z,_Z,_Z,2015-08,0.385
DATAFLOW,OECD.SDD.STES:DSD_KEI@DF_KEI(4.0),I,CAN,M,IR3TIB,PA,_Z,_Z,_Z,2015-07,0.47
DATAFLOW,OECD.SDD.STES:DSD_KEI@DF_KEI(4.0),I,CAN,M,IR3TIB,PA,_Z,_Z,_Z,2015-06,0.61
DATAFLOW,OECD.SDD.STES:DSD_KEI@DF_KEI(4.0),I,CAN,M,IR3TIB,PA,_Z,_Z,_Z,2015-05,0.6575
DATAFLOW,OECD.SDD.STES:DSD_KEI@DF_KEI(4.0),I,CAN,M,IR3TIB,PA,_Z,_Z,_Z,2015-04,0.618
DATAFLOW,OECD.SDD.STES:DSD_KEI@DF_KEI(4.0),I,CAN,M,IR3TIB,PA,_Z,_Z,_Z,2015-03,0.5525
DATAFLOW,OECD.SDD.STES:DSD_KEI@DF_KEI(4.0),I,CAN,M,IR3TIB,PA,_Z,_Z,_Z,2015-02,0.5325
DATAFLOW,OECD.SDD.STES:DSD_KEI@DF_KEI(4.0),I,CAN,M,IR3TIB,PA,_Z,_Z,_Z,2015-01,0.765
DATAFLOW,OECD.SDD.STES:DSD_KEI@DF_KEI(4.0),I,CAN,M,IR3TIB,PA,_Z,_Z,_Z,2014-12,0.902
DATAFLOW,OECD.SDD.STES:DSD_KEI@DF_KEI(4.0),I,CAN,M,IR3TIB,PA,_Z,_Z,_Z,2014-11,0.9025
DATAFLOW,OECD.SDD.STES:DSD_KEI@DF_KEI(4.0),I,CAN,M,IR3TIB,PA,_Z,_Z,_Z,2014-10,0.894
DATAFLOW,OECD.SDD.STES:DSD_KEI@DF_KEI(4.0),I,CAN,M,IR3TIB,PA,_Z,_Z,_Z,2014-09,0.9275
DATAFLOW,OECD.SDD.STES:DSD_KEI@DF_KEI(4.0),I,CAN,M,IR3TIB,PA,_Z,_Z,_Z,2014-08,0.95
DATAFLOW,OECD.SDD.STES:DSD_KEI@DF_KEI(4.0),I,CAN,M,IR3TIB,PA,_Z,_Z,_Z,2014-07,0.948
DATAFLOW,OECD.SDD.STES:DSD_KEI@DF_KEI(4.0),I,CAN,M,IR3TIB,PA,_Z,_Z,_Z,2014-06,0.935
DATAFLOW,OECD.SDD.STES:DSD_KEI@DF_KEI(4.0),I,CAN,M,IR3TIB,PA,_Z,_Z,_Z,2014-05,0.925
DATAFLOW,OECD.SDD.STES:DSD_KEI@DF_KEI(4.0),I,CAN,M,IR3TIB,PA,_Z,_Z,_Z,2014-04,0.926
DATAFLOW,OECD.SDD.STES:DSD_KEI@DF_KEI(4.0),I,CAN,M,IR3TIB,PA,_Z,_Z,_Z,2014-03,0.8425
DATAFLOW,OECD.SDD.STES:DSD_KEI@DF_KEI(4.0),I,CAN,M,IR3TIB,PA,_Z,_Z,_Z,2014-02,0.87
DATAFLOW,OECD.SDD.STES:DSD_KEI@DF_KEI(4.0),I,CAN,M,IR3TIB,PA,_Z,_Z,_Z,2014-01,0.894
DATAFLOW,OECD.SDD.STES:DSD_KEI@DF_KEI(4.0),I,CAN,M,IR3TIB,PA,_Z,_Z,_Z,2013-12,0.9175
DATAFLOW,OECD.SDD.STES:DSD_KEI@DF_KEI(4.0),I,CAN,M,IR3TIB,PA,_Z,_Z,_Z,2013-11,0.925
DATAFLOW,OECD.SDD.STES:DSD_KEI@DF_KEI(4.0),I,CAN,M,IR3TIB,PA,_Z,_Z,_Z,2013-10,0.924
DATAFLOW,OECD.SDD.STES:DSD_KEI@DF_KEI(4.0),I,CAN,M,IR3TIB,PA,_Z,_Z,_Z,2013-09,0.9875
DATAFLOW,OECD.SDD.STES:DSD_KEI@DF_KEI(4.0),I,CAN,M,IR3TIB,PA,_Z,_Z,_Z,2013-08,0.9925
DATAFLOW,OECD.SDD.STES:DSD_KEI@DF_KEI(4.0),I,CAN,M,IR3TIB,PA,_Z,_Z,_Z,2013-07,1.012
DATAFLOW,OECD.SDD.STES:DSD_KEI@DF_KEI(4.0),I,CAN,M,IR3TIB,PA,_Z,_Z,_Z,2013-06,1.025
DATAFLOW,OECD.SDD.STES:DSD_KEI@DF_KEI(4.0),I,CAN,M,IR3TIB,PA,_Z,_Z,_Z,2013-05,0.998
DATAFLOW,OECD.SDD.STES:DSD_KEI@DF_KEI(4.0),I,CAN,M,IR3TIB,PA,_Z,_Z,_Z,2013-04,0.9825
DATAFLOW,OECD.SDD.STES:DSD_KEI@DF_KEI(4.0),I,CAN,M,IR3TIB,PA,_Z,_Z,_Z,2013-03,0.9625
DATAFLOW,OECD.SDD.STES:DSD_KEI@DF_KEI(4.0),I,CAN,M,IR3TIB,PA,_Z,_Z,_Z,2013-02,0.9475
DATAFLOW,OECD.SDD.STES:DSD_KEI@DF_KEI(4.0),I,CAN,M,IR3TIB,PA,_Z,_Z,_Z,2013-01,0.92
DATAFLOW,OECD.SDD.STES:DSD_KEI@DF_KEI(4.0),I,CAN,M,IR3TIB,PA,_Z,_Z,_Z,2012-12,0.945
DATAFLOW,OECD.SDD.STES:DSD_KEI@DF_KEI(4.0),I,CAN,M,IR3TIB,PA,_Z,_Z,_Z,2012-11,0.97
DATAFLOW,OECD.SDD.STES:DSD_KEI@DF_KEI(4.0),I,CAN,M,IR3TIB,PA,_Z,_Z,_Z,2012-10,0.976
DATAFLOW,OECD.SDD.STES:DSD_KEI@DF_KEI(4.0),I,CAN,M,IR3TIB,PA,_Z,_Z,_Z,2012-09,1.0075
DATAFLOW,OECD.SDD.STES:DSD_KEI@DF_KEI(4.0),I,CAN,M,IR3TIB,PA,_Z,_Z,_Z,2012-08,1.002
DATAFLOW,OECD.SDD.STES:DSD_KEI@DF_KEI(4.0),I,CAN,M,IR3TIB,PA,_Z,_Z,_Z,2012-07,0.8875
DATAFLOW,OECD.SDD.STES:DSD_KEI@DF_KEI(4.0),I,CAN,M,IR3TIB,PA,_Z,_Z,_Z,2012-06,0.8825
DATAFLOW,OECD.SDD.STES:DSD_KEI@DF_KEI(4.0),I,CAN,M,IR3TIB,PA,_Z,_Z,_Z,2012-05,0.988
DATAFLOW,OECD.SDD.STES:DSD_KEI@DF_KEI(4.0),I,CAN,M,IR3TIB,PA,_Z,_Z,_Z,2012-04,0.9825
DATAFLOW,OECD.SDD.STES:DSD_KEI@DF_KEI(4.0),I,CAN,M,IR3TIB,PA,_Z,_Z,_Z,2012-03,0.915
DATAFLOW,OECD.SDD.STES:DSD_KEI@DF_KEI(4.0),I,CAN,M,IR3TIB,PA,_Z,_Z,_Z,2012-02,0.918
DATAFLOW,OECD.SDD.STES:DSD_KEI@DF_KEI(4.0),I,CAN,M,IR3TIB,PA,_Z,_Z,_Z,2012-01,0.825
DATAFLOW,OECD.SDD.STES:DSD_KEI@DF_KEI(4.0),I,CAN,M,IR3TIB,PA,_Z,_Z,_Z,2011-12,0.83
DATAFLOW,OECD.SDD.STES:DSD_KEI@DF_KEI(4.0),I,CAN,M,IR3TIB,PA,_Z,_Z,_Z,2011-11,0.882
DATAFLOW,OECD.SDD.STES:DSD_KEI@DF_KEI(4.0),I,CAN,M,IR3TIB,PA,_Z,_Z,_Z,2011-10,0.8625
DATAFLOW,OECD.SDD.STES:DSD_KEI@DF_KEI(4.0),I,CAN,M,IR3TIB,PA,_Z,_Z,_Z,2011-09,0.8725
DATAFLOW,OECD.SDD.STES:DSD_KEI@DF_KEI(4.0),I,CAN,M,IR3TIB,PA,_Z,_Z,_Z,2011-08,0.874
DATAFLOW,OECD.SDD.STES:DSD_KEI@DF_KEI(4.0),I,CAN,M,IR3TIB,PA,_Z,_Z,_Z,2011-07,0.9225
DATAFLOW,OECD.SDD.STES:DSD_KEI@DF_KEI(4.0),I,CAN,M,IR3TIB,PA,_Z,_Z,_Z,2011-06,0.928
DATAFLOW,OECD.SDD.STES:DSD_KEI@DF_KEI(4.0),I,CAN,M,IR3TIB,PA,_Z,_Z,_Z,2011-05,0.9625
DATAFLOW,OECD.SDD.STES:DSD_KEI@DF_KEI(4.0),I,CAN,M,IR3TIB,PA,_Z,_Z,_Z,2011-04,0.965
DATAFLOW,OECD.SDD.STES:DSD_KEI@DF_KEI(4.0),I,CAN,M,IR3TIB,PA,_Z,_Z,_Z,2011-03,0.926
DATAFLOW,OECD.SDD.STES:DSD_KEI@DF_KEI(4.0),I,CAN,M,IR3TIB,PA,_Z,_Z,_Z,2011-02,0.9525
DATAFLOW,OECD.SDD.STES:DSD_KEI@DF_KEI(4.0),I,CAN,M,IR3TIB,PA,_Z,_Z,_Z,2011-01,0.9625
DATAFLOW,OECD.SDD.STES:DSD_KEI@DF_KEI(4.0),I,CAN,M,IR3TIB,PA,_Z,_Z,_Z,2010-12,0.994
DATAFLOW,OECD.SDD.STES:DSD_KEI@DF_KEI(4.0),I,CAN,M,IR3TIB,PA,_Z,_Z,_Z,2010-11,0.9525
DATAFLOW,OECD.SDD.STES:DSD_KEI@DF_KEI(4.0),I,CAN,M,IR3TIB,PA,_Z,_Z,_Z,2010-10,0.895
DATAFLOW,OECD.SDD.STES:DSD_KEI@DF_KEI(4.0),I,CAN,M,IR3TIB,PA,_Z,_Z,_Z,2010-09,0.85
DATAFLOW,OECD.SDD.STES:DSD_KEI@DF_KEI(4.0),I,CAN,M,IR3TIB,PA,_Z,_Z,_Z,2010-08,0.66
DATAFLOW,OECD.SDD.STES:DSD_KEI@DF_KEI(4.0),I,CAN,M,IR3TIB,PA,_Z,_Z,_Z,2010-07,0.575
DATAFLOW,OECD.SDD.STES:DSD_KEI@DF_KEI(4.0),I,CAN,M,IR3TIB,PA,_Z,_Z,_Z,2010-06,0.522
DATAFLOW,OECD.SDD.STES:DSD_KEI@DF_KEI(4.0),I,CAN,M,IR3TIB,PA,_Z,_Z,_Z,2010-05,0.39
DATAFLOW,OECD.SDD.STES:DSD_KEI@DF_KEI(4.0),I,CAN,M,IR3TIB,PA,_Z,_Z,_Z,2010-04,0.3375
DATAFLOW,OECD.SDD.STES:DSD_KEI@DF_KEI(4.0),I,CAN,M,IR3TIB,PA,_Z,_Z,_Z,2010-03,0.228
DATAFLOW,OECD.SDD.STES:DSD_KEI@DF_KEI(4.0),I,CAN,M,IR3TIB,PA,_Z,_Z,_Z,2010-02,0.165
DATAFLOW,OECD.SDD.STES:DSD_KEI@DF_KEI(4.0),I,CAN,M,IR3TIB,PA,_Z,_Z,_Z,2010-01,0.1725
DATAFLOW,OECD.SDD.STES:DSD_KEI@DF_KEI(4.0),I,CAN,M,IR3TIB,PA,_Z,_Z,_Z,2009-12,0.198
DATAFLOW,OECD.SDD.STES:DSD_KEI@DF_KEI(4.0),I,CAN,M,IR3TIB,PA,_Z,_Z,_Z,2009-11,0.215
DATAFLOW,OECD.SDD.STES:DSD_KEI@DF_KEI(4.0),I,CAN,M,IR3TIB,PA,_Z,_Z,_Z,2009-10,0.215
DATAFLOW,OECD.SDD.STES:DSD_KEI@DF_KEI(4.0),I,CAN,M,IR3TIB,PA,_Z,_Z,_Z,2009-09,0.22
DATAFLOW,OECD.SDD.STES:DSD_KEI@DF_KEI(4.0),I,CAN,M,IRSTCI,PA,_Z,_Z,_Z,2023-10,5.001845
DATAFLOW,OECD.SDD.STES:DSD_KEI@DF_KEI(4.0),I,CAN,M,IRSTCI,PA,_Z,_Z,_Z,2023-09,4.991785
DATAFLOW,OECD.SDD.STES:DSD_KEI@DF_KEI(4.0),I,CAN,M,IRSTCI,PA,_Z,_Z,_Z,2023-07,4.90389
DATAFLOW,OECD.SDD.STES:DSD_KEI@DF_KEI(4.0),I,CAN,M,IRSTCI,PA,_Z,_Z,_Z,2022-11,3.74122380952381
DATAFLOW,OECD.SDD.STES:DSD_KEI@DF_KEI(4.0),I,CAN,M,IRSTCI,PA,_Z,_Z,_Z,2022-05,0.947242857142857
DATAFLOW,OECD.SDD.STES:DSD_KEI@DF_KEI(4.0),I,CAN,M,IRSTCI,PA,_Z,_Z,_Z,2022-01,0.175935
DATAFLOW,OECD.SDD.STES:DSD_KEI@DF_KEI(4.0),I,CAN,M,IRLT,PA,_Z,_Z,_Z,2023-09,3.816
DATAFLOW,OECD.SDD.STES:DSD_KEI@DF_KEI(4.0),I,CAN,M,IRLT,PA,_Z,_Z,_Z,2022-12,2.9415
DATAFLOW,OECD.SDD.STES:DSD_KEI@DF_KEI(4.0),I,CAN,M,IRLT,PA,_Z,_Z,_Z,2022-01,1.759
DATAFLOW,OECD.SDD.STES:DSD_KEI@DF_KEI(4.0),I,CAN,M,IRLT,PA,_Z,_Z,_Z,2021-12,1.45
DATAFLOW,OECD.SDD.STES:DSD_KEI@DF_KEI(4.0),I,CAN,M,IRLT,PA,_Z,_Z,_Z,2021-10,1.597
DATAFLOW,OECD.SDD.STES:DSD_KEI@DF_KEI(4.0),I,CAN,M,IRLT,PA,_Z,_Z,_Z,2021-09,1.263
DATAFLOW,OECD.SDD.STES:DSD_KEI@DF_KEI(4.0),I,CAN,M,IRLT,PA,_Z,_Z,_Z,2021-05,1.524
DATAFLOW,OECD.SDD.STES:DSD_KEI@DF_KEI(4.0),I,CAN,M,IRLT,PA,_Z,_Z,_Z,2021-01,0.8055
DATAFLOW,OECD.SDD.STES:DSD_KEI@DF_KEI(4.0),I,CAN,M,IRLT,PA,_Z,_Z,_Z,2020-11,0.6885
DATAFLOW,OECD.SDD.STES:DSD_KEI@DF_KEI(4.0),I,CAN,M,IRLT,PA,_Z,_Z,_Z,2020-08,0.5635
DATAFLOW,OECD.SDD.STES:DSD_KEI@DF_KEI(4.0),I,CAN,M,IRLT,PA,_Z,_Z,_Z,2019-09,1.364
DATAFLOW,OECD.SDD.STES:DSD_KEI@DF_KEI(4.0),I,CAN,M,IRLT,PA,_Z,_Z,_Z,2019-06,1.4625
DATAFLOW,OECD.SDD.STES:DSD_KEI@DF_KEI(4.0),I,CAN,M,IRLT,PA,_Z,_Z,_Z,2017-09,2.0495
DATAFLOW,OECD.SDD.STES:DSD_KEI@DF_KEI(4.0),I,CAN,M,IRLT,PA,_Z,_Z,_Z,2017-07,1.908
DATAFLOW,OECD.SDD.STES:DSD_KEI@DF_KEI(4.0),I,CAN,M,IRLT,PA,_Z,_Z,_Z,2016-12,1.732
DATAFLOW,OECD.SDD.STES:DSD_KEI@DF_KEI(4.0),I,CAN,M,IRLT,PA,_Z,_Z,_Z,2016-07,1.051
DATAFLOW,OECD.SDD.STES:DSD_KEI@DF_KEI(4.0),I,CAN,M,IRLT,PA,_Z,_Z,_Z,2016-05,1.35
DATAFLOW,OECD.SDD.STES:DSD_KEI@DF_KEI(4.0),I,CAN,M,IRLT,PA,_Z,_Z,_Z,2016-01,1.258
DATAFLOW,OECD.SDD.STES:DSD_KEI@DF_KEI(4.0),I,CAN,M,IRLT,PA,_Z,_Z,_Z,2015-08,1.3915
DATAFLOW,OECD.SDD.STES:DSD_KEI@DF_KEI(4.0),I,CAN,M,IRLT,PA,_Z,_Z,_Z,2013-11,2.5585
DATAFLOW,OECD.SDD.STES:DSD_KEI@DF_KEI(4.0),I,CAN,M,IRLT,PA,_Z,_Z,_Z,2013-09,2.698
DATAFLOW,OECD.SDD.STES:DSD_KEI@DF_KEI(4.0),I,CAN,M,IRLT,PA,_Z,_Z,_Z,2013-06,2.2445
DATAFLOW,OECD.SDD.STES:DSD_KEI@DF_KEI(4.0),I,CAN,M,IRLT,PA,_Z,_Z,_Z,2012-04,2.0645
DATAFLOW,OECD.SDD.STES:DSD_KEI@DF_KEI(4.0),I,CAN,M,IRLT,PA,_Z,_Z,_Z,2012-02,2.021
DATAFLOW,OECD.SDD.STES:DSD_KEI@DF_KEI(4.0),I,CAN,M,IRLT,PA,_Z,_Z,_Z,2012-01,1.98
DATAFLOW,OECD.SDD.STES:DSD_KEI@DF_KEI(4.0),I,CAN,M,IRLT,PA,_Z,_Z,_Z,2011-01,3.253
DATAFLOW,OECD.SDD.STES:DSD_KEI@DF_KEI(4.0),I,CAN,M,IRLT,PA,_Z,_Z,_Z,2010-10,2.766
DATAFLOW,OECD.SDD.STES:DSD_KEI@DF_KEI(4.0),I,CAN,M,IRLT,PA,_Z,_Z,_Z,2010-05,3.4455
DATAFLOW,OECD.SDD.STES:DSD_KEI@DF_KEI(4.0),I,CAN,M,IRLT,PA,_Z,_Z,_Z,2009-08,3.4645
DATAFLOW,OECD.SDD.STES:DSD_KEI@DF_KEI(4.0),I,CAN,M,IRLT,PA,_Z,_Z,_Z,2008-08,3.5915
DATAFLOW,OECD.SDD.STES:DSD_KEI@DF_KEI(4.0),I,CAN,M,IRLT,PA,_Z,_Z,_Z,2008-06,3.76
DATAFLOW,OECD.SDD.STES:DSD_KEI@DF_KEI(4.0),I,CAN,M,IRLT,PA,_Z,_Z,_Z,2007-07,4.59
DATAFLOW,OECD.SDD.STES:DSD_KEI@DF_KEI(4.0),I,CAN,M,IRLT,PA,_Z,_Z,_Z,2007-04,4.1715
DATAFLOW,OECD.SDD.STES:DSD_KEI@DF_KEI(4.0),I,CAN,M,IRLT,PA,_Z,_Z,_Z,2007-02,4.1175
DATAFLOW,OECD.SDD.STES:DSD_KEI@DF_KEI(4.0),I,CAN,M,IRLT,PA,_Z,_Z,_Z,2026-01,3.4015
DATAFLOW,OECD.SDD.STES:DSD_KEI@DF_KEI(4.0),I,CAN,M,IRLT,PA,_Z,_Z,_Z,2025-11,3.18428571428571
DATAFLOW,OECD.SDD.STES:DSD_KEI@DF_KEI(4.0),I,KOR,M,IRSTCI,PA,_Z,_Z,_Z,2009-04,1.8
DATAFLOW,OECD.SDD.STES:DSD_KEI@DF_KEI(4.0),I,KOR,M,IRSTCI,PA,_Z,_Z,_Z,2009-05,1.91
DATAFLOW,OECD.SDD.STES:DSD_KEI@DF_KEI(4.0),I,KOR,M,IRSTCI,PA,_Z,_Z,_Z,2009-06,1.93
DATAFLOW,OECD.SDD.STES:DSD_KEI@DF_KEI(4.0),I,KOR,M,IRSTCI,PA,_Z,_Z,_Z,2009-07,1.93
DATAFLOW,OECD.SDD.STES:DSD_KEI@DF_KEI(4.0),I,KOR,M,IRSTCI,PA,_Z,_Z,_Z,2009-08,1.98
DATAFLOW,OECD.SDD.STES:DSD_KEI@DF_KEI(4.0),I,KOR,M,IRSTCI,PA,_Z,_Z,_Z,2009-09,1.99
DATAFLOW,OECD.SDD.STES:DSD_KEI@DF_KEI(4.0),I,KOR,M,IRSTCI,PA,_Z,_Z,_Z,2011-02,2.75
DATAFLOW,OECD.SDD.STES:DSD_KEI@DF_KEI(4.0),I,KOR,M,IRSTCI,PA,_Z,_Z,_Z,2011-03,2.92
DATAFLOW,OECD.SDD.STES:DSD_KEI@DF_KEI(4.0),I,KOR,M,IRSTCI,PA,_Z,_Z,_Z,2011-04,3.01
DATAFLOW,OECD.SDD.STES:DSD_KEI@DF_KEI(4.0),I,KOR,M,IRSTCI,PA,_Z,_Z,_Z,2011-05,3.02
DATAFLOW,OECD.SDD.STES:DSD_KEI@DF_KEI(4.0),I,KOR,M,IRSTCI,PA,_Z,_Z,_Z,2011-06,3.2
DATAFLOW,OECD.SDD.STES:DSD_KEI@DF_KEI(4.0),I,KOR,M,IRSTCI,PA,_Z,_Z,_Z,2011-07,3.26
DATAFLOW,OECD.SDD.STES:DSD_KEI@DF_KEI(4.0),I,KOR,M,IRSTCI,PA,_Z,_Z,_Z,2011-08,3.25
DATAFLOW,OECD.SDD.STES:DSD_KEI@DF_KEI(4.0),I,KOR,M,IRSTCI,PA,_Z,_Z,_Z,2011-09,3.25
DATAFLOW,OECD.SDD.STES:DSD_KEI@DF_KEI(4.0),I,KOR,M,IRSTCI,PA,_Z,_Z,_Z,2011-10,3.24
DATAFLOW,OECD.SDD.STES:DSD_KEI@DF_KEI(4.0),I,KOR,M,IRSTCI,PA,_Z,_Z,_Z,2011-11,3.26
DATAFLOW,OECD.SDD.STES:DSD_KEI@DF_KEI(4.0),I,KOR,M,IRSTCI,PA,_Z,_Z,_Z,2011-12,3.26
DATAFLOW,OECD.SDD.STES:DSD_KEI@DF_KEI(4.0),I,KOR,M,IRSTCI,PA,_Z,_Z,_Z,2012-01,3.26
DATAFLOW,OECD.SDD.STES:DSD_KEI@DF_KEI(4.0),I,KOR,M,IRSTCI,PA,_Z,_Z,_Z,2012-02,3.25
DATAFLOW,OECD.SDD.STES:DSD_KEI@DF_KEI(4.0),I,KOR,M,IRSTCI,PA,_Z,_Z,_Z,2012-03,3.25
DATAFLOW,OECD.SDD.STES:DSD_KEI@DF_KEI(4.0),I,KOR,M,IRSTCI,PA,_Z,_Z,_Z,2012-04,3.25
DATAFLOW,OECD.SDD.STES:DSD_KEI@DF_KEI(4.0),I,CAN,M,IR3TIB,PA,_Z,_Z,_Z,2021-05,0.0975
DATAFLOW,OECD.SDD.STES:DSD_KEI@DF_KEI(4.0),I,CAN,M,IR3TIB,PA,_Z,_Z,_Z,2021-04,0.0925
DATAFLOW,OECD.SDD.STES:DSD_KEI@DF_KEI(4.0),I,CAN,M,IR3TIB,PA,_Z,_Z,_Z,2021-03,0.106
DATAFLOW,OECD.SDD.STES:DSD_KEI@DF_KEI(4.0),I,CAN,M,IR3TIB,PA,_Z,_Z,_Z,2021-02,0.0825
DATAFLOW,OECD.SDD.STES:DSD_KEI@DF_KEI(4.0),I,CAN,M,IR3TIB,PA,_Z,_Z,_Z,2021-01,0.0575
DATAFLOW,OECD.SDD.STES:DSD_KEI@DF_KEI(4.0),I,CAN,M,IRLT,PA,_Z,_Z,_Z,2024-07,3.40772727272727
DATAFLOW,OECD.SDD.STES:DSD_KEI@DF_KEI(4.0),I,CAN,M,IRLT,PA,_Z,_Z,_Z,2024-06,3.3915
DATAFLOW,OECD.SDD.STES:DSD_KEI@DF_KEI(4.0),I,CAN,M,IRLT,PA,_Z,_Z,_Z,2024-05,3.64181818181818
DATAFLOW,OECD.SDD.STES:DSD_KEI@DF_KEI(4.0),I,CAN,M,IRLT,PA,_Z,_Z,_Z,2024-04,3.69590909090909
DATAFLOW,OECD.SDD.STES:DSD_KEI@DF_KEI(4.0),I,CAN,M,IRLT,PA,_Z,_Z,_Z,2024-01,3.34636363636364
DATAFLOW,OECD.SDD.STES:DSD_KEI@DF_KEI(4.0),I,CAN,M,IRLT,PA,_Z,_Z,_Z,2023-12,3.23421052631579
DATAFLOW,OECD.SDD.STES:DSD_KEI@DF_KEI(4.0),I,CAN,M,IRLT,PA,_Z,_Z,_Z,2023-11,3.71095238095238
DATAFLOW,OECD.SDD.STES:DSD_KEI@DF_KEI(4.0),I,CAN,M,IRLT,PA,_Z,_Z,_Z,2023-10,4.062
DATAFLOW,OECD.SDD.STES:DSD_KEI@DF_KEI(4.0),I,CAN,M,IRLT,PA,_Z,_Z,_Z,2023-08,3.65409090909091
DATAFLOW,OECD.SDD.STES:DSD_KEI@DF_KEI(4.0),I,CAN,M,IRLT,PA,_Z,_Z,_Z,2023-07,3.452
DATAFLOW,OECD.SDD.STES:DSD_KEI@DF_KEI(4.0),I,CAN,M,IRLT,PA,_Z,_Z,_Z,2023-06,3.33818181818182
DATAFLOW,OECD.SDD.STES:DSD_KEI@DF_KEI(4.0),I,CAN,M,IRLT,PA,_Z,_Z,_Z,2023-05,3.04545454545455
DATAFLOW,OECD.SDD.STES:DSD_KEI@DF_KEI(4.0),I,CAN,M,IRLT,PA,_Z,_Z,_Z,2023-03,2.99347826086957
DATAFLOW,OECD.SDD.STES:DSD_KEI@DF_KEI(4.0),I,CAN,M,IRLT,PA,_Z,_Z,_Z,2023-02,3.17421052631579
DATAFLOW,OECD.SDD.STES:DSD_KEI@DF_KEI(4.0),I,CAN,M,IRLT,PA,_Z,_Z,_Z,2023-01,2.93761904761905
DATAFLOW,OECD.SDD.STES:DSD_KEI@DF_KEI(4.0),I,CAN,M,IRLT,PA,_Z,_Z,_Z,2022-11,3.16619047619048
DATAFLOW,OECD.SDD.STES:DSD_KEI@DF_KEI(4.0),I,CAN,M,IRLT,PA,_Z,_Z,_Z,2022-08,2.85909090909091
DATAFLOW,OECD.SDD.STES:DSD_KEI@DF_KEI(4.0),I,CAN,M,IRLT,PA,_Z,_Z,_Z,2022-06,3.31545454545455
DATAFLOW,OECD.SDD.STES:DSD_KEI@DF_KEI(4.0),I,CAN,M,IRLT,PA,_Z,_Z,_Z,2022-05,2.91857142857143
DATAFLOW,OECD.SDD.STES:DSD_KEI@DF_KEI(4.0),I,CAN,M,IRLT,PA,_Z,_Z,_Z,2022-04,2.704
DATAFLOW,OECD.SDD.STES:DSD_KEI@DF_KEI(4.0),I,CAN,M,IRLT,PA,_Z,_Z,_Z,2022-03,2.13217391304348
DATAFLOW,OECD.SDD.STES:DSD_KEI@DF_KEI(4.0),I,CAN,M,IRLT,PA,_Z,_Z,_Z,2022-02,1.87947368421053
DATAFLOW,OECD.SDD.STES:DSD_KEI@DF_KEI(4.0),I,CAN,M,IRLT,PA,_Z,_Z,_Z,2021-11,1.68571428571429
DATAFLOW,OECD.SDD.STES:DSD_KEI@DF_KEI(4.0),I,CAN,M,IRLT,PA,_Z,_Z,_Z,2021-08,1.19190476190476
DATAFLOW,OECD.SDD.STES:DSD_KEI@DF_KEI(4.0),I,CAN,M,IRLT,PA,_Z,_Z,_Z,2021-07,1.25142857142857
DATAFLOW,OECD.SDD.STES:DSD_KEI@DF_KEI(4.0),I,CAN,M,IRLT,PA,_Z,_Z,_Z,2021-06,1.425
DATAFLOW,OECD.SDD.STES:DSD_KEI@DF_KEI(4.0),I,CAN,M,IRLT,PA,_Z,_Z,_Z,2021-04,1.51619047619048
DATAFLOW,OECD.SDD.STES:DSD_KEI@DF_KEI(4.0),I,CAN,M,IRLT,PA,_Z,_Z,_Z,2021-03,1.49652173913043
DATAFLOW,OECD.SDD.STES:DSD_KEI@DF_KEI(4.0),I,CAN,M,IRLT,PA,_Z,_Z,_Z,2021-02,1.09947368421053
DATAFLOW,OECD.SDD.STES:DSD_KEI@DF_KEI(4.0),I,CAN,M,IRLT,PA,_Z,_Z,_Z,2020-12,0.730952380952381
DATAFLOW,OECD.SDD.STES:DSD_KEI@DF_KEI(4.0),I,CAN,M,IRLT,PA,_Z,_Z,_Z,2020-10,0.602857142857143
DATAFLOW,OECD.SDD.STES:DSD_KEI@DF_KEI(4.0),I,CAN,M,IRLT,PA,_Z,_Z,_Z,2020-09,0.55952380952381
DATAFLOW,OECD.SDD.STES:DSD_KEI@DF_KEI(4.0),I,CAN,M,IRLT,PA,_Z,_Z,_Z,2020-07,0.516363636363636
DATAFLOW,OECD.SDD.STES:DSD_KEI@DF_KEI(4.0),I,CAN,M,IRLT,PA,_Z,_Z,_Z,2020-06,0.561363636363636
DATAFLOW,OECD.SDD.STES:DSD_KEI@DF_KEI(4.0),I,CAN,M,IRLT,PA,_Z,_Z,_Z,2020-05,0.551
DATAFLOW,OECD.SDD.STES:DSD_KEI@DF_KEI(4.0),I,CAN,M,IRLT,PA,_Z,_Z,_Z,2020-04,0.657142857142857
DATAFLOW,OECD.SDD.STES:DSD_KEI@DF_KEI(4.0),I,CAN,M,IRLT,PA,_Z,_Z,_Z,2020-03,0.819090909090909
DATAFLOW,OECD.SDD.STES:DSD_KEI@DF_KEI(4.0),I,CAN,M,IRLT,PA,_Z,_Z,_Z,2020-02,1.29473684210526
DATAFLOW,OECD.SDD.STES:DSD_KEI@DF_KEI(4.0),I,CAN,M,IRLT,PA,_Z,_Z,_Z,2020-01,1.49227272727273
DATAFLOW,OECD.SDD.STES:DSD_KEI@DF_KEI(4.0),I,CAN,M,IRLT,PA,_Z,_Z,_Z,2019-12,1.6045
DATAFLOW,OECD.SDD.STES:DSD_KEI@DF_KEI(4.0),I,CAN,M,IRLT,PA,_Z,_Z,_Z,2019-11,1.4995
DATAFLOW,OECD.SDD.STES:DSD_KEI@DF_KEI(4.0),I,CAN,M,IRLT,PA,_Z,_Z,_Z,2019-10,1.44954545454545
DATAFLOW,OECD.SDD.STES:DSD_KEI@DF_KEI(4.0),I,CAN,M,IRLT,PA,_Z,_Z,_Z,2019-08,1.2052380952381
DATAFLOW,OECD.SDD.STES:DSD_KEI@DF_KEI(4.0),I,CAN,M,IRLT,PA,_Z,_Z,_Z,2019-07,1.51909090909091
DATAFLOW,OECD.SDD.STES:DSD_KEI@DF_KEI(4.0),I,CAN,M,IRLT,PA,_Z,_Z,_Z,2019-04,1.72428571428571
DATAFLOW,OECD.SDD.STES:DSD_KEI@DF_KEI(4.0),I,CAN,M,IRLT,PA,_Z,_Z,_Z,2019-03,1.71238095238095
DATAFLOW,OECD.SDD.STES:DSD_KEI@DF_KEI(4.0),I,CAN,M,IRLT,PA,_Z,_Z,_Z,2019-02,1.90736842105263
DATAFLOW,OECD.SDD.STES:DSD_KEI@DF_KEI(4.0),I,CAN,M,IRLT,PA,_Z,_Z,_Z,2019-01,1.95363636363636
DATAFLOW,OECD.SDD.STES:DSD_KEI@DF_KEI(4.0),I,CAN,M,IRLT,PA,_Z,_Z,_Z,2018-12,2.05789473684211
DATAFLOW,OECD.SDD.STES:DSD_KEI@DF_KEI(4.0),I,CAN,M,IRLT,PA,_Z,_Z,_Z,2018-11,2.40761904761905
DATAFLOW,OECD.SDD.STES:DSD_KEI@DF_KEI(4.0),I,CAN,M,IRLT,PA,_Z,_Z,_Z,2018-10,2.48863636363636
DATAFLOW,OECD.SDD.STES:DSD_KEI@DF_KEI(4.0),I,CAN,M,IRLT,PA,_Z,_Z,_Z,2018-09,2.35368421052632
DATAFLOW,OECD.SDD.STES:DSD_KEI@DF_KEI(4.0),I,CAN,M,IRLT,PA,_Z,_Z,_Z,2018-08,2.29545454545455
DATAFLOW,OECD.SDD.STES:DSD_KEI@DF_KEI(4.0),I,CAN,M,IRLT,PA,_Z,_Z,_Z,2018-07,2.18714285714286
DATAFLOW,OECD.SDD.STES:DSD_KEI@DF_KEI(4.0),I,CAN,M,IRLT,PA,_Z,_Z,_Z,2018-06,2.20904761904762
DATAFLOW,OECD.SDD.STES:DSD_KEI@DF_KEI(4.0),I,CAN,M,IRLT,PA,_Z,_Z,_Z,2018-05,2.37545454545455
DATAFLOW,OECD.SDD.STES:DSD_KEI@DF_KEI(4.0),I,CAN,M,IRLT,PA,_Z,_Z,_Z,2018-04,2.24904761904762
DATAFLOW,OECD.SDD.STES:DSD_KEI@DF_KEI(4.0),I,CAN,M,IRLT,PA,_Z,_Z,_Z,2018-03,2.18857142857143
DATAFLOW,OECD.SDD.STES:DSD_KEI@DF_KEI(4.0),I,CAN,M,IRLT,PA,_Z,_Z,_Z,2018-02,2.32421052631579
DATAFLOW,OECD.SDD.STES:DSD_KEI@DF_KEI(4.0),I,CAN,M,IRLT,PA,_Z,_Z,_Z,2018-01,2.19818181818182
DATAFLOW,OECD.SDD.STES:DSD_KEI@DF_KEI(4.0),I,CAN,M,IRLT,PA,_Z,_Z,_Z,2017-12,1.91526315789474
DATAFLOW,OECD.SDD.STES:DSD_KEI@DF_KEI(4.0),I,CAN,M,IRLT,PA,_Z,_Z,_Z,2017-11,1.91857142857143
DATAFLOW,OECD.SDD.STES:DSD_KEI@DF_KEI(4.0),I,CAN,M,IRLT,PA,_Z,_Z,_Z,2017-10,2.05095238095238
DATAFLOW,OECD.SDD.STES:DSD_KEI@DF_KEI(4.0),I,CAN,M,IRLT,PA,_Z,_Z,_Z,2017-08,1.88363636363636
DATAFLOW,OECD.SDD.STES:DSD_KEI@DF_KEI(4.0),I,CAN,M,IRLT,PA,_Z,_Z,_Z,2017-06,1.50272727272727
DATAFLOW,OECD.SDD.STES:DSD_KEI@DF_KEI(4.0),I,CAN,M,IRLT,PA,_Z,_Z,_Z,2017-05,1.51318181818182
DATAFLOW,OECD.SDD.STES:DSD_KEI@DF_KEI(4.0),I,CAN,M,IRLT,PA,_Z,_Z,_Z,2017-04,1.52315789473684
DATAFLOW,OECD.SDD.STES:DSD_KEI@DF_KEI(4.0),I,CAN,M,IRLT,PA,_Z,_Z,_Z,2017-03,1.71434782608696
DATAFLOW,OECD.SDD.STES:DSD_KEI@DF_KEI(4.0),I,CAN,M,IRLT,PA,_Z,_Z,_Z,2017-02,1.70210526315789
DATAFLOW,OECD.SDD.STES:DSD_KEI@DF_KEI(4.0),I,CAN,M,IRLT,PA,_Z,_Z,_Z,2017-01,1.72238095238095
DATAFLOW,OECD.SDD.STES:DSD_KEI@DF_KEI(4.0),I,CAN,M,IRLT,PA,_Z,_Z,_Z,2016-11,1.43761904761905
DATAFLOW,OECD.SDD.STES:DSD_KEI@DF_KEI(4.0),I,CAN,M,IRLT,PA,_Z,_Z,_Z,2016-10,1.1665
DATAFLOW,OECD.SDD.STES:DSD_KEI@DF_KEI(4.0),I,CAN,M,IRLT,PA,_Z,_Z,_Z,2016-09,1.08619047619048
DATAFLOW,OECD.SDD.STES:DSD_KEI@DF_KEI(4.0),I,CAN,M,IRLT,PA,_Z,_Z,_Z,2016-08,1.04272727272727
DATAFLOW,OECD.SDD.STES:DSD_KEI@DF_KEI(4.0),I,CAN,M,IRLT,PA,_Z,_Z,_Z,2016-06,1.16818181818182
DATAFLOW,OECD.SDD.STES:DSD_KEI@DF_KEI(4.0),I,CAN,M,IRLT,PA,_Z,_Z,_Z,2016-04,1.33619047619048
DATAFLOW,OECD.SDD.STES:DSD_KEI@DF_KEI(4.0),I,CAN,M,IRLT,PA,_Z,_Z,_Z,2016-03,1.26818181818182
DATAFLOW,OECD.SDD.STES:DSD_KEI@DF_KEI(4.0),I,CAN,M,IRLT,PA,_Z,_Z,_Z,2016-02,1.1245
DATAFLOW,OECD.SDD.STES:DSD_KEI@DF_KEI(4.0),I,CAN,M,IRLT,PA,_Z,_Z,_Z,2015-12,1.45952380952381
DATAFLOW,OECD.SDD.STES:DSD_KEI@DF_KEI(4.0),I,CAN,M,IRLT,PA,_Z,_Z,_Z,2015-11,1.6335
DATAFLOW,OECD.SDD.STES:DSD_KEI@DF_KEI(4.0),I,CAN,M,IRLT,PA,_Z,_Z,_Z,2015-10,1.46333333333333
DATAFLOW,OECD.SDD.STES:DSD_KEI@DF_KEI(4.0),I,CAN,M,IRLT,PA,_Z,_Z,_Z,2015-09,1.48142857142857
DATAFLOW,OECD.SDD.STES:DSD_KEI@DF_KEI(4.0),I,CAN,M,IRLT,PA,_Z,_Z,_Z,2015-07,1.56954545454545
DATAFLOW,OECD.SDD.STES:DSD_KEI@DF_KEI(4.0),I,CAN,M,IRLT,PA,_Z,_Z,_Z,2015-06,1.78
DATAFLOW,OECD.SDD.STES:DSD_KEI@DF_KEI(4.0),I,CAN,M,IRLT,PA,_Z,_Z,_Z,2015-05,1.744
DATAFLOW,OECD.SDD.STES:DSD_KEI@DF_KEI(4.0),I,CAN,M,IRLT,PA,_Z,_Z,_Z,2015-04,1.41095238095238
DATAFLOW,OECD.SDD.STES:DSD_KEI@DF_KEI(4.0),I,CAN,M,IRLT,PA,_Z,_Z,_Z,2015-03,1.42136363636364
DATAFLOW,OECD.SDD.STES:DSD_KEI@DF_KEI(4.0),I,CAN,M,IR3TIB,PA,_Z,_Z,_Z,2026-01,2.19
DATAFLOW,OECD.SDD.STES:DSD_KEI@DF_KEI(4.0),I,CAN,M,IR3TIB,PA,_Z,_Z,_Z,2020-12,0.106
DATAFLOW,OECD.SDD.STES:DSD_KEI@DF_KEI(4.0),I,CAN,M,IR3TIB,PA,_Z,_Z,_Z,2020-11,0.1075
DATAFLOW,OECD.SDD.STES:DSD_KEI@DF_KEI(4.0),I,CAN,M,IR3TIB,PA,_Z,_Z,_Z,2020-10,0.1
DATAFLOW,OECD.SDD.STES:DSD_KEI@DF_KEI(4.0),I,CAN,M,IR3TIB,PA,_Z,_Z,_Z,2020-09,0.142
DATAFLOW,OECD.SDD.STES:DSD_KEI@DF_KEI(4.0),I,CAN,M,IR3TIB,PA,_Z,_Z,_Z,2020-08,0.1575
DATAFLOW,OECD.SDD.STES:DSD_KEI@DF_KEI(4.0),I,CAN,M,IR3TIB,PA,_Z,_Z,_Z,2020-07,0.18
DATAFLOW,OECD.SDD.STES:DSD_KEI@DF_KEI(4.0),I,CAN,M,IR3TIB,PA,_Z,_Z,_Z,2020-06,0.1925
DATAFLOW,OECD.SDD.STES:DSD_KEI@DF_KEI(4.0),I,CAN,M,IR3TIB,PA,_Z,_Z,_Z,2020-05,0.235
DATAFLOW,OECD.SDD.STES:DSD_KEI@DF_KEI(4.0),I,CAN,M,IR3TIB,PA,_Z,_Z,_Z,2020-04,0.246
DATAFLOW,OECD.SDD.STES:DSD_KEI@DF_KEI(4.0),I,CAN,M,IR3TIB,PA,_Z,_Z,_Z,2020-03,0.6725
DATAFLOW,OECD.SDD.STES:DSD_KEI@DF_KEI(4.0),I,CAN,M,IR3TIB,PA,_Z,_Z,_Z,2020-02,1.6325
DATAFLOW,OECD.SDD.STES:DSD_KEI@DF_KEI(4.0),I,CAN,M,IR3TIB,PA,_Z,_Z,_Z,2020-01,1.646
DATAFLOW,OECD.SDD.STES:DSD_KEI@DF_KEI(4.0),I,CAN,M,IR3TIB,PA,_Z,_Z,_Z,2019-12,1.6575
DATAFLOW,OECD.SDD.STES:DSD_KEI@DF_KEI(4.0),I,CAN,M,IR3TIB,PA,_Z,_Z,_Z,2019-11,1.6625
DATAFLOW,OECD.SDD.STES:DSD_KEI@DF_KEI(4.0),I,CAN,M,IR3TIB,PA,_Z,_Z,_Z,2019-10,1.654
DATAFLOW,OECD.SDD.STES:DSD_KEI@DF_KEI(4.0),I,CAN,M,IR3TIB,PA,_Z,_Z,_Z,2019-09,1.6275
DATAFLOW,OECD.SDD.STES:DSD_KEI@DF_KEI(4.0),I,CAN,M,IR3TIB,PA,_Z,_Z,_Z,2019-08,1.635
DATAFLOW,OECD.SDD.STES:DSD_KEI@DF_KEI(4.0),I,CAN,M,IR3TIB,PA,_Z,_Z,_Z,2019-07,1.654
DATAFLOW,OECD.SDD.STES:DSD_KEI@DF_KEI(4.0),I,CAN,M,IR3TIB,PA,_Z,_Z,_Z,2019-06,1.665
DATAFLOW,OECD.SDD.STES:DSD_KEI@DF_KEI(4.0),I,CAN,M,IR3TIB,PA,_Z,_Z,_Z,2019-05,1.678
DATAFLOW,OECD.SDD.STES:DSD_KEI@DF_KEI(4.0),I,CAN,M,IR3TIB,PA,_Z,_Z,_Z,2019-04,1.675
DATAFLOW,OECD.SDD.STES:DSD_KEI@DF_KEI(4.0),I,CAN,M,IR3TIB,PA,_Z,_Z,_Z,2019-03,1.66
DATAFLOW,OECD.SDD.STES:DSD_KEI@DF_KEI(4.0),I,KOR,M,IRSTCI,PA,_Z,_Z,_Z,2023-04,3.467
DATAFLOW,OECD.SDD.STES:DSD_KEI@DF_KEI(4.0),I,CAN,M,IR3TIB,PA,_Z,_Z,_Z,2017-09,0.98
DATAFLOW,OECD.SDD.STES:DSD_KEI@DF_KEI(4.0),I,CAN,M,IR3TIB,PA,_Z,_Z,_Z,2017-08,0.722
DATAFLOW,OECD.SDD.STES:DSD_KEI@DF_KEI(4.0),I,CAN,M,IR3TIB,PA,_Z,_Z,_Z,2017-07,0.73
DATAFLOW,OECD.SDD.STES:DSD_KEI@DF_KEI(4.0),I,CAN,M,IR3TIB,PA,_Z,_Z,_Z,2017-06,0.565
DATAFLOW,OECD.SDD.STES:DSD_KEI@DF_KEI(4.0),I,CAN,M,IR3TIB,PA,_Z,_Z,_Z,2017-05,0.512
DATAFLOW,OECD.SDD.STES:DSD_KEI@DF_KEI(4.0),I,CAN,M,IR3TIB,PA,_Z,_Z,_Z,2017-04,0.535
DATAFLOW,OECD.SDD.STES:DSD_KEI@DF_KEI(4.0),I,CAN,M,IR3TIB,PA,_Z,_Z,_Z,2017-03,0.498
DATAFLOW,OECD.SDD.STES:DSD_KEI@DF_KEI(4.0),I,CAN,M,IR3TIB,PA,_Z,_Z,_Z,2017-02,0.465
DATAFLOW,OECD.SDD.STES:DSD_KEI@DF_KEI(4.0),I,CAN,M,IR3TIB,PA,_Z,_Z,_Z,2017-01,0.45
DATAFLOW,OECD.SDD.STES:DSD_KEI@DF_KEI(4.0),I,CAN,M,IR3TIB,PA,_Z,_Z,_Z,2016-12,0.4775
DATAFLOW,OECD.SDD.STES:DSD_KEI@DF_KEI(4.0),I,CAN,M,IR3TIB,PA,_Z,_Z,_Z,2016-11,0.48
DATAFLOW,OECD.SDD.STES:DSD_KEI@DF_KEI(4.0),I,CAN,M,IR3TIB,PA,_Z,_Z,_Z,2016-10,0.4875
DATAFLOW,OECD.SDD.STES:DSD_KEI@DF_KEI(4.0),I,CAN,M,IR3TIB,PA,_Z,_Z,_Z,2016-09,0.505
DATAFLOW,OECD.SDD.STES:DSD_KEI@DF_KEI(4.0),I,CAN,M,IR3TIB,PA,_Z,_Z,_Z,2016-08,0.506
DATAFLOW,OECD.SDD.STES:DSD_KEI@DF_KEI(4.0),I,CAN,M,IR3TIB,PA,_Z,_Z,_Z,2016-07,0.5
DATAFLOW,OECD.SDD.STES:DSD_KEI@DF_KEI(4.0),I,CAN,M,IR3TIB,PA,_Z,_Z,_Z,2016-06,0.51
DATAFLOW,OECD.SDD.STES:DSD_KEI@DF_KEI(4.0),I,CAN,M,IR3TIB,PA,_Z,_Z,_Z,2016-05,0.5075
DATAFLOW,OECD.SDD.STES:DSD_KEI@DF_KEI(4.0),I,CAN,M,IR3TIB,PA,_Z,_Z,_Z,2016-04,0.5125
DATAFLOW,OECD.SDD.STES:DSD_KEI@DF_KEI(4.0),I,CAN,M,IR3TIB,PA,_Z,_Z,_Z,2016-03,0.46
DATAFLOW,OECD.SDD.STES:DSD_KEI@DF_KEI(4.0),I,CAN,M,IR3TIB,PA,_Z,_Z,_Z,2016-02,0.4575
DATAFLOW,OECD.SDD.STES:DSD_KEI@DF_KEI(4.0),I,CAN,M,IR3TIB,PA,_Z,_Z,_Z,2016-01,0.435
DATAFLOW,OECD.SDD.STES:DSD_KEI@DF_KEI(4.0),I,CAN,M,IR3TIB,PA,_Z,_Z,_Z,2015-12,0.484
DATAFLOW,OECD.SDD.STES:DSD_KEI@DF_KEI(4.0),I,CAN,M,IRSTCI,PA,_Z,_Z,_Z,2021-01,0.18108
DATAFLOW,OECD.SDD.STES:DSD_KEI@DF_KEI(4.0),I,CAN,M,IRSTCI,PA,_Z,_Z,_Z,2020-12,0.1993
DATAFLOW,OECD.SDD.STES:DSD_KEI@DF_KEI(4.0),I,CAN,M,IRSTCI,PA,_Z,_Z,_Z,2020-11,0.22461
DATAFLOW,OECD.SDD.STES:DSD_KEI@DF_KEI(4.0),I,CAN,M,IRSTCI,PA,_Z,_Z,_Z,2020-10,0.231838095238095
DATAFLOW,OECD.SDD.STES:DSD_KEI@DF_KEI(4.0),I,CAN,M,IRSTCI,PA,_Z,_Z,_Z,2020-09,0.228038095238095
DATAFLOW,OECD.SDD.STES:DSD_KEI@DF_KEI(4.0),I,CAN,M,IRSTCI,PA,_Z,_Z,_Z,2020-08,0.238435
DATAFLOW,OECD.SDD.STES:DSD_KEI@DF_KEI(4.0),I,CAN,M,IRSTCI,PA,_Z,_Z,_Z,2020-07,0.243040909090909
DATAFLOW,OECD.SDD.STES:DSD_KEI@DF_KEI(4.0),I,CAN,M,IRSTCI,PA,_Z,_Z,_Z,2020-06,0.238577272727273
DATAFLOW,OECD.SDD.STES:DSD_KEI@DF_KEI(4.0),I,CAN,M,IRSTCI,PA,_Z,_Z,_Z,2020-05,0.22964
DATAFLOW,OECD.SDD.STES:DSD_KEI@DF_KEI(4.0),I,CAN,M,IRSTCI,PA,_Z,_Z,_Z,2020-04,0.234366666666667
DATAFLOW,OECD.SDD.STES:DSD_KEI@DF_KEI(4.0),I,CAN,M,IRSTCI,PA,_Z,_Z,_Z,2020-03,0.953381818181818
DATAFLOW,OECD.SDD.STES:DSD_KEI@DF_KEI(4.0),I,CAN,M,IRSTCI,PA,_Z,_Z,_Z,2020-02,1.74853157894737
DATAFLOW,OECD.SDD.STES:DSD_KEI@DF_KEI(4.0),I,CAN,M,IRSTCI,PA,_Z,_Z,_Z,2020-01,1.74858636363636
DATAFLOW,OECD.SDD.STES:DSD_KEI@DF_KEI(4.0),I,CAN,M,IRSTCI,PA,_Z,_Z,_Z,2019-12,1.74805
DATAFLOW,OECD.SDD.STES:DSD_KEI@DF_KEI(4.0),I,CAN,M,IRSTCI,PA,_Z,_Z,_Z,2019-11,1.74846
DATAFLOW,OECD.SDD.STES:DSD_KEI@DF_KEI(4.0),I,CAN,M,IRSTCI,PA,_Z,_Z,_Z,2019-10,1.74804545454545
DATAFLOW,OECD.SDD.STES:DSD_KEI@DF_KEI(4.0),I,CAN,M,IRSTCI,PA,_Z,_Z,_Z,2019-09,1.74658
DATAFLOW,OECD.SDD.STES:DSD_KEI@DF_KEI(4.0),I,CAN,M,IRSTCI,PA,_Z,_Z,_Z,2019-08,1.74780952380952
DATAFLOW,OECD.SDD.STES:DSD_KEI@DF_KEI(4.0),I,CAN,M,IRSTCI,PA,_Z,_Z,_Z,2019-07,1.74657272727273
DATAFLOW,OECD.SDD.STES:DSD_KEI@DF_KEI(4.0),I,CAN,M,IRSTCI,PA,_Z,_Z,_Z,2019-06,1.742595
DATAFLOW,OECD.SDD.STES:DSD_KEI@DF_KEI(4.0),I,CAN,M,IRSTCI,PA,_Z,_Z,_Z,2019-05,1.74504545454545
DATAFLOW,OECD.SDD.STES:DSD_KEI@DF_KEI(4.0),I,CAN,M,IRSTCI,PA,_Z,_Z,_Z,2019-04,1.74690476190476
DATAFLOW,OECD.SDD.STES:DSD_KEI@DF_KEI(4.0),I,CAN,M,IRSTCI,PA,_Z,_Z,_Z,2019-03,1.74693333333333
DATAFLOW,OECD.SDD.STES:DSD_KEI@DF_KEI(4.0),I,CAN,M,IRSTCI,PA,_Z,_Z,_Z,2019-02,1.74715263157895
DATAFLOW,OECD.SDD.STES:DSD_KEI@DF_KEI(4.0),I,CAN,M,IRSTCI,PA,_Z,_Z,_Z,2019-01,1.74816818181818
DATAFLOW,OECD.SDD.STES:DSD_KEI@DF_KEI(4.0),I,CAN,M,IRSTCI,PA,_Z,_Z,_Z,2018-12,1.74997368421053
DATAFLOW,OECD.SDD.STES:DSD_KEI@DF_KEI(4.0),I,CAN,M,IRSTCI,PA,_Z,_Z,_Z,2018-11,1.74702380952381
DATAFLOW,OECD.SDD.STES:DSD_KEI@DF_KEI(4.0),I,CAN,M,IRSTCI,PA,_Z,_Z,_Z,2018-10,1.56576818181818
DATAFLOW,OECD.SDD.STES:DSD_KEI@DF_KEI(4.0),I,CAN,M,IRSTCI,PA,_Z,_Z,_Z,2018-09,1.49646315789474
DATAFLOW,OECD.SDD.STES:DSD_KEI@DF_KEI(4.0),I,CAN,M,IRSTCI,PA,_Z,_Z,_Z,2018-08,1.49541363636364
DATAFLOW,OECD.SDD.STES:DSD_KEI@DF_KEI(4.0),I,CAN,M,IRSTCI,PA,_Z,_Z,_Z,2018-07,1.42461428571429
DATAFLOW,OECD.SDD.STES:DSD_KEI@DF_KEI(4.0),I,CAN,M,IRSTCI,PA,_Z,_Z,_Z,2018-06,1.2481
DATAFLOW,OECD.SDD.STES:DSD_KEI@DF_KEI(4.0),I,CAN,M,IRSTCI,PA,_Z,_Z,_Z,2018-05,1.24541363636364
DATAFLOW,OECD.SDD.STES:DSD_KEI@DF_KEI(4.0),I,CAN,M,IRSTCI,PA,_Z,_Z,_Z,2018-04,1.24545714285714
DATAFLOW,OECD.SDD.STES:DSD_KEI@DF_KEI(4.0),I,CAN,M,IRSTCI,PA,_Z,_Z,_Z,2018-03,1.2394
DATAFLOW,OECD.SDD.STES:DSD_KEI@DF_KEI(4.0),I,CAN,M,IRSTCI,PA,_Z,_Z,_Z,2018-02,1.23794736842105
DATAFLOW,OECD.SDD.STES:DSD_KEI@DF_KEI(4.0),I,CAN,M,IRSTCI,PA,_Z,_Z,_Z,2018-01,1.11860454545455
DATAFLOW,OECD.SDD.STES:DSD_KEI@DF_KEI(4.0),I,CAN,M,IRSTCI,PA,_Z,_Z,_Z,2017-12,0.996078947368421
DATAFLOW,OECD.SDD.STES:DSD_KEI@DF_KEI(4.0),I,CAN,M,IRSTCI,PA,_Z,_Z,_Z,2017-11,0.991561904761905
DATAFLOW,OECD.SDD.STES:DSD_KEI@DF_KEI(4.0),I,CAN,M,IRSTCI,PA,_Z,_Z,_Z,2017-10,0.993042857142857
DATAFLOW,OECD.SDD.STES:DSD_KEI@DF_KEI(4.0),I,CAN,M,IRSTCI,PA,_Z,_Z,_Z,2017-09,0.97019
DATAFLOW,OECD.SDD.STES:DSD_KEI@DF_KEI(4.0),I,CAN,M,IRSTCI,PA,_Z,_Z,_Z,2017-08,0.743154545454545
DATAFLOW,OECD.SDD.STES:DSD_KEI@DF_KEI(4.0),I,CAN,M,IRSTCI,PA,_Z,_Z,_Z,2017-07,0.669285
DATAFLOW,OECD.SDD.STES:DSD_KEI@DF_KEI(4.0),I,CAN,M,IRSTCI,PA,_Z,_Z,_Z,2017-06,0.494104545454545
DATAFLOW,OECD.SDD.STES:DSD_KEI@DF_KEI(4.0),I,CAN,M,IRSTCI,PA,_Z,_Z,_Z,2017-05,0.491504545454545
DATAFLOW,OECD.SDD.STES:DSD_KEI@DF_KEI(4.0),I,CAN,M,IRSTCI,PA,_Z,_Z,_Z,2017-04,0.497578947368421
DATAFLOW,OECD.SDD.STES:DSD_KEI@DF_KEI(4.0),I,CAN,M,IRSTCI,PA,_Z,_Z,_Z,2017-03,0.49504347826087
DATAFLOW,OECD.SDD.STES:DSD_KEI@DF_KEI(4.0),I,CAN,M,IRSTCI,PA,_Z,_Z,_Z,2017-02,0.491436842105263
DATAFLOW,OECD.SDD.STES:DSD_KEI@DF_KEI(4.0),I,CAN,M,IRSTCI,PA,_Z,_Z,_Z,2017-01,0.491171428571429
DATAFLOW,OECD.SDD.STES:DSD_KEI@DF_KEI(4.0),I,CAN,M,IRSTCI,PA,_Z,_Z,_Z,2016-12,0.495425
DATAFLOW,OECD.SDD.STES:DSD_KEI@DF_KEI(4.0),I,CAN,M,IRSTCI,PA,_Z,_Z,_Z,2016-11,0.491557142857143
DATAFLOW,OECD.SDD.STES:DSD_KEI@DF_KEI(4.0),I,CAN,M,IRSTCI,PA,_Z,_Z,_Z,2016-10,0.493015
DATAFLOW,OECD.SDD.STES:DSD_KEI@DF_KEI(4.0),I,CAN,M,IRSTCI,PA,_Z,_Z,_Z,2016-09,0.499380952380952
DATAFLOW,OECD.SDD.STES:DSD_KEI@DF_KEI(4.0),I,CAN,M,IRSTCI,PA,_Z,_Z,_Z,2016-08,0.499222727272727
DATAFLOW,OECD.SDD.STES:DSD_KEI@DF_KEI(4.0),I,CAN,M,IRSTCI,PA,_Z,_Z,_Z,2016-07,0.507105
DATAFLOW,OECD.SDD.STES:DSD_KEI@DF_KEI(4.0),I,CAN,M,IRSTCI,PA,_Z,_Z,_Z,2016-06,0.5069
DATAFLOW,OECD.SDD.STES:DSD_KEI@DF_KEI(4.0),I,CAN,M,IRSTCI,PA,_Z,_Z,_Z,2016-05,0.499933333333333
DATAFLOW,OECD.SDD.STES:DSD_KEI@DF_KEI(4.0),I,CAN,M,IRSTCI,PA,_Z,_Z,_Z,2016-04,0.502385714285714
DATAFLOW,OECD.SDD.STES:DSD_KEI@DF_KEI(4.0),I,CAN,M,IRSTCI,PA,_Z,_Z,_Z,2016-03,0.498636363636364
DATAFLOW,OECD.SDD.STES:DSD_KEI@DF_KEI(4.0),I,CAN,M,IRSTCI,PA,_Z,_Z,_Z,2016-02,0.501745
DATAFLOW,OECD.SDD.STES:DSD_KEI@DF_KEI(4.0),I,CAN,M,IRSTCI,PA,_Z,_Z,_Z,2016-01,0.513985
DATAFLOW,OECD.SDD.STES:DSD_KEI@DF_KEI(4.0),I,CAN,M,IRSTCI,PA,_Z,_Z,_Z,2015-12,0.513033333333333
DATAFLOW,OECD.SDD.STES:DSD_KEI@DF_KEI(4.0),I,CAN,M,IRSTCI,PA,_Z,_Z,_Z,2015-11,0.499145
DATAFLOW,OECD.SDD.STES:DSD_KEI@DF_KEI(4.0),I,CAN,M,IRSTCI,PA,_Z,_Z,_Z,2015-10,0.5001
DATAFLOW,OECD.SDD.STES:DSD_KEI@DF_KEI(4.0),I,CAN,M,IRSTCI,PA,_Z,_Z,_Z,2015-09,0.500804761904762
DATAFLOW,OECD.SDD.STES:DSD_KEI@DF_KEI(4.0),I,CAN,M,IRSTCI,PA,_Z,_Z,_Z,2015-08,0.50731
DATAFLOW,OECD.SDD.STES:DSD_KEI@DF_KEI(4.0),I,CAN,M,IRSTCI,PA,_Z,_Z,_Z,2015-07,0.605131818181818
DATAFLOW,OECD.SDD.STES:DSD_KEI@DF_KEI(4.0),I,CAN,M,IR3TIB,PA,_Z,_Z,_Z,2009-08,0.23
DATAFLOW,OECD.SDD.STES:DSD_KEI@DF_KEI(4.0),I,CAN,M,IR3TIB,PA,_Z,_Z,_Z,2009-07,0.234
DATAFLOW,OECD.SDD.STES:DSD_KEI@DF_KEI(4.0),I,CAN,M,IR3TIB,PA,_Z,_Z,_Z,2009-06,0.225
DATAFLOW,OECD.SDD.STES:DSD_KEI@DF_KEI(4.0),I,CAN,M,IR3TIB,PA,_Z,_Z,_Z,2009-05,0.18
DATAFLOW,OECD.SDD.STES:DSD_KEI@DF_KEI(4.0),I,CAN,M,IR3TIB,PA,_Z,_Z,_Z,2009-04,0.324
DATAFLOW,OECD.SDD.STES:DSD_KEI@DF_KEI(4.0),I,CAN,M,IR3TIB,PA,_Z,_Z,_Z,2009-03,0.4075
DATAFLOW,OECD.SDD.STES:DSD_KEI@DF_KEI(4.0),I,CAN,M,IR3TIB,PA,_Z,_Z,_Z,2009-02,0.7275
DATAFLOW,OECD.SDD.STES:DSD_KEI@DF_KEI(4.0),I,CAN,M,IR3TIB,PA,_Z,_Z,_Z,2009-01,0.8025
DATAFLOW,OECD.SDD.STES:DSD_KEI@DF_KEI(4.0),I,CAN,M,IR3TIB,PA,_Z,_Z,_Z,2008-12,1.05
DATAFLOW,OECD.SDD.STES:DSD_KEI@DF_KEI(4.0),I,CAN,M,IR3TIB,PA,_Z,_Z,_Z,2008-11,1.7825
DATAFLOW,OECD.SDD.STES:DSD_KEI@DF_KEI(4.0),I,CAN,M,IR3TIB,PA,_Z,_Z,_Z,2008-10,1.556
DATAFLOW,OECD.SDD.STES:DSD_KEI@DF_KEI(4.0),I,CAN,M,IR3TIB,PA,_Z,_Z,_Z,2008-09,2.1175
DATAFLOW,OECD.SDD.STES:DSD_KEI@DF_KEI(4.0),I,CAN,M,IR3TIB,PA,_Z,_Z,_Z,2008-08,2.47
DATAFLOW,OECD.SDD.STES:DSD_KEI@DF_KEI(4.0),I,CAN,M,IR3TIB,PA,_Z,_Z,_Z,2008-07,2.368
DATAFLOW,OECD.SDD.STES:DSD_KEI@DF_KEI(4.0),I,CAN,M,IR3TIB,PA,_Z,_Z,_Z,2008-06,2.6125
DATAFLOW,OECD.SDD.STES:DSD_KEI@DF_KEI(4.0),I,CAN,M,IR3TIB,PA,_Z,_Z,_Z,2008-05,2.65
DATAFLOW,OECD.SDD.STES:DSD_KEI@DF_KEI(4.0),I,CAN,M,IR3TIB,PA,_Z,_Z,_Z,2008-04,2.404
DATAFLOW,OECD.SDD.STES:DSD_KEI@DF_KEI(4.0),I,CAN,M,IR3TIB,PA,_Z,_Z,_Z,2008-03,2.185
DATAFLOW,OECD.SDD.STES:DSD_KEI@DF_KEI(4.0),I,CAN,M,IR3TIB,PA,_Z,_Z,_Z,2008-02,3.265
DATAFLOW,OECD.SDD.STES:DSD_KEI@DF_KEI(4.0),I,CAN,M,IR3TIB,PA,_Z,_Z,_Z,2008-01,3.582
DATAFLOW,OECD.SDD.STES:DSD_KEI@DF_KEI(4.0),I,CAN,M,IR3TIB,PA,_Z,_Z,_Z,2007-12,3.8325
DATAFLOW,OECD.SDD.STES:DSD_KEI@DF_KEI(4.0),I,CAN,M,IR3TIB,PA,_Z,_Z,_Z,2007-11,3.9625
DATAFLOW,OECD.SDD.STES:DSD_KEI@DF_KEI(4.0),I,CAN,M,IR3TIB,PA,_Z,_Z,_Z,2007-10,3.936
DATAFLOW,OECD.SDD.STES:DSD_KEI@DF_KEI(4.0),I,CAN,M,IR3TIB,PA,_Z,_Z,_Z,2007-09,3.9975
DATAFLOW,OECD.SDD.STES:DSD_KEI@DF_KEI(4.0),I,CAN,M,IR3TIB,PA,_Z,_Z,_Z,2007-08,4.262
DATAFLOW,OECD.SDD.STES:DSD_KEI@DF_KEI(4.0),I,CAN,M,IR3TIB,PA,_Z,_Z,_Z,2007-07,4.4975
DATAFLOW,OECD.SDD.STES:DSD_KEI@DF_KEI(4.0),I,CAN,M,IR3TIB,PA,_Z,_Z,_Z,2007-06,4.36
DATAFLOW,OECD.SDD.STES:DSD_KEI@DF_KEI(4.0),I,CAN,M,IR3TIB,PA,_Z,_Z,_Z,2007-05,4.19
DATAFLOW,OECD.SDD.STES:DSD_KEI@DF_KEI(4.0),I,CAN,M,IR3TIB,PA,_Z,_Z,_Z,2007-04,4.1625
DATAFLOW,OECD.SDD.STES:DSD_KEI@DF_KEI(4.0),I,CAN,M,IR3TIB,PA,_Z,_Z,_Z,2007-03,4.1675
DATAFLOW,OECD.SDD.STES:DSD_KEI@DF_KEI(4.0),I,CAN,M,IR3TIB,PA,_Z,_Z,_Z,2007-02,4.18
DATAFLOW,OECD.SDD.STES:DSD_KEI@DF_KEI(4.0),I,CAN,M,IR3TIB,PA,_Z,_Z,_Z,2007-01,4.156
DATAFLOW,OECD.SDD.STES:DSD_KEI@DF_KEI(4.0),I,CAN,M,IR3TIB,PA,_Z,_Z,_Z,2025-12,2.164
DATAFLOW,OECD.SDD.STES:DSD_KEI@DF_KEI(4.0),I,CAN,M,IR3TIB,PA,_Z,_Z,_Z,2025-11,2.185
DATAFLOW,OECD.SDD.STES:DSD_KEI@DF_KEI(4.0),I,CAN,M,IR3TIB,PA,_Z,_Z,_Z,2025-10,2.334
DATAFLOW,OECD.SDD.STES:DSD_KEI@DF_KEI(4.0),I,CAN,M,IR3TIB,PA,_Z,_Z,_Z,2025-09,2.4925
DATAFLOW,OECD.SDD.STES:DSD_KEI@DF_KEI(4.0),I,CAN,M,IR3TIB,PA,_Z,_Z,_Z,2025-08,2.655
DATAFLOW,OECD.SDD.STES:DSD_KEI@DF_KEI(4.0),I,CAN,M,IR3TIB,PA,_Z,_Z,_Z,2025-07,2.662
DATAFLOW,OECD.SDD.STES:DSD_KEI@DF_KEI(4.0),I,CAN,M,IR3TIB,PA,_Z,_Z,_Z,2025-06,2.66
DATAFLOW,OECD.SDD.STES:DSD_KEI@DF_KEI(4.0),I,CAN,M,IR3TIB,PA,_Z,_Z,_Z,2025-05,2.6225
DATAFLOW,OECD.SDD.STES:DSD_KEI@DF_KEI(4.0),I,KOR,M,IRSTCI,PA,_Z,_Z,_Z,2009-10,1.99
DATAFLOW,OECD.SDD.STES:DSD_KEI@DF_KEI(4.0),I,KOR,M,IRSTCI,PA,_Z,_Z,_Z,2009-11,2.0
DATAFLOW,OECD.SDD.STES:DSD_KEI@DF_KEI(4.0),I,KOR,M,IRSTCI,PA,_Z,_Z,_Z,2009-12,2.0
DATAFLOW,OECD.SDD.STES:DSD_KEI@DF_KEI(4.0),I,KOR,M,IRSTCI,PA,_Z,_Z,_Z,2010-01,2.0
DATAFLOW,OECD.SDD.STES:DSD_KEI@DF_KEI(4.0),I,KOR,M,IRSTCI,PA,_Z,_Z,_Z,2010-02,2.0
DATAFLOW,OECD.SDD.STES:DSD_KEI@DF_KEI(4.0),I,KOR,M,IRSTCI,PA,_Z,_Z,_Z,2010-03,2.01
DATAFLOW,OECD.SDD.STES:DSD_KEI@DF_KEI(4.0),I,KOR,M,IRSTCI,PA,_Z,_Z,_Z,2010-04,2.0
DATAFLOW,OECD.SDD.STES:DSD_KEI@DF_KEI(4.0),I,KOR,M,IRSTCI,PA,_Z,_Z,_Z,2010-05,2.01
DATAFLOW,OECD.SDD.STES:DSD_KEI@DF_KEI(4.0),I,KOR,M,IRSTCI,PA,_Z,_Z,_Z,2010-06,2.0
DATAFLOW,OECD.SDD.STES:DSD_KEI@DF_KEI(4.0),I,CAN,M,IR3TIB,PA,_Z,_Z,_Z,2023-03,4.388
DATAFLOW,OECD.SDD.STES:DSD_KEI@DF_KEI(4.0),I,CAN,M,IR3TIB,PA,_Z,_Z,_Z,2023-02,4.45
DATAFLOW,OECD.SDD.STES:DSD_KEI@DF_KEI(4.0),I,CAN,M,IR3TIB,PA,_Z,_Z,_Z,2023-01,4.325
DATAFLOW,OECD.SDD.STES:DSD_KEI@DF_KEI(4.0),I,CAN,M,IR3TIB,PA,_Z,_Z,_Z,2022-12,4.1675
DATAFLOW,OECD.SDD.STES:DSD_KEI@DF_KEI(4.0),I,CAN,M,IR3TIB,PA,_Z,_Z,_Z,2022-11,3.988
DATAFLOW,OECD.SDD.STES:DSD_KEI@DF_KEI(4.0),I,CAN,M,IR3TIB,PA,_Z,_Z,_Z,2022-10,3.76
DATAFLOW,OECD.SDD.STES:DSD_KEI@DF_KEI(4.0),I,CAN,M,IR3TIB,PA,_Z,_Z,_Z,2022-09,3.42
DATAFLOW,OECD.SDD.STES:DSD_KEI@DF_KEI(4.0),I,CAN,M,IR3TIB,PA,_Z,_Z,_Z,2022-08,2.908
DATAFLOW,OECD.SDD.STES:DSD_KEI@DF_KEI(4.0),I,CAN,M,IR3TIB,PA,_Z,_Z,_Z,2022-07,2.445
DATAFLOW,OECD.SDD.STES:DSD_KEI@DF_KEI(4.0),I,CAN,M,IR3TIB,PA,_Z,_Z,_Z,2022-06,1.834
DATAFLOW,OECD.SDD.STES:DSD_KEI@DF_KEI(4.0),I,CAN,M,IR3TIB,PA,_Z,_Z,_Z,2022-05,1.3675
DATAFLOW,OECD.SDD.STES:DSD_KEI@DF_KEI(4.0),I,CAN,M,IR3TIB,PA,_Z,_Z,_Z,2022-04,1.0475
DATAFLOW,OECD.SDD.STES:DSD_KEI@DF_KEI(4.0),I,CAN,M,IR3TIB,PA,_Z,_Z,_Z,2022-03,0.566
DATAFLOW,OECD.SDD.STES:DSD_KEI@DF_KEI(4.0),I,CAN,M,IR3TIB,PA,_Z,_Z,_Z,2022-02,0.325
DATAFLOW,OECD.SDD.STES:DSD_KEI@DF_KEI(4.0),I,CAN,M,IR3TIB,PA,_Z,_Z,_Z,2022-01,0.305
DATAFLOW,OECD.SDD.STES:DSD_KEI@DF_KEI(4.0),I,CAN,M,IR3TIB,PA,_Z,_Z,_Z,2021-12,0.078
DATAFLOW,OECD.SDD.STES:DSD_KEI@DF_KEI(4.0),I,CAN,M,IR3TIB,PA,_Z,_Z,_Z,2021-11,0.1175
DATAFLOW,OECD.SDD.STES:DSD_KEI@DF_KEI(4.0),I,CAN,M,IR3TIB,PA,_Z,_Z,_Z,2021-10,0.12
DATAFLOW,OECD.SDD.STES:DSD_KEI@DF_KEI(4.0),I,CAN,M,IR3TIB,PA,_Z,_Z,_Z,2021-09,0.132
DATAFLOW,OECD.SDD.STES:DSD_KEI@DF_KEI(4.0),I,CAN,M,IR3TIB,PA,_Z,_Z,_Z,2021-08,0.1775
DATAFLOW,OECD.SDD.STES:DSD_KEI@DF_KEI(4.0),I,CAN,M,IR3TIB,PA,_Z,_Z,_Z,2021-07,0.1675
DATAFLOW,OECD.SDD.STES:DSD_KEI@DF_KEI(4.0),I,CAN,M,IR3TIB,PA,_Z,_Z,_Z,2021-06,0.128
DATAFLOW,OECD.SDD.STES:DSD_KEI@DF_KEI(4.0),I,CAN,M,IRSTCI,PA,_Z,_Z,_Z,2010-11,0.998661904761905
DATAFLOW,OECD.SDD.STES:DSD_KEI@DF_KEI(4.0),I,CAN,M,IRSTCI,PA,_Z,_Z,_Z,2010-10,0.998505
DATAFLOW,OECD.SDD.STES:DSD_KEI@DF_KEI(4.0),I,CAN,M,IRSTCI,PA,_Z,_Z,_Z,2010-09,0.951171428571429
DATAFLOW,OECD.SDD.STES:DSD_KEI@DF_KEI(4.0),I,CAN,M,IRSTCI,PA,_Z,_Z,_Z,2010-08,0.748733333333333
DATAFLOW,OECD.SDD.STES:DSD_KEI@DF_KEI(4.0),I,CAN,M,IRSTCI,PA,_Z,_Z,_Z,2010-07,0.600385714285714
DATAFLOW,OECD.SDD.STES:DSD_KEI@DF_KEI(4.0),I,CAN,M,IRSTCI,PA,_Z,_Z,_Z,2010-06,0.491890909090909
DATAFLOW,OECD.SDD.STES:DSD_KEI@DF_KEI(4.0),I,CAN,M,IRSTCI,PA,_Z,_Z,_Z,2010-05,0.2457
DATAFLOW,OECD.SDD.STES:DSD_KEI@DF_KEI(4.0),I,CAN,M,IRSTCI,PA,_Z,_Z,_Z,2010-04,0.247280952380952
DATAFLOW,OECD.SDD.STES:DSD_KEI@DF_KEI(4.0),I,CAN,M,IRSTCI,PA,_Z,_Z,_Z,2010-03,0.244539130434783
DATAFLOW,OECD.SDD.STES:DSD_KEI@DF_KEI(4.0),I,CAN,M,IRSTCI,PA,_Z,_Z,_Z,2010-02,0.244294736842105
DATAFLOW,OECD.SDD.STES:DSD_KEI@DF_KEI(4.0),I,CAN,M,IRSTCI,PA,_Z,_Z,_Z,2010-01,0.244385
DATAFLOW,OECD.SDD.STES:DSD_KEI@DF_KEI(4.0),I,CAN,M,IRSTCI,PA,_Z,_Z,_Z,2009-12,0.243090476190476
DATAFLOW,OECD.SDD.STES:DSD_KEI@DF_KEI(4.0),I,CAN,M,IRSTCI,PA,_Z,_Z,_Z,2009-11,0.242805
DATAFLOW,OECD.SDD.STES:DSD_KEI@DF_KEI(4.0),I,CAN,M,IRSTCI,PA,_Z,_Z,_Z,2009-10,0.241333333333333
DATAFLOW,OECD.SDD.STES:DSD_KEI@DF_KEI(4.0),I,CAN,M,IRSTCI,PA,_Z,_Z,_Z,2009-09,0.239480952380952
DATAFLOW,OECD.SDD.STES:DSD_KEI@DF_KEI(4.0),I,CAN,M,IRSTCI,PA,_Z,_Z,_Z,2009-08,0.23976
DATAFLOW,OECD.SDD.STES:DSD_KEI@DF_KEI(4.0),I,CAN,M,IRSTCI,PA,_Z,_Z,_Z,2009-07,0.241186363636364
DATAFLOW,OECD.SDD.STES:DSD_KEI@DF_KEI(4.0),I,CAN,M,IRSTCI,PA,_Z,_Z,_Z,2009-06,0.244122727272727
DATAFLOW,OECD.SDD.STES:DSD_KEI@DF_KEI(4.0),I,CAN,M,IRSTCI,PA,_Z,_Z,_Z,2009-05,0.24216
DATAFLOW,OECD.SDD.STES:DSD_KEI@DF_KEI(4.0),I,CAN,M,IRSTCI,PA,_Z,_Z,_Z,2009-04,0.399857142857143
DATAFLOW,OECD.SDD.STES:DSD_KEI@DF_KEI(4.0),I,CAN,M,IRSTCI,PA,_Z,_Z,_Z,2009-03,0.515395454545455
DATAFLOW,OECD.SDD.STES:DSD_KEI@DF_KEI(4.0),I,CAN,M,IRSTCI,PA,_Z,_Z,_Z,2009-02,0.9979
DATAFLOW,OECD.SDD.STES:DSD_KEI@DF_KEI(4.0),I,CAN,M,IRSTCI,PA,_Z,_Z,_Z,2009-01,1.28339523809524
DATAFLOW,OECD.SDD.STES:DSD_KEI@DF_KEI(4.0),I,CAN,M,IRSTCI,PA,_Z,_Z,_Z,2008-12,1.7110380952381
DATAFLOW,OECD.SDD.STES:DSD_KEI@DF_KEI(4.0),I,CAN,M,IRSTCI,PA,_Z,_Z,_Z,2008-11,2.24564736842105
DATAFLOW,OECD.SDD.STES:DSD_KEI@DF_KEI(4.0),I,CAN,M,IRSTCI,PA,_Z,_Z,_Z,2008-10,2.51529090909091
DATAFLOW,OECD.SDD.STES:DSD_KEI@DF_KEI(4.0),I,CAN,M,IRSTCI,PA,_Z,_Z,_Z,2008-09,2.99397142857143
DATAFLOW,OECD.SDD.STES:DSD_KEI@DF_KEI(4.0),I,CAN,M,IRSTCI,PA,_Z,_Z,_Z,2008-08,2.999715
DATAFLOW,OECD.SDD.STES:DSD_KEI@DF_KEI(4.0),I,CAN,M,IRSTCI,PA,_Z,_Z,_Z,2008-07,2.99853636363636
DATAFLOW,OECD.SDD.STES:DSD_KEI@DF_KEI(4.0),I,CAN,M,IRSTCI,PA,_Z,_Z,_Z,2008-06,2.9950380952381
DATAFLOW,OECD.SDD.STES:DSD_KEI@DF_KEI(4.0),I,CAN,M,IRSTCI,PA,_Z,_Z,_Z,2008-05,2.99959047619048
DATAFLOW,OECD.SDD.STES:DSD_KEI@DF_KEI(4.0),I,CAN,M,IRSTCI,PA,_Z,_Z,_Z,2008-04,3.33662727272727
DATAFLOW,OECD.SDD.STES:DSD_KEI@DF_KEI(4.0),I,CAN,M,IRSTCI,PA,_Z,_Z,_Z,2008-03,3.510385
DATAFLOW,OECD.SDD.STES:DSD_KEI@DF_KEI(4.0),I,CAN,M,IRSTCI,PA,_Z,_Z,_Z,2008-02,4.00076
DATAFLOW,OECD.SDD.STES:DSD_KEI@DF_KEI(4.0),I,CAN,M,IRSTCI,PA,_Z,_Z,_Z,2008-01,4.15962272727273
DATAFLOW,OECD.SDD.STES:DSD_KEI@DF_KEI(4.0),I,CAN,M,IRSTCI,PA,_Z,_Z,_Z,2007-12,4.27504736842105
DATAFLOW,OECD.SDD.STES:DSD_KEI@DF_KEI(4.0),I,CAN,M,IRLT,PA,_Z,_Z,_Z,2015-02,1.37947368421053
DATAFLOW,OECD.SDD.STES:DSD_KEI@DF_KEI(4.0),I,CAN,M,IRLT,PA,_Z,_Z,_Z,2015-01,1.52571428571429
DATAFLOW,OECD.SDD.STES:DSD_KEI@DF_KEI(4.0),I,CAN,M,IRLT,PA,_Z,_Z,_Z,2014-12,1.85190476190476
DATAFLOW,OECD.SDD.STES:DSD_KEI@DF_KEI(4.0),I,CAN,M,IRLT,PA,_Z,_Z,_Z,2014-11,2.00315789473684
DATAFLOW,OECD.SDD.STES:DSD_KEI@DF_KEI(4.0),I,CAN,M,IRLT,PA,_Z,_Z,_Z,2014-10,2.01045454545455
DATAFLOW,OECD.SDD.STES:DSD_KEI@DF_KEI(4.0),I,CAN,M,IRLT,PA,_Z,_Z,_Z,2014-09,2.18095238095238
DATAFLOW,OECD.SDD.STES:DSD_KEI@DF_KEI(4.0),I,CAN,M,IRLT,PA,_Z,_Z,_Z,2014-08,2.062
DATAFLOW,OECD.SDD.STES:DSD_KEI@DF_KEI(4.0),I,CAN,M,IRLT,PA,_Z,_Z,_Z,2014-07,2.19454545454545
DATAFLOW,OECD.SDD.STES:DSD_KEI@DF_KEI(4.0),I,CAN,M,IRLT,PA,_Z,_Z,_Z,2014-06,2.29857142857143
DATAFLOW,OECD.SDD.STES:DSD_KEI@DF_KEI(4.0),I,CAN,M,IRLT,PA,_Z,_Z,_Z,2014-05,2.3152380952381
DATAFLOW,OECD.SDD.STES:DSD_KEI@DF_KEI(4.0),I,CAN,M,IRLT,PA,_Z,_Z,_Z,2014-04,2.4447619047619
DATAFLOW,OECD.SDD.STES:DSD_KEI@DF_KEI(4.0),I,CAN,M,IRLT,PA,_Z,_Z,_Z,2014-03,2.45428571428571
DATAFLOW,OECD.SDD.STES:DSD_KEI@DF_KEI(4.0),I,CAN,M,IRLT,PA,_Z,_Z,_Z,2014-02,2.42
DATAFLOW,OECD.SDD.STES:DSD_KEI@DF_KEI(4.0),I,CAN,M,IRLT,PA,_Z,_Z,_Z,2014-01,2.53409090909091
DATAFLOW,OECD.SDD.STES:DSD_KEI@DF_KEI(4.0),I,CAN,M,IRLT,PA,_Z,_Z,_Z,2013-12,2.6735
DATAFLOW,OECD.SDD.STES:DSD_KEI@DF_KEI(4.0),I,CAN,M,IRLT,PA,_Z,_Z,_Z,2013-10,2.51818181818182
DATAFLOW,OECD.SDD.STES:DSD_KEI@DF_KEI(4.0),I,CAN,M,IRLT,PA,_Z,_Z,_Z,2013-08,2.61142857142857
DATAFLOW,OECD.SDD.STES:DSD_KEI@DF_KEI(4.0),I,CAN,M,IRLT,PA,_Z,_Z,_Z,2013-07,2.43818181818182
DATAFLOW,OECD.SDD.STES:DSD_KEI@DF_KEI(4.0),I,CAN,M,IRLT,PA,_Z,_Z,_Z,2013-05,1.90181818181818
DATAFLOW,OECD.SDD.STES:DSD_KEI@DF_KEI(4.0),I,CAN,M,IRLT,PA,_Z,_Z,_Z,2013-04,1.74863636363636
DATAFLOW,OECD.SDD.STES:DSD_KEI@DF_KEI(4.0),I,CAN,M,IRLT,PA,_Z,_Z,_Z,2013-03,1.8515
DATAFLOW,OECD.SDD.STES:DSD_KEI@DF_KEI(4.0),I,CAN,M,IRLT,PA,_Z,_Z,_Z,2013-02,1.96789473684211
DATAFLOW,OECD.SDD.STES:DSD_KEI@DF_KEI(4.0),I,CAN,M,IRLT,PA,_Z,_Z,_Z,2013-01,1.93136363636364
DATAFLOW,OECD.SDD.STES:DSD_KEI@DF_KEI(4.0),I,CAN,M,IRLT,PA,_Z,_Z,_Z,2012-12,1.76789473684211
DATAFLOW,OECD.SDD.STES:DSD_KEI@DF_KEI(4.0),I,CAN,M,IRLT,PA,_Z,_Z,_Z,2012-11,1.73809523809524
DATAFLOW,OECD.SDD.STES:DSD_KEI@DF_KEI(4.0),I,CAN,M,IRLT,PA,_Z,_Z,_Z,2012-10,1.81181818181818
DATAFLOW,OECD.SDD.STES:DSD_KEI@DF_KEI(4.0),I,CAN,M,IRLT,PA,_Z,_Z,_Z,2012-09,1.83789473684211
DATAFLOW,OECD.SDD.STES:DSD_KEI@DF_KEI(4.0),I,CAN,M,IRLT,PA,_Z,_Z,_Z,2012-08,1.82681818181818
DATAFLOW,OECD.SDD.STES:DSD_KEI@DF_KEI(4.0),I,CAN,M,IRLT,PA,_Z,_Z,_Z,2012-07,1.65619047619048
DATAFLOW,OECD.SDD.STES:DSD_KEI@DF_KEI(4.0),I,CAN,M,IRLT,PA,_Z,_Z,_Z,2012-06,1.74761904761905
DATAFLOW,OECD.SDD.STES:DSD_KEI@DF_KEI(4.0),I,CAN,M,IRLT,PA,_Z,_Z,_Z,2012-05,1.92227272727273
DATAFLOW,OECD.SDD.STES:DSD_KEI@DF_KEI(4.0),I,CAN,M,IRLT,PA,_Z,_Z,_Z,2012-03,2.10681818181818
DATAFLOW,OECD.SDD.STES:DSD_KEI@DF_KEI(4.0),I,CAN,M,IRLT,PA,_Z,_Z,_Z,2011-12,1.992
DATAFLOW,OECD.SDD.STES:DSD_KEI@DF_KEI(4.0),I,CAN,M,IRLT,PA,_Z,_Z,_Z,2011-11,2.12238095238095
DATAFLOW,OECD.SDD.STES:DSD_KEI@DF_KEI(4.0),I,CAN,M,IRLT,PA,_Z,_Z,_Z,2011-10,2.296
DATAFLOW,OECD.SDD.STES:DSD_KEI@DF_KEI(4.0),I,CAN,M,IRLT,PA,_Z,_Z,_Z,2011-09,2.19666666666667
DATAFLOW,OECD.SDD.STES:DSD_KEI@DF_KEI(4.0),I,CAN,M,IRLT,PA,_Z,_Z,_Z,2011-08,2.44636363636364
DATAFLOW,OECD.SDD.STES:DSD_KEI@DF_KEI(4.0),I,CAN,M,IRLT,PA,_Z,_Z,_Z,2011-07,2.9385
DATAFLOW,OECD.SDD.STES:DSD_KEI@DF_KEI(4.0),I,CAN,M,IRLT,PA,_Z,_Z,_Z,2011-06,2.98772727272727
DATAFLOW,OECD.SDD.STES:DSD_KEI@DF_KEI(4.0),I,CAN,M,IRLT,PA,_Z,_Z,_Z,2011-05,3.15190476190476
DATAFLOW,OECD.SDD.STES:DSD_KEI@DF_KEI(4.0),I,CAN,M,IRLT,PA,_Z,_Z,_Z,2011-04,3.328
DATAFLOW,OECD.SDD.STES:DSD_KEI@DF_KEI(4.0),I,CAN,M,IRLT,PA,_Z,_Z,_Z,2011-03,3.26652173913043
DATAFLOW,OECD.SDD.STES:DSD_KEI@DF_KEI(4.0),I,CAN,M,IRLT,PA,_Z,_Z,_Z,2011-02,3.41736842105263
DATAFLOW,OECD.SDD.STES:DSD_KEI@DF_KEI(4.0),I,CAN,M,IRLT,PA,_Z,_Z,_Z,2010-12,3.2047619047619
DATAFLOW,OECD.SDD.STES:DSD_KEI@DF_KEI(4.0),I,CAN,M,IRLT,PA,_Z,_Z,_Z,2010-11,3.02238095238095
DATAFLOW,OECD.SDD.STES:DSD_KEI@DF_KEI(4.0),I,CAN,M,IRLT,PA,_Z,_Z,_Z,2010-09,2.88142857142857
DATAFLOW,OECD.SDD.STES:DSD_KEI@DF_KEI(4.0),I,CAN,M,IRLT,PA,_Z,_Z,_Z,2010-08,2.94952380952381
DATAFLOW,OECD.SDD.STES:DSD_KEI@DF_KEI(4.0),I,CAN,M,IRLT,PA,_Z,_Z,_Z,2010-07,3.1852380952381
DATAFLOW,OECD.SDD.STES:DSD_KEI@DF_KEI(4.0),I,CAN,M,IRLT,PA,_Z,_Z,_Z,2010-06,3.29772727272727
DATAFLOW,OECD.SDD.STES:DSD_KEI@DF_KEI(4.0),I,CAN,M,IRLT,PA,_Z,_Z,_Z,2010-04,3.67
DATAFLOW,OECD.SDD.STES:DSD_KEI@DF_KEI(4.0),I,CAN,M,IRLT,PA,_Z,_Z,_Z,2010-03,3.4904347826087
DATAFLOW,OECD.SDD.STES:DSD_KEI@DF_KEI(4.0),I,CAN,M,IRLT,PA,_Z,_Z,_Z,2010-02,3.42368421052632
DATAFLOW,OECD.SDD.STES:DSD_KEI@DF_KEI(4.0),I,CAN,M,IRLT,PA,_Z,_Z,_Z,2010-01,3.485
DATAFLOW,OECD.SDD.STES:DSD_KEI@DF_KEI(4.0),I,CAN,M,IRLT,PA,_Z,_Z,_Z,2009-12,3.41619047619048
DATAFLOW,OECD.SDD.STES:DSD_KEI@DF_KEI(4.0),I,CAN,M,IRLT,PA,_Z,_Z,_Z,2009-11,3.3925
DATAFLOW,OECD.SDD.STES:DSD_KEI@DF_KEI(4.0),I,CAN,M,IRLT,PA,_Z,_Z,_Z,2009-10,3.4252380952381
DATAFLOW,OECD.SDD.STES:DSD_KEI@DF_KEI(4.0),I,CAN,M,IRLT,PA,_Z,_Z,_Z,2009-09,3.36571428571429
DATAFLOW,OECD.SDD.STES:DSD_KEI@DF_KEI(4.0),I,CAN,M,IRLT,PA,_Z,_Z,_Z,2009-07,3.42909090909091
DATAFLOW,OECD.SDD.STES:DSD_KEI@DF_KEI(4.0),I,CAN,M,IRLT,PA,_Z,_Z,_Z,2009-06,3.45909090909091
DATAFLOW,OECD.SDD.STES:DSD_KEI@DF_KEI(4.0),I,CAN,M,IRLT,PA,_Z,_Z,_Z,2009-05,3.202
DATAFLOW,OECD.SDD.STES:DSD_KEI@DF_KEI(4.0),I,CAN,M,IRLT,PA,_Z,_Z,_Z,2009-04,2.95428571428571
DATAFLOW,OECD.SDD.STES:DSD_KEI@DF_KEI(4.0),I,CAN,M,IRLT,PA,_Z,_Z,_Z,2009-03,2.88590909090909
DATAFLOW,OECD.SDD.STES:DSD_KEI@DF_KEI(4.0),I,CAN,M,IRLT,PA,_Z,_Z,_Z,2009-02,2.96052631578947
DATAFLOW,OECD.SDD.STES:DSD_KEI@DF_KEI(4.0),I,CAN,M,IR3TIB,PA,_Z,_Z,_Z,2019-02,1.665
DATAFLOW,OECD.SDD.STES:DSD_KEI@DF_KEI(4.0),I,CAN,M,IR3TIB,PA,_Z,_Z,_Z,2019-01,1.634
DATAFLOW,OECD.SDD.STES:DSD_KEI@DF_KEI(4.0),I,CAN,M,IR3TIB,PA,_Z,_Z,_Z,2018-12,1.66
DATAFLOW,OECD.SDD.STES:DSD_KEI@DF_KEI(4.0),I,CAN,M,IR3TIB,PA,_Z,_Z,_Z,2018-11,1.7125
DATAFLOW,OECD.SDD.STES:DSD_KEI@DF_KEI(4.0),I,CAN,M,IR3TIB,PA,_Z,_Z,_Z,2018-10,1.66
DATAFLOW,OECD.SDD.STES:DSD_KEI@DF_KEI(4.0),I,CAN,M,IR3TIB,PA,_Z,_Z,_Z,2018-09,1.5175
DATAFLOW,OECD.SDD.STES:DSD_KEI@DF_KEI(4.0),I,CAN,M,IR3TIB,PA,_Z,_Z,_Z,2018-08,1.488
DATAFLOW,OECD.SDD.STES:DSD_KEI@DF_KEI(4.0),I,CAN,M,IR3TIB,PA,_Z,_Z,_Z,2018-07,1.375
DATAFLOW,OECD.SDD.STES:DSD_KEI@DF_KEI(4.0),I,CAN,M,IR3TIB,PA,_Z,_Z,_Z,2018-06,1.2375
DATAFLOW,OECD.SDD.STES:DSD_KEI@DF_KEI(4.0),I,CAN,M,IR3TIB,PA,_Z,_Z,_Z,2018-05,1.246
DATAFLOW,OECD.SDD.STES:DSD_KEI@DF_KEI(4.0),I,CAN,M,IR3TIB,PA,_Z,_Z,_Z,2018-04,1.165
DATAFLOW,OECD.SDD.STES:DSD_KEI@DF_KEI(4.0),I,CAN,M,IR3TIB,PA,_Z,_Z,_Z,2018-03,1.095
DATAFLOW,OECD.SDD.STES:DSD_KEI@DF_KEI(4.0),I,CAN,M,IR3TIB,PA,_Z,_Z,_Z,2018-02,1.1625
DATAFLOW,OECD.SDD.STES:DSD_KEI@DF_KEI(4.0),I,CAN,M,IR3TIB,PA,_Z,_Z,_Z,2018-01,1.164
DATAFLOW,OECD.SDD.STES:DSD_KEI@DF_KEI(4.0),I,CAN,M,IR3TIB,PA,_Z,_Z,_Z,2017-12,0.96
DATAFLOW,OECD.SDD.STES:DSD_KEI@DF_KEI(4.0),I,CAN,M,IR3TIB,PA,_Z,_Z,_Z,2017-11,0.88
DATAFLOW,OECD.SDD.STES:DSD_KEI@DF_KEI(4.0),I,CAN,M,IR3TIB,PA,_Z,_Z,_Z,2017-10,0.96
DATAFLOW,OECD.SDD.STES:DSD_KEI@DF_KEI(4.0),I,CAN,M,IRLT,PA,_Z,_Z,_Z,2024-10,3.18636363636364
DATAFLOW,OECD.SDD.STES:DSD_KEI@DF_KEI(4.0),I,CAN,M,IRLT,PA,_Z,_Z,_Z,2024-09,2.94444444444444
DATAFLOW,OECD.SDD.STES:DSD_KEI@DF_KEI(4.0),I,CAN,M,IRLT,PA,_Z,_Z,_Z,2024-08,3.0715
DATAFLOW,OECD.SDD.STES:DSD_KEI@DF_KEI(4.0),I,CAN,M,IRLT,PA,_Z,_Z,_Z,2024-03,3.444
DATAFLOW,OECD.SDD.STES:DSD_KEI@DF_KEI(4.0),I,CAN,M,IRLT,PA,_Z,_Z,_Z,2024-02,3.504
DATAFLOW,OECD.SDD.STES:DSD_KEI@DF_KEI(4.0),I,CAN,M,IRLT,PA,_Z,_Z,_Z,2023-04,2.91611111111111
DATAFLOW,OECD.SDD.STES:DSD_KEI@DF_KEI(4.0),I,CAN,M,IRLT,PA,_Z,_Z,_Z,2022-10,3.38052631578947
DATAFLOW,OECD.SDD.STES:DSD_KEI@DF_KEI(4.0),I,CAN,M,IRLT,PA,_Z,_Z,_Z,2022-09,3.14789473684211
DATAFLOW,OECD.SDD.STES:DSD_KEI@DF_KEI(4.0),I,CAN,M,IRLT,PA,_Z,_Z,_Z,2022-07,3.04315789473684
DATAFLOW,OECD.SDD.STES:DSD_KEI@DF_KEI(4.0),I,CAN,M,IRLT,PA,_Z,_Z,_Z,2019-05,1.66454545454545
DATAFLOW,OECD.SDD.STES:DSD_KEI@DF_KEI(4.0),I,CAN,M,IRSTCI,PA,_Z,_Z,_Z,2025-02,2.99341578947368
DATAFLOW,OECD.SDD.STES:DSD_KEI@DF_KEI(4.0),I,CAN,M,IRSTCI,PA,_Z,_Z,_Z,2021-12,0.160428571428571
DATAFLOW,OECD.SDD.STES:DSD_KEI@DF_KEI(4.0),I,CAN,M,IRSTCI,PA,_Z,_Z,_Z,2021-11,0.202652380952381
DATAFLOW,OECD.SDD.STES:DSD_KEI@DF_KEI(4.0),I,CAN,M,IRSTCI,PA,_Z,_Z,_Z,2021-10,0.197725
DATAFLOW,OECD.SDD.STES:DSD_KEI@DF_KEI(4.0),I,CAN,M,IRSTCI,PA,_Z,_Z,_Z,2021-09,0.187045
DATAFLOW,OECD.SDD.STES:DSD_KEI@DF_KEI(4.0),I,CAN,M,IRSTCI,PA,_Z,_Z,_Z,2021-08,0.200747619047619
DATAFLOW,OECD.SDD.STES:DSD_KEI@DF_KEI(4.0),I,CAN,M,IRSTCI,PA,_Z,_Z,_Z,2021-07,0.189790476190476
DATAFLOW,OECD.SDD.STES:DSD_KEI@DF_KEI(4.0),I,CAN,M,IRSTCI,PA,_Z,_Z,_Z,2021-06,0.187881818181818
DATAFLOW,OECD.SDD.STES:DSD_KEI@DF_KEI(4.0),I,CAN,M,IRSTCI,PA,_Z,_Z,_Z,2021-05,0.180915
DATAFLOW,OECD.SDD.STES:DSD_KEI@DF_KEI(4.0),I,CAN,M,IRSTCI,PA,_Z,_Z,_Z,2021-04,0.160319047619048
DATAFLOW,OECD.SDD.STES:DSD_KEI@DF_KEI(4.0),I,CAN,M,IRSTCI,PA,_Z,_Z,_Z,2021-03,0.180426086956522
DATAFLOW,OECD.SDD.STES:DSD_KEI@DF_KEI(4.0),I,CAN,M,IRSTCI,PA,_Z,_Z,_Z,2021-02,0.211021052631579
DATAFLOW,OECD.SDD.STES:DSD_KEI@DF_KEI(4.0),I,ITA,M,IRSTCI,PA,_Z,_Z,_Z,2014-03,0.1919
DATAFLOW,OECD.SDD.STES:DSD_KEI@DF_KEI(4.0),I,ITA,M,IRSTCI,PA,_Z,_Z,_Z,2014-02,0.1567
DATAFLOW,OECD.SDD.STES:DSD_KEI@DF_KEI(4.0),I,ITA,M,IRSTCI,PA,_Z,_Z,_Z,2014-01,0.1961
DATAFLOW,OECD.SDD.STES:DSD_KEI@DF_KEI(4.0),I,ITA,M,IRSTCI,PA,_Z,_Z,_Z,2013-12,0.1686
DATAFLOW,OECD.SDD.STES:DSD_KEI@DF_KEI(4.0),I,ITA,M,IRSTCI,PA,_Z,_Z,_Z,2013-11,0.1031
DATAFLOW,OECD.SDD.STES:DSD_KEI@DF_KEI(4.0),I,ITA,M,IRSTCI,PA,_Z,_Z,_Z,2013-10,0.0933
DATAFLOW,OECD.SDD.STES:DSD_KEI@DF_KEI(4.0),I,ITA,M,IRSTCI,PA,_Z,_Z,_Z,2013-09,0.0803
DATAFLOW,OECD.SDD.STES:DSD_KEI@DF_KEI(4.0),I,ITA,M,IRSTCI,PA,_Z,_Z,_Z,2013-08,0.082
DATAFLOW,OECD.SDD.STES:DSD_KEI@DF_KEI(4.0),I,ITA,M,IRSTCI,PA,_Z,_Z,_Z,2013-07,0.0931
DATAFLOW,OECD.SDD.STES:DSD_KEI@DF_KEI(4.0),I,ITA,M,IRSTCI,PA,_Z,_Z,_Z,2013-06,0.0862
DATAFLOW,OECD.SDD.STES:DSD_KEI@DF_KEI(4.0),I,ITA,M,IRSTCI,PA,_Z,_Z,_Z,2013-05,0.0787
DATAFLOW,OECD.SDD.STES:DSD_KEI@DF_KEI(4.0),I,ITA,M,IRSTCI,PA,_Z,_Z,_Z,2013-04,0.081
DATAFLOW,OECD.SDD.STES:DSD_KEI@DF_KEI(4.0),I,ITA,M,IRSTCI,PA,_Z,_Z,_Z,2013-03,0.067
DATAFLOW,OECD.SDD.STES:DSD_KEI@DF_KEI(4.0),I,ITA,M,IRSTCI,PA,_Z,_Z,_Z,2013-02,0.0677
DATAFLOW,OECD.SDD.STES:DSD_KEI@DF_KEI(4.0),I,ITA,M,IRSTCI,PA,_Z,_Z,_Z,2013-01,0.069
DATAFLOW,OECD.SDD.STES:DSD_KEI@DF_KEI(4.0),I,ITA,M,IRSTCI,PA,_Z,_Z,_Z,2012-12,0.0734
DATAFLOW,OECD.SDD.STES:DSD_KEI@DF_KEI(4.0),I,ITA,M,IRSTCI,PA,_Z,_Z,_Z,2012-11,0.0785
DATAFLOW,OECD.SDD.STES:DSD_KEI@DF_KEI(4.0),I,ITA,M,IRSTCI,PA,_Z,_Z,_Z,2012-10,0.0907
DATAFLOW,OECD.SDD.STES:DSD_KEI@DF_KEI(4.0),I,ITA,M,IRSTCI,PA,_Z,_Z,_Z,2024-01,3.90264954545455
DATAFLOW,OECD.SDD.STES:DSD_KEI@DF_KEI(4.0),I,ITA,M,IRSTCI,PA,_Z,_Z,_Z,2025-12,1.92928666666667
DATAFLOW,OECD.SDD.STES:DSD_KEI@DF_KEI(4.0),I,ITA,M,IRSTCI,PA,_Z,_Z,_Z,2025-11,1.9289305
DATAFLOW,OECD.SDD.STES:DSD_KEI@DF_KEI(4.0),I,ITA,M,IRSTCI,PA,_Z,_Z,_Z,2025-10,1.92637608695652
DATAFLOW,OECD.SDD.STES:DSD_KEI@DF_KEI(4.0),I,ITA,M,IRSTCI,PA,_Z,_Z,_Z,2025-09,1.92456272727273
DATAFLOW,OECD.SDD.STES:DSD_KEI@DF_KEI(4.0),I,ITA,M,IRSTCI,PA,_Z,_Z,_Z,2025-08,1.92433952380952
DATAFLOW,OECD.SDD.STES:DSD_KEI@DF_KEI(4.0),I,ITA,M,IRSTCI,PA,_Z,_Z,_Z,2025-07,1.92323304347826
DATAFLOW,OECD.SDD.STES:DSD_KEI@DF_KEI(4.0),I,ITA,M,IRSTCI,PA,_Z,_Z,_Z,2025-06,2.04096523809524
DATAFLOW,OECD.SDD.STES:DSD_KEI@DF_KEI(4.0),I,ITA,M,IRSTCI,PA,_Z,_Z,_Z,2025-05,2.16900238095238
DATAFLOW,OECD.SDD.STES:DSD_KEI@DF_KEI(4.0),I,ITA,M,IRSTCI,PA,_Z,_Z,_Z,2025-04,2.3830535
DATAFLOW,OECD.SDD.STES:DSD_KEI@DF_KEI(4.0),I,ITA,M,IRSTCI,PA,_Z,_Z,_Z,2025-03,2.53437142857143
DATAFLOW,OECD.SDD.STES:DSD_KEI@DF_KEI(4.0),I,ITA,M,IRSTCI,PA,_Z,_Z,_Z,2025-02,2.7290455
DATAFLOW,OECD.SDD.STES:DSD_KEI@DF_KEI(4.0),I,ITA,M,IRSTCI,PA,_Z,_Z,_Z,2025-01,2.91883909090909
DATAFLOW,OECD.SDD.STES:DSD_KEI@DF_KEI(4.0),I,ITA,M,IRSTCI,PA,_Z,_Z,_Z,2024-12,3.1026865
DATAFLOW,OECD.SDD.STES:DSD_KEI@DF_KEI(4.0),I,ITA,M,IRSTCI,PA,_Z,_Z,_Z,2024-11,3.16496666666667
DATAFLOW,OECD.SDD.STES:DSD_KEI@DF_KEI(4.0),I,ITA,M,IRSTCI,PA,_Z,_Z,_Z,2024-10,3.37139391304348
DATAFLOW,OECD.SDD.STES:DSD_KEI@DF_KEI(4.0),I,ITA,M,IRSTCI,PA,_Z,_Z,_Z,2024-09,3.59209238095238
DATAFLOW,OECD.SDD.STES:DSD_KEI@DF_KEI(4.0),I,ITA,M,IRSTCI,PA,_Z,_Z,_Z,2024-08,3.66435590909091
DATAFLOW,OECD.SDD.STES:DSD_KEI@DF_KEI(4.0),I,ITA,M,IRSTCI,PA,_Z,_Z,_Z,2024-07,3.66308869565217
DATAFLOW,OECD.SDD.STES:DSD_KEI@DF_KEI(4.0),I,ITA,M,IRSTCI,PA,_Z,_Z,_Z,2024-06,3.786032
DATAFLOW,OECD.SDD.STES:DSD_KEI@DF_KEI(4.0),I,ITA,M,IRSTCI,PA,_Z,_Z,_Z,2024-05,3.90696272727273
DATAFLOW,OECD.SDD.STES:DSD_KEI@DF_KEI(4.0),I,ITA,M,IRSTCI,PA,_Z,_Z,_Z,2024-04,3.90827857142857
DATAFLOW,OECD.SDD.STES:DSD_KEI@DF_KEI(4.0),I,ITA,M,IRSTCI,PA,_Z,_Z,_Z,2024-03,3.907311
DATAFLOW,OECD.SDD.STES:DSD_KEI@DF_KEI(4.0),I,ITA,M,IRSTCI,PA,_Z,_Z,_Z,2024-02,3.90867571428571
DATAFLOW,OECD.SDD.STES:DSD_KEI@DF_KEI(4.0),I,ITA,M,IRLT,PA,_Z,_Z,_Z,2012-04,5.676
DATAFLOW,OECD.SDD.STES:DSD_KEI@DF_KEI(4.0),I,ITA,M,IRLT,PA,_Z,_Z,_Z,2012-03,5.049
DATAFLOW,OECD.SDD.STES:DSD_KEI@DF_KEI(4.0),I,ITA,M,IRLT,PA,_Z,_Z,_Z,2012-02,5.546
DATAFLOW,OECD.SDD.STES:DSD_KEI@DF_KEI(4.0),I,ITA,M,IRLT,PA,_Z,_Z,_Z,2012-01,6.537
DATAFLOW,OECD.SDD.STES:DSD_KEI@DF_KEI(4.0),I,CAN,M,IRSTCI,PA,_Z,_Z,_Z,2022-12,4.1245
DATAFLOW,OECD.SDD.STES:DSD_KEI@DF_KEI(4.0),I,CAN,M,IRSTCI,PA,_Z,_Z,_Z,2022-10,3.31408947368421
DATAFLOW,OECD.SDD.STES:DSD_KEI@DF_KEI(4.0),I,CAN,M,IRSTCI,PA,_Z,_Z,_Z,2022-09,3.10176842105263
DATAFLOW,OECD.SDD.STES:DSD_KEI@DF_KEI(4.0),I,CAN,M,IRSTCI,PA,_Z,_Z,_Z,2022-08,2.48295454545455
DATAFLOW,OECD.SDD.STES:DSD_KEI@DF_KEI(4.0),I,CAN,M,IRSTCI,PA,_Z,_Z,_Z,2022-07,2.03743684210526
DATAFLOW,OECD.SDD.STES:DSD_KEI@DF_KEI(4.0),I,CAN,M,IRSTCI,PA,_Z,_Z,_Z,2022-06,1.42881363636364
DATAFLOW,OECD.SDD.STES:DSD_KEI@DF_KEI(4.0),I,CAN,M,IRSTCI,PA,_Z,_Z,_Z,2022-04,0.710333333333333
DATAFLOW,OECD.SDD.STES:DSD_KEI@DF_KEI(4.0),I,CAN,M,IRSTCI,PA,_Z,_Z,_Z,2022-03,0.40775652173913
DATAFLOW,OECD.SDD.STES:DSD_KEI@DF_KEI(4.0),I,CAN,M,IRSTCI,PA,_Z,_Z,_Z,2022-02,0.171747368421053
DATAFLOW,OECD.SDD.STES:DSD_KEI@DF_KEI(4.0),I,CAN,M,IRSTCI,PA,_Z,_Z,_Z,2007-11,4.50540952380952
DATAFLOW,OECD.SDD.STES:DSD_KEI@DF_KEI(4.0),I,CAN,M,IRSTCI,PA,_Z,_Z,_Z,2007-10,4.50753181818182
DATAFLOW,OECD.SDD.STES:DSD_KEI@DF_KEI(4.0),I,CAN,M,IRSTCI,PA,_Z,_Z,_Z,2007-09,4.44454736842105
DATAFLOW,OECD.SDD.STES:DSD_KEI@DF_KEI(4.0),I,CAN,M,IRSTCI,PA,_Z,_Z,_Z,2007-08,4.45732272727273
DATAFLOW,OECD.SDD.STES:DSD_KEI@DF_KEI(4.0),I,CAN,M,IRSTCI,PA,_Z,_Z,_Z,2007-07,4.44548571428571
DATAFLOW,OECD.SDD.STES:DSD_KEI@DF_KEI(4.0),I,CAN,M,IRSTCI,PA,_Z,_Z,_Z,2007-06,4.25049523809524
DATAFLOW,OECD.SDD.STES:DSD_KEI@DF_KEI(4.0),I,CAN,M,IRSTCI,PA,_Z,_Z,_Z,2007-05,4.23679545454545
DATAFLOW,OECD.SDD.STES:DSD_KEI@DF_KEI(4.0),I,CAN,M,IRSTCI,PA,_Z,_Z,_Z,2007-04,4.25083
DATAFLOW,OECD.SDD.STES:DSD_KEI@DF_KEI(4.0),I,CAN,M,IRSTCI,PA,_Z,_Z,_Z,2007-03,4.23000909090909
DATAFLOW,OECD.SDD.STES:DSD_KEI@DF_KEI(4.0),I,CAN,M,IRSTCI,PA,_Z,_Z,_Z,2007-02,4.235035
DATAFLOW,OECD.SDD.STES:DSD_KEI@DF_KEI(4.0),I,CAN,M,IRSTCI,PA,_Z,_Z,_Z,2007-01,4.24341363636364
DATAFLOW,OECD.SDD.STES:DSD_KEI@DF_KEI(4.0),I,CAN,M,IRSTCI,PA,_Z,_Z,_Z,2026-01,2.25
DATAFLOW,OECD.SDD.STES:DSD_KEI@DF_KEI(4.0),I,CAN,M,IRSTCI,PA,_Z,_Z,_Z,2025-12,2.25141904761905
DATAFLOW,OECD.SDD.STES:DSD_KEI@DF_KEI(4.0),I,CAN,M,IRSTCI,PA,_Z,_Z,_Z,2025-11,2.24214210526316
DATAFLOW,OECD.SDD.STES:DSD_KEI@DF_KEI(4.0),I,CAN,M,IRSTCI,PA,_Z,_Z,_Z,2025-10,2.48545
DATAFLOW,OECD.SDD.STES:DSD_KEI@DF_KEI(4.0),I,CAN,M,IRSTCI,PA,_Z,_Z,_Z,2025-09,2.657255
DATAFLOW,OECD.SDD.STES:DSD_KEI@DF_KEI(4.0),I,CAN,M,IRSTCI,PA,_Z,_Z,_Z,2025-08,2.75275
DATAFLOW,OECD.SDD.STES:DSD_KEI@DF_KEI(4.0),I,CAN,M,IRSTCI,PA,_Z,_Z,_Z,2025-07,2.74803181818182
DATAFLOW,OECD.SDD.STES:DSD_KEI@DF_KEI(4.0),I,CAN,M,IRSTCI,PA,_Z,_Z,_Z,2025-06,2.744125
DATAFLOW,OECD.SDD.STES:DSD_KEI@DF_KEI(4.0),I,CAN,M,IRSTCI,PA,_Z,_Z,_Z,2025-05,2.74235238095238
DATAFLOW,OECD.SDD.STES:DSD_KEI@DF_KEI(4.0),I,CAN,M,IRSTCI,PA,_Z,_Z,_Z,2025-04,2.739815
DATAFLOW,OECD.SDD.STES:DSD_KEI@DF_KEI(4.0),I,CAN,M,IRSTCI,PA,_Z,_Z,_Z,2025-03,2.84069523809524
DATAFLOW,OECD.SDD.STES:DSD_KEI@DF_KEI(4.0),I,CAN,M,IRSTCI,PA,_Z,_Z,_Z,2025-01,3.22181818181818
DATAFLOW,OECD.SDD.STES:DSD_KEI@DF_KEI(4.0),I,CAN,M,IRSTCI,PA,_Z,_Z,_Z,2024-12,3.46852
DATAFLOW,OECD.SDD.STES:DSD_KEI@DF_KEI(4.0),I,CAN,M,IRSTCI,PA,_Z,_Z,_Z,2024-11,3.76488
DATAFLOW,OECD.SDD.STES:DSD_KEI@DF_KEI(4.0),I,CAN,M,IRSTCI,PA,_Z,_Z,_Z,2024-10,4.13835
DATAFLOW,OECD.SDD.STES:DSD_KEI@DF_KEI(4.0),I,CAN,M,IRSTCI,PA,_Z,_Z,_Z,2024-09,4.29742222222222
DATAFLOW,OECD.SDD.STES:DSD_KEI@DF_KEI(4.0),I,CAN,M,IRSTCI,PA,_Z,_Z,_Z,2024-08,4.51298
DATAFLOW,OECD.SDD.STES:DSD_KEI@DF_KEI(4.0),I,CAN,M,IRSTCI,PA,_Z,_Z,_Z,2024-07,4.70747142857143
DATAFLOW,OECD.SDD.STES:DSD_KEI@DF_KEI(4.0),I,CAN,M,IRSTCI,PA,_Z,_Z,_Z,2024-06,4.80132
DATAFLOW,OECD.SDD.STES:DSD_KEI@DF_KEI(4.0),I,CAN,M,IRSTCI,PA,_Z,_Z,_Z,2024-05,5.0027
DATAFLOW,OECD.SDD.STES:DSD_KEI@DF_KEI(4.0),I,CAN,M,IRSTCI,PA,_Z,_Z,_Z,2024-04,4.99991818181818
DATAFLOW,OECD.SDD.STES:DSD_KEI@DF_KEI(4.0),I,CAN,M,IRSTCI,PA,_Z,_Z,_Z,2024-03,5.00289
DATAFLOW,OECD.SDD.STES:DSD_KEI@DF_KEI(4.0),I,CAN,M,IRSTCI,PA,_Z,_Z,_Z,2024-02,5.01497
DATAFLOW,OECD.SDD.STES:DSD_KEI@DF_KEI(4.0),I,CAN,M,IRSTCI,PA,_Z,_Z,_Z,2024-01,5.02609090909091
DATAFLOW,OECD.SDD.STES:DSD_KEI@DF_KEI(4.0),I,CAN,M,IRSTCI,PA,_Z,_Z,_Z,2023-12,5.01547894736842
DATAFLOW,OECD.SDD.STES:DSD_KEI@DF_KEI(4.0),I,CAN,M,IR3TIB,PA,_Z,_Z,_Z,2025-04,2.622
DATAFLOW,OECD.SDD.STES:DSD_KEI@DF_KEI(4.0),I,CAN,M,IR3TIB,PA,_Z,_Z,_Z,2025-03,2.66
DATAFLOW,OECD.SDD.STES:DSD_KEI@DF_KEI(4.0),I,CAN,M,IR3TIB,PA,_Z,_Z,_Z,2025-02,2.8425
DATAFLOW,OECD.SDD.STES:DSD_KEI@DF_KEI(4.0),I,CAN,M,IR3TIB,PA,_Z,_Z,_Z,2025-01,3.058
DATAFLOW,OECD.SDD.STES:DSD_KEI@DF_KEI(4.0),I,CAN,M,IR3TIB,PA,_Z,_Z,_Z,2024-12,3.195
DATAFLOW,OECD.SDD.STES:DSD_KEI@DF_KEI(4.0),I,CAN,M,IR3TIB,PA,_Z,_Z,_Z,2024-11,3.48
DATAFLOW,OECD.SDD.STES:DSD_KEI@DF_KEI(4.0),I,CAN,M,IR3TIB,PA,_Z,_Z,_Z,2024-10,3.71
DATAFLOW,OECD.SDD.STES:DSD_KEI@DF_KEI(4.0),I,CAN,M,IR3TIB,PA,_Z,_Z,_Z,2024-09,4.0425
DATAFLOW,OECD.SDD.STES:DSD_KEI@DF_KEI(4.0),I,CAN,M,IR3TIB,PA,_Z,_Z,_Z,2024-08,4.2325
DATAFLOW,OECD.SDD.STES:DSD_KEI@DF_KEI(4.0),I,CAN,M,IR3TIB,PA,_Z,_Z,_Z,2024-07,4.508
DATAFLOW,OECD.SDD.STES:DSD_KEI@DF_KEI(4.0),I,CAN,M,IR3TIB,PA,_Z,_Z,_Z,2024-06,4.6475
DATAFLOW,OECD.SDD.STES:DSD_KEI@DF_KEI(4.0),I,CAN,M,IR3TIB,PA,_Z,_Z,_Z,2024-05,4.868
DATAFLOW,OECD.SDD.STES:DSD_KEI@DF_KEI(4.0),I,CAN,M,IR3TIB,PA,_Z,_Z,_Z,2024-04,4.925
DATAFLOW,OECD.SDD.STES:DSD_KEI@DF_KEI(4.0),I,CAN,M,IR3TIB,PA,_Z,_Z,_Z,2024-03,4.905
DATAFLOW,OECD.SDD.STES:DSD_KEI@DF_KEI(4.0),I,CAN,M,IR3TIB,PA,_Z,_Z,_Z,2024-02,4.935
DATAFLOW,OECD.SDD.STES:DSD_KEI@DF_KEI(4.0),I,CAN,M,IR3TIB,PA,_Z,_Z,_Z,2024-01,4.948
DATAFLOW,OECD.SDD.STES:DSD_KEI@DF_KEI(4.0),I,CAN,M,IR3TIB,PA,_Z,_Z,_Z,2023-12,4.9475
DATAFLOW,OECD.SDD.STES:DSD_KEI@DF_KEI(4.0),I,CAN,M,IR3TIB,PA,_Z,_Z,_Z,2023-11,4.996
DATAFLOW,OECD.SDD.STES:DSD_KEI@DF_KEI(4.0),I,CAN,M,IR3TIB,PA,_Z,_Z,_Z,2023-10,5.08
DATAFLOW,OECD.SDD.STES:DSD_KEI@DF_KEI(4.0),I,CAN,M,IR3TIB,PA,_Z,_Z,_Z,2023-09,5.0375
DATAFLOW,OECD.SDD.STES:DSD_KEI@DF_KEI(4.0),I,CAN,M,IR3TIB,PA,_Z,_Z,_Z,2023-08,5.054
DATAFLOW,OECD.SDD.STES:DSD_KEI@DF_KEI(4.0),I,CAN,M,IR3TIB,PA,_Z,_Z,_Z,2023-07,4.935
DATAFLOW,OECD.SDD.STES:DSD_KEI@DF_KEI(4.0),I,CAN,M,IR3TIB,PA,_Z,_Z,_Z,2023-06,4.8325
DATAFLOW,OECD.SDD.STES:DSD_KEI@DF_KEI(4.0),I,CAN,M,IR3TIB,PA,_Z,_Z,_Z,2023-05,4.478
DATAFLOW,OECD.SDD.STES:DSD_KEI@DF_KEI(4.0),I,CAN,M,IR3TIB,PA,_Z,_Z,_Z,2023-04,4.3675
DATAFLOW,OECD.SDD.STES:DSD_KEI@DF_KEI(4.0),I,CAN,M,IRSTCI,PA,_Z,_Z,_Z,2012-09,1.00068421052632
DATAFLOW,OECD.SDD.STES:DSD_KEI@DF_KEI(4.0),I,CAN,M,IRSTCI,PA,_Z,_Z,_Z,2012-08,1.0021
DATAFLOW,OECD.SDD.STES:DSD_KEI@DF_KEI(4.0),I,CAN,M,IRSTCI,PA,_Z,_Z,_Z,2012-07,0.999066666666667
DATAFLOW,OECD.SDD.STES:DSD_KEI@DF_KEI(4.0),I,CAN,M,IRSTCI,PA,_Z,_Z,_Z,2012-06,1.00080476190476
DATAFLOW,OECD.SDD.STES:DSD_KEI@DF_KEI(4.0),I,CAN,M,IRSTCI,PA,_Z,_Z,_Z,2012-05,1.00081818181818
DATAFLOW,OECD.SDD.STES:DSD_KEI@DF_KEI(4.0),I,CAN,M,IRSTCI,PA,_Z,_Z,_Z,2012-04,1.00601
DATAFLOW,OECD.SDD.STES:DSD_KEI@DF_KEI(4.0),I,CAN,M,IRSTCI,PA,_Z,_Z,_Z,2012-03,0.999690909090909
DATAFLOW,OECD.SDD.STES:DSD_KEI@DF_KEI(4.0),I,CAN,M,IRSTCI,PA,_Z,_Z,_Z,2012-02,0.998625
DATAFLOW,OECD.SDD.STES:DSD_KEI@DF_KEI(4.0),I,CAN,M,IRSTCI,PA,_Z,_Z,_Z,2012-01,0.998461904761905
DATAFLOW,OECD.SDD.STES:DSD_KEI@DF_KEI(4.0),I,CAN,M,IRSTCI,PA,_Z,_Z,_Z,2011-12,0.99917
DATAFLOW,OECD.SDD.STES:DSD_KEI@DF_KEI(4.0),I,CAN,M,IRSTCI,PA,_Z,_Z,_Z,2011-11,0.999838095238095
DATAFLOW,OECD.SDD.STES:DSD_KEI@DF_KEI(4.0),I,CAN,M,IRSTCI,PA,_Z,_Z,_Z,2011-10,1.00045
DATAFLOW,OECD.SDD.STES:DSD_KEI@DF_KEI(4.0),I,CAN,M,IRSTCI,PA,_Z,_Z,_Z,2011-09,0.998304761904762
DATAFLOW,OECD.SDD.STES:DSD_KEI@DF_KEI(4.0),I,CAN,M,IRSTCI,PA,_Z,_Z,_Z,2011-08,1.00026818181818
DATAFLOW,OECD.SDD.STES:DSD_KEI@DF_KEI(4.0),I,CAN,M,IRSTCI,PA,_Z,_Z,_Z,2011-07,0.998455
DATAFLOW,OECD.SDD.STES:DSD_KEI@DF_KEI(4.0),I,CAN,M,IRSTCI,PA,_Z,_Z,_Z,2011-06,0.997581818181818
DATAFLOW,OECD.SDD.STES:DSD_KEI@DF_KEI(4.0),I,CAN,M,IRSTCI,PA,_Z,_Z,_Z,2011-05,0.996533333333333
DATAFLOW,OECD.SDD.STES:DSD_KEI@DF_KEI(4.0),I,CAN,M,IRSTCI,PA,_Z,_Z,_Z,2011-04,0.99646
DATAFLOW,OECD.SDD.STES:DSD_KEI@DF_KEI(4.0),I,CAN,M,IRSTCI,PA,_Z,_Z,_Z,2011-03,0.99414347826087
DATAFLOW,OECD.SDD.STES:DSD_KEI@DF_KEI(4.0),I,CAN,M,IRSTCI,PA,_Z,_Z,_Z,2011-02,0.993605263157895
DATAFLOW,OECD.SDD.STES:DSD_KEI@DF_KEI(4.0),I,CAN,M,IRSTCI,PA,_Z,_Z,_Z,2011-01,0.99239
DATAFLOW,OECD.SDD.STES:DSD_KEI@DF_KEI(4.0),I,CAN,M,IRSTCI,PA,_Z,_Z,_Z,2010-12,0.997171428571429
DATAFLOW,OECD.SDD.STES:DSD_KEI@DF_KEI(4.0),I,ITA,M,IR3TIB,PA,_Z,_Z,_Z,2018-01,-0.328454545454546
DATAFLOW,OECD.SDD.STES:DSD_KEI@DF_KEI(4.0),I,ITA,M,IR3TIB,PA,_Z,_Z,_Z,2017-12,-0.327894736842105
DATAFLOW,OECD.SDD.STES:DSD_KEI@DF_KEI(4.0),I,ITA,M,IR3TIB,PA,_Z,_Z,_Z,2017-10,-0.329545454545455
DATAFLOW,OECD.SDD.STES:DSD_KEI@DF_KEI(4.0),I,ITA,M,IR3TIB,PA,_Z,_Z,_Z,2017-09,-0.329380952380952
DATAFLOW,OECD.SDD.STES:DSD_KEI@DF_KEI(4.0),I,ITA,M,IR3TIB,PA,_Z,_Z,_Z,2017-08,-0.329086956521739
DATAFLOW,OECD.SDD.STES:DSD_KEI@DF_KEI(4.0),I,ITA,M,IR3TIB,PA,_Z,_Z,_Z,2017-07,-0.330428571428571
DATAFLOW,OECD.SDD.STES:DSD_KEI@DF_KEI(4.0),I,ITA,M,IR3TIB,PA,_Z,_Z,_Z,2017-05,-0.329454545454545
DATAFLOW,OECD.SDD.STES:DSD_KEI@DF_KEI(4.0),I,ITA,M,IR3TIB,PA,_Z,_Z,_Z,2017-04,-0.330388888888889
DATAFLOW,OECD.SDD.STES:DSD_KEI@DF_KEI(4.0),I,ITA,M,IR3TIB,PA,_Z,_Z,_Z,2017-03,-0.329347826086957
DATAFLOW,OECD.SDD.STES:DSD_KEI@DF_KEI(4.0),I,ITA,M,IR3TIB,PA,_Z,_Z,_Z,2017-01,-0.325545454545455
DATAFLOW,OECD.SDD.STES:DSD_KEI@DF_KEI(4.0),I,ITA,M,IR3TIB,PA,_Z,_Z,_Z,2016-12,-0.315761904761905
DATAFLOW,OECD.SDD.STES:DSD_KEI@DF_KEI(4.0),I,ITA,M,IR3TIB,PA,_Z,_Z,_Z,2016-11,-0.312681818181818
DATAFLOW,OECD.SDD.STES:DSD_KEI@DF_KEI(4.0),I,ITA,M,IR3TIB,PA,_Z,_Z,_Z,2016-09,-0.301636363636364
DATAFLOW,OECD.SDD.STES:DSD_KEI@DF_KEI(4.0),I,ITA,M,IR3TIB,PA,_Z,_Z,_Z,2016-08,-0.298217391304348
DATAFLOW,OECD.SDD.STES:DSD_KEI@DF_KEI(4.0),I,ITA,M,IR3TIB,PA,_Z,_Z,_Z,2016-07,-0.294523809523809
DATAFLOW,OECD.SDD.STES:DSD_KEI@DF_KEI(4.0),I,ITA,M,IR3TIB,PA,_Z,_Z,_Z,2016-06,-0.267909090909091
DATAFLOW,OECD.SDD.STES:DSD_KEI@DF_KEI(4.0),I,ITA,M,IR3TIB,PA,_Z,_Z,_Z,2016-05,-0.257181818181818
DATAFLOW,OECD.SDD.STES:DSD_KEI@DF_KEI(4.0),I,ITA,M,IR3TIB,PA,_Z,_Z,_Z,2016-04,-0.249190476190476
DATAFLOW,OECD.SDD.STES:DSD_KEI@DF_KEI(4.0),I,ITA,M,IR3TIB,PA,_Z,_Z,_Z,2016-03,-0.22852380952381
DATAFLOW,OECD.SDD.STES:DSD_KEI@DF_KEI(4.0),I,ITA,M,IR3TIB,PA,_Z,_Z,_Z,2016-02,-0.183571428571429
DATAFLOW,OECD.SDD.STES:DSD_KEI@DF_KEI(4.0),I,ITA,M,IR3TIB,PA,_Z,_Z,_Z,2016-01,-0.14615
DATAFLOW,OECD.SDD.STES:DSD_KEI@DF_KEI(4.0),I,ITA,M,IR3TIB,PA,_Z,_Z,_Z,2015-12,-0.126318181818182
DATAFLOW,OECD.SDD.STES:DSD_KEI@DF_KEI(4.0),I,ITA,M,IR3TIB,PA,_Z,_Z,_Z,2015-11,-0.0876190476190476
DATAFLOW,OECD.SDD.STES:DSD_KEI@DF_KEI(4.0),I,ITA,M,IR3TIB,PA,_Z,_Z,_Z,2015-10,-0.0535909090909091
DATAFLOW,OECD.SDD.STES:DSD_KEI@DF_KEI(4.0),I,ITA,M,IR3TIB,PA,_Z,_Z,_Z,2015-09,-0.0370454545454546
DATAFLOW,OECD.SDD.STES:DSD_KEI@DF_KEI(4.0),I,ITA,M,IR3TIB,PA,_Z,_Z,_Z,2015-08,-0.0276666666666667
DATAFLOW,OECD.SDD.STES:DSD_KEI@DF_KEI(4.0),I,ITA,M,IR3TIB,PA,_Z,_Z,_Z,2015-07,-0.0187391304347826
DATAFLOW,OECD.SDD.STES:DSD_KEI@DF_KEI(4.0),I,ITA,M,IR3TIB,PA,_Z,_Z,_Z,2015-06,-0.0139090909090909
DATAFLOW,OECD.SDD.STES:DSD_KEI@DF_KEI(4.0),I,ITA,M,IR3TIB,PA,_Z,_Z,_Z,2015-05,-0.0103684210526316
DATAFLOW,OECD.SDD.STES:DSD_KEI@DF_KEI(4.0),I,ITA,M,IR3TIB,PA,_Z,_Z,_Z,2015-03,0.0271818181818182
DATAFLOW,OECD.SDD.STES:DSD_KEI@DF_KEI(4.0),I,ITA,M,IR3TIB,PA,_Z,_Z,_Z,2015-01,0.0626666666666667
DATAFLOW,OECD.SDD.STES:DSD_KEI@DF_KEI(4.0),I,ITA,M,IR3TIB,PA,_Z,_Z,_Z,2014-12,0.0809047619047619
DATAFLOW,OECD.SDD.STES:DSD_KEI@DF_KEI(4.0),I,ITA,M,IR3TIB,PA,_Z,_Z,_Z,2014-10,0.0826086956521739
DATAFLOW,OECD.SDD.STES:DSD_KEI@DF_KEI(4.0),I,ITA,M,IR3TIB,PA,_Z,_Z,_Z,2014-09,0.0970909090909091
DATAFLOW,OECD.SDD.STES:DSD_KEI@DF_KEI(4.0),I,ITA,M,IR3TIB,PA,_Z,_Z,_Z,2014-08,0.191571428571429
DATAFLOW,OECD.SDD.STES:DSD_KEI@DF_KEI(4.0),I,ITA,M,IR3TIB,PA,_Z,_Z,_Z,2014-07,0.20504347826087
DATAFLOW,OECD.SDD.STES:DSD_KEI@DF_KEI(4.0),I,ITA,M,IR3TIB,PA,_Z,_Z,_Z,2014-06,0.241428571428571
DATAFLOW,OECD.SDD.STES:DSD_KEI@DF_KEI(4.0),I,ITA,M,IRSTCI,PA,_Z,_Z,_Z,2023-12,3.90344210526316
DATAFLOW,OECD.SDD.STES:DSD_KEI@DF_KEI(4.0),I,ITA,M,IRSTCI,PA,_Z,_Z,_Z,2023-11,3.90274363636364
DATAFLOW,OECD.SDD.STES:DSD_KEI@DF_KEI(4.0),I,ITA,M,IRSTCI,PA,_Z,_Z,_Z,2023-10,3.90106045454545
DATAFLOW,OECD.SDD.STES:DSD_KEI@DF_KEI(4.0),I,ITA,M,IRSTCI,PA,_Z,_Z,_Z,2023-09,3.7125219047619
DATAFLOW,OECD.SDD.STES:DSD_KEI@DF_KEI(4.0),I,ITA,M,IRSTCI,PA,_Z,_Z,_Z,2023-08,3.61036652173913
DATAFLOW,OECD.SDD.STES:DSD_KEI@DF_KEI(4.0),I,ITA,M,IRSTCI,PA,_Z,_Z,_Z,2023-07,3.40326333333333
DATAFLOW,OECD.SDD.STES:DSD_KEI@DF_KEI(4.0),I,ITA,M,IRSTCI,PA,_Z,_Z,_Z,2023-06,3.20459045454545
DATAFLOW,OECD.SDD.STES:DSD_KEI@DF_KEI(4.0),I,ITA,M,IRSTCI,PA,_Z,_Z,_Z,2023-05,3.04630909090909
DATAFLOW,OECD.SDD.STES:DSD_KEI@DF_KEI(4.0),I,ITA,M,IRSTCI,PA,_Z,_Z,_Z,2023-04,2.89908111111111
DATAFLOW,OECD.SDD.STES:DSD_KEI@DF_KEI(4.0),I,ITA,M,IRSTCI,PA,_Z,_Z,_Z,2023-03,2.50836391304348
DATAFLOW,OECD.SDD.STES:DSD_KEI@DF_KEI(4.0),I,ITA,M,IRSTCI,PA,_Z,_Z,_Z,2023-02,2.200642
DATAFLOW,OECD.SDD.STES:DSD_KEI@DF_KEI(4.0),I,ITA,M,IRSTCI,PA,_Z,_Z,_Z,2023-01,1.90131181818182
DATAFLOW,OECD.SDD.STES:DSD_KEI@DF_KEI(4.0),I,ITA,M,IRSTCI,PA,_Z,_Z,_Z,2022-12,1.50396476190476
DATAFLOW,OECD.SDD.STES:DSD_KEI@DF_KEI(4.0),I,ITA,M,IRSTCI,PA,_Z,_Z,_Z,2022-11,1.26661954545455
DATAFLOW,OECD.SDD.STES:DSD_KEI@DF_KEI(4.0),I,ITA,M,IRSTCI,PA,_Z,_Z,_Z,2022-10,0.655378571428571
DATAFLOW,OECD.SDD.STES:DSD_KEI@DF_KEI(4.0),I,ITA,M,IRSTCI,PA,_Z,_Z,_Z,2022-09,0.254584090909091
DATAFLOW,OECD.SDD.STES:DSD_KEI@DF_KEI(4.0),I,ITA,M,IRSTCI,PA,_Z,_Z,_Z,2022-08,-0.0946521739130435
DATAFLOW,OECD.SDD.STES:DSD_KEI@DF_KEI(4.0),I,ITA,M,IRSTCI,PA,_Z,_Z,_Z,2022-07,-0.571064285714286
DATAFLOW,OECD.SDD.STES:DSD_KEI@DF_KEI(4.0),I,ITA,M,IRSTCI,PA,_Z,_Z,_Z,2022-06,-0.582624090909091
DATAFLOW,OECD.SDD.STES:DSD_KEI@DF_KEI(4.0),I,ITA,M,IRSTCI,PA,_Z,_Z,_Z,2022-05,-0.584741363636364
DATAFLOW,OECD.SDD.STES:DSD_KEI@DF_KEI(4.0),I,ITA,M,IRSTCI,PA,_Z,_Z,_Z,2022-04,-0.583707368421053
DATAFLOW,OECD.SDD.STES:DSD_KEI@DF_KEI(4.0),I,ITA,M,IRSTCI,PA,_Z,_Z,_Z,2022-03,-0.577703043478261
DATAFLOW,OECD.SDD.STES:DSD_KEI@DF_KEI(4.0),I,ITA,M,IRSTCI,PA,_Z,_Z,_Z,2022-02,-0.576333
DATAFLOW,OECD.SDD.STES:DSD_KEI@DF_KEI(4.0),I,ITA,M,IRSTCI,PA,_Z,_Z,_Z,2022-01,-0.579465714285714
DATAFLOW,OECD.SDD.STES:DSD_KEI@DF_KEI(4.0),I,ITA,M,IRSTCI,PA,_Z,_Z,_Z,2021-12,-0.576372173913044
DATAFLOW,OECD.SDD.STES:DSD_KEI@DF_KEI(4.0),I,ITA,M,IRSTCI,PA,_Z,_Z,_Z,2021-11,-0.573237272727273
DATAFLOW,OECD.SDD.STES:DSD_KEI@DF_KEI(4.0),I,ITA,M,IRSTCI,PA,_Z,_Z,_Z,2021-10,-0.570412857142857
DATAFLOW,OECD.SDD.STES:DSD_KEI@DF_KEI(4.0),I,ITA,M,IRSTCI,PA,_Z,_Z,_Z,2021-09,-0.569360454545455
DATAFLOW,OECD.SDD.STES:DSD_KEI@DF_KEI(4.0),I,ITA,M,IRSTCI,PA,_Z,_Z,_Z,2021-08,-0.5681
DATAFLOW,OECD.SDD.STES:DSD_KEI@DF_KEI(4.0),I,ITA,M,IRSTCI,PA,_Z,_Z,_Z,2021-07,-0.566522272727273
DATAFLOW,OECD.SDD.STES:DSD_KEI@DF_KEI(4.0),I,ITA,M,IRSTCI,PA,_Z,_Z,_Z,2021-06,-0.564125909090909
DATAFLOW,OECD.SDD.STES:DSD_KEI@DF_KEI(4.0),I,ITA,M,IRSTCI,PA,_Z,_Z,_Z,2021-05,-0.56470619047619
DATAFLOW,OECD.SDD.STES:DSD_KEI@DF_KEI(4.0),I,ITA,M,IRSTCI,PA,_Z,_Z,_Z,2021-04,-0.5660555
DATAFLOW,OECD.SDD.STES:DSD_KEI@DF_KEI(4.0),I,ITA,M,IRSTCI,PA,_Z,_Z,_Z,2021-03,-0.56376652173913
DATAFLOW,OECD.SDD.STES:DSD_KEI@DF_KEI(4.0),I,ITA,M,IRSTCI,PA,_Z,_Z,_Z,2021-02,-0.563521
DATAFLOW,OECD.SDD.STES:DSD_KEI@DF_KEI(4.0),I,ITA,M,IRSTCI,PA,_Z,_Z,_Z,2021-01,-0.5657645
DATAFLOW,OECD.SDD.STES:DSD_KEI@DF_KEI(4.0),I,ITA,M,IRSTCI,PA,_Z,_Z,_Z,2020-12,-0.556349090909091
DATAFLOW,OECD.SDD.STES:DSD_KEI@DF_KEI(4.0),I,ITA,M,IRSTCI,PA,_Z,_Z,_Z,2020-11,-0.55621619047619
DATAFLOW,OECD.SDD.STES:DSD_KEI@DF_KEI(4.0),I,ITA,M,IRSTCI,PA,_Z,_Z,_Z,2020-10,-0.554640909090909
DATAFLOW,OECD.SDD.STES:DSD_KEI@DF_KEI(4.0),I,ITA,M,IRSTCI,PA,_Z,_Z,_Z,2020-09,-0.552932727272727
DATAFLOW,OECD.SDD.STES:DSD_KEI@DF_KEI(4.0),I,ITA,M,IRSTCI,PA,_Z,_Z,_Z,2020-08,-0.552087619047619
DATAFLOW,OECD.SDD.STES:DSD_KEI@DF_KEI(4.0),I,ITA,M,IRSTCI,PA,_Z,_Z,_Z,2020-07,-0.549555652173913
DATAFLOW,OECD.SDD.STES:DSD_KEI@DF_KEI(4.0),I,ITA,M,IRSTCI,PA,_Z,_Z,_Z,2020-06,-0.544465
DATAFLOW,OECD.SDD.STES:DSD_KEI@DF_KEI(4.0),I,ITA,M,IRSTCI,PA,_Z,_Z,_Z,2020-05,-0.540192
DATAFLOW,OECD.SDD.STES:DSD_KEI@DF_KEI(4.0),I,ITA,M,IRSTCI,PA,_Z,_Z,_Z,2020-04,-0.5354685
DATAFLOW,OECD.SDD.STES:DSD_KEI@DF_KEI(4.0),I,ITA,M,IRSTCI,PA,_Z,_Z,_Z,2020-03,-0.535628636363636
DATAFLOW,OECD.SDD.STES:DSD_KEI@DF_KEI(4.0),I,CAN,M,IRLT,PA,_Z,_Z,_Z,2009-01,2.81238095238095
DATAFLOW,OECD.SDD.STES:DSD_KEI@DF_KEI(4.0),I,CAN,M,IRLT,PA,_Z,_Z,_Z,2008-12,2.94571428571429
DATAFLOW,OECD.SDD.STES:DSD_KEI@DF_KEI(4.0),I,CAN,M,IRLT,PA,_Z,_Z,_Z,2008-11,3.57157894736842
DATAFLOW,OECD.SDD.STES:DSD_KEI@DF_KEI(4.0),I,CAN,M,IRLT,PA,_Z,_Z,_Z,2008-10,3.66818181818182
DATAFLOW,OECD.SDD.STES:DSD_KEI@DF_KEI(4.0),I,CAN,M,IRLT,PA,_Z,_Z,_Z,2008-09,3.54095238095238
DATAFLOW,OECD.SDD.STES:DSD_KEI@DF_KEI(4.0),I,CAN,M,IRLT,PA,_Z,_Z,_Z,2008-07,3.75045454545455
DATAFLOW,OECD.SDD.STES:DSD_KEI@DF_KEI(4.0),I,CAN,M,IRLT,PA,_Z,_Z,_Z,2008-05,3.62142857142857
DATAFLOW,OECD.SDD.STES:DSD_KEI@DF_KEI(4.0),I,CAN,M,IRLT,PA,_Z,_Z,_Z,2008-04,3.62863636363636
DATAFLOW,OECD.SDD.STES:DSD_KEI@DF_KEI(4.0),I,CAN,M,IRLT,PA,_Z,_Z,_Z,2008-03,3.509
DATAFLOW,OECD.SDD.STES:DSD_KEI@DF_KEI(4.0),I,CAN,M,IRLT,PA,_Z,_Z,_Z,2008-02,3.828
DATAFLOW,OECD.SDD.STES:DSD_KEI@DF_KEI(4.0),I,CAN,M,IRLT,PA,_Z,_Z,_Z,2008-01,3.84818181818182
DATAFLOW,OECD.SDD.STES:DSD_KEI@DF_KEI(4.0),I,CAN,M,IRLT,PA,_Z,_Z,_Z,2007-12,4.01578947368421
DATAFLOW,OECD.SDD.STES:DSD_KEI@DF_KEI(4.0),I,CAN,M,IRLT,PA,_Z,_Z,_Z,2007-11,4.12142857142857
DATAFLOW,OECD.SDD.STES:DSD_KEI@DF_KEI(4.0),I,CAN,M,IRLT,PA,_Z,_Z,_Z,2007-10,4.36272727272727
DATAFLOW,OECD.SDD.STES:DSD_KEI@DF_KEI(4.0),I,CAN,M,IRLT,PA,_Z,_Z,_Z,2007-09,4.35631578947368
DATAFLOW,OECD.SDD.STES:DSD_KEI@DF_KEI(4.0),I,CAN,M,IRLT,PA,_Z,_Z,_Z,2007-08,4.42863636363636
DATAFLOW,OECD.SDD.STES:DSD_KEI@DF_KEI(4.0),I,CAN,M,IRLT,PA,_Z,_Z,_Z,2007-06,4.61285714285714
DATAFLOW,OECD.SDD.STES:DSD_KEI@DF_KEI(4.0),I,CAN,M,IRLT,PA,_Z,_Z,_Z,2007-05,4.29272727272727
DATAFLOW,OECD.SDD.STES:DSD_KEI@DF_KEI(4.0),I,CAN,M,IRLT,PA,_Z,_Z,_Z,2007-03,4.04590909090909
DATAFLOW,OECD.SDD.STES:DSD_KEI@DF_KEI(4.0),I,CAN,M,IRLT,PA,_Z,_Z,_Z,2007-01,4.12181818181818
DATAFLOW,OECD.SDD.STES:DSD_KEI@DF_KEI(4.0),I,CAN,M,IRLT,PA,_Z,_Z,_Z,2025-12,3.38761904761905
DATAFLOW,OECD.SDD.STES:DSD_KEI@DF_KEI(4.0),I,CAN,M,IRLT,PA,_Z,_Z,_Z,2025-10,3.12818181818182
DATAFLOW,OECD.SDD.STES:DSD_KEI@DF_KEI(4.0),I,CAN,M,IRLT,PA,_Z,_Z,_Z,2025-09,3.2245
DATAFLOW,OECD.SDD.STES:DSD_KEI@DF_KEI(4.0),I,CAN,M,IRLT,PA,_Z,_Z,_Z,2025-08,3.4225
DATAFLOW,OECD.SDD.STES:DSD_KEI@DF_KEI(4.0),I,CAN,M,IRLT,PA,_Z,_Z,_Z,2025-07,3.48045454545455
DATAFLOW,OECD.SDD.STES:DSD_KEI@DF_KEI(4.0),I,CAN,M,IRLT,PA,_Z,_Z,_Z,2025-06,3.314
DATAFLOW,OECD.SDD.STES:DSD_KEI@DF_KEI(4.0),I,CAN,M,IRLT,PA,_Z,_Z,_Z,2025-05,3.22142857142857
DATAFLOW,OECD.SDD.STES:DSD_KEI@DF_KEI(4.0),I,CAN,M,IRLT,PA,_Z,_Z,_Z,2025-04,3.10857142857143
DATAFLOW,OECD.SDD.STES:DSD_KEI@DF_KEI(4.0),I,CAN,M,IRLT,PA,_Z,_Z,_Z,2025-03,3.01047619047619
DATAFLOW,OECD.SDD.STES:DSD_KEI@DF_KEI(4.0),I,CAN,M,IRLT,PA,_Z,_Z,_Z,2025-02,3.05631578947368
DATAFLOW,OECD.SDD.STES:DSD_KEI@DF_KEI(4.0),I,CAN,M,IRLT,PA,_Z,_Z,_Z,2025-01,3.28863636363636
DATAFLOW,OECD.SDD.STES:DSD_KEI@DF_KEI(4.0),I,CAN,M,IRLT,PA,_Z,_Z,_Z,2024-12,3.1615
DATAFLOW,OECD.SDD.STES:DSD_KEI@DF_KEI(4.0),I,CAN,M,IRLT,PA,_Z,_Z,_Z,2024-11,3.2785
DATAFLOW,OECD.SDD.STES:DSD_KEI@DF_KEI(4.0),I,ITA,M,IRSTCI,PA,_Z,_Z,_Z,2016-01,-0.2387
DATAFLOW,OECD.SDD.STES:DSD_KEI@DF_KEI(4.0),I,ITA,M,IRSTCI,PA,_Z,_Z,_Z,2015-12,-0.199
DATAFLOW,OECD.SDD.STES:DSD_KEI@DF_KEI(4.0),I,ITA,M,IRSTCI,PA,_Z,_Z,_Z,2015-11,-0.1347
DATAFLOW,OECD.SDD.STES:DSD_KEI@DF_KEI(4.0),I,ITA,M,IRSTCI,PA,_Z,_Z,_Z,2015-10,-0.1389
DATAFLOW,OECD.SDD.STES:DSD_KEI@DF_KEI(4.0),I,ITA,M,IRSTCI,PA,_Z,_Z,_Z,2015-09,-0.1357
DATAFLOW,OECD.SDD.STES:DSD_KEI@DF_KEI(4.0),I,ITA,M,IRSTCI,PA,_Z,_Z,_Z,2015-08,-0.1213
DATAFLOW,OECD.SDD.STES:DSD_KEI@DF_KEI(4.0),I,ITA,M,IRSTCI,PA,_Z,_Z,_Z,2015-07,-0.1177
DATAFLOW,OECD.SDD.STES:DSD_KEI@DF_KEI(4.0),I,ITA,M,IRSTCI,PA,_Z,_Z,_Z,2015-06,-0.1185
DATAFLOW,OECD.SDD.STES:DSD_KEI@DF_KEI(4.0),I,ITA,M,IRSTCI,PA,_Z,_Z,_Z,2015-05,-0.1058
DATAFLOW,OECD.SDD.STES:DSD_KEI@DF_KEI(4.0),I,ITA,M,IRSTCI,PA,_Z,_Z,_Z,2015-04,-0.0745
DATAFLOW,OECD.SDD.STES:DSD_KEI@DF_KEI(4.0),I,ITA,M,IRSTCI,PA,_Z,_Z,_Z,2015-03,-0.0504
DATAFLOW,OECD.SDD.STES:DSD_KEI@DF_KEI(4.0),I,ITA,M,IRSTCI,PA,_Z,_Z,_Z,2015-02,-0.036
DATAFLOW,OECD.SDD.STES:DSD_KEI@DF_KEI(4.0),I,ITA,M,IRSTCI,PA,_Z,_Z,_Z,2015-01,-0.0506
DATAFLOW,OECD.SDD.STES:DSD_KEI@DF_KEI(4.0),I,ITA,M,IRSTCI,PA,_Z,_Z,_Z,2014-12,-0.0301
DATAFLOW,OECD.SDD.STES:DSD_KEI@DF_KEI(4.0),I,ITA,M,IRSTCI,PA,_Z,_Z,_Z,2014-11,-0.0116
DATAFLOW,OECD.SDD.STES:DSD_KEI@DF_KEI(4.0),I,ITA,M,IRSTCI,PA,_Z,_Z,_Z,2014-10,-0.0045
DATAFLOW,OECD.SDD.STES:DSD_KEI@DF_KEI(4.0),I,ITA,M,IRSTCI,PA,_Z,_Z,_Z,2014-09,0.0066
DATAFLOW,OECD.SDD.STES:DSD_KEI@DF_KEI(4.0),I,ITA,M,IRSTCI,PA,_Z,_Z,_Z,2014-08,0.0179
DATAFLOW,OECD.SDD.STES:DSD_KEI@DF_KEI(4.0),I,ITA,M,IRSTCI,PA,_Z,_Z,_Z,2014-07,0.0433
DATAFLOW,OECD.SDD.STES:DSD_KEI@DF_KEI(4.0),I,ITA,M,IRSTCI,PA,_Z,_Z,_Z,2014-06,0.0758
DATAFLOW,OECD.SDD.STES:DSD_KEI@DF_KEI(4.0),I,ITA,M,IRSTCI,PA,_Z,_Z,_Z,2014-05,0.248
DATAFLOW,OECD.SDD.STES:DSD_KEI@DF_KEI(4.0),I,ITA,M,IRSTCI,PA,_Z,_Z,_Z,2014-04,0.2539
DATAFLOW,OECD.SDD.STES:DSD_KEI@DF_KEI(4.0),I,ITA,M,IRSTCI,PA,_Z,_Z,_Z,2011-10,0.9596
DATAFLOW,OECD.SDD.STES:DSD_KEI@DF_KEI(4.0),I,ITA,M,IRSTCI,PA,_Z,_Z,_Z,2011-09,1.0055
DATAFLOW,OECD.SDD.STES:DSD_KEI@DF_KEI(4.0),I,ITA,M,IRSTCI,PA,_Z,_Z,_Z,2011-08,0.9058
DATAFLOW,OECD.SDD.STES:DSD_KEI@DF_KEI(4.0),I,ITA,M,IRSTCI,PA,_Z,_Z,_Z,2011-07,1.0118
DATAFLOW,OECD.SDD.STES:DSD_KEI@DF_KEI(4.0),I,ITA,M,IRSTCI,PA,_Z,_Z,_Z,2011-06,1.124
DATAFLOW,OECD.SDD.STES:DSD_KEI@DF_KEI(4.0),I,ITA,M,IRSTCI,PA,_Z,_Z,_Z,2011-05,1.0334
DATAFLOW,OECD.SDD.STES:DSD_KEI@DF_KEI(4.0),I,ITA,M,IRSTCI,PA,_Z,_Z,_Z,2011-04,0.9661
DATAFLOW,OECD.SDD.STES:DSD_KEI@DF_KEI(4.0),I,ITA,M,IRSTCI,PA,_Z,_Z,_Z,2011-03,0.6587
DATAFLOW,OECD.SDD.STES:DSD_KEI@DF_KEI(4.0),I,ITA,M,IRSTCI,PA,_Z,_Z,_Z,2011-02,0.7071
DATAFLOW,OECD.SDD.STES:DSD_KEI@DF_KEI(4.0),I,ITA,M,IRSTCI,PA,_Z,_Z,_Z,2011-01,0.659
DATAFLOW,OECD.SDD.STES:DSD_KEI@DF_KEI(4.0),I,ITA,M,IRSTCI,PA,_Z,_Z,_Z,2010-12,0.4981
DATAFLOW,OECD.SDD.STES:DSD_KEI@DF_KEI(4.0),I,ITA,M,IRSTCI,PA,_Z,_Z,_Z,2010-11,0.5926
DATAFLOW,OECD.SDD.STES:DSD_KEI@DF_KEI(4.0),I,ITA,M,IRSTCI,PA,_Z,_Z,_Z,2010-10,0.7013
DATAFLOW,OECD.SDD.STES:DSD_KEI@DF_KEI(4.0),I,ITA,M,IRSTCI,PA,_Z,_Z,_Z,2010-09,0.4536
DATAFLOW,OECD.SDD.STES:DSD_KEI@DF_KEI(4.0),I,ITA,M,IRSTCI,PA,_Z,_Z,_Z,2010-08,0.4256
DATAFLOW,OECD.SDD.STES:DSD_KEI@DF_KEI(4.0),I,ITA,M,IRSTCI,PA,_Z,_Z,_Z,2010-07,0.4811
DATAFLOW,OECD.SDD.STES:DSD_KEI@DF_KEI(4.0),I,ITA,M,IRSTCI,PA,_Z,_Z,_Z,2010-06,0.3543
DATAFLOW,OECD.SDD.STES:DSD_KEI@DF_KEI(4.0),I,ITA,M,IRSTCI,PA,_Z,_Z,_Z,2010-05,0.3439
DATAFLOW,OECD.SDD.STES:DSD_KEI@DF_KEI(4.0),I,ITA,M,IRSTCI,PA,_Z,_Z,_Z,2010-04,0.3533
DATAFLOW,OECD.SDD.STES:DSD_KEI@DF_KEI(4.0),I,ITA,M,IRSTCI,PA,_Z,_Z,_Z,2010-03,0.3477
DATAFLOW,OECD.SDD.STES:DSD_KEI@DF_KEI(4.0),I,ITA,M,IRSTCI,PA,_Z,_Z,_Z,2010-02,0.3406
DATAFLOW,OECD.SDD.STES:DSD_KEI@DF_KEI(4.0),I,ITA,M,IRSTCI,PA,_Z,_Z,_Z,2010-01,0.344
DATAFLOW,OECD.SDD.STES:DSD_KEI@DF_KEI(4.0),I,ITA,M,IRSTCI,PA,_Z,_Z,_Z,2009-12,0.3546
DATAFLOW,OECD.SDD.STES:DSD_KEI@DF_KEI(4.0),I,ITA,M,IRSTCI,PA,_Z,_Z,_Z,2009-11,0.3624
DATAFLOW,OECD.SDD.STES:DSD_KEI@DF_KEI(4.0),I,ITA,M,IRSTCI,PA,_Z,_Z,_Z,2009-10,0.3587
DATAFLOW,OECD.SDD.STES:DSD_KEI@DF_KEI(4.0),I,ITA,M,IRSTCI,PA,_Z,_Z,_Z,2009-09,0.3632
DATAFLOW,OECD.SDD.STES:DSD_KEI@DF_KEI(4.0),I,ITA,M,IRSTCI,PA,_Z,_Z,_Z,2009-08,0.3475
DATAFLOW,OECD.SDD.STES:DSD_KEI@DF_KEI(4.0),I,ITA,M,IRSTCI,PA,_Z,_Z,_Z,2009-07,0.3576
DATAFLOW,OECD.SDD.STES:DSD_KEI@DF_KEI(4.0),I,ITA,M,IRSTCI,PA,_Z,_Z,_Z,2009-06,0.698
DATAFLOW,OECD.SDD.STES:DSD_KEI@DF_KEI(4.0),I,ITA,M,IRSTCI,PA,_Z,_Z,_Z,2009-05,0.7821
DATAFLOW,OECD.SDD.STES:DSD_KEI@DF_KEI(4.0),I,ITA,M,IRSTCI,PA,_Z,_Z,_Z,2009-04,0.8419
DATAFLOW,OECD.SDD.STES:DSD_KEI@DF_KEI(4.0),I,ITA,M,IRSTCI,PA,_Z,_Z,_Z,2009-03,1.062
DATAFLOW,OECD.SDD.STES:DSD_KEI@DF_KEI(4.0),I,ITA,M,IRSTCI,PA,_Z,_Z,_Z,2009-02,1.2571
DATAFLOW,OECD.SDD.STES:DSD_KEI@DF_KEI(4.0),I,ITA,M,IRSTCI,PA,_Z,_Z,_Z,2009-01,1.8122
DATAFLOW,OECD.SDD.STES:DSD_KEI@DF_KEI(4.0),I,ITA,M,IRSTCI,PA,_Z,_Z,_Z,2008-12,2.4864
DATAFLOW,OECD.SDD.STES:DSD_KEI@DF_KEI(4.0),I,ITA,M,IRSTCI,PA,_Z,_Z,_Z,2008-11,3.1502
DATAFLOW,OECD.SDD.STES:DSD_KEI@DF_KEI(4.0),I,ITA,M,IRSTCI,PA,_Z,_Z,_Z,2008-10,3.8198
DATAFLOW,OECD.SDD.STES:DSD_KEI@DF_KEI(4.0),I,ITA,M,IRSTCI,PA,_Z,_Z,_Z,2008-09,4.2733
DATAFLOW,OECD.SDD.STES:DSD_KEI@DF_KEI(4.0),I,ITA,M,IRSTCI,PA,_Z,_Z,_Z,2008-08,4.2989
DATAFLOW,OECD.SDD.STES:DSD_KEI@DF_KEI(4.0),I,ITA,M,IRSTCI,PA,_Z,_Z,_Z,2008-07,4.1908
DATAFLOW,OECD.SDD.STES:DSD_KEI@DF_KEI(4.0),I,ITA,M,IRSTCI,PA,_Z,_Z,_Z,2008-06,4.0067
DATAFLOW,OECD.SDD.STES:DSD_KEI@DF_KEI(4.0),I,ITA,M,IRSTCI,PA,_Z,_Z,_Z,2008-05,4.0097
DATAFLOW,OECD.SDD.STES:DSD_KEI@DF_KEI(4.0),I,ITA,M,IRSTCI,PA,_Z,_Z,_Z,2008-04,3.9868
DATAFLOW,OECD.SDD.STES:DSD_KEI@DF_KEI(4.0),I,ITA,M,IRSTCI,PA,_Z,_Z,_Z,2008-03,4.091
DATAFLOW,OECD.SDD.STES:DSD_KEI@DF_KEI(4.0),I,ITA,M,IRSTCI,PA,_Z,_Z,_Z,2008-02,4.0279
DATAFLOW,OECD.SDD.STES:DSD_KEI@DF_KEI(4.0),I,ITA,M,IRSTCI,PA,_Z,_Z,_Z,2008-01,4.0218
DATAFLOW,OECD.SDD.STES:DSD_KEI@DF_KEI(4.0),I,ITA,M,IRSTCI,PA,_Z,_Z,_Z,2007-12,3.8791
DATAFLOW,OECD.SDD.STES:DSD_KEI@DF_KEI(4.0),I,ITA,M,IRSTCI,PA,_Z,_Z,_Z,2007-11,4.0221
DATAFLOW,OECD.SDD.STES:DSD_KEI@DF_KEI(4.0),I,ITA,M,IRSTCI,PA,_Z,_Z,_Z,2007-10,3.9414
DATAFLOW,OECD.SDD.STES:DSD_KEI@DF_KEI(4.0),I,ITA,M,IRSTCI,PA,_Z,_Z,_Z,2007-09,4.0286
DATAFLOW,OECD.SDD.STES:DSD_KEI@DF_KEI(4.0),I,ITA,M,IRSTCI,PA,_Z,_Z,_Z,2007-08,4.0474
DATAFLOW,OECD.SDD.STES:DSD_KEI@DF_KEI(4.0),I,ITA,M,IRSTCI,PA,_Z,_Z,_Z,2007-07,4.0632
DATAFLOW,OECD.SDD.STES:DSD_KEI@DF_KEI(4.0),I,ITA,M,IRSTCI,PA,_Z,_Z,_Z,2007-06,3.9557
DATAFLOW,OECD.SDD.STES:DSD_KEI@DF_KEI(4.0),I,ITA,M,IRSTCI,PA,_Z,_Z,_Z,2007-05,3.7905
DATAFLOW,OECD.SDD.STES:DSD_KEI@DF_KEI(4.0),I,ITA,M,IRSTCI,PA,_Z,_Z,_Z,2007-04,3.8195
DATAFLOW,OECD.SDD.STES:DSD_KEI@DF_KEI(4.0),I,ITA,M,IRSTCI,PA,_Z,_Z,_Z,2007-03,3.6909
DATAFLOW,OECD.SDD.STES:DSD_KEI@DF_KEI(4.0),I,ITA,M,IRSTCI,PA,_Z,_Z,_Z,2007-02,3.5695
DATAFLOW,OECD.SDD.STES:DSD_KEI@DF_KEI(4.0),I,ITA,M,IRSTCI,PA,_Z,_Z,_Z,2007-01,3.5632
DATAFLOW,OECD.SDD.STES:DSD_KEI@DF_KEI(4.0),I,ITA,M,IRLT,PA,_Z,_Z,_Z,2010-12,4.603
DATAFLOW,OECD.SDD.STES:DSD_KEI@DF_KEI(4.0),I,ITA,M,IRLT,PA,_Z,_Z,_Z,2008-10,4.78
DATAFLOW,OECD.SDD.STES:DSD_KEI@DF_KEI(4.0),I,ITA,M,IR3TIB,PA,_Z,_Z,_Z,2017-02,-0.3286
DATAFLOW,OECD.SDD.STES:DSD_KEI@DF_KEI(4.0),I,ITA,M,IR3TIB,PA,_Z,_Z,_Z,2016-10,-0.309
DATAFLOW,OECD.SDD.STES:DSD_KEI@DF_KEI(4.0),I,ITA,M,IR3TIB,PA,_Z,_Z,_Z,2015-04,0.0047
DATAFLOW,OECD.SDD.STES:DSD_KEI@DF_KEI(4.0),I,ITA,M,IR3TIB,PA,_Z,_Z,_Z,2015-02,0.0482
DATAFLOW,OECD.SDD.STES:DSD_KEI@DF_KEI(4.0),I,ITA,M,IR3TIB,PA,_Z,_Z,_Z,2014-11,0.0809
DATAFLOW,OECD.SDD.STES:DSD_KEI@DF_KEI(4.0),I,ITA,M,IR3TIB,PA,_Z,_Z,_Z,2014-02,0.2881
DATAFLOW,OECD.SDD.STES:DSD_KEI@DF_KEI(4.0),I,ITA,M,IR3TIB,PA,_Z,_Z,_Z,2013-12,0.2735
DATAFLOW,OECD.SDD.STES:DSD_KEI@DF_KEI(4.0),I,ITA,M,IR3TIB,PA,_Z,_Z,_Z,2012-11,0.192
DATAFLOW,OECD.SDD.STES:DSD_KEI@DF_KEI(4.0),I,ITA,M,IR3TIB,PA,_Z,_Z,_Z,2012-09,0.2463
DATAFLOW,OECD.SDD.STES:DSD_KEI@DF_KEI(4.0),I,ITA,M,IR3TIB,PA,_Z,_Z,_Z,2010-09,0.8805
DATAFLOW,OECD.SDD.STES:DSD_KEI@DF_KEI(4.0),I,ITA,M,IR3TIB,PA,_Z,_Z,_Z,2010-08,0.8955
DATAFLOW,OECD.SDD.STES:DSD_KEI@DF_KEI(4.0),I,ITA,M,IR3TIB,PA,_Z,_Z,_Z,2010-04,0.6447
DATAFLOW,OECD.SDD.STES:DSD_KEI@DF_KEI(4.0),I,ITA,M,IR3TIB,PA,_Z,_Z,_Z,2010-02,0.6617
DATAFLOW,OECD.SDD.STES:DSD_KEI@DF_KEI(4.0),I,ITA,M,IR3TIB,PA,_Z,_Z,_Z,2009-10,0.7375
DATAFLOW,OECD.SDD.STES:DSD_KEI@DF_KEI(4.0),I,ITA,M,IR3TIB,PA,_Z,_Z,_Z,2009-05,1.2817
DATAFLOW,OECD.SDD.STES:DSD_KEI@DF_KEI(4.0),I,CAN,M,IRSTCI,PA,_Z,_Z,_Z,2023-11,5.01366666666667
DATAFLOW,OECD.SDD.STES:DSD_KEI@DF_KEI(4.0),I,CAN,M,IRSTCI,PA,_Z,_Z,_Z,2023-08,4.99421363636364
DATAFLOW,OECD.SDD.STES:DSD_KEI@DF_KEI(4.0),I,CAN,M,IRSTCI,PA,_Z,_Z,_Z,2023-06,4.68394545454545
DATAFLOW,OECD.SDD.STES:DSD_KEI@DF_KEI(4.0),I,CAN,M,IRSTCI,PA,_Z,_Z,_Z,2023-05,4.49264761904762
DATAFLOW,OECD.SDD.STES:DSD_KEI@DF_KEI(4.0),I,CAN,M,IRSTCI,PA,_Z,_Z,_Z,2023-04,4.49171764705882
DATAFLOW,OECD.SDD.STES:DSD_KEI@DF_KEI(4.0),I,CAN,M,IRSTCI,PA,_Z,_Z,_Z,2023-03,4.49231304347826
DATAFLOW,OECD.SDD.STES:DSD_KEI@DF_KEI(4.0),I,CAN,M,IRSTCI,PA,_Z,_Z,_Z,2023-02,4.49236842105263
DATAFLOW,OECD.SDD.STES:DSD_KEI@DF_KEI(4.0),I,CAN,M,IRSTCI,PA,_Z,_Z,_Z,2023-01,4.29001428571429
DATAFLOW,OECD.SDD.STES:DSD_KEI@DF_KEI(4.0),I,CAN,M,IRSTCI,PA,_Z,_Z,_Z,2015-06,0.744677272727273
DATAFLOW,OECD.SDD.STES:DSD_KEI@DF_KEI(4.0),I,CAN,M,IRSTCI,PA,_Z,_Z,_Z,2015-05,0.734615
DATAFLOW,OECD.SDD.STES:DSD_KEI@DF_KEI(4.0),I,CAN,M,IRSTCI,PA,_Z,_Z,_Z,2015-04,0.7505
DATAFLOW,OECD.SDD.STES:DSD_KEI@DF_KEI(4.0),I,CAN,M,IRSTCI,PA,_Z,_Z,_Z,2015-03,0.757040909090909
DATAFLOW,OECD.SDD.STES:DSD_KEI@DF_KEI(4.0),I,CAN,M,IRSTCI,PA,_Z,_Z,_Z,2015-02,0.758426315789474
DATAFLOW,OECD.SDD.STES:DSD_KEI@DF_KEI(4.0),I,CAN,M,IRSTCI,PA,_Z,_Z,_Z,2015-01,0.9082
DATAFLOW,OECD.SDD.STES:DSD_KEI@DF_KEI(4.0),I,CAN,M,IRSTCI,PA,_Z,_Z,_Z,2014-12,1.00460952380952
DATAFLOW,OECD.SDD.STES:DSD_KEI@DF_KEI(4.0),I,CAN,M,IRSTCI,PA,_Z,_Z,_Z,2014-11,1.00215263157895
DATAFLOW,OECD.SDD.STES:DSD_KEI@DF_KEI(4.0),I,CAN,M,IRSTCI,PA,_Z,_Z,_Z,2014-10,1.00067272727273
DATAFLOW,OECD.SDD.STES:DSD_KEI@DF_KEI(4.0),I,CAN,M,IRSTCI,PA,_Z,_Z,_Z,2014-09,0.999333333333333
DATAFLOW,OECD.SDD.STES:DSD_KEI@DF_KEI(4.0),I,CAN,M,IRSTCI,PA,_Z,_Z,_Z,2014-08,1.00018
DATAFLOW,OECD.SDD.STES:DSD_KEI@DF_KEI(4.0),I,CAN,M,IRSTCI,PA,_Z,_Z,_Z,2014-07,1.00012727272727
DATAFLOW,OECD.SDD.STES:DSD_KEI@DF_KEI(4.0),I,CAN,M,IRSTCI,PA,_Z,_Z,_Z,2014-06,0.999871428571429
DATAFLOW,OECD.SDD.STES:DSD_KEI@DF_KEI(4.0),I,CAN,M,IRSTCI,PA,_Z,_Z,_Z,2014-05,0.997471428571429
DATAFLOW,OECD.SDD.STES:DSD_KEI@DF_KEI(4.0),I,CAN,M,IRSTCI,PA,_Z,_Z,_Z,2014-04,0.998171428571429
DATAFLOW,OECD.SDD.STES:DSD_KEI@DF_KEI(4.0),I,CAN,M,IRSTCI,PA,_Z,_Z,_Z,2014-03,0.996480952380952
DATAFLOW,OECD.SDD.STES:DSD_KEI@DF_KEI(4.0),I,CAN,M,IRSTCI,PA,_Z,_Z,_Z,2014-02,0.998157894736842
DATAFLOW,OECD.SDD.STES:DSD_KEI@DF_KEI(4.0),I,CAN,M,IRSTCI,PA,_Z,_Z,_Z,2014-01,0.999745454545454
DATAFLOW,OECD.SDD.STES:DSD_KEI@DF_KEI(4.0),I,CAN,M,IRSTCI,PA,_Z,_Z,_Z,2013-12,1.001315
DATAFLOW,OECD.SDD.STES:DSD_KEI@DF_KEI(4.0),I,CAN,M,IRSTCI,PA,_Z,_Z,_Z,2013-11,1.00199
DATAFLOW,OECD.SDD.STES:DSD_KEI@DF_KEI(4.0),I,CAN,M,IRSTCI,PA,_Z,_Z,_Z,2013-10,0.999127272727273
DATAFLOW,OECD.SDD.STES:DSD_KEI@DF_KEI(4.0),I,CAN,M,IRSTCI,PA,_Z,_Z,_Z,2013-09,0.99782
DATAFLOW,OECD.SDD.STES:DSD_KEI@DF_KEI(4.0),I,CAN,M,IRSTCI,PA,_Z,_Z,_Z,2013-08,0.998614285714286
DATAFLOW,OECD.SDD.STES:DSD_KEI@DF_KEI(4.0),I,CAN,M,IRSTCI,PA,_Z,_Z,_Z,2013-07,1.00646818181818
DATAFLOW,OECD.SDD.STES:DSD_KEI@DF_KEI(4.0),I,CAN,M,IRSTCI,PA,_Z,_Z,_Z,2013-06,1.010085
DATAFLOW,OECD.SDD.STES:DSD_KEI@DF_KEI(4.0),I,CAN,M,IRSTCI,PA,_Z,_Z,_Z,2013-05,1.00434090909091
DATAFLOW,OECD.SDD.STES:DSD_KEI@DF_KEI(4.0),I,CAN,M,IRSTCI,PA,_Z,_Z,_Z,2013-04,1.00444090909091
DATAFLOW,OECD.SDD.STES:DSD_KEI@DF_KEI(4.0),I,CAN,M,IRSTCI,PA,_Z,_Z,_Z,2013-03,1.00565
DATAFLOW,OECD.SDD.STES:DSD_KEI@DF_KEI(4.0),I,CAN,M,IRSTCI,PA,_Z,_Z,_Z,2013-02,1.00457894736842
DATAFLOW,OECD.SDD.STES:DSD_KEI@DF_KEI(4.0),I,CAN,M,IRSTCI,PA,_Z,_Z,_Z,2013-01,1.00189545454545
DATAFLOW,OECD.SDD.STES:DSD_KEI@DF_KEI(4.0),I,CAN,M,IRSTCI,PA,_Z,_Z,_Z,2012-12,1.00036315789474
DATAFLOW,OECD.SDD.STES:DSD_KEI@DF_KEI(4.0),I,CAN,M,IRSTCI,PA,_Z,_Z,_Z,2012-11,1.0000619047619
DATAFLOW,OECD.SDD.STES:DSD_KEI@DF_KEI(4.0),I,CAN,M,IRSTCI,PA,_Z,_Z,_Z,2012-10,1.00115454545455
DATAFLOW,OECD.SDD.STES:DSD_KEI@DF_KEI(4.0),I,ITA,M,IR3TIB,PA,_Z,_Z,_Z,2020-04,-0.25405
DATAFLOW,OECD.SDD.STES:DSD_KEI@DF_KEI(4.0),I,ITA,M,IR3TIB,PA,_Z,_Z,_Z,2020-03,-0.416636363636364
DATAFLOW,OECD.SDD.STES:DSD_KEI@DF_KEI(4.0),I,ITA,M,IR3TIB,PA,_Z,_Z,_Z,2020-02,-0.40885
DATAFLOW,OECD.SDD.STES:DSD_KEI@DF_KEI(4.0),I,ITA,M,IR3TIB,PA,_Z,_Z,_Z,2020-01,-0.391136363636364
DATAFLOW,OECD.SDD.STES:DSD_KEI@DF_KEI(4.0),I,ITA,M,IR3TIB,PA,_Z,_Z,_Z,2019-11,-0.401285714285714
DATAFLOW,OECD.SDD.STES:DSD_KEI@DF_KEI(4.0),I,ITA,M,IR3TIB,PA,_Z,_Z,_Z,2019-10,-0.412869565217391
DATAFLOW,OECD.SDD.STES:DSD_KEI@DF_KEI(4.0),I,ITA,M,IR3TIB,PA,_Z,_Z,_Z,2019-09,-0.417571428571429
DATAFLOW,OECD.SDD.STES:DSD_KEI@DF_KEI(4.0),I,ITA,M,IR3TIB,PA,_Z,_Z,_Z,2019-08,-0.407681818181818
DATAFLOW,OECD.SDD.STES:DSD_KEI@DF_KEI(4.0),I,ITA,M,IR3TIB,PA,_Z,_Z,_Z,2019-07,-0.364869565217391
DATAFLOW,OECD.SDD.STES:DSD_KEI@DF_KEI(4.0),I,ITA,M,IR3TIB,PA,_Z,_Z,_Z,2019-05,-0.311863636363636
DATAFLOW,OECD.SDD.STES:DSD_KEI@DF_KEI(4.0),I,ITA,M,IR3TIB,PA,_Z,_Z,_Z,2019-04,-0.31045
DATAFLOW,OECD.SDD.STES:DSD_KEI@DF_KEI(4.0),I,ITA,M,IR3TIB,PA,_Z,_Z,_Z,2019-03,-0.309190476190476
DATAFLOW,OECD.SDD.STES:DSD_KEI@DF_KEI(4.0),I,ITA,M,IR3TIB,PA,_Z,_Z,_Z,2019-02,-0.30845
DATAFLOW,OECD.SDD.STES:DSD_KEI@DF_KEI(4.0),I,ITA,M,IR3TIB,PA,_Z,_Z,_Z,2018-12,-0.311894736842105
DATAFLOW,OECD.SDD.STES:DSD_KEI@DF_KEI(4.0),I,ITA,M,IR3TIB,PA,_Z,_Z,_Z,2018-11,-0.316363636363636
DATAFLOW,OECD.SDD.STES:DSD_KEI@DF_KEI(4.0),I,ITA,M,IR3TIB,PA,_Z,_Z,_Z,2018-10,-0.317695652173913
DATAFLOW,OECD.SDD.STES:DSD_KEI@DF_KEI(4.0),I,ITA,M,IR3TIB,PA,_Z,_Z,_Z,2018-09,-0.31885
DATAFLOW,OECD.SDD.STES:DSD_KEI@DF_KEI(4.0),I,ITA,M,IR3TIB,PA,_Z,_Z,_Z,2018-07,-0.320727272727273
DATAFLOW,OECD.SDD.STES:DSD_KEI@DF_KEI(4.0),I,ITA,M,IR3TIB,PA,_Z,_Z,_Z,2018-06,-0.322047619047619
DATAFLOW,OECD.SDD.STES:DSD_KEI@DF_KEI(4.0),I,ITA,M,IR3TIB,PA,_Z,_Z,_Z,2018-05,-0.325227272727273
DATAFLOW,OECD.SDD.STES:DSD_KEI@DF_KEI(4.0),I,ITA,M,IR3TIB,PA,_Z,_Z,_Z,2018-04,-0.32845
DATAFLOW,OECD.SDD.STES:DSD_KEI@DF_KEI(4.0),I,ITA,M,IR3TIB,PA,_Z,_Z,_Z,2018-03,-0.327904761904762
DATAFLOW,OECD.SDD.STES:DSD_KEI@DF_KEI(4.0),I,ITA,M,IRLT,PA,_Z,_Z,_Z,2015-12,1.579
DATAFLOW,OECD.SDD.STES:DSD_KEI@DF_KEI(4.0),I,ITA,M,IRLT,PA,_Z,_Z,_Z,2015-11,1.57
DATAFLOW,OECD.SDD.STES:DSD_KEI@DF_KEI(4.0),I,ITA,M,IRLT,PA,_Z,_Z,_Z,2015-10,1.696
DATAFLOW,OECD.SDD.STES:DSD_KEI@DF_KEI(4.0),I,ITA,M,IRLT,PA,_Z,_Z,_Z,2015-09,1.92
DATAFLOW,OECD.SDD.STES:DSD_KEI@DF_KEI(4.0),I,ITA,M,IRLT,PA,_Z,_Z,_Z,2015-08,1.839
DATAFLOW,OECD.SDD.STES:DSD_KEI@DF_KEI(4.0),I,ITA,M,IRLT,PA,_Z,_Z,_Z,2015-07,2.042
DATAFLOW,OECD.SDD.STES:DSD_KEI@DF_KEI(4.0),I,ITA,M,IRLT,PA,_Z,_Z,_Z,2015-06,2.199
DATAFLOW,OECD.SDD.STES:DSD_KEI@DF_KEI(4.0),I,ITA,M,IRLT,PA,_Z,_Z,_Z,2015-05,1.812
DATAFLOW,OECD.SDD.STES:DSD_KEI@DF_KEI(4.0),I,ITA,M,IRLT,PA,_Z,_Z,_Z,2015-04,1.357
DATAFLOW,OECD.SDD.STES:DSD_KEI@DF_KEI(4.0),I,ITA,M,IRLT,PA,_Z,_Z,_Z,2015-03,1.294
DATAFLOW,OECD.SDD.STES:DSD_KEI@DF_KEI(4.0),I,ITA,M,IRLT,PA,_Z,_Z,_Z,2015-02,1.557
DATAFLOW,OECD.SDD.STES:DSD_KEI@DF_KEI(4.0),I,ITA,M,IRLT,PA,_Z,_Z,_Z,2015-01,1.702
DATAFLOW,OECD.SDD.STES:DSD_KEI@DF_KEI(4.0),I,ITA,M,IRLT,PA,_Z,_Z,_Z,2014-12,1.99
DATAFLOW,OECD.SDD.STES:DSD_KEI@DF_KEI(4.0),I,ITA,M,IRLT,PA,_Z,_Z,_Z,2014-11,2.29
DATAFLOW,OECD.SDD.STES:DSD_KEI@DF_KEI(4.0),I,ITA,M,IRLT,PA,_Z,_Z,_Z,2014-10,2.424
DATAFLOW,OECD.SDD.STES:DSD_KEI@DF_KEI(4.0),I,ITA,M,IRLT,PA,_Z,_Z,_Z,2014-09,2.4
DATAFLOW,OECD.SDD.STES:DSD_KEI@DF_KEI(4.0),I,ITA,M,IRLT,PA,_Z,_Z,_Z,2014-08,2.633
DATAFLOW,OECD.SDD.STES:DSD_KEI@DF_KEI(4.0),I,ITA,M,IRLT,PA,_Z,_Z,_Z,2014-07,2.794
DATAFLOW,OECD.SDD.STES:DSD_KEI@DF_KEI(4.0),I,ITA,M,IRLT,PA,_Z,_Z,_Z,2014-06,2.92
DATAFLOW,OECD.SDD.STES:DSD_KEI@DF_KEI(4.0),I,ITA,M,IRLT,PA,_Z,_Z,_Z,2014-05,3.123
DATAFLOW,OECD.SDD.STES:DSD_KEI@DF_KEI(4.0),I,ITA,M,IRLT,PA,_Z,_Z,_Z,2014-04,3.228
DATAFLOW,OECD.SDD.STES:DSD_KEI@DF_KEI(4.0),I,ITA,M,IRLT,PA,_Z,_Z,_Z,2014-03,3.399
DATAFLOW,OECD.SDD.STES:DSD_KEI@DF_KEI(4.0),I,ITA,M,IRLT,PA,_Z,_Z,_Z,2014-02,3.651
DATAFLOW,OECD.SDD.STES:DSD_KEI@DF_KEI(4.0),I,ITA,M,IRLT,PA,_Z,_Z,_Z,2014-01,3.866
DATAFLOW,OECD.SDD.STES:DSD_KEI@DF_KEI(4.0),I,ITA,M,IRLT,PA,_Z,_Z,_Z,2013-12,4.114
DATAFLOW,OECD.SDD.STES:DSD_KEI@DF_KEI(4.0),I,ITA,M,IRLT,PA,_Z,_Z,_Z,2013-11,4.095
DATAFLOW,OECD.SDD.STES:DSD_KEI@DF_KEI(4.0),I,ITA,M,IRLT,PA,_Z,_Z,_Z,2013-10,4.248
DATAFLOW,OECD.SDD.STES:DSD_KEI@DF_KEI(4.0),I,ITA,M,IRLT,PA,_Z,_Z,_Z,2013-09,4.541
DATAFLOW,OECD.SDD.STES:DSD_KEI@DF_KEI(4.0),I,ITA,M,IRLT,PA,_Z,_Z,_Z,2013-08,4.419
DATAFLOW,OECD.SDD.STES:DSD_KEI@DF_KEI(4.0),I,ITA,M,IRLT,PA,_Z,_Z,_Z,2013-07,4.418
DATAFLOW,OECD.SDD.STES:DSD_KEI@DF_KEI(4.0),I,ITA,M,IRLT,PA,_Z,_Z,_Z,2013-06,4.379
DATAFLOW,OECD.SDD.STES:DSD_KEI@DF_KEI(4.0),I,ITA,M,IRLT,PA,_Z,_Z,_Z,2013-05,3.964
DATAFLOW,OECD.SDD.STES:DSD_KEI@DF_KEI(4.0),I,ITA,M,IRLT,PA,_Z,_Z,_Z,2013-04,4.278
DATAFLOW,OECD.SDD.STES:DSD_KEI@DF_KEI(4.0),I,ITA,M,IRLT,PA,_Z,_Z,_Z,2013-03,4.64
DATAFLOW,OECD.SDD.STES:DSD_KEI@DF_KEI(4.0),I,ITA,M,IRLT,PA,_Z,_Z,_Z,2013-02,4.493
DATAFLOW,OECD.SDD.STES:DSD_KEI@DF_KEI(4.0),I,ITA,M,IRLT,PA,_Z,_Z,_Z,2013-01,4.208
DATAFLOW,OECD.SDD.STES:DSD_KEI@DF_KEI(4.0),I,ITA,M,IRLT,PA,_Z,_Z,_Z,2012-12,4.542
DATAFLOW,OECD.SDD.STES:DSD_KEI@DF_KEI(4.0),I,ITA,M,IRLT,PA,_Z,_Z,_Z,2012-11,4.851
DATAFLOW,OECD.SDD.STES:DSD_KEI@DF_KEI(4.0),I,ITA,M,IRLT,PA,_Z,_Z,_Z,2012-10,4.953
DATAFLOW,OECD.SDD.STES:DSD_KEI@DF_KEI(4.0),I,ITA,M,IRLT,PA,_Z,_Z,_Z,2012-09,5.254
DATAFLOW,OECD.SDD.STES:DSD_KEI@DF_KEI(4.0),I,ITA,M,IRLT,PA,_Z,_Z,_Z,2012-08,5.822
DATAFLOW,OECD.SDD.STES:DSD_KEI@DF_KEI(4.0),I,ITA,M,IRLT,PA,_Z,_Z,_Z,2012-07,5.996
DATAFLOW,OECD.SDD.STES:DSD_KEI@DF_KEI(4.0),I,ITA,M,IRLT,PA,_Z,_Z,_Z,2012-06,5.904
DATAFLOW,OECD.SDD.STES:DSD_KEI@DF_KEI(4.0),I,ITA,M,IRLT,PA,_Z,_Z,_Z,2012-05,5.783
DATAFLOW,OECD.SDD.STES:DSD_KEI@DF_KEI(4.0),I,ITA,M,IR3TIB,PA,_Z,_Z,_Z,2014-05,0.324571428571429
DATAFLOW,OECD.SDD.STES:DSD_KEI@DF_KEI(4.0),I,ITA,M,IR3TIB,PA,_Z,_Z,_Z,2014-04,0.32975
DATAFLOW,OECD.SDD.STES:DSD_KEI@DF_KEI(4.0),I,ITA,M,IR3TIB,PA,_Z,_Z,_Z,2014-03,0.305333333333333
DATAFLOW,OECD.SDD.STES:DSD_KEI@DF_KEI(4.0),I,ITA,M,IR3TIB,PA,_Z,_Z,_Z,2014-01,0.292045454545455
DATAFLOW,OECD.SDD.STES:DSD_KEI@DF_KEI(4.0),I,ITA,M,IR3TIB,PA,_Z,_Z,_Z,2013-11,0.223380952380952
DATAFLOW,OECD.SDD.STES:DSD_KEI@DF_KEI(4.0),I,ITA,M,IR3TIB,PA,_Z,_Z,_Z,2013-10,0.225826086956522
DATAFLOW,OECD.SDD.STES:DSD_KEI@DF_KEI(4.0),I,ITA,M,IR3TIB,PA,_Z,_Z,_Z,2013-09,0.223238095238095
DATAFLOW,OECD.SDD.STES:DSD_KEI@DF_KEI(4.0),I,ITA,M,IR3TIB,PA,_Z,_Z,_Z,2013-08,0.225863636363636
DATAFLOW,OECD.SDD.STES:DSD_KEI@DF_KEI(4.0),I,ITA,M,IR3TIB,PA,_Z,_Z,_Z,2013-07,0.221434782608696
DATAFLOW,OECD.SDD.STES:DSD_KEI@DF_KEI(4.0),I,ITA,M,IR3TIB,PA,_Z,_Z,_Z,2013-06,0.21025
DATAFLOW,OECD.SDD.STES:DSD_KEI@DF_KEI(4.0),I,ITA,M,IR3TIB,PA,_Z,_Z,_Z,2013-05,0.201227272727273
DATAFLOW,OECD.SDD.STES:DSD_KEI@DF_KEI(4.0),I,ITA,M,IR3TIB,PA,_Z,_Z,_Z,2013-04,0.208904761904762
DATAFLOW,OECD.SDD.STES:DSD_KEI@DF_KEI(4.0),I,ITA,M,IR3TIB,PA,_Z,_Z,_Z,2013-03,0.20605
DATAFLOW,OECD.SDD.STES:DSD_KEI@DF_KEI(4.0),I,ITA,M,IR3TIB,PA,_Z,_Z,_Z,2013-02,0.22335
DATAFLOW,OECD.SDD.STES:DSD_KEI@DF_KEI(4.0),I,ITA,M,IR3TIB,PA,_Z,_Z,_Z,2013-01,0.204909090909091
DATAFLOW,OECD.SDD.STES:DSD_KEI@DF_KEI(4.0),I,ITA,M,IR3TIB,PA,_Z,_Z,_Z,2012-12,0.185473684210526
DATAFLOW,OECD.SDD.STES:DSD_KEI@DF_KEI(4.0),I,ITA,M,IR3TIB,PA,_Z,_Z,_Z,2012-10,0.207913043478261
DATAFLOW,OECD.SDD.STES:DSD_KEI@DF_KEI(4.0),I,ITA,M,IR3TIB,PA,_Z,_Z,_Z,2012-08,0.332391304347826
DATAFLOW,OECD.SDD.STES:DSD_KEI@DF_KEI(4.0),I,ITA,M,IR3TIB,PA,_Z,_Z,_Z,2012-07,0.497045454545455
DATAFLOW,OECD.SDD.STES:DSD_KEI@DF_KEI(4.0),I,ITA,M,IR3TIB,PA,_Z,_Z,_Z,2012-06,0.658857142857143
DATAFLOW,OECD.SDD.STES:DSD_KEI@DF_KEI(4.0),I,ITA,M,IR3TIB,PA,_Z,_Z,_Z,2012-05,0.684909090909091
DATAFLOW,OECD.SDD.STES:DSD_KEI@DF_KEI(4.0),I,ITA,M,IR3TIB,PA,_Z,_Z,_Z,2012-04,0.744315789473684
DATAFLOW,OECD.SDD.STES:DSD_KEI@DF_KEI(4.0),I,ITA,M,IR3TIB,PA,_Z,_Z,_Z,2012-03,0.858454545454546
DATAFLOW,OECD.SDD.STES:DSD_KEI@DF_KEI(4.0),I,ITA,M,IRSTCI,PA,_Z,_Z,_Z,2020-02,-0.5382235
DATAFLOW,OECD.SDD.STES:DSD_KEI@DF_KEI(4.0),I,ITA,M,IRSTCI,PA,_Z,_Z,_Z,2020-01,-0.537421363636364
DATAFLOW,OECD.SDD.STES:DSD_KEI@DF_KEI(4.0),I,ITA,M,IRSTCI,PA,_Z,_Z,_Z,2019-12,-0.540201
DATAFLOW,OECD.SDD.STES:DSD_KEI@DF_KEI(4.0),I,ITA,M,IRSTCI,PA,_Z,_Z,_Z,2019-11,-0.53915
DATAFLOW,OECD.SDD.STES:DSD_KEI@DF_KEI(4.0),I,ITA,M,IRSTCI,PA,_Z,_Z,_Z,2019-10,-0.549597777777778
DATAFLOW,OECD.SDD.STES:DSD_KEI@DF_KEI(4.0),I,ITA,M,IRSTCI,PA,_Z,_Z,_Z,2019-09,-0.4032
DATAFLOW,OECD.SDD.STES:DSD_KEI@DF_KEI(4.0),I,ITA,M,IRSTCI,PA,_Z,_Z,_Z,2019-08,-0.3612
DATAFLOW,OECD.SDD.STES:DSD_KEI@DF_KEI(4.0),I,ITA,M,IRSTCI,PA,_Z,_Z,_Z,2019-07,-0.3668
DATAFLOW,OECD.SDD.STES:DSD_KEI@DF_KEI(4.0),I,ITA,M,IRSTCI,PA,_Z,_Z,_Z,2019-06,-0.3616
DATAFLOW,OECD.SDD.STES:DSD_KEI@DF_KEI(4.0),I,ITA,M,IRSTCI,PA,_Z,_Z,_Z,2019-05,-0.3666
DATAFLOW,OECD.SDD.STES:DSD_KEI@DF_KEI(4.0),I,ITA,M,IRSTCI,PA,_Z,_Z,_Z,2019-04,-0.367
DATAFLOW,OECD.SDD.STES:DSD_KEI@DF_KEI(4.0),I,ITA,M,IRSTCI,PA,_Z,_Z,_Z,2019-03,-0.3679
DATAFLOW,OECD.SDD.STES:DSD_KEI@DF_KEI(4.0),I,ITA,M,IRSTCI,PA,_Z,_Z,_Z,2019-02,-0.367
DATAFLOW,OECD.SDD.STES:DSD_KEI@DF_KEI(4.0),I,ITA,M,IRSTCI,PA,_Z,_Z,_Z,2019-01,-0.367
DATAFLOW,OECD.SDD.STES:DSD_KEI@DF_KEI(4.0),I,ITA,M,IRSTCI,PA,_Z,_Z,_Z,2018-12,-0.3605
DATAFLOW,OECD.SDD.STES:DSD_KEI@DF_KEI(4.0),I,ITA,M,IRSTCI,PA,_Z,_Z,_Z,2018-11,-0.3613
DATAFLOW,OECD.SDD.STES:DSD_KEI@DF_KEI(4.0),I,ITA,M,IRSTCI,PA,_Z,_Z,_Z,2018-10,-0.366
DATAFLOW,OECD.SDD.STES:DSD_KEI@DF_KEI(4.0),I,ITA,M,IRSTCI,PA,_Z,_Z,_Z,2018-09,-0.3627
DATAFLOW,OECD.SDD.STES:DSD_KEI@DF_KEI(4.0),I,ITA,M,IRSTCI,PA,_Z,_Z,_Z,2018-08,-0.3591
DATAFLOW,OECD.SDD.STES:DSD_KEI@DF_KEI(4.0),I,ITA,M,IRSTCI,PA,_Z,_Z,_Z,2018-07,-0.3636
DATAFLOW,OECD.SDD.STES:DSD_KEI@DF_KEI(4.0),I,ITA,M,IRSTCI,PA,_Z,_Z,_Z,2018-06,-0.3618
DATAFLOW,OECD.SDD.STES:DSD_KEI@DF_KEI(4.0),I,ITA,M,IRSTCI,PA,_Z,_Z,_Z,2018-05,-0.3625
DATAFLOW,OECD.SDD.STES:DSD_KEI@DF_KEI(4.0),I,ITA,M,IRSTCI,PA,_Z,_Z,_Z,2018-04,-0.3657
DATAFLOW,OECD.SDD.STES:DSD_KEI@DF_KEI(4.0),I,ITA,M,IRSTCI,PA,_Z,_Z,_Z,2018-03,-0.3639
DATAFLOW,OECD.SDD.STES:DSD_KEI@DF_KEI(4.0),I,ITA,M,IRSTCI,PA,_Z,_Z,_Z,2018-02,-0.3647
DATAFLOW,OECD.SDD.STES:DSD_KEI@DF_KEI(4.0),I,ITA,M,IRSTCI,PA,_Z,_Z,_Z,2018-01,-0.3624
DATAFLOW,OECD.SDD.STES:DSD_KEI@DF_KEI(4.0),I,ITA,M,IRSTCI,PA,_Z,_Z,_Z,2017-12,-0.3423
DATAFLOW,OECD.SDD.STES:DSD_KEI@DF_KEI(4.0),I,ITA,M,IRSTCI,PA,_Z,_Z,_Z,2017-11,-0.3492
DATAFLOW,OECD.SDD.STES:DSD_KEI@DF_KEI(4.0),I,ITA,M,IRSTCI,PA,_Z,_Z,_Z,2017-10,-0.359
DATAFLOW,OECD.SDD.STES:DSD_KEI@DF_KEI(4.0),I,ITA,M,IRSTCI,PA,_Z,_Z,_Z,2017-09,-0.3581
DATAFLOW,OECD.SDD.STES:DSD_KEI@DF_KEI(4.0),I,ITA,M,IRSTCI,PA,_Z,_Z,_Z,2017-08,-0.3558
DATAFLOW,OECD.SDD.STES:DSD_KEI@DF_KEI(4.0),I,ITA,M,IRSTCI,PA,_Z,_Z,_Z,2017-07,-0.3595
DATAFLOW,OECD.SDD.STES:DSD_KEI@DF_KEI(4.0),I,ITA,M,IRSTCI,PA,_Z,_Z,_Z,2017-06,-0.3587
DATAFLOW,OECD.SDD.STES:DSD_KEI@DF_KEI(4.0),I,ITA,M,IRSTCI,PA,_Z,_Z,_Z,2017-05,-0.3589
DATAFLOW,OECD.SDD.STES:DSD_KEI@DF_KEI(4.0),I,ITA,M,IRSTCI,PA,_Z,_Z,_Z,2017-04,-0.3569
DATAFLOW,OECD.SDD.STES:DSD_KEI@DF_KEI(4.0),I,ITA,M,IRSTCI,PA,_Z,_Z,_Z,2017-03,-0.3535
DATAFLOW,OECD.SDD.STES:DSD_KEI@DF_KEI(4.0),I,ITA,M,IRSTCI,PA,_Z,_Z,_Z,2017-02,-0.3528
DATAFLOW,OECD.SDD.STES:DSD_KEI@DF_KEI(4.0),I,ITA,M,IRSTCI,PA,_Z,_Z,_Z,2017-01,-0.3515
DATAFLOW,OECD.SDD.STES:DSD_KEI@DF_KEI(4.0),I,ITA,M,IRSTCI,PA,_Z,_Z,_Z,2016-12,-0.3504
DATAFLOW,OECD.SDD.STES:DSD_KEI@DF_KEI(4.0),I,ITA,M,IRSTCI,PA,_Z,_Z,_Z,2016-11,-0.3487
DATAFLOW,OECD.SDD.STES:DSD_KEI@DF_KEI(4.0),I,ITA,M,IRSTCI,PA,_Z,_Z,_Z,2016-10,-0.3466
DATAFLOW,OECD.SDD.STES:DSD_KEI@DF_KEI(4.0),I,ITA,M,IRSTCI,PA,_Z,_Z,_Z,2016-09,-0.343
DATAFLOW,OECD.SDD.STES:DSD_KEI@DF_KEI(4.0),I,ITA,M,IRSTCI,PA,_Z,_Z,_Z,2016-08,-0.3388
DATAFLOW,OECD.SDD.STES:DSD_KEI@DF_KEI(4.0),I,ITA,M,IRSTCI,PA,_Z,_Z,_Z,2016-07,-0.3288
DATAFLOW,OECD.SDD.STES:DSD_KEI@DF_KEI(4.0),I,ITA,M,IRSTCI,PA,_Z,_Z,_Z,2016-06,-0.3325
DATAFLOW,OECD.SDD.STES:DSD_KEI@DF_KEI(4.0),I,ITA,M,IRSTCI,PA,_Z,_Z,_Z,2016-05,-0.338
DATAFLOW,OECD.SDD.STES:DSD_KEI@DF_KEI(4.0),I,ITA,M,IRSTCI,PA,_Z,_Z,_Z,2016-04,-0.3378
DATAFLOW,OECD.SDD.STES:DSD_KEI@DF_KEI(4.0),I,ITA,M,IRSTCI,PA,_Z,_Z,_Z,2016-03,-0.2877
DATAFLOW,OECD.SDD.STES:DSD_KEI@DF_KEI(4.0),I,ITA,M,IRSTCI,PA,_Z,_Z,_Z,2016-02,-0.2404
DATAFLOW,OECD.SDD.STES:DSD_KEI@DF_KEI(4.0),I,ITA,M,IR3TIB,PA,_Z,_Z,_Z,2024-11,3.0067619047619
DATAFLOW,OECD.SDD.STES:DSD_KEI@DF_KEI(4.0),I,ITA,M,IR3TIB,PA,_Z,_Z,_Z,2024-10,3.16660869565217
DATAFLOW,OECD.SDD.STES:DSD_KEI@DF_KEI(4.0),I,ITA,M,IR3TIB,PA,_Z,_Z,_Z,2024-09,3.43371428571428
DATAFLOW,OECD.SDD.STES:DSD_KEI@DF_KEI(4.0),I,ITA,M,IR3TIB,PA,_Z,_Z,_Z,2024-08,3.54759090909091
DATAFLOW,OECD.SDD.STES:DSD_KEI@DF_KEI(4.0),I,ITA,M,IR3TIB,PA,_Z,_Z,_Z,2024-07,3.68482608695652
DATAFLOW,OECD.SDD.STES:DSD_KEI@DF_KEI(4.0),I,ITA,M,IR3TIB,PA,_Z,_Z,_Z,2024-06,3.7245
DATAFLOW,OECD.SDD.STES:DSD_KEI@DF_KEI(4.0),I,ITA,M,IR3TIB,PA,_Z,_Z,_Z,2024-05,3.81365217391304
DATAFLOW,OECD.SDD.STES:DSD_KEI@DF_KEI(4.0),I,ITA,M,IR3TIB,PA,_Z,_Z,_Z,2024-04,3.88636363636364
DATAFLOW,OECD.SDD.STES:DSD_KEI@DF_KEI(4.0),I,ITA,M,IR3TIB,PA,_Z,_Z,_Z,2024-03,3.92238095238095
DATAFLOW,OECD.SDD.STES:DSD_KEI@DF_KEI(4.0),I,ITA,M,IR3TIB,PA,_Z,_Z,_Z,2024-02,3.92319047619048
DATAFLOW,OECD.SDD.STES:DSD_KEI@DF_KEI(4.0),I,ITA,M,IR3TIB,PA,_Z,_Z,_Z,2024-01,3.92527272727273
DATAFLOW,OECD.SDD.STES:DSD_KEI@DF_KEI(4.0),I,ITA,M,IRSTCI,PA,_Z,_Z,_Z,2012-09,0.0993
DATAFLOW,OECD.SDD.STES:DSD_KEI@DF_KEI(4.0),I,ITA,M,IRSTCI,PA,_Z,_Z,_Z,2012-08,0.1101
DATAFLOW,OECD.SDD.STES:DSD_KEI@DF_KEI(4.0),I,ITA,M,IRSTCI,PA,_Z,_Z,_Z,2012-07,0.1842
DATAFLOW,OECD.SDD.STES:DSD_KEI@DF_KEI(4.0),I,ITA,M,IRSTCI,PA,_Z,_Z,_Z,2012-06,0.332
DATAFLOW,OECD.SDD.STES:DSD_KEI@DF_KEI(4.0),I,ITA,M,IRSTCI,PA,_Z,_Z,_Z,2012-05,0.337
DATAFLOW,OECD.SDD.STES:DSD_KEI@DF_KEI(4.0),I,ITA,M,IRSTCI,PA,_Z,_Z,_Z,2012-04,0.3451
DATAFLOW,OECD.SDD.STES:DSD_KEI@DF_KEI(4.0),I,ITA,M,IRSTCI,PA,_Z,_Z,_Z,2012-03,0.3567
DATAFLOW,OECD.SDD.STES:DSD_KEI@DF_KEI(4.0),I,ITA,M,IRSTCI,PA,_Z,_Z,_Z,2012-02,0.3656
DATAFLOW,OECD.SDD.STES:DSD_KEI@DF_KEI(4.0),I,ITA,M,IRSTCI,PA,_Z,_Z,_Z,2012-01,0.38
DATAFLOW,OECD.SDD.STES:DSD_KEI@DF_KEI(4.0),I,ITA,M,IRSTCI,PA,_Z,_Z,_Z,2011-12,0.627
DATAFLOW,OECD.SDD.STES:DSD_KEI@DF_KEI(4.0),I,ITA,M,IRSTCI,PA,_Z,_Z,_Z,2011-11,0.79
DATAFLOW,OECD.SDD.STES:DSD_KEI@DF_KEI(4.0),I,ITA,M,IRLT,PA,_Z,_Z,_Z,2009-10,4.101
DATAFLOW,OECD.SDD.STES:DSD_KEI@DF_KEI(4.0),I,ITA,M,IRLT,PA,_Z,_Z,_Z,2009-09,4.088
DATAFLOW,OECD.SDD.STES:DSD_KEI@DF_KEI(4.0),I,ITA,M,IRLT,PA,_Z,_Z,_Z,2009-08,4.116
DATAFLOW,OECD.SDD.STES:DSD_KEI@DF_KEI(4.0),I,ITA,M,IRLT,PA,_Z,_Z,_Z,2009-07,4.373
DATAFLOW,OECD.SDD.STES:DSD_KEI@DF_KEI(4.0),I,ITA,M,IRLT,PA,_Z,_Z,_Z,2009-06,4.606
DATAFLOW,OECD.SDD.STES:DSD_KEI@DF_KEI(4.0),I,ITA,M,IRLT,PA,_Z,_Z,_Z,2009-05,4.415
DATAFLOW,OECD.SDD.STES:DSD_KEI@DF_KEI(4.0),I,ITA,M,IRLT,PA,_Z,_Z,_Z,2009-04,4.356
DATAFLOW,OECD.SDD.STES:DSD_KEI@DF_KEI(4.0),I,ITA,M,IRLT,PA,_Z,_Z,_Z,2009-03,4.458
DATAFLOW,OECD.SDD.STES:DSD_KEI@DF_KEI(4.0),I,ITA,M,IRLT,PA,_Z,_Z,_Z,2009-02,4.536
DATAFLOW,OECD.SDD.STES:DSD_KEI@DF_KEI(4.0),I,ITA,M,IRLT,PA,_Z,_Z,_Z,2009-01,4.621
DATAFLOW,OECD.SDD.STES:DSD_KEI@DF_KEI(4.0),I,ITA,M,IRLT,PA,_Z,_Z,_Z,2008-12,4.469
DATAFLOW,OECD.SDD.STES:DSD_KEI@DF_KEI(4.0),I,ITA,M,IRLT,PA,_Z,_Z,_Z,2008-11,4.743
DATAFLOW,OECD.SDD.STES:DSD_KEI@DF_KEI(4.0),I,ITA,M,IRLT,PA,_Z,_Z,_Z,2008-09,4.804
DATAFLOW,OECD.SDD.STES:DSD_KEI@DF_KEI(4.0),I,ITA,M,IRLT,PA,_Z,_Z,_Z,2008-08,4.814
DATAFLOW,OECD.SDD.STES:DSD_KEI@DF_KEI(4.0),I,ITA,M,IRLT,PA,_Z,_Z,_Z,2008-07,5.095
DATAFLOW,OECD.SDD.STES:DSD_KEI@DF_KEI(4.0),I,ITA,M,IRLT,PA,_Z,_Z,_Z,2008-06,5.106
DATAFLOW,OECD.SDD.STES:DSD_KEI@DF_KEI(4.0),I,ITA,M,IRLT,PA,_Z,_Z,_Z,2008-05,4.703
DATAFLOW,OECD.SDD.STES:DSD_KEI@DF_KEI(4.0),I,ITA,M,IRLT,PA,_Z,_Z,_Z,2008-04,4.532
DATAFLOW,OECD.SDD.STES:DSD_KEI@DF_KEI(4.0),I,ITA,M,IRLT,PA,_Z,_Z,_Z,2008-03,4.377
DATAFLOW,OECD.SDD.STES:DSD_KEI@DF_KEI(4.0),I,ITA,M,IRLT,PA,_Z,_Z,_Z,2008-02,4.354
DATAFLOW,OECD.SDD.STES:DSD_KEI@DF_KEI(4.0),I,ITA,M,IRLT,PA,_Z,_Z,_Z,2008-01,4.399
DATAFLOW,OECD.SDD.STES:DSD_KEI@DF_KEI(4.0),I,ITA,M,IRLT,PA,_Z,_Z,_Z,2007-12,4.538
DATAFLOW,OECD.SDD.STES:DSD_KEI@DF_KEI(4.0),I,ITA,M,IRLT,PA,_Z,_Z,_Z,2007-11,4.449
DATAFLOW,OECD.SDD.STES:DSD_KEI@DF_KEI(4.0),I,ITA,M,IRLT,PA,_Z,_Z,_Z,2007-10,4.591
DATAFLOW,OECD.SDD.STES:DSD_KEI@DF_KEI(4.0),I,ITA,M,IRLT,PA,_Z,_Z,_Z,2007-09,4.574
DATAFLOW,OECD.SDD.STES:DSD_KEI@DF_KEI(4.0),I,ITA,M,IRLT,PA,_Z,_Z,_Z,2007-08,4.584
DATAFLOW,OECD.SDD.STES:DSD_KEI@DF_KEI(4.0),I,ITA,M,IRLT,PA,_Z,_Z,_Z,2007-07,4.76
DATAFLOW,OECD.SDD.STES:DSD_KEI@DF_KEI(4.0),I,ITA,M,IRLT,PA,_Z,_Z,_Z,2007-06,4.772
DATAFLOW,OECD.SDD.STES:DSD_KEI@DF_KEI(4.0),I,ITA,M,IRLT,PA,_Z,_Z,_Z,2007-05,4.49
DATAFLOW,OECD.SDD.STES:DSD_KEI@DF_KEI(4.0),I,ITA,M,IRLT,PA,_Z,_Z,_Z,2007-04,4.37
DATAFLOW,OECD.SDD.STES:DSD_KEI@DF_KEI(4.0),I,ITA,M,IRLT,PA,_Z,_Z,_Z,2007-03,4.176
DATAFLOW,OECD.SDD.STES:DSD_KEI@DF_KEI(4.0),I,ITA,M,IRLT,PA,_Z,_Z,_Z,2007-02,4.28
DATAFLOW,OECD.SDD.STES:DSD_KEI@DF_KEI(4.0),I,ITA,M,IRLT,PA,_Z,_Z,_Z,2007-01,4.263
DATAFLOW,OECD.SDD.STES:DSD_KEI@DF_KEI(4.0),I,ITA,M,IRLT,PA,_Z,_Z,_Z,2026-01,3.492
DATAFLOW,OECD.SDD.STES:DSD_KEI@DF_KEI(4.0),I,ITA,M,IRLT,PA,_Z,_Z,_Z,2025-12,3.552
DATAFLOW,OECD.SDD.STES:DSD_KEI@DF_KEI(4.0),I,ITA,M,IRLT,PA,_Z,_Z,_Z,2025-11,3.459
DATAFLOW,OECD.SDD.STES:DSD_KEI@DF_KEI(4.0),I,ITA,M,IRLT,PA,_Z,_Z,_Z,2025-10,3.442
DATAFLOW,OECD.SDD.STES:DSD_KEI@DF_KEI(4.0),I,ITA,M,IRLT,PA,_Z,_Z,_Z,2025-09,3.559
DATAFLOW,OECD.SDD.STES:DSD_KEI@DF_KEI(4.0),I,ITA,M,IRLT,PA,_Z,_Z,_Z,2025-08,3.538
DATAFLOW,OECD.SDD.STES:DSD_KEI@DF_KEI(4.0),I,ITA,M,IRLT,PA,_Z,_Z,_Z,2025-07,3.537
DATAFLOW,OECD.SDD.STES:DSD_KEI@DF_KEI(4.0),I,ITA,M,IRLT,PA,_Z,_Z,_Z,2025-06,3.501
DATAFLOW,OECD.SDD.STES:DSD_KEI@DF_KEI(4.0),I,ITA,M,IRLT,PA,_Z,_Z,_Z,2023-03,4.24
DATAFLOW,OECD.SDD.STES:DSD_KEI@DF_KEI(4.0),I,ITA,M,IRLT,PA,_Z,_Z,_Z,2025-05,3.629
DATAFLOW,OECD.SDD.STES:DSD_KEI@DF_KEI(4.0),I,ITA,M,IRLT,PA,_Z,_Z,_Z,2025-04,3.712
DATAFLOW,OECD.SDD.STES:DSD_KEI@DF_KEI(4.0),I,ITA,M,IRLT,PA,_Z,_Z,_Z,2025-03,3.887
DATAFLOW,OECD.SDD.STES:DSD_KEI@DF_KEI(4.0),I,ITA,M,IRLT,PA,_Z,_Z,_Z,2025-02,3.575
DATAFLOW,OECD.SDD.STES:DSD_KEI@DF_KEI(4.0),I,ITA,M,IRLT,PA,_Z,_Z,_Z,2025-01,3.676
DATAFLOW,OECD.SDD.STES:DSD_KEI@DF_KEI(4.0),I,ITA,M,IRLT,PA,_Z,_Z,_Z,2024-12,3.321
DATAFLOW,OECD.SDD.STES:DSD_KEI@DF_KEI(4.0),I,ITA,M,IRLT,PA,_Z,_Z,_Z,2024-11,3.569
DATAFLOW,OECD.SDD.STES:DSD_KEI@DF_KEI(4.0),I,ITA,M,IRLT,PA,_Z,_Z,_Z,2024-10,3.501
DATAFLOW,OECD.SDD.STES:DSD_KEI@DF_KEI(4.0),I,ITA,M,IRLT,PA,_Z,_Z,_Z,2024-09,3.565
DATAFLOW,OECD.SDD.STES:DSD_KEI@DF_KEI(4.0),I,ITA,M,IRLT,PA,_Z,_Z,_Z,2024-08,3.682
DATAFLOW,OECD.SDD.STES:DSD_KEI@DF_KEI(4.0),I,ITA,M,IRLT,PA,_Z,_Z,_Z,2024-07,3.83
DATAFLOW,OECD.SDD.STES:DSD_KEI@DF_KEI(4.0),I,ITA,M,IRLT,PA,_Z,_Z,_Z,2024-06,3.942
DATAFLOW,OECD.SDD.STES:DSD_KEI@DF_KEI(4.0),I,ITA,M,IRLT,PA,_Z,_Z,_Z,2024-05,3.844
DATAFLOW,OECD.SDD.STES:DSD_KEI@DF_KEI(4.0),I,ITA,M,IRLT,PA,_Z,_Z,_Z,2024-04,3.856
DATAFLOW,OECD.SDD.STES:DSD_KEI@DF_KEI(4.0),I,ITA,M,IRLT,PA,_Z,_Z,_Z,2024-03,3.696
DATAFLOW,OECD.SDD.STES:DSD_KEI@DF_KEI(4.0),I,ITA,M,IRLT,PA,_Z,_Z,_Z,2024-02,3.872
DATAFLOW,OECD.SDD.STES:DSD_KEI@DF_KEI(4.0),I,ITA,M,IRLT,PA,_Z,_Z,_Z,2024-01,3.811
DATAFLOW,OECD.SDD.STES:DSD_KEI@DF_KEI(4.0),I,ITA,M,IR3TIB,PA,_Z,_Z,_Z,2009-04,1.4223
DATAFLOW,OECD.SDD.STES:DSD_KEI@DF_KEI(4.0),I,ITA,M,IR3TIB,PA,_Z,_Z,_Z,2008-11,4.2383
DATAFLOW,OECD.SDD.STES:DSD_KEI@DF_KEI(4.0),I,ITA,M,IR3TIB,PA,_Z,_Z,_Z,2008-07,4.961
DATAFLOW,OECD.SDD.STES:DSD_KEI@DF_KEI(4.0),I,ITA,M,IR3TIB,PA,_Z,_Z,_Z,2008-04,4.7835
DATAFLOW,OECD.SDD.STES:DSD_KEI@DF_KEI(4.0),I,ITA,M,IR3TIB,PA,_Z,_Z,_Z,2007-09,4.7417
DATAFLOW,OECD.SDD.STES:DSD_KEI@DF_KEI(4.0),I,ITA,M,IR3TIB,PA,_Z,_Z,_Z,2007-02,3.8182
DATAFLOW,OECD.SDD.STES:DSD_KEI@DF_KEI(4.0),I,ITA,M,IR3TIB,PA,_Z,_Z,_Z,2023-04,3.167
DATAFLOW,OECD.SDD.STES:DSD_KEI@DF_KEI(4.0),I,ITA,M,IR3TIB,PA,_Z,_Z,_Z,2021-02,-0.5411
DATAFLOW,OECD.SDD.STES:DSD_KEI@DF_KEI(4.0),I,ITA,M,IR3TIB,PA,_Z,_Z,_Z,2020-06,-0.376
DATAFLOW,OECD.SDD.STES:DSD_KEI@DF_KEI(4.0),I,ITA,M,IR3TIB,PA,_Z,_Z,_Z,2019-12,-0.3947
DATAFLOW,OECD.SDD.STES:DSD_KEI@DF_KEI(4.0),I,ITA,M,IR3TIB,PA,_Z,_Z,_Z,2019-06,-0.3289
DATAFLOW,OECD.SDD.STES:DSD_KEI@DF_KEI(4.0),I,ITA,M,IR3TIB,PA,_Z,_Z,_Z,2019-01,-0.308
DATAFLOW,OECD.SDD.STES:DSD_KEI@DF_KEI(4.0),I,ITA,M,IR3TIB,PA,_Z,_Z,_Z,2018-08,-0.319
DATAFLOW,OECD.SDD.STES:DSD_KEI@DF_KEI(4.0),I,ITA,M,IR3TIB,PA,_Z,_Z,_Z,2018-02,-0.3285
DATAFLOW,OECD.SDD.STES:DSD_KEI@DF_KEI(4.0),I,ITA,M,IR3TIB,PA,_Z,_Z,_Z,2017-11,-0.329
DATAFLOW,OECD.SDD.STES:DSD_KEI@DF_KEI(4.0),I,ITA,M,IR3TIB,PA,_Z,_Z,_Z,2017-06,-0.33
DATAFLOW,OECD.SDD.STES:DSD_KEI@DF_KEI(4.0),I,ITA,M,IR3TIB,PA,_Z,_Z,_Z,2023-12,3.93309523809524
DATAFLOW,OECD.SDD.STES:DSD_KEI@DF_KEI(4.0),I,ITA,M,IR3TIB,PA,_Z,_Z,_Z,2023-11,3.97163636363636
DATAFLOW,OECD.SDD.STES:DSD_KEI@DF_KEI(4.0),I,ITA,M,IR3TIB,PA,_Z,_Z,_Z,2023-10,3.96763636363636
DATAFLOW,OECD.SDD.STES:DSD_KEI@DF_KEI(4.0),I,ITA,M,IR3TIB,PA,_Z,_Z,_Z,2023-09,3.88004761904762
DATAFLOW,OECD.SDD.STES:DSD_KEI@DF_KEI(4.0),I,ITA,M,IR3TIB,PA,_Z,_Z,_Z,2023-08,3.78030434782609
DATAFLOW,OECD.SDD.STES:DSD_KEI@DF_KEI(4.0),I,ITA,M,IR3TIB,PA,_Z,_Z,_Z,2023-07,3.67180952380952
DATAFLOW,OECD.SDD.STES:DSD_KEI@DF_KEI(4.0),I,ITA,M,IR3TIB,PA,_Z,_Z,_Z,2023-06,3.53586363636364
DATAFLOW,OECD.SDD.STES:DSD_KEI@DF_KEI(4.0),I,ITA,M,IR3TIB,PA,_Z,_Z,_Z,2023-05,3.3664347826087
DATAFLOW,OECD.SDD.STES:DSD_KEI@DF_KEI(4.0),I,ITA,M,IR3TIB,PA,_Z,_Z,_Z,2023-03,2.91056521739131
DATAFLOW,OECD.SDD.STES:DSD_KEI@DF_KEI(4.0),I,ITA,M,IR3TIB,PA,_Z,_Z,_Z,2023-02,2.64035
DATAFLOW,OECD.SDD.STES:DSD_KEI@DF_KEI(4.0),I,ITA,M,IR3TIB,PA,_Z,_Z,_Z,2023-01,2.34486363636364
DATAFLOW,OECD.SDD.STES:DSD_KEI@DF_KEI(4.0),I,ITA,M,IR3TIB,PA,_Z,_Z,_Z,2022-12,2.06347619047619
DATAFLOW,OECD.SDD.STES:DSD_KEI@DF_KEI(4.0),I,ITA,M,IR3TIB,PA,_Z,_Z,_Z,2022-11,1.82522727272727
DATAFLOW,OECD.SDD.STES:DSD_KEI@DF_KEI(4.0),I,ITA,M,IR3TIB,PA,_Z,_Z,_Z,2022-10,1.42766666666667
DATAFLOW,OECD.SDD.STES:DSD_KEI@DF_KEI(4.0),I,ITA,M,IR3TIB,PA,_Z,_Z,_Z,2022-09,1.01086363636364
DATAFLOW,OECD.SDD.STES:DSD_KEI@DF_KEI(4.0),I,ITA,M,IR3TIB,PA,_Z,_Z,_Z,2022-08,0.394739130434783
DATAFLOW,OECD.SDD.STES:DSD_KEI@DF_KEI(4.0),I,ITA,M,IR3TIB,PA,_Z,_Z,_Z,2022-07,0.0366190476190476
DATAFLOW,OECD.SDD.STES:DSD_KEI@DF_KEI(4.0),I,ITA,M,IR3TIB,PA,_Z,_Z,_Z,2022-06,-0.239227272727273
DATAFLOW,OECD.SDD.STES:DSD_KEI@DF_KEI(4.0),I,ITA,M,IR3TIB,PA,_Z,_Z,_Z,2022-05,-0.385727272727273
DATAFLOW,OECD.SDD.STES:DSD_KEI@DF_KEI(4.0),I,ITA,M,IR3TIB,PA,_Z,_Z,_Z,2022-04,-0.447894736842105
DATAFLOW,OECD.SDD.STES:DSD_KEI@DF_KEI(4.0),I,ITA,M,IR3TIB,PA,_Z,_Z,_Z,2022-03,-0.495434782608696
DATAFLOW,OECD.SDD.STES:DSD_KEI@DF_KEI(4.0),I,ITA,M,IR3TIB,PA,_Z,_Z,_Z,2022-02,-0.53150000005
DATAFLOW,OECD.SDD.STES:DSD_KEI@DF_KEI(4.0),I,ITA,M,IR3TIB,PA,_Z,_Z,_Z,2022-01,-0.560142857142857
DATAFLOW,OECD.SDD.STES:DSD_KEI@DF_KEI(4.0),I,ITA,M,IR3TIB,PA,_Z,_Z,_Z,2021-12,-0.58195652173913
DATAFLOW,OECD.SDD.STES:DSD_KEI@DF_KEI(4.0),I,ITA,M,IR3TIB,PA,_Z,_Z,_Z,2021-11,-0.567363636363636
DATAFLOW,OECD.SDD.STES:DSD_KEI@DF_KEI(4.0),I,ITA,M,IR3TIB,PA,_Z,_Z,_Z,2021-10,-0.549809523809524
DATAFLOW,OECD.SDD.STES:DSD_KEI@DF_KEI(4.0),I,ITA,M,IR3TIB,PA,_Z,_Z,_Z,2021-09,-0.545045454545454
DATAFLOW,OECD.SDD.STES:DSD_KEI@DF_KEI(4.0),I,ITA,M,IR3TIB,PA,_Z,_Z,_Z,2021-08,-0.547590909090909
DATAFLOW,OECD.SDD.STES:DSD_KEI@DF_KEI(4.0),I,ITA,M,IR3TIB,PA,_Z,_Z,_Z,2021-07,-0.544818181818182
DATAFLOW,OECD.SDD.STES:DSD_KEI@DF_KEI(4.0),I,ITA,M,IR3TIB,PA,_Z,_Z,_Z,2021-06,-0.542909090909091
DATAFLOW,OECD.SDD.STES:DSD_KEI@DF_KEI(4.0),I,ITA,M,IR3TIB,PA,_Z,_Z,_Z,2021-05,-0.540095238095238
DATAFLOW,OECD.SDD.STES:DSD_KEI@DF_KEI(4.0),I,ITA,M,IR3TIB,PA,_Z,_Z,_Z,2021-04,-0.53815
DATAFLOW,OECD.SDD.STES:DSD_KEI@DF_KEI(4.0),I,ITA,M,IR3TIB,PA,_Z,_Z,_Z,2021-03,-0.539086956521739
DATAFLOW,OECD.SDD.STES:DSD_KEI@DF_KEI(4.0),I,ITA,M,IR3TIB,PA,_Z,_Z,_Z,2021-01,-0.54715
DATAFLOW,OECD.SDD.STES:DSD_KEI@DF_KEI(4.0),I,ITA,M,IR3TIB,PA,_Z,_Z,_Z,2020-12,-0.538090909090909
DATAFLOW,OECD.SDD.STES:DSD_KEI@DF_KEI(4.0),I,ITA,M,IR3TIB,PA,_Z,_Z,_Z,2020-11,-0.520857142857143
DATAFLOW,OECD.SDD.STES:DSD_KEI@DF_KEI(4.0),I,ITA,M,IR3TIB,PA,_Z,_Z,_Z,2020-10,-0.509136363636364
DATAFLOW,OECD.SDD.STES:DSD_KEI@DF_KEI(4.0),I,ITA,M,IR3TIB,PA,_Z,_Z,_Z,2020-09,-0.491363636363636
DATAFLOW,OECD.SDD.STES:DSD_KEI@DF_KEI(4.0),I,ITA,M,IR3TIB,PA,_Z,_Z,_Z,2020-08,-0.479714285714286
DATAFLOW,OECD.SDD.STES:DSD_KEI@DF_KEI(4.0),I,ITA,M,IR3TIB,PA,_Z,_Z,_Z,2020-07,-0.444130434782609
DATAFLOW,OECD.SDD.STES:DSD_KEI@DF_KEI(4.0),I,ITA,M,IR3TIB,PA,_Z,_Z,_Z,2020-05,-0.27195
DATAFLOW,OECD.SDD.STES:DSD_KEI@DF_KEI(4.0),I,ITA,M,IRLT,PA,_Z,_Z,_Z,2017-10,2.074
DATAFLOW,OECD.SDD.STES:DSD_KEI@DF_KEI(4.0),I,ITA,M,IRLT,PA,_Z,_Z,_Z,2017-09,2.109
DATAFLOW,OECD.SDD.STES:DSD_KEI@DF_KEI(4.0),I,ITA,M,IRLT,PA,_Z,_Z,_Z,2017-08,2.11
DATAFLOW,OECD.SDD.STES:DSD_KEI@DF_KEI(4.0),I,ITA,M,IRLT,PA,_Z,_Z,_Z,2017-07,2.231
DATAFLOW,OECD.SDD.STES:DSD_KEI@DF_KEI(4.0),I,ITA,M,IRLT,PA,_Z,_Z,_Z,2017-06,2.053
DATAFLOW,OECD.SDD.STES:DSD_KEI@DF_KEI(4.0),I,ITA,M,IRLT,PA,_Z,_Z,_Z,2017-05,2.194
DATAFLOW,OECD.SDD.STES:DSD_KEI@DF_KEI(4.0),I,ITA,M,IRLT,PA,_Z,_Z,_Z,2017-04,2.257
DATAFLOW,OECD.SDD.STES:DSD_KEI@DF_KEI(4.0),I,ITA,M,IRLT,PA,_Z,_Z,_Z,2017-03,2.401
DATAFLOW,OECD.SDD.STES:DSD_KEI@DF_KEI(4.0),I,ITA,M,IRLT,PA,_Z,_Z,_Z,2017-02,2.352
DATAFLOW,OECD.SDD.STES:DSD_KEI@DF_KEI(4.0),I,ITA,M,IRLT,PA,_Z,_Z,_Z,2017-01,1.991
DATAFLOW,OECD.SDD.STES:DSD_KEI@DF_KEI(4.0),I,ITA,M,IRLT,PA,_Z,_Z,_Z,2016-12,1.886
DATAFLOW,OECD.SDD.STES:DSD_KEI@DF_KEI(4.0),I,ITA,M,IRLT,PA,_Z,_Z,_Z,2016-11,1.943
DATAFLOW,OECD.SDD.STES:DSD_KEI@DF_KEI(4.0),I,ITA,M,IRLT,PA,_Z,_Z,_Z,2016-10,1.45
DATAFLOW,OECD.SDD.STES:DSD_KEI@DF_KEI(4.0),I,ITA,M,IRLT,PA,_Z,_Z,_Z,2016-09,1.266
DATAFLOW,OECD.SDD.STES:DSD_KEI@DF_KEI(4.0),I,ITA,M,IRLT,PA,_Z,_Z,_Z,2016-08,1.176
DATAFLOW,OECD.SDD.STES:DSD_KEI@DF_KEI(4.0),I,ITA,M,IRLT,PA,_Z,_Z,_Z,2016-07,1.227
DATAFLOW,OECD.SDD.STES:DSD_KEI@DF_KEI(4.0),I,ITA,M,IRLT,PA,_Z,_Z,_Z,2016-06,1.453
DATAFLOW,OECD.SDD.STES:DSD_KEI@DF_KEI(4.0),I,ITA,M,IRLT,PA,_Z,_Z,_Z,2016-05,1.526
DATAFLOW,OECD.SDD.STES:DSD_KEI@DF_KEI(4.0),I,ITA,M,IRLT,PA,_Z,_Z,_Z,2016-04,1.442
DATAFLOW,OECD.SDD.STES:DSD_KEI@DF_KEI(4.0),I,ITA,M,IRLT,PA,_Z,_Z,_Z,2016-03,1.375
DATAFLOW,OECD.SDD.STES:DSD_KEI@DF_KEI(4.0),I,ITA,M,IRLT,PA,_Z,_Z,_Z,2016-02,1.558
DATAFLOW,OECD.SDD.STES:DSD_KEI@DF_KEI(4.0),I,ITA,M,IRLT,PA,_Z,_Z,_Z,2016-01,1.534
DATAFLOW,OECD.SDD.STES:DSD_KEI@DF_KEI(4.0),I,USA,M,IRSTCI,PA,_Z,_Z,_Z,2009-09,0.15
DATAFLOW,OECD.SDD.STES:DSD_KEI@DF_KEI(4.0),I,USA,M,IRSTCI,PA,_Z,_Z,_Z,2009-08,0.16
DATAFLOW,OECD.SDD.STES:DSD_KEI@DF_KEI(4.0),I,USA,M,IRSTCI,PA,_Z,_Z,_Z,2009-07,0.16
DATAFLOW,OECD.SDD.STES:DSD_KEI@DF_KEI(4.0),I,USA,M,IRSTCI,PA,_Z,_Z,_Z,2009-06,0.21
DATAFLOW,OECD.SDD.STES:DSD_KEI@DF_KEI(4.0),I,USA,M,IRSTCI,PA,_Z,_Z,_Z,2009-05,0.18
DATAFLOW,OECD.SDD.STES:DSD_KEI@DF_KEI(4.0),I,USA,M,IRSTCI,PA,_Z,_Z,_Z,2009-04,0.15
DATAFLOW,OECD.SDD.STES:DSD_KEI@DF_KEI(4.0),I,USA,M,IRSTCI,PA,_Z,_Z,_Z,2009-03,0.18
DATAFLOW,OECD.SDD.STES:DSD_KEI@DF_KEI(4.0),I,USA,M,IRSTCI,PA,_Z,_Z,_Z,2009-02,0.22
DATAFLOW,OECD.SDD.STES:DSD_KEI@DF_KEI(4.0),I,USA,M,IRSTCI,PA,_Z,_Z,_Z,2009-01,0.15
DATAFLOW,OECD.SDD.STES:DSD_KEI@DF_KEI(4.0),I,USA,M,IRSTCI,PA,_Z,_Z,_Z,2008-12,0.16
DATAFLOW,OECD.SDD.STES:DSD_KEI@DF_KEI(4.0),I,USA,M,IRSTCI,PA,_Z,_Z,_Z,2008-11,0.39
DATAFLOW,OECD.SDD.STES:DSD_KEI@DF_KEI(4.0),I,USA,M,IRSTCI,PA,_Z,_Z,_Z,2008-10,0.97
DATAFLOW,OECD.SDD.STES:DSD_KEI@DF_KEI(4.0),I,USA,M,IRSTCI,PA,_Z,_Z,_Z,2008-09,1.81
DATAFLOW,OECD.SDD.STES:DSD_KEI@DF_KEI(4.0),I,USA,M,IRSTCI,PA,_Z,_Z,_Z,2008-08,2.0
DATAFLOW,OECD.SDD.STES:DSD_KEI@DF_KEI(4.0),I,USA,M,IRSTCI,PA,_Z,_Z,_Z,2008-07,2.01
DATAFLOW,OECD.SDD.STES:DSD_KEI@DF_KEI(4.0),I,USA,M,IRSTCI,PA,_Z,_Z,_Z,2008-06,2.0
DATAFLOW,OECD.SDD.STES:DSD_KEI@DF_KEI(4.0),I,USA,M,IRSTCI,PA,_Z,_Z,_Z,2008-05,1.98
DATAFLOW,OECD.SDD.STES:DSD_KEI@DF_KEI(4.0),I,USA,M,IRSTCI,PA,_Z,_Z,_Z,2008-04,2.28
DATAFLOW,OECD.SDD.STES:DSD_KEI@DF_KEI(4.0),I,USA,M,IRSTCI,PA,_Z,_Z,_Z,2008-03,2.61
DATAFLOW,OECD.SDD.STES:DSD_KEI@DF_KEI(4.0),I,USA,M,IRSTCI,PA,_Z,_Z,_Z,2008-02,2.98
DATAFLOW,OECD.SDD.STES:DSD_KEI@DF_KEI(4.0),I,USA,M,IRSTCI,PA,_Z,_Z,_Z,2008-01,3.94
DATAFLOW,OECD.SDD.STES:DSD_KEI@DF_KEI(4.0),I,USA,M,IRSTCI,PA,_Z,_Z,_Z,2007-12,4.24
DATAFLOW,OECD.SDD.STES:DSD_KEI@DF_KEI(4.0),I,USA,M,IRSTCI,PA,_Z,_Z,_Z,2007-11,4.49
DATAFLOW,OECD.SDD.STES:DSD_KEI@DF_KEI(4.0),I,USA,M,IRSTCI,PA,_Z,_Z,_Z,2007-10,4.76
DATAFLOW,OECD.SDD.STES:DSD_KEI@DF_KEI(4.0),I,USA,M,IRSTCI,PA,_Z,_Z,_Z,2007-09,4.94
DATAFLOW,OECD.SDD.STES:DSD_KEI@DF_KEI(4.0),I,USA,M,IRSTCI,PA,_Z,_Z,_Z,2007-08,5.02
DATAFLOW,OECD.SDD.STES:DSD_KEI@DF_KEI(4.0),I,USA,M,IRSTCI,PA,_Z,_Z,_Z,2007-07,5.26
DATAFLOW,OECD.SDD.STES:DSD_KEI@DF_KEI(4.0),I,USA,M,IRSTCI,PA,_Z,_Z,_Z,2007-06,5.25
DATAFLOW,OECD.SDD.STES:DSD_KEI@DF_KEI(4.0),I,USA,M,IRSTCI,PA,_Z,_Z,_Z,2007-05,5.25
DATAFLOW,OECD.SDD.STES:DSD_KEI@DF_KEI(4.0),I,USA,M,IRLT,PA,_Z,_Z,_Z,2024-09,3.72
DATAFLOW,OECD.SDD.STES:DSD_KEI@DF_KEI(4.0),I,USA,M,IRLT,PA,_Z,_Z,_Z,2024-08,3.87
DATAFLOW,OECD.SDD.STES:DSD_KEI@DF_KEI(4.0),I,USA,M,IRLT,PA,_Z,_Z,_Z,2024-07,4.25
DATAFLOW,OECD.SDD.STES:DSD_KEI@DF_KEI(4.0),I,USA,M,IRLT,PA,_Z,_Z,_Z,2024-06,4.31
DATAFLOW,OECD.SDD.STES:DSD_KEI@DF_KEI(4.0),I,USA,M,IRLT,PA,_Z,_Z,_Z,2024-05,4.48
DATAFLOW,OECD.SDD.STES:DSD_KEI@DF_KEI(4.0),I,USA,M,IRLT,PA,_Z,_Z,_Z,2024-04,4.54
DATAFLOW,OECD.SDD.STES:DSD_KEI@DF_KEI(4.0),I,USA,M,IRLT,PA,_Z,_Z,_Z,2024-03,4.21
DATAFLOW,OECD.SDD.STES:DSD_KEI@DF_KEI(4.0),I,USA,M,IRLT,PA,_Z,_Z,_Z,2024-02,4.21
DATAFLOW,OECD.SDD.STES:DSD_KEI@DF_KEI(4.0),I,USA,M,IRLT,PA,_Z,_Z,_Z,2024-01,4.06
DATAFLOW,OECD.SDD.STES:DSD_KEI@DF_KEI(4.0),I,USA,M,IR3TIB,PA,_Z,_Z,_Z,2016-03,0.55
DATAFLOW,OECD.SDD.STES:DSD_KEI@DF_KEI(4.0),I,USA,M,IR3TIB,PA,_Z,_Z,_Z,2016-02,0.54
DATAFLOW,OECD.SDD.STES:DSD_KEI@DF_KEI(4.0),I,USA,M,IR3TIB,PA,_Z,_Z,_Z,2016-01,0.57
DATAFLOW,OECD.SDD.STES:DSD_KEI@DF_KEI(4.0),I,USA,M,IR3TIB,PA,_Z,_Z,_Z,2015-12,0.54
DATAFLOW,OECD.SDD.STES:DSD_KEI@DF_KEI(4.0),I,USA,M,IR3TIB,PA,_Z,_Z,_Z,2015-11,0.3
DATAFLOW,OECD.SDD.STES:DSD_KEI@DF_KEI(4.0),I,USA,M,IR3TIB,PA,_Z,_Z,_Z,2015-10,0.25
DATAFLOW,OECD.SDD.STES:DSD_KEI@DF_KEI(4.0),I,USA,M,IR3TIB,PA,_Z,_Z,_Z,2015-09,0.27
DATAFLOW,OECD.SDD.STES:DSD_KEI@DF_KEI(4.0),I,USA,M,IR3TIB,PA,_Z,_Z,_Z,2015-08,0.26
DATAFLOW,OECD.SDD.STES:DSD_KEI@DF_KEI(4.0),I,USA,M,IR3TIB,PA,_Z,_Z,_Z,2015-07,0.19
DATAFLOW,OECD.SDD.STES:DSD_KEI@DF_KEI(4.0),I,USA,M,IR3TIB,PA,_Z,_Z,_Z,2015-06,0.18
DATAFLOW,OECD.SDD.STES:DSD_KEI@DF_KEI(4.0),I,USA,M,IR3TIB,PA,_Z,_Z,_Z,2015-05,0.15
DATAFLOW,OECD.SDD.STES:DSD_KEI@DF_KEI(4.0),I,USA,M,IR3TIB,PA,_Z,_Z,_Z,2015-04,0.13
DATAFLOW,OECD.SDD.STES:DSD_KEI@DF_KEI(4.0),I,USA,M,IR3TIB,PA,_Z,_Z,_Z,2015-03,0.14
DATAFLOW,OECD.SDD.STES:DSD_KEI@DF_KEI(4.0),I,ITA,M,IR3TIB,PA,_Z,_Z,_Z,2012-02,1.04828571428571
DATAFLOW,OECD.SDD.STES:DSD_KEI@DF_KEI(4.0),I,ITA,M,IR3TIB,PA,_Z,_Z,_Z,2012-01,1.22222727272727
DATAFLOW,OECD.SDD.STES:DSD_KEI@DF_KEI(4.0),I,ITA,M,IR3TIB,PA,_Z,_Z,_Z,2011-12,1.42609523809524
DATAFLOW,OECD.SDD.STES:DSD_KEI@DF_KEI(4.0),I,ITA,M,IR3TIB,PA,_Z,_Z,_Z,2011-11,1.48468181818182
DATAFLOW,OECD.SDD.STES:DSD_KEI@DF_KEI(4.0),I,ITA,M,IR3TIB,PA,_Z,_Z,_Z,2011-10,1.57585714285714
DATAFLOW,OECD.SDD.STES:DSD_KEI@DF_KEI(4.0),I,ITA,M,IR3TIB,PA,_Z,_Z,_Z,2011-09,1.53645454545455
DATAFLOW,OECD.SDD.STES:DSD_KEI@DF_KEI(4.0),I,ITA,M,IR3TIB,PA,_Z,_Z,_Z,2011-08,1.55208695652174
DATAFLOW,OECD.SDD.STES:DSD_KEI@DF_KEI(4.0),I,ITA,M,IR3TIB,PA,_Z,_Z,_Z,2011-07,1.59761904761905
DATAFLOW,OECD.SDD.STES:DSD_KEI@DF_KEI(4.0),I,ITA,M,IR3TIB,PA,_Z,_Z,_Z,2011-06,1.48859090909091
DATAFLOW,OECD.SDD.STES:DSD_KEI@DF_KEI(4.0),I,ITA,M,IR3TIB,PA,_Z,_Z,_Z,2011-05,1.42509090909091
DATAFLOW,OECD.SDD.STES:DSD_KEI@DF_KEI(4.0),I,ITA,M,IR3TIB,PA,_Z,_Z,_Z,2011-04,1.32121052631579
DATAFLOW,OECD.SDD.STES:DSD_KEI@DF_KEI(4.0),I,ITA,M,IR3TIB,PA,_Z,_Z,_Z,2011-03,1.17552173913043
DATAFLOW,OECD.SDD.STES:DSD_KEI@DF_KEI(4.0),I,ITA,M,IR3TIB,PA,_Z,_Z,_Z,2011-02,1.08675
DATAFLOW,OECD.SDD.STES:DSD_KEI@DF_KEI(4.0),I,ITA,M,IR3TIB,PA,_Z,_Z,_Z,2011-01,1.0172380952381
DATAFLOW,OECD.SDD.STES:DSD_KEI@DF_KEI(4.0),I,ITA,M,IR3TIB,PA,_Z,_Z,_Z,2010-12,1.02169565217391
DATAFLOW,OECD.SDD.STES:DSD_KEI@DF_KEI(4.0),I,ITA,M,IR3TIB,PA,_Z,_Z,_Z,2010-11,1.04204545454545
DATAFLOW,OECD.SDD.STES:DSD_KEI@DF_KEI(4.0),I,ITA,M,IR3TIB,PA,_Z,_Z,_Z,2010-10,0.997666666666667
DATAFLOW,OECD.SDD.STES:DSD_KEI@DF_KEI(4.0),I,ITA,M,IR3TIB,PA,_Z,_Z,_Z,2010-07,0.848818181818182
DATAFLOW,OECD.SDD.STES:DSD_KEI@DF_KEI(4.0),I,ITA,M,IR3TIB,PA,_Z,_Z,_Z,2010-06,0.727590909090909
DATAFLOW,OECD.SDD.STES:DSD_KEI@DF_KEI(4.0),I,ITA,M,IR3TIB,PA,_Z,_Z,_Z,2010-05,0.68652380952381
DATAFLOW,OECD.SDD.STES:DSD_KEI@DF_KEI(4.0),I,ITA,M,IR3TIB,PA,_Z,_Z,_Z,2010-03,0.64495652173913
DATAFLOW,OECD.SDD.STES:DSD_KEI@DF_KEI(4.0),I,ITA,M,IR3TIB,PA,_Z,_Z,_Z,2010-01,0.67975
DATAFLOW,OECD.SDD.STES:DSD_KEI@DF_KEI(4.0),I,ITA,M,IR3TIB,PA,_Z,_Z,_Z,2009-12,0.712045454545454
DATAFLOW,OECD.SDD.STES:DSD_KEI@DF_KEI(4.0),I,ITA,M,IR3TIB,PA,_Z,_Z,_Z,2009-11,0.716190476190476
DATAFLOW,OECD.SDD.STES:DSD_KEI@DF_KEI(4.0),I,ITA,M,IR3TIB,PA,_Z,_Z,_Z,2009-09,0.772090909090909
DATAFLOW,OECD.SDD.STES:DSD_KEI@DF_KEI(4.0),I,ITA,M,IR3TIB,PA,_Z,_Z,_Z,2009-08,0.860476190476191
DATAFLOW,OECD.SDD.STES:DSD_KEI@DF_KEI(4.0),I,ITA,M,IR3TIB,PA,_Z,_Z,_Z,2009-07,0.974956521739131
DATAFLOW,OECD.SDD.STES:DSD_KEI@DF_KEI(4.0),I,ITA,M,IR3TIB,PA,_Z,_Z,_Z,2009-06,1.22790909090909
DATAFLOW,OECD.SDD.STES:DSD_KEI@DF_KEI(4.0),I,ITA,M,IR3TIB,PA,_Z,_Z,_Z,2009-03,1.63545454545455
DATAFLOW,OECD.SDD.STES:DSD_KEI@DF_KEI(4.0),I,ITA,M,IR3TIB,PA,_Z,_Z,_Z,2009-02,1.94305
DATAFLOW,OECD.SDD.STES:DSD_KEI@DF_KEI(4.0),I,ITA,M,IR3TIB,PA,_Z,_Z,_Z,2009-01,2.45652380952381
DATAFLOW,OECD.SDD.STES:DSD_KEI@DF_KEI(4.0),I,ITA,M,IR3TIB,PA,_Z,_Z,_Z,2008-12,3.29261904761905
DATAFLOW,OECD.SDD.STES:DSD_KEI@DF_KEI(4.0),I,ITA,M,IR3TIB,PA,_Z,_Z,_Z,2008-10,5.11308695652174
DATAFLOW,OECD.SDD.STES:DSD_KEI@DF_KEI(4.0),I,ITA,M,IR3TIB,PA,_Z,_Z,_Z,2008-09,5.01918181818182
DATAFLOW,OECD.SDD.STES:DSD_KEI@DF_KEI(4.0),I,ITA,M,IR3TIB,PA,_Z,_Z,_Z,2008-08,4.96519047619048
DATAFLOW,OECD.SDD.STES:DSD_KEI@DF_KEI(4.0),I,ITA,M,IR3TIB,PA,_Z,_Z,_Z,2008-06,4.94052380952381
DATAFLOW,OECD.SDD.STES:DSD_KEI@DF_KEI(4.0),I,ITA,M,IR3TIB,PA,_Z,_Z,_Z,2008-05,4.85738095238095
DATAFLOW,OECD.SDD.STES:DSD_KEI@DF_KEI(4.0),I,ITA,M,IR3TIB,PA,_Z,_Z,_Z,2008-03,4.59636842105263
DATAFLOW,OECD.SDD.STES:DSD_KEI@DF_KEI(4.0),I,ITA,M,IR3TIB,PA,_Z,_Z,_Z,2008-02,4.36209523809524
DATAFLOW,OECD.SDD.STES:DSD_KEI@DF_KEI(4.0),I,ITA,M,IR3TIB,PA,_Z,_Z,_Z,2008-01,4.48154545454545
DATAFLOW,OECD.SDD.STES:DSD_KEI@DF_KEI(4.0),I,ITA,M,IR3TIB,PA,_Z,_Z,_Z,2007-12,4.84836842105263
DATAFLOW,OECD.SDD.STES:DSD_KEI@DF_KEI(4.0),I,ITA,M,IR3TIB,PA,_Z,_Z,_Z,2007-11,4.63854545454545
DATAFLOW,OECD.SDD.STES:DSD_KEI@DF_KEI(4.0),I,ITA,M,IR3TIB,PA,_Z,_Z,_Z,2007-10,4.68739130434783
DATAFLOW,OECD.SDD.STES:DSD_KEI@DF_KEI(4.0),I,ITA,M,IR3TIB,PA,_Z,_Z,_Z,2007-08,4.54360869565217
DATAFLOW,OECD.SDD.STES:DSD_KEI@DF_KEI(4.0),I,ITA,M,IR3TIB,PA,_Z,_Z,_Z,2007-07,4.21618181818182
DATAFLOW,OECD.SDD.STES:DSD_KEI@DF_KEI(4.0),I,ITA,M,IR3TIB,PA,_Z,_Z,_Z,2007-06,4.14776190476191
DATAFLOW,OECD.SDD.STES:DSD_KEI@DF_KEI(4.0),I,ITA,M,IR3TIB,PA,_Z,_Z,_Z,2007-05,4.07136363636364
DATAFLOW,OECD.SDD.STES:DSD_KEI@DF_KEI(4.0),I,ITA,M,IR3TIB,PA,_Z,_Z,_Z,2007-04,3.97526315789474
DATAFLOW,OECD.SDD.STES:DSD_KEI@DF_KEI(4.0),I,ITA,M,IR3TIB,PA,_Z,_Z,_Z,2007-03,3.89090909090909
DATAFLOW,OECD.SDD.STES:DSD_KEI@DF_KEI(4.0),I,ITA,M,IR3TIB,PA,_Z,_Z,_Z,2007-01,3.75186363636364
DATAFLOW,OECD.SDD.STES:DSD_KEI@DF_KEI(4.0),I,ITA,M,IRSTCI,PA,_Z,_Z,_Z,2026-01,1.93167095238095
DATAFLOW,OECD.SDD.STES:DSD_KEI@DF_KEI(4.0),I,ITA,M,IR3TIB,PA,_Z,_Z,_Z,2026-01,2.0277272727
DATAFLOW,OECD.SDD.STES:DSD_KEI@DF_KEI(4.0),I,ITA,M,IR3TIB,PA,_Z,_Z,_Z,2025-10,2.0344347826
DATAFLOW,OECD.SDD.STES:DSD_KEI@DF_KEI(4.0),I,ITA,M,IR3TIB,PA,_Z,_Z,_Z,2025-09,2.0272727273
DATAFLOW,OECD.SDD.STES:DSD_KEI@DF_KEI(4.0),I,ITA,M,IR3TIB,PA,_Z,_Z,_Z,2025-08,2.0210952381
DATAFLOW,OECD.SDD.STES:DSD_KEI@DF_KEI(4.0),I,ITA,M,IR3TIB,PA,_Z,_Z,_Z,2025-07,1.9863478261
DATAFLOW,OECD.SDD.STES:DSD_KEI@DF_KEI(4.0),I,ITA,M,IR3TIB,PA,_Z,_Z,_Z,2025-06,1.9836190476
DATAFLOW,OECD.SDD.STES:DSD_KEI@DF_KEI(4.0),I,ITA,M,IR3TIB,PA,_Z,_Z,_Z,2025-05,2.0912727273
DATAFLOW,OECD.SDD.STES:DSD_KEI@DF_KEI(4.0),I,ITA,M,IR3TIB,PA,_Z,_Z,_Z,2025-04,2.2481818182
DATAFLOW,OECD.SDD.STES:DSD_KEI@DF_KEI(4.0),I,ITA,M,IR3TIB,PA,_Z,_Z,_Z,2025-03,2.4424285714
DATAFLOW,OECD.SDD.STES:DSD_KEI@DF_KEI(4.0),I,ITA,M,IR3TIB,PA,_Z,_Z,_Z,2025-01,2.7031304348
DATAFLOW,OECD.SDD.STES:DSD_KEI@DF_KEI(4.0),I,ITA,M,IR3TIB,PA,_Z,_Z,_Z,2025-12,2.0457826087
DATAFLOW,OECD.SDD.STES:DSD_KEI@DF_KEI(4.0),I,ITA,M,IR3TIB,PA,_Z,_Z,_Z,2025-11,2.04165
DATAFLOW,OECD.SDD.STES:DSD_KEI@DF_KEI(4.0),I,ITA,M,IR3TIB,PA,_Z,_Z,_Z,2025-02,2.52495
DATAFLOW,OECD.SDD.STES:DSD_KEI@DF_KEI(4.0),I,ITA,M,IR3TIB,PA,_Z,_Z,_Z,2024-12,2.81609090909091
DATAFLOW,OECD.SDD.STES:DSD_KEI@DF_KEI(4.0),I,ITA,M,IRLT,PA,_Z,_Z,_Z,2011-09,5.746
DATAFLOW,OECD.SDD.STES:DSD_KEI@DF_KEI(4.0),I,ITA,M,IRLT,PA,_Z,_Z,_Z,2011-08,5.271
DATAFLOW,OECD.SDD.STES:DSD_KEI@DF_KEI(4.0),I,ITA,M,IRLT,PA,_Z,_Z,_Z,2011-07,5.463
DATAFLOW,OECD.SDD.STES:DSD_KEI@DF_KEI(4.0),I,ITA,M,IRLT,PA,_Z,_Z,_Z,2011-06,4.816
DATAFLOW,OECD.SDD.STES:DSD_KEI@DF_KEI(4.0),I,ITA,M,IRLT,PA,_Z,_Z,_Z,2011-05,4.756
DATAFLOW,OECD.SDD.STES:DSD_KEI@DF_KEI(4.0),I,ITA,M,IRLT,PA,_Z,_Z,_Z,2011-04,4.841
DATAFLOW,OECD.SDD.STES:DSD_KEI@DF_KEI(4.0),I,ITA,M,IRLT,PA,_Z,_Z,_Z,2011-03,4.875
DATAFLOW,OECD.SDD.STES:DSD_KEI@DF_KEI(4.0),I,ITA,M,IRLT,PA,_Z,_Z,_Z,2011-02,4.736
DATAFLOW,OECD.SDD.STES:DSD_KEI@DF_KEI(4.0),I,ITA,M,IRLT,PA,_Z,_Z,_Z,2011-01,4.729
DATAFLOW,OECD.SDD.STES:DSD_KEI@DF_KEI(4.0),I,ITA,M,IRLT,PA,_Z,_Z,_Z,2010-11,4.184
DATAFLOW,OECD.SDD.STES:DSD_KEI@DF_KEI(4.0),I,ITA,M,IRLT,PA,_Z,_Z,_Z,2010-10,3.8
DATAFLOW,OECD.SDD.STES:DSD_KEI@DF_KEI(4.0),I,ITA,M,IRLT,PA,_Z,_Z,_Z,2010-09,3.862
DATAFLOW,OECD.SDD.STES:DSD_KEI@DF_KEI(4.0),I,ITA,M,IRLT,PA,_Z,_Z,_Z,2010-08,3.802
DATAFLOW,OECD.SDD.STES:DSD_KEI@DF_KEI(4.0),I,ITA,M,IRLT,PA,_Z,_Z,_Z,2010-07,4.026
DATAFLOW,OECD.SDD.STES:DSD_KEI@DF_KEI(4.0),I,ITA,M,IRLT,PA,_Z,_Z,_Z,2010-06,4.102
DATAFLOW,OECD.SDD.STES:DSD_KEI@DF_KEI(4.0),I,ITA,M,IRLT,PA,_Z,_Z,_Z,2010-05,3.985
DATAFLOW,OECD.SDD.STES:DSD_KEI@DF_KEI(4.0),I,ITA,M,IRLT,PA,_Z,_Z,_Z,2010-04,3.996
DATAFLOW,OECD.SDD.STES:DSD_KEI@DF_KEI(4.0),I,ITA,M,IRLT,PA,_Z,_Z,_Z,2010-03,3.945
DATAFLOW,OECD.SDD.STES:DSD_KEI@DF_KEI(4.0),I,ITA,M,IRLT,PA,_Z,_Z,_Z,2010-02,4.047
DATAFLOW,OECD.SDD.STES:DSD_KEI@DF_KEI(4.0),I,ITA,M,IRLT,PA,_Z,_Z,_Z,2010-01,4.078
DATAFLOW,OECD.SDD.STES:DSD_KEI@DF_KEI(4.0),I,ITA,M,IRLT,PA,_Z,_Z,_Z,2009-12,4.007
DATAFLOW,OECD.SDD.STES:DSD_KEI@DF_KEI(4.0),I,ITA,M,IRLT,PA,_Z,_Z,_Z,2009-11,4.057
DATAFLOW,OECD.SDD.STES:DSD_KEI@DF_KEI(4.0),I,USA,M,IR3TIB,PA,_Z,_Z,_Z,2022-02,0.38
DATAFLOW,OECD.SDD.STES:DSD_KEI@DF_KEI(4.0),I,USA,M,IR3TIB,PA,_Z,_Z,_Z,2022-01,0.22
DATAFLOW,OECD.SDD.STES:DSD_KEI@DF_KEI(4.0),I,USA,M,IR3TIB,PA,_Z,_Z,_Z,2021-12,0.17
DATAFLOW,OECD.SDD.STES:DSD_KEI@DF_KEI(4.0),I,USA,M,IR3TIB,PA,_Z,_Z,_Z,2021-11,0.14
DATAFLOW,OECD.SDD.STES:DSD_KEI@DF_KEI(4.0),I,USA,M,IR3TIB,PA,_Z,_Z,_Z,2021-10,0.11
DATAFLOW,OECD.SDD.STES:DSD_KEI@DF_KEI(4.0),I,USA,M,IR3TIB,PA,_Z,_Z,_Z,2021-09,0.1
DATAFLOW,OECD.SDD.STES:DSD_KEI@DF_KEI(4.0),I,USA,M,IR3TIB,PA,_Z,_Z,_Z,2021-08,0.1
DATAFLOW,OECD.SDD.STES:DSD_KEI@DF_KEI(4.0),I,USA,M,IR3TIB,PA,_Z,_Z,_Z,2021-07,0.1
DATAFLOW,OECD.SDD.STES:DSD_KEI@DF_KEI(4.0),I,USA,M,IR3TIB,PA,_Z,_Z,_Z,2021-06,0.09
DATAFLOW,OECD.SDD.STES:DSD_KEI@DF_KEI(4.0),I,USA,M,IR3TIB,PA,_Z,_Z,_Z,2021-05,0.1
DATAFLOW,OECD.SDD.STES:DSD_KEI@DF_KEI(4.0),I,USA,M,IR3TIB,PA,_Z,_Z,_Z,2021-04,0.11
DATAFLOW,OECD.SDD.STES:DSD_KEI@DF_KEI(4.0),I,USA,M,IR3TIB,PA,_Z,_Z,_Z,2021-03,0.1
DATAFLOW,OECD.SDD.STES:DSD_KEI@DF_KEI(4.0),I,USA,M,IR3TIB,PA,_Z,_Z,_Z,2021-02,0.11
DATAFLOW,OECD.SDD.STES:DSD_KEI@DF_KEI(4.0),I,USA,M,IR3TIB,PA,_Z,_Z,_Z,2021-01,0.14
DATAFLOW,OECD.SDD.STES:DSD_KEI@DF_KEI(4.0),I,USA,M,IR3TIB,PA,_Z,_Z,_Z,2020-12,0.17
DATAFLOW,OECD.SDD.STES:DSD_KEI@DF_KEI(4.0),I,USA,M,IR3TIB,PA,_Z,_Z,_Z,2020-11,0.16
DATAFLOW,OECD.SDD.STES:DSD_KEI@DF_KEI(4.0),I,USA,M,IR3TIB,PA,_Z,_Z,_Z,2020-10,0.12
DATAFLOW,OECD.SDD.STES:DSD_KEI@DF_KEI(4.0),I,USA,M,IR3TIB,PA,_Z,_Z,_Z,2020-09,0.13
DATAFLOW,OECD.SDD.STES:DSD_KEI@DF_KEI(4.0),I,USA,M,IR3TIB,PA,_Z,_Z,_Z,2020-08,0.15
DATAFLOW,OECD.SDD.STES:DSD_KEI@DF_KEI(4.0),I,USA,M,IR3TIB,PA,_Z,_Z,_Z,2020-07,0.18
DATAFLOW,OECD.SDD.STES:DSD_KEI@DF_KEI(4.0),I,USA,M,IR3TIB,PA,_Z,_Z,_Z,2020-06,0.2
DATAFLOW,OECD.SDD.STES:DSD_KEI@DF_KEI(4.0),I,USA,M,IR3TIB,PA,_Z,_Z,_Z,2020-05,0.17
DATAFLOW,OECD.SDD.STES:DSD_KEI@DF_KEI(4.0),I,USA,M,IR3TIB,PA,_Z,_Z,_Z,2020-03,1.35
DATAFLOW,OECD.SDD.STES:DSD_KEI@DF_KEI(4.0),I,USA,M,IR3TIB,PA,_Z,_Z,_Z,2020-02,1.59
DATAFLOW,OECD.SDD.STES:DSD_KEI@DF_KEI(4.0),I,USA,M,IR3TIB,PA,_Z,_Z,_Z,2020-01,1.65
DATAFLOW,OECD.SDD.STES:DSD_KEI@DF_KEI(4.0),I,USA,M,IR3TIB,PA,_Z,_Z,_Z,2019-12,1.76
DATAFLOW,OECD.SDD.STES:DSD_KEI@DF_KEI(4.0),I,USA,M,IR3TIB,PA,_Z,_Z,_Z,2019-11,1.77
DATAFLOW,OECD.SDD.STES:DSD_KEI@DF_KEI(4.0),I,USA,M,IR3TIB,PA,_Z,_Z,_Z,2019-10,1.88
DATAFLOW,OECD.SDD.STES:DSD_KEI@DF_KEI(4.0),I,USA,M,IR3TIB,PA,_Z,_Z,_Z,2019-09,2.03
DATAFLOW,OECD.SDD.STES:DSD_KEI@DF_KEI(4.0),I,USA,M,IR3TIB,PA,_Z,_Z,_Z,2019-08,2.06
DATAFLOW,OECD.SDD.STES:DSD_KEI@DF_KEI(4.0),I,USA,M,IR3TIB,PA,_Z,_Z,_Z,2019-07,2.22
DATAFLOW,OECD.SDD.STES:DSD_KEI@DF_KEI(4.0),I,USA,M,IR3TIB,PA,_Z,_Z,_Z,2019-06,2.3
DATAFLOW,OECD.SDD.STES:DSD_KEI@DF_KEI(4.0),I,USA,M,IR3TIB,PA,_Z,_Z,_Z,2019-05,2.44
DATAFLOW,OECD.SDD.STES:DSD_KEI@DF_KEI(4.0),I,USA,M,IR3TIB,PA,_Z,_Z,_Z,2019-04,2.47
DATAFLOW,OECD.SDD.STES:DSD_KEI@DF_KEI(4.0),I,USA,M,IR3TIB,PA,_Z,_Z,_Z,2019-03,2.48
DATAFLOW,OECD.SDD.STES:DSD_KEI@DF_KEI(4.0),I,USA,M,IR3TIB,PA,_Z,_Z,_Z,2019-02,2.49
DATAFLOW,OECD.SDD.STES:DSD_KEI@DF_KEI(4.0),I,USA,M,IR3TIB,PA,_Z,_Z,_Z,2019-01,2.59
DATAFLOW,OECD.SDD.STES:DSD_KEI@DF_KEI(4.0),I,USA,M,IR3TIB,PA,_Z,_Z,_Z,2018-12,2.69
DATAFLOW,OECD.SDD.STES:DSD_KEI@DF_KEI(4.0),I,USA,M,IR3TIB,PA,_Z,_Z,_Z,2018-11,2.56
DATAFLOW,OECD.SDD.STES:DSD_KEI@DF_KEI(4.0),I,USA,M,IR3TIB,PA,_Z,_Z,_Z,2018-10,2.37
DATAFLOW,OECD.SDD.STES:DSD_KEI@DF_KEI(4.0),I,USA,M,IR3TIB,PA,_Z,_Z,_Z,2018-09,2.24
DATAFLOW,OECD.SDD.STES:DSD_KEI@DF_KEI(4.0),I,USA,M,IR3TIB,PA,_Z,_Z,_Z,2018-08,2.19
DATAFLOW,OECD.SDD.STES:DSD_KEI@DF_KEI(4.0),I,USA,M,IR3TIB,PA,_Z,_Z,_Z,2018-07,2.17
DATAFLOW,OECD.SDD.STES:DSD_KEI@DF_KEI(4.0),I,ITA,M,IRLT,PA,_Z,_Z,_Z,2023-12,3.821
DATAFLOW,OECD.SDD.STES:DSD_KEI@DF_KEI(4.0),I,ITA,M,IRLT,PA,_Z,_Z,_Z,2023-11,4.428
DATAFLOW,OECD.SDD.STES:DSD_KEI@DF_KEI(4.0),I,ITA,M,IRLT,PA,_Z,_Z,_Z,2023-10,4.885
DATAFLOW,OECD.SDD.STES:DSD_KEI@DF_KEI(4.0),I,ITA,M,IRLT,PA,_Z,_Z,_Z,2023-09,4.513
DATAFLOW,OECD.SDD.STES:DSD_KEI@DF_KEI(4.0),I,ITA,M,IRLT,PA,_Z,_Z,_Z,2023-08,4.221
DATAFLOW,OECD.SDD.STES:DSD_KEI@DF_KEI(4.0),I,ITA,M,IRLT,PA,_Z,_Z,_Z,2023-07,4.157
DATAFLOW,OECD.SDD.STES:DSD_KEI@DF_KEI(4.0),I,ITA,M,IRLT,PA,_Z,_Z,_Z,2023-06,4.074
DATAFLOW,OECD.SDD.STES:DSD_KEI@DF_KEI(4.0),I,ITA,M,IRLT,PA,_Z,_Z,_Z,2023-05,4.313
DATAFLOW,OECD.SDD.STES:DSD_KEI@DF_KEI(4.0),I,ITA,M,IRLT,PA,_Z,_Z,_Z,2023-04,4.234
DATAFLOW,OECD.SDD.STES:DSD_KEI@DF_KEI(4.0),I,ITA,M,IRLT,PA,_Z,_Z,_Z,2023-02,4.27
DATAFLOW,OECD.SDD.STES:DSD_KEI@DF_KEI(4.0),I,ITA,M,IRLT,PA,_Z,_Z,_Z,2023-01,4.243
DATAFLOW,OECD.SDD.STES:DSD_KEI@DF_KEI(4.0),I,ITA,M,IRLT,PA,_Z,_Z,_Z,2022-12,4.257
DATAFLOW,OECD.SDD.STES:DSD_KEI@DF_KEI(4.0),I,ITA,M,IRLT,PA,_Z,_Z,_Z,2022-11,4.243
DATAFLOW,OECD.SDD.STES:DSD_KEI@DF_KEI(4.0),I,ITA,M,IRLT,PA,_Z,_Z,_Z,2022-10,4.532
DATAFLOW,OECD.SDD.STES:DSD_KEI@DF_KEI(4.0),I,ITA,M,IRLT,PA,_Z,_Z,_Z,2022-09,4.138
DATAFLOW,OECD.SDD.STES:DSD_KEI@DF_KEI(4.0),I,ITA,M,IRLT,PA,_Z,_Z,_Z,2022-08,3.297
DATAFLOW,OECD.SDD.STES:DSD_KEI@DF_KEI(4.0),I,ITA,M,IRLT,PA,_Z,_Z,_Z,2022-07,3.359
DATAFLOW,OECD.SDD.STES:DSD_KEI@DF_KEI(4.0),I,ITA,M,IRLT,PA,_Z,_Z,_Z,2022-06,3.635
DATAFLOW,OECD.SDD.STES:DSD_KEI@DF_KEI(4.0),I,ITA,M,IRLT,PA,_Z,_Z,_Z,2022-05,2.99
DATAFLOW,OECD.SDD.STES:DSD_KEI@DF_KEI(4.0),I,ITA,M,IRLT,PA,_Z,_Z,_Z,2022-04,2.436
DATAFLOW,OECD.SDD.STES:DSD_KEI@DF_KEI(4.0),I,ITA,M,IRLT,PA,_Z,_Z,_Z,2022-03,1.854
DATAFLOW,OECD.SDD.STES:DSD_KEI@DF_KEI(4.0),I,ITA,M,IRLT,PA,_Z,_Z,_Z,2022-02,1.794
DATAFLOW,OECD.SDD.STES:DSD_KEI@DF_KEI(4.0),I,ITA,M,IRLT,PA,_Z,_Z,_Z,2022-01,1.346
DATAFLOW,OECD.SDD.STES:DSD_KEI@DF_KEI(4.0),I,ITA,M,IRLT,PA,_Z,_Z,_Z,2021-12,1.047
DATAFLOW,OECD.SDD.STES:DSD_KEI@DF_KEI(4.0),I,ITA,M,IRLT,PA,_Z,_Z,_Z,2021-11,1.01
DATAFLOW,OECD.SDD.STES:DSD_KEI@DF_KEI(4.0),I,ITA,M,IRLT,PA,_Z,_Z,_Z,2021-10,0.955
DATAFLOW,OECD.SDD.STES:DSD_KEI@DF_KEI(4.0),I,ITA,M,IRLT,PA,_Z,_Z,_Z,2021-09,0.777
DATAFLOW,OECD.SDD.STES:DSD_KEI@DF_KEI(4.0),I,ITA,M,IRLT,PA,_Z,_Z,_Z,2021-08,0.628
DATAFLOW,OECD.SDD.STES:DSD_KEI@DF_KEI(4.0),I,ITA,M,IRLT,PA,_Z,_Z,_Z,2021-07,0.748
DATAFLOW,OECD.SDD.STES:DSD_KEI@DF_KEI(4.0),I,ITA,M,IRLT,PA,_Z,_Z,_Z,2021-06,0.875
DATAFLOW,OECD.SDD.STES:DSD_KEI@DF_KEI(4.0),I,ITA,M,IRLT,PA,_Z,_Z,_Z,2021-05,0.984
DATAFLOW,OECD.SDD.STES:DSD_KEI@DF_KEI(4.0),I,ITA,M,IRLT,PA,_Z,_Z,_Z,2021-04,0.797
DATAFLOW,OECD.SDD.STES:DSD_KEI@DF_KEI(4.0),I,ITA,M,IRLT,PA,_Z,_Z,_Z,2021-03,0.704
DATAFLOW,OECD.SDD.STES:DSD_KEI@DF_KEI(4.0),I,ITA,M,IRLT,PA,_Z,_Z,_Z,2021-02,0.59
DATAFLOW,OECD.SDD.STES:DSD_KEI@DF_KEI(4.0),I,ITA,M,IRLT,PA,_Z,_Z,_Z,2021-01,0.616
DATAFLOW,OECD.SDD.STES:DSD_KEI@DF_KEI(4.0),I,ITA,M,IRLT,PA,_Z,_Z,_Z,2020-12,0.578
DATAFLOW,OECD.SDD.STES:DSD_KEI@DF_KEI(4.0),I,ITA,M,IRLT,PA,_Z,_Z,_Z,2020-11,0.664
DATAFLOW,OECD.SDD.STES:DSD_KEI@DF_KEI(4.0),I,ITA,M,IRLT,PA,_Z,_Z,_Z,2020-10,0.77
DATAFLOW,OECD.SDD.STES:DSD_KEI@DF_KEI(4.0),I,ITA,M,IRLT,PA,_Z,_Z,_Z,2020-09,0.981
DATAFLOW,OECD.SDD.STES:DSD_KEI@DF_KEI(4.0),I,ITA,M,IRLT,PA,_Z,_Z,_Z,2020-08,1.032
DATAFLOW,OECD.SDD.STES:DSD_KEI@DF_KEI(4.0),I,ITA,M,IRLT,PA,_Z,_Z,_Z,2020-07,1.196
DATAFLOW,OECD.SDD.STES:DSD_KEI@DF_KEI(4.0),I,ITA,M,IRLT,PA,_Z,_Z,_Z,2020-06,1.455
DATAFLOW,OECD.SDD.STES:DSD_KEI@DF_KEI(4.0),I,ITA,M,IRLT,PA,_Z,_Z,_Z,2020-05,1.762
DATAFLOW,OECD.SDD.STES:DSD_KEI@DF_KEI(4.0),I,ITA,M,IRLT,PA,_Z,_Z,_Z,2020-04,1.799
DATAFLOW,OECD.SDD.STES:DSD_KEI@DF_KEI(4.0),I,ITA,M,IRLT,PA,_Z,_Z,_Z,2020-03,1.551
DATAFLOW,OECD.SDD.STES:DSD_KEI@DF_KEI(4.0),I,ITA,M,IRLT,PA,_Z,_Z,_Z,2020-02,0.955
DATAFLOW,OECD.SDD.STES:DSD_KEI@DF_KEI(4.0),I,ITA,M,IRLT,PA,_Z,_Z,_Z,2020-01,1.275
DATAFLOW,OECD.SDD.STES:DSD_KEI@DF_KEI(4.0),I,ITA,M,IRLT,PA,_Z,_Z,_Z,2019-12,1.37
DATAFLOW,OECD.SDD.STES:DSD_KEI@DF_KEI(4.0),I,ITA,M,IRLT,PA,_Z,_Z,_Z,2019-11,1.266
DATAFLOW,OECD.SDD.STES:DSD_KEI@DF_KEI(4.0),I,ITA,M,IRLT,PA,_Z,_Z,_Z,2019-10,1.004
DATAFLOW,OECD.SDD.STES:DSD_KEI@DF_KEI(4.0),I,ITA,M,IRLT,PA,_Z,_Z,_Z,2019-09,0.902
DATAFLOW,OECD.SDD.STES:DSD_KEI@DF_KEI(4.0),I,ITA,M,IRLT,PA,_Z,_Z,_Z,2019-08,1.404
DATAFLOW,OECD.SDD.STES:DSD_KEI@DF_KEI(4.0),I,ITA,M,IRLT,PA,_Z,_Z,_Z,2019-07,1.654
DATAFLOW,OECD.SDD.STES:DSD_KEI@DF_KEI(4.0),I,ITA,M,IRLT,PA,_Z,_Z,_Z,2019-06,2.284
DATAFLOW,OECD.SDD.STES:DSD_KEI@DF_KEI(4.0),I,ITA,M,IRLT,PA,_Z,_Z,_Z,2019-05,2.644
DATAFLOW,OECD.SDD.STES:DSD_KEI@DF_KEI(4.0),I,ITA,M,IRLT,PA,_Z,_Z,_Z,2019-04,2.618
DATAFLOW,OECD.SDD.STES:DSD_KEI@DF_KEI(4.0),I,ITA,M,IRLT,PA,_Z,_Z,_Z,2019-03,2.69
DATAFLOW,OECD.SDD.STES:DSD_KEI@DF_KEI(4.0),I,ITA,M,IRLT,PA,_Z,_Z,_Z,2019-02,2.812
DATAFLOW,OECD.SDD.STES:DSD_KEI@DF_KEI(4.0),I,ITA,M,IRLT,PA,_Z,_Z,_Z,2019-01,2.77
DATAFLOW,OECD.SDD.STES:DSD_KEI@DF_KEI(4.0),I,ITA,M,IRLT,PA,_Z,_Z,_Z,2018-12,2.975
DATAFLOW,OECD.SDD.STES:DSD_KEI@DF_KEI(4.0),I,ITA,M,IRLT,PA,_Z,_Z,_Z,2018-11,3.39
DATAFLOW,OECD.SDD.STES:DSD_KEI@DF_KEI(4.0),I,ITA,M,IRLT,PA,_Z,_Z,_Z,2018-10,3.469
DATAFLOW,OECD.SDD.STES:DSD_KEI@DF_KEI(4.0),I,ITA,M,IRLT,PA,_Z,_Z,_Z,2018-09,2.959
DATAFLOW,OECD.SDD.STES:DSD_KEI@DF_KEI(4.0),I,ITA,M,IRLT,PA,_Z,_Z,_Z,2018-08,3.161
DATAFLOW,OECD.SDD.STES:DSD_KEI@DF_KEI(4.0),I,ITA,M,IRLT,PA,_Z,_Z,_Z,2018-07,2.643
DATAFLOW,OECD.SDD.STES:DSD_KEI@DF_KEI(4.0),I,ITA,M,IRLT,PA,_Z,_Z,_Z,2018-06,2.744
DATAFLOW,OECD.SDD.STES:DSD_KEI@DF_KEI(4.0),I,ITA,M,IRLT,PA,_Z,_Z,_Z,2018-05,2.18
DATAFLOW,OECD.SDD.STES:DSD_KEI@DF_KEI(4.0),I,ITA,M,IRLT,PA,_Z,_Z,_Z,2018-04,1.773
DATAFLOW,OECD.SDD.STES:DSD_KEI@DF_KEI(4.0),I,ITA,M,IRLT,PA,_Z,_Z,_Z,2018-03,1.965
DATAFLOW,OECD.SDD.STES:DSD_KEI@DF_KEI(4.0),I,ITA,M,IRLT,PA,_Z,_Z,_Z,2018-02,2.081
DATAFLOW,OECD.SDD.STES:DSD_KEI@DF_KEI(4.0),I,ITA,M,IRLT,PA,_Z,_Z,_Z,2018-01,1.984
DATAFLOW,OECD.SDD.STES:DSD_KEI@DF_KEI(4.0),I,ITA,M,IRLT,PA,_Z,_Z,_Z,2017-12,1.795
DATAFLOW,OECD.SDD.STES:DSD_KEI@DF_KEI(4.0),I,ITA,M,IRLT,PA,_Z,_Z,_Z,2017-11,1.789
DATAFLOW,OECD.SDD.STES:DSD_KEI@DF_KEI(4.0),I,USA,M,IRSTCI,PA,_Z,_Z,_Z,2011-07,0.07
DATAFLOW,OECD.SDD.STES:DSD_KEI@DF_KEI(4.0),I,USA,M,IRSTCI,PA,_Z,_Z,_Z,2011-06,0.09
DATAFLOW,OECD.SDD.STES:DSD_KEI@DF_KEI(4.0),I,USA,M,IRSTCI,PA,_Z,_Z,_Z,2011-05,0.09
DATAFLOW,OECD.SDD.STES:DSD_KEI@DF_KEI(4.0),I,USA,M,IRSTCI,PA,_Z,_Z,_Z,2011-04,0.1
DATAFLOW,OECD.SDD.STES:DSD_KEI@DF_KEI(4.0),I,USA,M,IRSTCI,PA,_Z,_Z,_Z,2011-03,0.14
DATAFLOW,OECD.SDD.STES:DSD_KEI@DF_KEI(4.0),I,USA,M,IRSTCI,PA,_Z,_Z,_Z,2011-02,0.16
DATAFLOW,OECD.SDD.STES:DSD_KEI@DF_KEI(4.0),I,USA,M,IRSTCI,PA,_Z,_Z,_Z,2011-01,0.17
DATAFLOW,OECD.SDD.STES:DSD_KEI@DF_KEI(4.0),I,USA,M,IRSTCI,PA,_Z,_Z,_Z,2010-12,0.18
DATAFLOW,OECD.SDD.STES:DSD_KEI@DF_KEI(4.0),I,USA,M,IRSTCI,PA,_Z,_Z,_Z,2010-11,0.19
DATAFLOW,OECD.SDD.STES:DSD_KEI@DF_KEI(4.0),I,USA,M,IRSTCI,PA,_Z,_Z,_Z,2010-10,0.19
DATAFLOW,OECD.SDD.STES:DSD_KEI@DF_KEI(4.0),I,USA,M,IRSTCI,PA,_Z,_Z,_Z,2010-09,0.19
DATAFLOW,OECD.SDD.STES:DSD_KEI@DF_KEI(4.0),I,USA,M,IRSTCI,PA,_Z,_Z,_Z,2010-08,0.19
DATAFLOW,OECD.SDD.STES:DSD_KEI@DF_KEI(4.0),I,USA,M,IRSTCI,PA,_Z,_Z,_Z,2010-07,0.18
DATAFLOW,OECD.SDD.STES:DSD_KEI@DF_KEI(4.0),I,USA,M,IRSTCI,PA,_Z,_Z,_Z,2010-06,0.18
DATAFLOW,OECD.SDD.STES:DSD_KEI@DF_KEI(4.0),I,USA,M,IRSTCI,PA,_Z,_Z,_Z,2010-05,0.2
DATAFLOW,OECD.SDD.STES:DSD_KEI@DF_KEI(4.0),I,USA,M,IRSTCI,PA,_Z,_Z,_Z,2010-04,0.2
DATAFLOW,OECD.SDD.STES:DSD_KEI@DF_KEI(4.0),I,USA,M,IRSTCI,PA,_Z,_Z,_Z,2010-03,0.16
DATAFLOW,OECD.SDD.STES:DSD_KEI@DF_KEI(4.0),I,USA,M,IRSTCI,PA,_Z,_Z,_Z,2010-02,0.13
DATAFLOW,OECD.SDD.STES:DSD_KEI@DF_KEI(4.0),I,USA,M,IRSTCI,PA,_Z,_Z,_Z,2010-01,0.11
DATAFLOW,OECD.SDD.STES:DSD_KEI@DF_KEI(4.0),I,USA,M,IRSTCI,PA,_Z,_Z,_Z,2009-12,0.12
DATAFLOW,OECD.SDD.STES:DSD_KEI@DF_KEI(4.0),I,USA,M,IRSTCI,PA,_Z,_Z,_Z,2009-11,0.12
DATAFLOW,OECD.SDD.STES:DSD_KEI@DF_KEI(4.0),I,USA,M,IRSTCI,PA,_Z,_Z,_Z,2009-10,0.12
DATAFLOW,OECD.SDD.STES:DSD_KEI@DF_KEI(4.0),I,USA,M,IRSTCI,PA,_Z,_Z,_Z,2018-09,1.95
DATAFLOW,OECD.SDD.STES:DSD_KEI@DF_KEI(4.0),I,USA,M,IRSTCI,PA,_Z,_Z,_Z,2018-08,1.91
DATAFLOW,OECD.SDD.STES:DSD_KEI@DF_KEI(4.0),I,USA,M,IRSTCI,PA,_Z,_Z,_Z,2018-07,1.91
DATAFLOW,OECD.SDD.STES:DSD_KEI@DF_KEI(4.0),I,USA,M,IRSTCI,PA,_Z,_Z,_Z,2018-06,1.82
DATAFLOW,OECD.SDD.STES:DSD_KEI@DF_KEI(4.0),I,USA,M,IRSTCI,PA,_Z,_Z,_Z,2018-05,1.7
DATAFLOW,OECD.SDD.STES:DSD_KEI@DF_KEI(4.0),I,USA,M,IRSTCI,PA,_Z,_Z,_Z,2018-04,1.69
DATAFLOW,OECD.SDD.STES:DSD_KEI@DF_KEI(4.0),I,USA,M,IRSTCI,PA,_Z,_Z,_Z,2018-03,1.51
DATAFLOW,OECD.SDD.STES:DSD_KEI@DF_KEI(4.0),I,USA,M,IRSTCI,PA,_Z,_Z,_Z,2018-02,1.42
DATAFLOW,OECD.SDD.STES:DSD_KEI@DF_KEI(4.0),I,USA,M,IRSTCI,PA,_Z,_Z,_Z,2018-01,1.41
DATAFLOW,OECD.SDD.STES:DSD_KEI@DF_KEI(4.0),I,USA,M,IRSTCI,PA,_Z,_Z,_Z,2017-12,1.3
DATAFLOW,OECD.SDD.STES:DSD_KEI@DF_KEI(4.0),I,USA,M,IRSTCI,PA,_Z,_Z,_Z,2017-11,1.16
DATAFLOW,OECD.SDD.STES:DSD_KEI@DF_KEI(4.0),I,USA,M,IRSTCI,PA,_Z,_Z,_Z,2017-10,1.15
DATAFLOW,OECD.SDD.STES:DSD_KEI@DF_KEI(4.0),I,USA,M,IRSTCI,PA,_Z,_Z,_Z,2017-09,1.15
DATAFLOW,OECD.SDD.STES:DSD_KEI@DF_KEI(4.0),I,USA,M,IRSTCI,PA,_Z,_Z,_Z,2017-08,1.16
DATAFLOW,OECD.SDD.STES:DSD_KEI@DF_KEI(4.0),I,USA,M,IRSTCI,PA,_Z,_Z,_Z,2017-07,1.15
DATAFLOW,OECD.SDD.STES:DSD_KEI@DF_KEI(4.0),I,USA,M,IRSTCI,PA,_Z,_Z,_Z,2017-06,1.04
DATAFLOW,OECD.SDD.STES:DSD_KEI@DF_KEI(4.0),I,USA,M,IRSTCI,PA,_Z,_Z,_Z,2017-05,0.91
DATAFLOW,OECD.SDD.STES:DSD_KEI@DF_KEI(4.0),I,USA,M,IRSTCI,PA,_Z,_Z,_Z,2017-04,0.9
DATAFLOW,OECD.SDD.STES:DSD_KEI@DF_KEI(4.0),I,USA,M,IRSTCI,PA,_Z,_Z,_Z,2017-03,0.79
DATAFLOW,OECD.SDD.STES:DSD_KEI@DF_KEI(4.0),I,USA,M,IRSTCI,PA,_Z,_Z,_Z,2017-02,0.66
DATAFLOW,OECD.SDD.STES:DSD_KEI@DF_KEI(4.0),I,USA,M,IRSTCI,PA,_Z,_Z,_Z,2017-01,0.65
DATAFLOW,OECD.SDD.STES:DSD_KEI@DF_KEI(4.0),I,USA,M,IRSTCI,PA,_Z,_Z,_Z,2016-12,0.54
DATAFLOW,OECD.SDD.STES:DSD_KEI@DF_KEI(4.0),I,USA,M,IRSTCI,PA,_Z,_Z,_Z,2016-11,0.41
DATAFLOW,OECD.SDD.STES:DSD_KEI@DF_KEI(4.0),I,USA,M,IRSTCI,PA,_Z,_Z,_Z,2016-10,0.4
DATAFLOW,OECD.SDD.STES:DSD_KEI@DF_KEI(4.0),I,USA,M,IRLT,PA,_Z,_Z,_Z,2009-05,3.29
DATAFLOW,OECD.SDD.STES:DSD_KEI@DF_KEI(4.0),I,USA,M,IRLT,PA,_Z,_Z,_Z,2009-04,2.93
DATAFLOW,OECD.SDD.STES:DSD_KEI@DF_KEI(4.0),I,USA,M,IRLT,PA,_Z,_Z,_Z,2009-03,2.82
DATAFLOW,OECD.SDD.STES:DSD_KEI@DF_KEI(4.0),I,USA,M,IRLT,PA,_Z,_Z,_Z,2009-02,2.87
DATAFLOW,OECD.SDD.STES:DSD_KEI@DF_KEI(4.0),I,USA,M,IRLT,PA,_Z,_Z,_Z,2009-01,2.52
DATAFLOW,OECD.SDD.STES:DSD_KEI@DF_KEI(4.0),I,USA,M,IRLT,PA,_Z,_Z,_Z,2008-12,2.42
DATAFLOW,OECD.SDD.STES:DSD_KEI@DF_KEI(4.0),I,USA,M,IRLT,PA,_Z,_Z,_Z,2008-11,3.53
DATAFLOW,OECD.SDD.STES:DSD_KEI@DF_KEI(4.0),I,USA,M,IRLT,PA,_Z,_Z,_Z,2008-10,3.81
DATAFLOW,OECD.SDD.STES:DSD_KEI@DF_KEI(4.0),I,USA,M,IRLT,PA,_Z,_Z,_Z,2008-09,3.69
DATAFLOW,OECD.SDD.STES:DSD_KEI@DF_KEI(4.0),I,USA,M,IRLT,PA,_Z,_Z,_Z,2008-08,3.89
DATAFLOW,OECD.SDD.STES:DSD_KEI@DF_KEI(4.0),I,USA,M,IRLT,PA,_Z,_Z,_Z,2008-07,4.01
DATAFLOW,OECD.SDD.STES:DSD_KEI@DF_KEI(4.0),I,USA,M,IR3TIB,PA,_Z,_Z,_Z,2015-02,0.15
DATAFLOW,OECD.SDD.STES:DSD_KEI@DF_KEI(4.0),I,USA,M,IR3TIB,PA,_Z,_Z,_Z,2015-01,0.16
DATAFLOW,OECD.SDD.STES:DSD_KEI@DF_KEI(4.0),I,USA,M,IR3TIB,PA,_Z,_Z,_Z,2014-12,0.15
DATAFLOW,OECD.SDD.STES:DSD_KEI@DF_KEI(4.0),I,USA,M,IR3TIB,PA,_Z,_Z,_Z,2014-11,0.13
DATAFLOW,OECD.SDD.STES:DSD_KEI@DF_KEI(4.0),I,USA,M,IR3TIB,PA,_Z,_Z,_Z,2014-10,0.12
DATAFLOW,OECD.SDD.STES:DSD_KEI@DF_KEI(4.0),I,USA,M,IR3TIB,PA,_Z,_Z,_Z,2014-09,0.12
DATAFLOW,OECD.SDD.STES:DSD_KEI@DF_KEI(4.0),I,USA,M,IR3TIB,PA,_Z,_Z,_Z,2014-08,0.13
DATAFLOW,OECD.SDD.STES:DSD_KEI@DF_KEI(4.0),I,USA,M,IR3TIB,PA,_Z,_Z,_Z,2014-07,0.13
DATAFLOW,OECD.SDD.STES:DSD_KEI@DF_KEI(4.0),I,USA,M,IR3TIB,PA,_Z,_Z,_Z,2014-06,0.11
DATAFLOW,OECD.SDD.STES:DSD_KEI@DF_KEI(4.0),I,USA,M,IR3TIB,PA,_Z,_Z,_Z,2014-05,0.11
DATAFLOW,OECD.SDD.STES:DSD_KEI@DF_KEI(4.0),I,USA,M,IR3TIB,PA,_Z,_Z,_Z,2014-04,0.12
DATAFLOW,OECD.SDD.STES:DSD_KEI@DF_KEI(4.0),I,USA,M,IR3TIB,PA,_Z,_Z,_Z,2014-03,0.12
DATAFLOW,OECD.SDD.STES:DSD_KEI@DF_KEI(4.0),I,USA,M,IR3TIB,PA,_Z,_Z,_Z,2014-02,0.13
DATAFLOW,OECD.SDD.STES:DSD_KEI@DF_KEI(4.0),I,USA,M,IR3TIB,PA,_Z,_Z,_Z,2014-01,0.12
DATAFLOW,OECD.SDD.STES:DSD_KEI@DF_KEI(4.0),I,USA,M,IR3TIB,PA,_Z,_Z,_Z,2013-12,0.14
DATAFLOW,OECD.SDD.STES:DSD_KEI@DF_KEI(4.0),I,USA,M,IR3TIB,PA,_Z,_Z,_Z,2013-11,0.12
DATAFLOW,OECD.SDD.STES:DSD_KEI@DF_KEI(4.0),I,USA,M,IR3TIB,PA,_Z,_Z,_Z,2013-10,0.12
DATAFLOW,OECD.SDD.STES:DSD_KEI@DF_KEI(4.0),I,USA,M,IR3TIB,PA,_Z,_Z,_Z,2013-09,0.11
DATAFLOW,OECD.SDD.STES:DSD_KEI@DF_KEI(4.0),I,USA,M,IR3TIB,PA,_Z,_Z,_Z,2013-08,0.12
DATAFLOW,OECD.SDD.STES:DSD_KEI@DF_KEI(4.0),I,USA,M,IR3TIB,PA,_Z,_Z,_Z,2013-07,0.14
DATAFLOW,OECD.SDD.STES:DSD_KEI@DF_KEI(4.0),I,USA,M,IR3TIB,PA,_Z,_Z,_Z,2013-06,0.19
DATAFLOW,OECD.SDD.STES:DSD_KEI@DF_KEI(4.0),I,USA,M,IR3TIB,PA,_Z,_Z,_Z,2013-05,0.2
DATAFLOW,OECD.SDD.STES:DSD_KEI@DF_KEI(4.0),I,USA,M,IR3TIB,PA,_Z,_Z,_Z,2013-04,0.2
DATAFLOW,OECD.SDD.STES:DSD_KEI@DF_KEI(4.0),I,USA,M,IR3TIB,PA,_Z,_Z,_Z,2013-03,0.21
DATAFLOW,OECD.SDD.STES:DSD_KEI@DF_KEI(4.0),I,USA,M,IR3TIB,PA,_Z,_Z,_Z,2013-02,0.22
DATAFLOW,OECD.SDD.STES:DSD_KEI@DF_KEI(4.0),I,USA,M,IR3TIB,PA,_Z,_Z,_Z,2013-01,0.23
DATAFLOW,OECD.SDD.STES:DSD_KEI@DF_KEI(4.0),I,USA,M,IR3TIB,PA,_Z,_Z,_Z,2012-12,0.24
DATAFLOW,OECD.SDD.STES:DSD_KEI@DF_KEI(4.0),I,USA,M,IR3TIB,PA,_Z,_Z,_Z,2012-11,0.23
DATAFLOW,OECD.SDD.STES:DSD_KEI@DF_KEI(4.0),I,USA,M,IR3TIB,PA,_Z,_Z,_Z,2012-10,0.23
DATAFLOW,OECD.SDD.STES:DSD_KEI@DF_KEI(4.0),I,USA,M,IR3TIB,PA,_Z,_Z,_Z,2012-09,0.24
DATAFLOW,OECD.SDD.STES:DSD_KEI@DF_KEI(4.0),I,USA,M,IR3TIB,PA,_Z,_Z,_Z,2012-08,0.26
DATAFLOW,OECD.SDD.STES:DSD_KEI@DF_KEI(4.0),I,USA,M,IR3TIB,PA,_Z,_Z,_Z,2012-07,0.3
DATAFLOW,OECD.SDD.STES:DSD_KEI@DF_KEI(4.0),I,USA,M,IR3TIB,PA,_Z,_Z,_Z,2012-06,0.32
DATAFLOW,OECD.SDD.STES:DSD_KEI@DF_KEI(4.0),I,USA,M,IR3TIB,PA,_Z,_Z,_Z,2012-05,0.29
DATAFLOW,OECD.SDD.STES:DSD_KEI@DF_KEI(4.0),I,USA,M,IR3TIB,PA,_Z,_Z,_Z,2012-04,0.29
DATAFLOW,OECD.SDD.STES:DSD_KEI@DF_KEI(4.0),I,USA,M,IR3TIB,PA,_Z,_Z,_Z,2012-03,0.29
DATAFLOW,OECD.SDD.STES:DSD_KEI@DF_KEI(4.0),I,USA,M,IR3TIB,PA,_Z,_Z,_Z,2012-02,0.3
DATAFLOW,OECD.SDD.STES:DSD_KEI@DF_KEI(4.0),I,USA,M,IR3TIB,PA,_Z,_Z,_Z,2012-01,0.4
DATAFLOW,OECD.SDD.STES:DSD_KEI@DF_KEI(4.0),I,USA,M,IR3TIB,PA,_Z,_Z,_Z,2011-12,0.49
DATAFLOW,OECD.SDD.STES:DSD_KEI@DF_KEI(4.0),I,USA,M,IR3TIB,PA,_Z,_Z,_Z,2011-11,0.41
DATAFLOW,OECD.SDD.STES:DSD_KEI@DF_KEI(4.0),I,USA,M,IR3TIB,PA,_Z,_Z,_Z,2011-10,0.37
DATAFLOW,OECD.SDD.STES:DSD_KEI@DF_KEI(4.0),I,USA,M,IR3TIB,PA,_Z,_Z,_Z,2011-09,0.33
DATAFLOW,OECD.SDD.STES:DSD_KEI@DF_KEI(4.0),I,USA,M,IR3TIB,PA,_Z,_Z,_Z,2011-08,0.29
DATAFLOW,OECD.SDD.STES:DSD_KEI@DF_KEI(4.0),I,USA,M,IR3TIB,PA,_Z,_Z,_Z,2011-07,0.24
DATAFLOW,OECD.SDD.STES:DSD_KEI@DF_KEI(4.0),I,USA,M,IR3TIB,PA,_Z,_Z,_Z,2011-06,0.22
DATAFLOW,OECD.SDD.STES:DSD_KEI@DF_KEI(4.0),I,USA,M,IR3TIB,PA,_Z,_Z,_Z,2011-05,0.21
DATAFLOW,OECD.SDD.STES:DSD_KEI@DF_KEI(4.0),I,USA,M,IR3TIB,PA,_Z,_Z,_Z,2011-04,0.23
DATAFLOW,OECD.SDD.STES:DSD_KEI@DF_KEI(4.0),I,USA,M,IR3TIB,PA,_Z,_Z,_Z,2011-03,0.28
DATAFLOW,OECD.SDD.STES:DSD_KEI@DF_KEI(4.0),I,USA,M,IR3TIB,PA,_Z,_Z,_Z,2011-02,0.28
DATAFLOW,OECD.SDD.STES:DSD_KEI@DF_KEI(4.0),I,USA,M,IR3TIB,PA,_Z,_Z,_Z,2011-01,0.29
DATAFLOW,OECD.SDD.STES:DSD_KEI@DF_KEI(4.0),I,USA,M,IR3TIB,PA,_Z,_Z,_Z,2010-12,0.3
DATAFLOW,OECD.SDD.STES:DSD_KEI@DF_KEI(4.0),I,USA,M,IR3TIB,PA,_Z,_Z,_Z,2010-11,0.27
DATAFLOW,OECD.SDD.STES:DSD_KEI@DF_KEI(4.0),I,USA,M,IR3TIB,PA,_Z,_Z,_Z,2010-10,0.27
DATAFLOW,OECD.SDD.STES:DSD_KEI@DF_KEI(4.0),I,USA,M,IR3TIB,PA,_Z,_Z,_Z,2010-09,0.28
DATAFLOW,OECD.SDD.STES:DSD_KEI@DF_KEI(4.0),I,USA,M,IR3TIB,PA,_Z,_Z,_Z,2010-08,0.32
DATAFLOW,OECD.SDD.STES:DSD_KEI@DF_KEI(4.0),I,USA,M,IR3TIB,PA,_Z,_Z,_Z,2010-07,0.41
DATAFLOW,OECD.SDD.STES:DSD_KEI@DF_KEI(4.0),I,USA,M,IR3TIB,PA,_Z,_Z,_Z,2010-06,0.52
DATAFLOW,OECD.SDD.STES:DSD_KEI@DF_KEI(4.0),I,USA,M,IR3TIB,PA,_Z,_Z,_Z,2010-05,0.45
DATAFLOW,OECD.SDD.STES:DSD_KEI@DF_KEI(4.0),I,USA,M,IR3TIB,PA,_Z,_Z,_Z,2010-04,0.3
DATAFLOW,OECD.SDD.STES:DSD_KEI@DF_KEI(4.0),I,USA,M,IR3TIB,PA,_Z,_Z,_Z,2010-03,0.23
DATAFLOW,OECD.SDD.STES:DSD_KEI@DF_KEI(4.0),I,USA,M,IR3TIB,PA,_Z,_Z,_Z,2010-02,0.19
DATAFLOW,OECD.SDD.STES:DSD_KEI@DF_KEI(4.0),I,USA,M,IR3TIB,PA,_Z,_Z,_Z,2010-01,0.2
DATAFLOW,OECD.SDD.STES:DSD_KEI@DF_KEI(4.0),I,USA,M,IR3TIB,PA,_Z,_Z,_Z,2009-12,0.22
DATAFLOW,OECD.SDD.STES:DSD_KEI@DF_KEI(4.0),I,USA,M,IR3TIB,PA,_Z,_Z,_Z,2009-11,0.21
DATAFLOW,OECD.SDD.STES:DSD_KEI@DF_KEI(4.0),I,USA,M,IR3TIB,PA,_Z,_Z,_Z,2009-10,0.24
DATAFLOW,OECD.SDD.STES:DSD_KEI@DF_KEI(4.0),I,USA,M,IR3TIB,PA,_Z,_Z,_Z,2009-09,0.25
DATAFLOW,OECD.SDD.STES:DSD_KEI@DF_KEI(4.0),I,USA,M,IR3TIB,PA,_Z,_Z,_Z,2009-08,0.3
DATAFLOW,OECD.SDD.STES:DSD_KEI@DF_KEI(4.0),I,USA,M,IR3TIB,PA,_Z,_Z,_Z,2009-07,0.35
DATAFLOW,OECD.SDD.STES:DSD_KEI@DF_KEI(4.0),I,USA,M,IR3TIB,PA,_Z,_Z,_Z,2009-06,0.39
DATAFLOW,OECD.SDD.STES:DSD_KEI@DF_KEI(4.0),I,USA,M,IR3TIB,PA,_Z,_Z,_Z,2009-05,0.57
DATAFLOW,OECD.SDD.STES:DSD_KEI@DF_KEI(4.0),I,USA,M,IR3TIB,PA,_Z,_Z,_Z,2009-04,0.89
DATAFLOW,OECD.SDD.STES:DSD_KEI@DF_KEI(4.0),I,USA,M,IR3TIB,PA,_Z,_Z,_Z,2009-03,1.07
DATAFLOW,OECD.SDD.STES:DSD_KEI@DF_KEI(4.0),I,USA,M,IR3TIB,PA,_Z,_Z,_Z,2009-02,1.16
DATAFLOW,OECD.SDD.STES:DSD_KEI@DF_KEI(4.0),I,USA,M,IR3TIB,PA,_Z,_Z,_Z,2009-01,1.02
DATAFLOW,OECD.SDD.STES:DSD_KEI@DF_KEI(4.0),I,USA,M,IR3TIB,PA,_Z,_Z,_Z,2008-12,1.77
DATAFLOW,OECD.SDD.STES:DSD_KEI@DF_KEI(4.0),I,USA,M,IR3TIB,PA,_Z,_Z,_Z,2008-11,2.36
DATAFLOW,OECD.SDD.STES:DSD_KEI@DF_KEI(4.0),I,USA,M,IR3TIB,PA,_Z,_Z,_Z,2008-10,4.32
DATAFLOW,OECD.SDD.STES:DSD_KEI@DF_KEI(4.0),I,USA,M,IR3TIB,PA,_Z,_Z,_Z,2008-09,3.59
DATAFLOW,OECD.SDD.STES:DSD_KEI@DF_KEI(4.0),I,ITA,M,IRLT,PA,_Z,_Z,_Z,2011-12,6.812
DATAFLOW,OECD.SDD.STES:DSD_KEI@DF_KEI(4.0),I,ITA,M,IRLT,PA,_Z,_Z,_Z,2011-11,7.057
DATAFLOW,OECD.SDD.STES:DSD_KEI@DF_KEI(4.0),I,ITA,M,IRLT,PA,_Z,_Z,_Z,2011-10,5.972
DATAFLOW,OECD.SDD.STES:DSD_KEI@DF_KEI(4.0),I,USA,M,IRLT,PA,_Z,_Z,_Z,2017-05,2.3
DATAFLOW,OECD.SDD.STES:DSD_KEI@DF_KEI(4.0),I,USA,M,IRLT,PA,_Z,_Z,_Z,2017-04,2.3
DATAFLOW,OECD.SDD.STES:DSD_KEI@DF_KEI(4.0),I,USA,M,IRLT,PA,_Z,_Z,_Z,2017-03,2.48
DATAFLOW,OECD.SDD.STES:DSD_KEI@DF_KEI(4.0),I,USA,M,IR3TIB,PA,_Z,_Z,_Z,2023-09,5.49
DATAFLOW,OECD.SDD.STES:DSD_KEI@DF_KEI(4.0),I,USA,M,IR3TIB,PA,_Z,_Z,_Z,2023-08,5.44
DATAFLOW,OECD.SDD.STES:DSD_KEI@DF_KEI(4.0),I,USA,M,IR3TIB,PA,_Z,_Z,_Z,2023-07,5.35
DATAFLOW,OECD.SDD.STES:DSD_KEI@DF_KEI(4.0),I,USA,M,IR3TIB,PA,_Z,_Z,_Z,2023-06,5.22
DATAFLOW,OECD.SDD.STES:DSD_KEI@DF_KEI(4.0),I,USA,M,IR3TIB,PA,_Z,_Z,_Z,2023-05,5.15
DATAFLOW,OECD.SDD.STES:DSD_KEI@DF_KEI(4.0),I,USA,M,IR3TIB,PA,_Z,_Z,_Z,2023-04,5.03
DATAFLOW,OECD.SDD.STES:DSD_KEI@DF_KEI(4.0),I,USA,M,IR3TIB,PA,_Z,_Z,_Z,2023-03,4.91
DATAFLOW,OECD.SDD.STES:DSD_KEI@DF_KEI(4.0),I,USA,M,IR3TIB,PA,_Z,_Z,_Z,2023-02,4.74
DATAFLOW,OECD.SDD.STES:DSD_KEI@DF_KEI(4.0),I,USA,M,IR3TIB,PA,_Z,_Z,_Z,2023-01,4.61
DATAFLOW,OECD.SDD.STES:DSD_KEI@DF_KEI(4.0),I,USA,M,IR3TIB,PA,_Z,_Z,_Z,2022-12,4.51
DATAFLOW,OECD.SDD.STES:DSD_KEI@DF_KEI(4.0),I,USA,M,IR3TIB,PA,_Z,_Z,_Z,2022-11,4.46
DATAFLOW,OECD.SDD.STES:DSD_KEI@DF_KEI(4.0),I,USA,M,IR3TIB,PA,_Z,_Z,_Z,2022-10,3.85
DATAFLOW,OECD.SDD.STES:DSD_KEI@DF_KEI(4.0),I,USA,M,IR3TIB,PA,_Z,_Z,_Z,2022-09,3.21
DATAFLOW,OECD.SDD.STES:DSD_KEI@DF_KEI(4.0),I,USA,M,IR3TIB,PA,_Z,_Z,_Z,2022-08,2.76
DATAFLOW,OECD.SDD.STES:DSD_KEI@DF_KEI(4.0),I,USA,M,IR3TIB,PA,_Z,_Z,_Z,2022-07,2.5
DATAFLOW,OECD.SDD.STES:DSD_KEI@DF_KEI(4.0),I,USA,M,IR3TIB,PA,_Z,_Z,_Z,2022-06,1.87
DATAFLOW,OECD.SDD.STES:DSD_KEI@DF_KEI(4.0),I,USA,M,IR3TIB,PA,_Z,_Z,_Z,2022-05,1.33
DATAFLOW,OECD.SDD.STES:DSD_KEI@DF_KEI(4.0),I,USA,M,IR3TIB,PA,_Z,_Z,_Z,2022-04,0.91
DATAFLOW,OECD.SDD.STES:DSD_KEI@DF_KEI(4.0),I,USA,M,IR3TIB,PA,_Z,_Z,_Z,2022-03,0.73
DATAFLOW,OECD.SDD.STES:DSD_KEI@DF_KEI(4.0),I,USA,M,IRLT,PA,_Z,_Z,_Z,2016-08,1.56
DATAFLOW,OECD.SDD.STES:DSD_KEI@DF_KEI(4.0),I,USA,M,IRLT,PA,_Z,_Z,_Z,2016-07,1.5
DATAFLOW,OECD.SDD.STES:DSD_KEI@DF_KEI(4.0),I,USA,M,IRLT,PA,_Z,_Z,_Z,2016-06,1.64
DATAFLOW,OECD.SDD.STES:DSD_KEI@DF_KEI(4.0),I,USA,M,IRLT,PA,_Z,_Z,_Z,2016-05,1.81
DATAFLOW,OECD.SDD.STES:DSD_KEI@DF_KEI(4.0),I,USA,M,IRLT,PA,_Z,_Z,_Z,2016-04,1.81
DATAFLOW,OECD.SDD.STES:DSD_KEI@DF_KEI(4.0),I,USA,M,IRLT,PA,_Z,_Z,_Z,2016-03,1.89
DATAFLOW,OECD.SDD.STES:DSD_KEI@DF_KEI(4.0),I,USA,M,IRLT,PA,_Z,_Z,_Z,2016-02,1.78
DATAFLOW,OECD.SDD.STES:DSD_KEI@DF_KEI(4.0),I,USA,M,IRLT,PA,_Z,_Z,_Z,2016-01,2.09
DATAFLOW,OECD.SDD.STES:DSD_KEI@DF_KEI(4.0),I,USA,M,IRLT,PA,_Z,_Z,_Z,2015-12,2.24
DATAFLOW,OECD.SDD.STES:DSD_KEI@DF_KEI(4.0),I,USA,M,IRLT,PA,_Z,_Z,_Z,2015-11,2.26
DATAFLOW,OECD.SDD.STES:DSD_KEI@DF_KEI(4.0),I,USA,M,IRLT,PA,_Z,_Z,_Z,2015-10,2.07
DATAFLOW,OECD.SDD.STES:DSD_KEI@DF_KEI(4.0),I,USA,M,IRLT,PA,_Z,_Z,_Z,2015-09,2.17
DATAFLOW,OECD.SDD.STES:DSD_KEI@DF_KEI(4.0),I,USA,M,IRLT,PA,_Z,_Z,_Z,2015-08,2.17
DATAFLOW,OECD.SDD.STES:DSD_KEI@DF_KEI(4.0),I,USA,M,IRLT,PA,_Z,_Z,_Z,2015-07,2.32
DATAFLOW,OECD.SDD.STES:DSD_KEI@DF_KEI(4.0),I,USA,M,IRLT,PA,_Z,_Z,_Z,2015-06,2.36
DATAFLOW,OECD.SDD.STES:DSD_KEI@DF_KEI(4.0),I,USA,M,IRLT,PA,_Z,_Z,_Z,2015-05,2.2
DATAFLOW,OECD.SDD.STES:DSD_KEI@DF_KEI(4.0),I,USA,M,IRLT,PA,_Z,_Z,_Z,2015-04,1.94
DATAFLOW,OECD.SDD.STES:DSD_KEI@DF_KEI(4.0),I,USA,M,IRLT,PA,_Z,_Z,_Z,2015-03,2.04
DATAFLOW,OECD.SDD.STES:DSD_KEI@DF_KEI(4.0),I,USA,M,IRLT,PA,_Z,_Z,_Z,2015-02,1.98
DATAFLOW,OECD.SDD.STES:DSD_KEI@DF_KEI(4.0),I,USA,M,IRLT,PA,_Z,_Z,_Z,2015-01,1.88
DATAFLOW,OECD.SDD.STES:DSD_KEI@DF_KEI(4.0),I,USA,M,IRLT,PA,_Z,_Z,_Z,2014-12,2.21
DATAFLOW,OECD.SDD.STES:DSD_KEI@DF_KEI(4.0),I,USA,M,IRLT,PA,_Z,_Z,_Z,2014-11,2.33
DATAFLOW,OECD.SDD.STES:DSD_KEI@DF_KEI(4.0),I,USA,M,IRLT,PA,_Z,_Z,_Z,2014-10,2.3
DATAFLOW,OECD.SDD.STES:DSD_KEI@DF_KEI(4.0),I,USA,M,IRLT,PA,_Z,_Z,_Z,2014-09,2.53
DATAFLOW,OECD.SDD.STES:DSD_KEI@DF_KEI(4.0),I,USA,M,IRLT,PA,_Z,_Z,_Z,2014-08,2.42
DATAFLOW,OECD.SDD.STES:DSD_KEI@DF_KEI(4.0),I,USA,M,IRLT,PA,_Z,_Z,_Z,2014-07,2.54
DATAFLOW,OECD.SDD.STES:DSD_KEI@DF_KEI(4.0),I,USA,M,IRLT,PA,_Z,_Z,_Z,2014-06,2.6
DATAFLOW,OECD.SDD.STES:DSD_KEI@DF_KEI(4.0),I,USA,M,IR3TIB,PA,_Z,_Z,_Z,2018-06,2.19
DATAFLOW,OECD.SDD.STES:DSD_KEI@DF_KEI(4.0),I,USA,M,IR3TIB,PA,_Z,_Z,_Z,2018-05,2.16
DATAFLOW,OECD.SDD.STES:DSD_KEI@DF_KEI(4.0),I,USA,M,IR3TIB,PA,_Z,_Z,_Z,2018-04,2.2
DATAFLOW,OECD.SDD.STES:DSD_KEI@DF_KEI(4.0),I,USA,M,IR3TIB,PA,_Z,_Z,_Z,2018-03,2.08
DATAFLOW,OECD.SDD.STES:DSD_KEI@DF_KEI(4.0),I,USA,M,IR3TIB,PA,_Z,_Z,_Z,2018-02,1.78
DATAFLOW,OECD.SDD.STES:DSD_KEI@DF_KEI(4.0),I,USA,M,IR3TIB,PA,_Z,_Z,_Z,2018-01,1.63
DATAFLOW,OECD.SDD.STES:DSD_KEI@DF_KEI(4.0),I,USA,M,IR3TIB,PA,_Z,_Z,_Z,2017-12,1.54
DATAFLOW,OECD.SDD.STES:DSD_KEI@DF_KEI(4.0),I,USA,M,IR3TIB,PA,_Z,_Z,_Z,2017-11,1.32
DATAFLOW,OECD.SDD.STES:DSD_KEI@DF_KEI(4.0),I,USA,M,IR3TIB,PA,_Z,_Z,_Z,2017-10,1.26
DATAFLOW,OECD.SDD.STES:DSD_KEI@DF_KEI(4.0),I,USA,M,IR3TIB,PA,_Z,_Z,_Z,2017-09,1.25
DATAFLOW,OECD.SDD.STES:DSD_KEI@DF_KEI(4.0),I,USA,M,IR3TIB,PA,_Z,_Z,_Z,2017-08,1.25
DATAFLOW,OECD.SDD.STES:DSD_KEI@DF_KEI(4.0),I,USA,M,IR3TIB,PA,_Z,_Z,_Z,2017-07,1.22
DATAFLOW,OECD.SDD.STES:DSD_KEI@DF_KEI(4.0),I,USA,M,IR3TIB,PA,_Z,_Z,_Z,2017-06,1.16
DATAFLOW,OECD.SDD.STES:DSD_KEI@DF_KEI(4.0),I,USA,M,IR3TIB,PA,_Z,_Z,_Z,2017-05,1.05
DATAFLOW,OECD.SDD.STES:DSD_KEI@DF_KEI(4.0),I,USA,M,IR3TIB,PA,_Z,_Z,_Z,2017-04,1.03
DATAFLOW,OECD.SDD.STES:DSD_KEI@DF_KEI(4.0),I,USA,M,IR3TIB,PA,_Z,_Z,_Z,2017-03,0.98
DATAFLOW,OECD.SDD.STES:DSD_KEI@DF_KEI(4.0),I,USA,M,IR3TIB,PA,_Z,_Z,_Z,2017-02,0.87
DATAFLOW,OECD.SDD.STES:DSD_KEI@DF_KEI(4.0),I,USA,M,IR3TIB,PA,_Z,_Z,_Z,2017-01,0.9
DATAFLOW,OECD.SDD.STES:DSD_KEI@DF_KEI(4.0),I,USA,M,IR3TIB,PA,_Z,_Z,_Z,2016-12,0.87
DATAFLOW,OECD.SDD.STES:DSD_KEI@DF_KEI(4.0),I,USA,M,IR3TIB,PA,_Z,_Z,_Z,2016-11,0.71
DATAFLOW,OECD.SDD.STES:DSD_KEI@DF_KEI(4.0),I,USA,M,IR3TIB,PA,_Z,_Z,_Z,2016-10,0.72
DATAFLOW,OECD.SDD.STES:DSD_KEI@DF_KEI(4.0),I,USA,M,IR3TIB,PA,_Z,_Z,_Z,2016-09,0.75
DATAFLOW,OECD.SDD.STES:DSD_KEI@DF_KEI(4.0),I,USA,M,IR3TIB,PA,_Z,_Z,_Z,2016-08,0.73
DATAFLOW,OECD.SDD.STES:DSD_KEI@DF_KEI(4.0),I,USA,M,IR3TIB,PA,_Z,_Z,_Z,2016-07,0.62
DATAFLOW,OECD.SDD.STES:DSD_KEI@DF_KEI(4.0),I,USA,M,IR3TIB,PA,_Z,_Z,_Z,2016-06,0.55
DATAFLOW,OECD.SDD.STES:DSD_KEI@DF_KEI(4.0),I,USA,M,IR3TIB,PA,_Z,_Z,_Z,2016-05,0.57
DATAFLOW,OECD.SDD.STES:DSD_KEI@DF_KEI(4.0),I,USA,M,IR3TIB,PA,_Z,_Z,_Z,2016-04,0.55
DATAFLOW,OECD.SDD.STES:DSD_KEI@DF_KEI(4.0),I,USA,M,IRSTCI,PA,_Z,_Z,_Z,2016-09,0.4
DATAFLOW,OECD.SDD.STES:DSD_KEI@DF_KEI(4.0),I,USA,M,IRSTCI,PA,_Z,_Z,_Z,2016-08,0.4
DATAFLOW,OECD.SDD.STES:DSD_KEI@DF_KEI(4.0),I,USA,M,IRSTCI,PA,_Z,_Z,_Z,2016-07,0.39
DATAFLOW,OECD.SDD.STES:DSD_KEI@DF_KEI(4.0),I,USA,M,IRSTCI,PA,_Z,_Z,_Z,2016-06,0.38
DATAFLOW,OECD.SDD.STES:DSD_KEI@DF_KEI(4.0),I,USA,M,IRSTCI,PA,_Z,_Z,_Z,2016-05,0.37
DATAFLOW,OECD.SDD.STES:DSD_KEI@DF_KEI(4.0),I,USA,M,IRSTCI,PA,_Z,_Z,_Z,2016-04,0.37
DATAFLOW,OECD.SDD.STES:DSD_KEI@DF_KEI(4.0),I,USA,M,IRSTCI,PA,_Z,_Z,_Z,2016-03,0.36
DATAFLOW,OECD.SDD.STES:DSD_KEI@DF_KEI(4.0),I,USA,M,IRSTCI,PA,_Z,_Z,_Z,2016-02,0.38
DATAFLOW,OECD.SDD.STES:DSD_KEI@DF_KEI(4.0),I,USA,M,IRSTCI,PA,_Z,_Z,_Z,2016-01,0.34
DATAFLOW,OECD.SDD.STES:DSD_KEI@DF_KEI(4.0),I,USA,M,IRSTCI,PA,_Z,_Z,_Z,2015-12,0.24
DATAFLOW,OECD.SDD.STES:DSD_KEI@DF_KEI(4.0),I,USA,M,IRSTCI,PA,_Z,_Z,_Z,2015-11,0.12
DATAFLOW,OECD.SDD.STES:DSD_KEI@DF_KEI(4.0),I,USA,M,IRSTCI,PA,_Z,_Z,_Z,2015-10,0.12
DATAFLOW,OECD.SDD.STES:DSD_KEI@DF_KEI(4.0),I,USA,M,IRSTCI,PA,_Z,_Z,_Z,2015-09,0.14
DATAFLOW,OECD.SDD.STES:DSD_KEI@DF_KEI(4.0),I,USA,M,IRSTCI,PA,_Z,_Z,_Z,2015-08,0.14
DATAFLOW,OECD.SDD.STES:DSD_KEI@DF_KEI(4.0),I,USA,M,IRSTCI,PA,_Z,_Z,_Z,2015-07,0.13
DATAFLOW,OECD.SDD.STES:DSD_KEI@DF_KEI(4.0),I,USA,M,IRSTCI,PA,_Z,_Z,_Z,2015-06,0.13
DATAFLOW,OECD.SDD.STES:DSD_KEI@DF_KEI(4.0),I,USA,M,IRSTCI,PA,_Z,_Z,_Z,2015-05,0.12
DATAFLOW,OECD.SDD.STES:DSD_KEI@DF_KEI(4.0),I,USA,M,IRSTCI,PA,_Z,_Z,_Z,2015-04,0.12
DATAFLOW,OECD.SDD.STES:DSD_KEI@DF_KEI(4.0),I,USA,M,IRSTCI,PA,_Z,_Z,_Z,2015-03,0.11
DATAFLOW,OECD.SDD.STES:DSD_KEI@DF_KEI(4.0),I,USA,M,IRSTCI,PA,_Z,_Z,_Z,2015-02,0.11
DATAFLOW,OECD.SDD.STES:DSD_KEI@DF_KEI(4.0),I,USA,M,IRSTCI,PA,_Z,_Z,_Z,2015-01,0.11
DATAFLOW,OECD.SDD.STES:DSD_KEI@DF_KEI(4.0),I,USA,M,IRSTCI,PA,_Z,_Z,_Z,2014-12,0.12
DATAFLOW,OECD.SDD.STES:DSD_KEI@DF_KEI(4.0),I,USA,M,IRSTCI,PA,_Z,_Z,_Z,2014-11,0.09
DATAFLOW,OECD.SDD.STES:DSD_KEI@DF_KEI(4.0),I,USA,M,IRSTCI,PA,_Z,_Z,_Z,2014-10,0.09
DATAFLOW,OECD.SDD.STES:DSD_KEI@DF_KEI(4.0),I,USA,M,IRSTCI,PA,_Z,_Z,_Z,2014-09,0.09
DATAFLOW,OECD.SDD.STES:DSD_KEI@DF_KEI(4.0),I,USA,M,IRSTCI,PA,_Z,_Z,_Z,2014-08,0.09
DATAFLOW,OECD.SDD.STES:DSD_KEI@DF_KEI(4.0),I,USA,M,IRSTCI,PA,_Z,_Z,_Z,2014-07,0.09
DATAFLOW,OECD.SDD.STES:DSD_KEI@DF_KEI(4.0),I,USA,M,IRSTCI,PA,_Z,_Z,_Z,2014-06,0.1
DATAFLOW,OECD.SDD.STES:DSD_KEI@DF_KEI(4.0),I,USA,M,IRSTCI,PA,_Z,_Z,_Z,2014-05,0.09
DATAFLOW,OECD.SDD.STES:DSD_KEI@DF_KEI(4.0),I,USA,M,IRSTCI,PA,_Z,_Z,_Z,2014-04,0.09
DATAFLOW,OECD.SDD.STES:DSD_KEI@DF_KEI(4.0),I,USA,M,IRSTCI,PA,_Z,_Z,_Z,2014-03,0.08
DATAFLOW,OECD.SDD.STES:DSD_KEI@DF_KEI(4.0),I,USA,M,IRSTCI,PA,_Z,_Z,_Z,2014-02,0.07
DATAFLOW,OECD.SDD.STES:DSD_KEI@DF_KEI(4.0),I,USA,M,IRSTCI,PA,_Z,_Z,_Z,2014-01,0.07
DATAFLOW,OECD.SDD.STES:DSD_KEI@DF_KEI(4.0),I,USA,M,IRSTCI,PA,_Z,_Z,_Z,2013-12,0.09
DATAFLOW,OECD.SDD.STES:DSD_KEI@DF_KEI(4.0),I,USA,M,IRSTCI,PA,_Z,_Z,_Z,2013-11,0.08
DATAFLOW,OECD.SDD.STES:DSD_KEI@DF_KEI(4.0),I,USA,M,IRSTCI,PA,_Z,_Z,_Z,2013-10,0.09
DATAFLOW,OECD.SDD.STES:DSD_KEI@DF_KEI(4.0),I,USA,M,IRSTCI,PA,_Z,_Z,_Z,2013-09,0.08
DATAFLOW,OECD.SDD.STES:DSD_KEI@DF_KEI(4.0),I,USA,M,IRSTCI,PA,_Z,_Z,_Z,2013-08,0.08
DATAFLOW,OECD.SDD.STES:DSD_KEI@DF_KEI(4.0),I,USA,M,IRSTCI,PA,_Z,_Z,_Z,2013-07,0.09
DATAFLOW,OECD.SDD.STES:DSD_KEI@DF_KEI(4.0),I,USA,M,IRSTCI,PA,_Z,_Z,_Z,2013-06,0.09
DATAFLOW,OECD.SDD.STES:DSD_KEI@DF_KEI(4.0),I,USA,M,IRSTCI,PA,_Z,_Z,_Z,2013-05,0.11
DATAFLOW,OECD.SDD.STES:DSD_KEI@DF_KEI(4.0),I,USA,M,IRSTCI,PA,_Z,_Z,_Z,2013-04,0.15
DATAFLOW,OECD.SDD.STES:DSD_KEI@DF_KEI(4.0),I,USA,M,IRSTCI,PA,_Z,_Z,_Z,2013-03,0.14
DATAFLOW,OECD.SDD.STES:DSD_KEI@DF_KEI(4.0),I,USA,M,IRSTCI,PA,_Z,_Z,_Z,2013-02,0.15
DATAFLOW,OECD.SDD.STES:DSD_KEI@DF_KEI(4.0),I,USA,M,IRSTCI,PA,_Z,_Z,_Z,2013-01,0.14
DATAFLOW,OECD.SDD.STES:DSD_KEI@DF_KEI(4.0),I,USA,M,IRSTCI,PA,_Z,_Z,_Z,2012-12,0.16
DATAFLOW,OECD.SDD.STES:DSD_KEI@DF_KEI(4.0),I,USA,M,IRSTCI,PA,_Z,_Z,_Z,2012-11,0.16
DATAFLOW,OECD.SDD.STES:DSD_KEI@DF_KEI(4.0),I,USA,M,IRSTCI,PA,_Z,_Z,_Z,2012-10,0.16
DATAFLOW,OECD.SDD.STES:DSD_KEI@DF_KEI(4.0),I,USA,M,IRSTCI,PA,_Z,_Z,_Z,2012-09,0.14
DATAFLOW,OECD.SDD.STES:DSD_KEI@DF_KEI(4.0),I,USA,M,IRSTCI,PA,_Z,_Z,_Z,2012-08,0.13
DATAFLOW,OECD.SDD.STES:DSD_KEI@DF_KEI(4.0),I,USA,M,IRSTCI,PA,_Z,_Z,_Z,2012-07,0.16
DATAFLOW,OECD.SDD.STES:DSD_KEI@DF_KEI(4.0),I,USA,M,IRSTCI,PA,_Z,_Z,_Z,2012-06,0.16
DATAFLOW,OECD.SDD.STES:DSD_KEI@DF_KEI(4.0),I,USA,M,IRSTCI,PA,_Z,_Z,_Z,2012-05,0.16
DATAFLOW,OECD.SDD.STES:DSD_KEI@DF_KEI(4.0),I,USA,M,IRSTCI,PA,_Z,_Z,_Z,2012-04,0.14
DATAFLOW,OECD.SDD.STES:DSD_KEI@DF_KEI(4.0),I,USA,M,IRSTCI,PA,_Z,_Z,_Z,2012-03,0.13
DATAFLOW,OECD.SDD.STES:DSD_KEI@DF_KEI(4.0),I,USA,M,IRSTCI,PA,_Z,_Z,_Z,2012-02,0.1
DATAFLOW,OECD.SDD.STES:DSD_KEI@DF_KEI(4.0),I,USA,M,IRSTCI,PA,_Z,_Z,_Z,2012-01,0.08
DATAFLOW,OECD.SDD.STES:DSD_KEI@DF_KEI(4.0),I,USA,M,IRSTCI,PA,_Z,_Z,_Z,2011-12,0.07
DATAFLOW,OECD.SDD.STES:DSD_KEI@DF_KEI(4.0),I,USA,M,IRSTCI,PA,_Z,_Z,_Z,2011-11,0.08
DATAFLOW,OECD.SDD.STES:DSD_KEI@DF_KEI(4.0),I,USA,M,IRSTCI,PA,_Z,_Z,_Z,2011-10,0.07
DATAFLOW,OECD.SDD.STES:DSD_KEI@DF_KEI(4.0),I,USA,M,IRSTCI,PA,_Z,_Z,_Z,2011-09,0.08
DATAFLOW,OECD.SDD.STES:DSD_KEI@DF_KEI(4.0),I,USA,M,IRSTCI,PA,_Z,_Z,_Z,2011-08,0.1
DATAFLOW,OECD.SDD.STES:DSD_KEI@DF_KEI(4.0),I,USA,M,IRSTCI,PA,_Z,_Z,_Z,2020-07,0.09
DATAFLOW,OECD.SDD.STES:DSD_KEI@DF_KEI(4.0),I,USA,M,IRSTCI,PA,_Z,_Z,_Z,2020-06,0.08
DATAFLOW,OECD.SDD.STES:DSD_KEI@DF_KEI(4.0),I,USA,M,IRSTCI,PA,_Z,_Z,_Z,2020-05,0.05
DATAFLOW,OECD.SDD.STES:DSD_KEI@DF_KEI(4.0),I,USA,M,IRSTCI,PA,_Z,_Z,_Z,2020-04,0.05
DATAFLOW,OECD.SDD.STES:DSD_KEI@DF_KEI(4.0),I,USA,M,IRSTCI,PA,_Z,_Z,_Z,2020-03,0.65
DATAFLOW,OECD.SDD.STES:DSD_KEI@DF_KEI(4.0),I,USA,M,IRSTCI,PA,_Z,_Z,_Z,2020-02,1.58
DATAFLOW,OECD.SDD.STES:DSD_KEI@DF_KEI(4.0),I,USA,M,IRSTCI,PA,_Z,_Z,_Z,2020-01,1.55
DATAFLOW,OECD.SDD.STES:DSD_KEI@DF_KEI(4.0),I,USA,M,IRSTCI,PA,_Z,_Z,_Z,2019-12,1.55
DATAFLOW,OECD.SDD.STES:DSD_KEI@DF_KEI(4.0),I,USA,M,IRSTCI,PA,_Z,_Z,_Z,2019-11,1.55
DATAFLOW,OECD.SDD.STES:DSD_KEI@DF_KEI(4.0),I,USA,M,IRSTCI,PA,_Z,_Z,_Z,2019-10,1.83
DATAFLOW,OECD.SDD.STES:DSD_KEI@DF_KEI(4.0),I,USA,M,IRSTCI,PA,_Z,_Z,_Z,2019-09,2.04
DATAFLOW,OECD.SDD.STES:DSD_KEI@DF_KEI(4.0),I,USA,M,IRSTCI,PA,_Z,_Z,_Z,2019-08,2.13
DATAFLOW,OECD.SDD.STES:DSD_KEI@DF_KEI(4.0),I,USA,M,IRSTCI,PA,_Z,_Z,_Z,2019-07,2.4
DATAFLOW,OECD.SDD.STES:DSD_KEI@DF_KEI(4.0),I,USA,M,IRSTCI,PA,_Z,_Z,_Z,2019-06,2.38
DATAFLOW,OECD.SDD.STES:DSD_KEI@DF_KEI(4.0),I,USA,M,IRSTCI,PA,_Z,_Z,_Z,2019-05,2.39
DATAFLOW,OECD.SDD.STES:DSD_KEI@DF_KEI(4.0),I,USA,M,IRSTCI,PA,_Z,_Z,_Z,2019-04,2.42
DATAFLOW,OECD.SDD.STES:DSD_KEI@DF_KEI(4.0),I,USA,M,IRSTCI,PA,_Z,_Z,_Z,2019-03,2.41
DATAFLOW,OECD.SDD.STES:DSD_KEI@DF_KEI(4.0),I,USA,M,IRSTCI,PA,_Z,_Z,_Z,2019-02,2.4
DATAFLOW,OECD.SDD.STES:DSD_KEI@DF_KEI(4.0),I,USA,M,IRSTCI,PA,_Z,_Z,_Z,2019-01,2.4
DATAFLOW,OECD.SDD.STES:DSD_KEI@DF_KEI(4.0),I,USA,M,IRSTCI,PA,_Z,_Z,_Z,2018-12,2.27
DATAFLOW,OECD.SDD.STES:DSD_KEI@DF_KEI(4.0),I,USA,M,IRSTCI,PA,_Z,_Z,_Z,2018-11,2.2
DATAFLOW,OECD.SDD.STES:DSD_KEI@DF_KEI(4.0),I,USA,M,IRSTCI,PA,_Z,_Z,_Z,2018-10,2.19
DATAFLOW,OECD.SDD.STES:DSD_KEI@DF_KEI(4.0),I,CHN,M,IR3TIB,PA,_Z,_Z,_Z,2022-06,2.76
DATAFLOW,OECD.SDD.STES:DSD_KEI@DF_KEI(4.0),I,CHN,M,IR3TIB,PA,_Z,_Z,_Z,2022-05,2.81
DATAFLOW,OECD.SDD.STES:DSD_KEI@DF_KEI(4.0),I,CHN,M,IR3TIB,PA,_Z,_Z,_Z,2022-04,2.99
DATAFLOW,OECD.SDD.STES:DSD_KEI@DF_KEI(4.0),I,CHN,M,IR3TIB,PA,_Z,_Z,_Z,2022-03,3.17
DATAFLOW,OECD.SDD.STES:DSD_KEI@DF_KEI(4.0),I,CHN,M,IR3TIB,PA,_Z,_Z,_Z,2022-02,3.2
DATAFLOW,OECD.SDD.STES:DSD_KEI@DF_KEI(4.0),I,CHN,M,IR3TIB,PA,_Z,_Z,_Z,2022-01,3.32
DATAFLOW,OECD.SDD.STES:DSD_KEI@DF_KEI(4.0),I,CHN,M,IR3TIB,PA,_Z,_Z,_Z,2021-12,3.08
DATAFLOW,OECD.SDD.STES:DSD_KEI@DF_KEI(4.0),I,CHN,M,IR3TIB,PA,_Z,_Z,_Z,2021-11,2.94
DATAFLOW,OECD.SDD.STES:DSD_KEI@DF_KEI(4.0),I,CHN,M,IR3TIB,PA,_Z,_Z,_Z,2021-10,2.72
DATAFLOW,OECD.SDD.STES:DSD_KEI@DF_KEI(4.0),I,CHN,M,IR3TIB,PA,_Z,_Z,_Z,2021-09,2.77
DATAFLOW,OECD.SDD.STES:DSD_KEI@DF_KEI(4.0),I,CHN,M,IR3TIB,PA,_Z,_Z,_Z,2021-08,2.86
DATAFLOW,OECD.SDD.STES:DSD_KEI@DF_KEI(4.0),I,CHN,M,IR3TIB,PA,_Z,_Z,_Z,2021-07,2.82
DATAFLOW,OECD.SDD.STES:DSD_KEI@DF_KEI(4.0),I,CHN,M,IR3TIB,PA,_Z,_Z,_Z,2021-06,2.93
DATAFLOW,OECD.SDD.STES:DSD_KEI@DF_KEI(4.0),I,CHN,M,IR3TIB,PA,_Z,_Z,_Z,2021-05,2.84
DATAFLOW,OECD.SDD.STES:DSD_KEI@DF_KEI(4.0),I,CHN,M,IR3TIB,PA,_Z,_Z,_Z,2021-04,2.82
DATAFLOW,OECD.SDD.STES:DSD_KEI@DF_KEI(4.0),I,CHN,M,IR3TIB,PA,_Z,_Z,_Z,2021-03,3.07
DATAFLOW,OECD.SDD.STES:DSD_KEI@DF_KEI(4.0),I,CHN,M,IR3TIB,PA,_Z,_Z,_Z,2021-02,3.25
DATAFLOW,OECD.SDD.STES:DSD_KEI@DF_KEI(4.0),I,CHN,M,IR3TIB,PA,_Z,_Z,_Z,2021-01,3.01
DATAFLOW,OECD.SDD.STES:DSD_KEI@DF_KEI(4.0),I,CHN,M,IR3TIB,PA,_Z,_Z,_Z,2020-12,3.33
DATAFLOW,OECD.SDD.STES:DSD_KEI@DF_KEI(4.0),I,USA,M,IRLT,PA,_Z,_Z,_Z,2008-06,4.1
DATAFLOW,OECD.SDD.STES:DSD_KEI@DF_KEI(4.0),I,USA,M,IRLT,PA,_Z,_Z,_Z,2008-05,3.88
DATAFLOW,OECD.SDD.STES:DSD_KEI@DF_KEI(4.0),I,USA,M,IRLT,PA,_Z,_Z,_Z,2008-04,3.68
DATAFLOW,OECD.SDD.STES:DSD_KEI@DF_KEI(4.0),I,USA,M,IRLT,PA,_Z,_Z,_Z,2008-03,3.51
DATAFLOW,OECD.SDD.STES:DSD_KEI@DF_KEI(4.0),I,USA,M,IRLT,PA,_Z,_Z,_Z,2008-02,3.74
DATAFLOW,OECD.SDD.STES:DSD_KEI@DF_KEI(4.0),I,USA,M,IRLT,PA,_Z,_Z,_Z,2008-01,3.74
DATAFLOW,OECD.SDD.STES:DSD_KEI@DF_KEI(4.0),I,USA,M,IRLT,PA,_Z,_Z,_Z,2007-12,4.1
DATAFLOW,OECD.SDD.STES:DSD_KEI@DF_KEI(4.0),I,USA,M,IRLT,PA,_Z,_Z,_Z,2007-11,4.15
DATAFLOW,OECD.SDD.STES:DSD_KEI@DF_KEI(4.0),I,USA,M,IRLT,PA,_Z,_Z,_Z,2007-10,4.53
DATAFLOW,OECD.SDD.STES:DSD_KEI@DF_KEI(4.0),I,USA,M,IRLT,PA,_Z,_Z,_Z,2007-09,4.52
DATAFLOW,OECD.SDD.STES:DSD_KEI@DF_KEI(4.0),I,USA,M,IRLT,PA,_Z,_Z,_Z,2007-08,4.67
DATAFLOW,OECD.SDD.STES:DSD_KEI@DF_KEI(4.0),I,USA,M,IRLT,PA,_Z,_Z,_Z,2007-07,5.0
DATAFLOW,OECD.SDD.STES:DSD_KEI@DF_KEI(4.0),I,USA,M,IRLT,PA,_Z,_Z,_Z,2007-06,5.1
DATAFLOW,OECD.SDD.STES:DSD_KEI@DF_KEI(4.0),I,USA,M,IRLT,PA,_Z,_Z,_Z,2007-05,4.75
DATAFLOW,OECD.SDD.STES:DSD_KEI@DF_KEI(4.0),I,USA,M,IRLT,PA,_Z,_Z,_Z,2007-04,4.69
DATAFLOW,OECD.SDD.STES:DSD_KEI@DF_KEI(4.0),I,USA,M,IRLT,PA,_Z,_Z,_Z,2007-03,4.56
DATAFLOW,OECD.SDD.STES:DSD_KEI@DF_KEI(4.0),I,USA,M,IRLT,PA,_Z,_Z,_Z,2007-02,4.72
DATAFLOW,OECD.SDD.STES:DSD_KEI@DF_KEI(4.0),I,USA,M,IRLT,PA,_Z,_Z,_Z,2007-01,4.76
DATAFLOW,OECD.SDD.STES:DSD_KEI@DF_KEI(4.0),I,USA,M,IRLT,PA,_Z,_Z,_Z,2023-12,4.02
DATAFLOW,OECD.SDD.STES:DSD_KEI@DF_KEI(4.0),I,USA,M,IRLT,PA,_Z,_Z,_Z,2023-11,4.5
DATAFLOW,OECD.SDD.STES:DSD_KEI@DF_KEI(4.0),I,USA,M,IRLT,PA,_Z,_Z,_Z,2023-10,4.8
DATAFLOW,OECD.SDD.STES:DSD_KEI@DF_KEI(4.0),I,USA,M,IRLT,PA,_Z,_Z,_Z,2023-09,4.38
DATAFLOW,OECD.SDD.STES:DSD_KEI@DF_KEI(4.0),I,USA,M,IRLT,PA,_Z,_Z,_Z,2023-08,4.17
DATAFLOW,OECD.SDD.STES:DSD_KEI@DF_KEI(4.0),I,USA,M,IRLT,PA,_Z,_Z,_Z,2023-07,3.9
DATAFLOW,OECD.SDD.STES:DSD_KEI@DF_KEI(4.0),I,USA,M,IRLT,PA,_Z,_Z,_Z,2023-06,3.75
DATAFLOW,OECD.SDD.STES:DSD_KEI@DF_KEI(4.0),I,USA,M,IRLT,PA,_Z,_Z,_Z,2023-05,3.57
DATAFLOW,OECD.SDD.STES:DSD_KEI@DF_KEI(4.0),I,USA,M,IRLT,PA,_Z,_Z,_Z,2023-04,3.46
DATAFLOW,OECD.SDD.STES:DSD_KEI@DF_KEI(4.0),I,USA,M,IRLT,PA,_Z,_Z,_Z,2023-03,3.66
DATAFLOW,OECD.SDD.STES:DSD_KEI@DF_KEI(4.0),I,USA,M,IRLT,PA,_Z,_Z,_Z,2023-02,3.75
DATAFLOW,OECD.SDD.STES:DSD_KEI@DF_KEI(4.0),I,USA,M,IRLT,PA,_Z,_Z,_Z,2023-01,3.53
DATAFLOW,OECD.SDD.STES:DSD_KEI@DF_KEI(4.0),I,USA,M,IRLT,PA,_Z,_Z,_Z,2022-12,3.62
DATAFLOW,OECD.SDD.STES:DSD_KEI@DF_KEI(4.0),I,USA,M,IRLT,PA,_Z,_Z,_Z,2022-11,3.89
DATAFLOW,OECD.SDD.STES:DSD_KEI@DF_KEI(4.0),I,USA,M,IRLT,PA,_Z,_Z,_Z,2022-10,3.98
DATAFLOW,OECD.SDD.STES:DSD_KEI@DF_KEI(4.0),I,USA,M,IRLT,PA,_Z,_Z,_Z,2022-09,3.52
DATAFLOW,OECD.SDD.STES:DSD_KEI@DF_KEI(4.0),I,USA,M,IRLT,PA,_Z,_Z,_Z,2022-08,2.9
DATAFLOW,OECD.SDD.STES:DSD_KEI@DF_KEI(4.0),I,USA,M,IRLT,PA,_Z,_Z,_Z,2022-07,2.9
DATAFLOW,OECD.SDD.STES:DSD_KEI@DF_KEI(4.0),I,USA,M,IRLT,PA,_Z,_Z,_Z,2022-06,3.14
DATAFLOW,OECD.SDD.STES:DSD_KEI@DF_KEI(4.0),I,USA,M,IRLT,PA,_Z,_Z,_Z,2022-05,2.9
DATAFLOW,OECD.SDD.STES:DSD_KEI@DF_KEI(4.0),I,USA,M,IRLT,PA,_Z,_Z,_Z,2022-04,2.75
DATAFLOW,OECD.SDD.STES:DSD_KEI@DF_KEI(4.0),I,USA,M,IRLT,PA,_Z,_Z,_Z,2022-03,2.13
DATAFLOW,OECD.SDD.STES:DSD_KEI@DF_KEI(4.0),I,USA,M,IRLT,PA,_Z,_Z,_Z,2022-02,1.93
DATAFLOW,OECD.SDD.STES:DSD_KEI@DF_KEI(4.0),I,USA,M,IRLT,PA,_Z,_Z,_Z,2022-01,1.76
DATAFLOW,OECD.SDD.STES:DSD_KEI@DF_KEI(4.0),I,USA,M,IRLT,PA,_Z,_Z,_Z,2021-12,1.47
DATAFLOW,OECD.SDD.STES:DSD_KEI@DF_KEI(4.0),I,USA,M,IRLT,PA,_Z,_Z,_Z,2021-11,1.56
DATAFLOW,OECD.SDD.STES:DSD_KEI@DF_KEI(4.0),I,USA,M,IRLT,PA,_Z,_Z,_Z,2021-10,1.58
DATAFLOW,OECD.SDD.STES:DSD_KEI@DF_KEI(4.0),I,USA,M,IRLT,PA,_Z,_Z,_Z,2021-09,1.37
DATAFLOW,OECD.SDD.STES:DSD_KEI@DF_KEI(4.0),I,USA,M,IRLT,PA,_Z,_Z,_Z,2021-08,1.28
DATAFLOW,OECD.SDD.STES:DSD_KEI@DF_KEI(4.0),I,USA,M,IRLT,PA,_Z,_Z,_Z,2021-07,1.32
DATAFLOW,OECD.SDD.STES:DSD_KEI@DF_KEI(4.0),I,USA,M,IRLT,PA,_Z,_Z,_Z,2021-06,1.52
DATAFLOW,OECD.SDD.STES:DSD_KEI@DF_KEI(4.0),I,USA,M,IRLT,PA,_Z,_Z,_Z,2021-05,1.62
DATAFLOW,OECD.SDD.STES:DSD_KEI@DF_KEI(4.0),I,USA,M,IRLT,PA,_Z,_Z,_Z,2021-04,1.64
DATAFLOW,OECD.SDD.STES:DSD_KEI@DF_KEI(4.0),I,USA,M,IRLT,PA,_Z,_Z,_Z,2021-03,1.61
DATAFLOW,OECD.SDD.STES:DSD_KEI@DF_KEI(4.0),I,USA,M,IRLT,PA,_Z,_Z,_Z,2021-02,1.26
DATAFLOW,OECD.SDD.STES:DSD_KEI@DF_KEI(4.0),I,USA,M,IRLT,PA,_Z,_Z,_Z,2021-01,1.08
DATAFLOW,OECD.SDD.STES:DSD_KEI@DF_KEI(4.0),I,USA,M,IRLT,PA,_Z,_Z,_Z,2020-12,0.93
DATAFLOW,OECD.SDD.STES:DSD_KEI@DF_KEI(4.0),I,USA,M,IRLT,PA,_Z,_Z,_Z,2020-11,0.87
DATAFLOW,OECD.SDD.STES:DSD_KEI@DF_KEI(4.0),I,USA,M,IRLT,PA,_Z,_Z,_Z,2020-10,0.79
DATAFLOW,OECD.SDD.STES:DSD_KEI@DF_KEI(4.0),I,USA,M,IRLT,PA,_Z,_Z,_Z,2020-09,0.68
DATAFLOW,OECD.SDD.STES:DSD_KEI@DF_KEI(4.0),I,USA,M,IRLT,PA,_Z,_Z,_Z,2020-08,0.65
DATAFLOW,OECD.SDD.STES:DSD_KEI@DF_KEI(4.0),I,USA,M,IRLT,PA,_Z,_Z,_Z,2020-07,0.62
DATAFLOW,OECD.SDD.STES:DSD_KEI@DF_KEI(4.0),I,USA,M,IRLT,PA,_Z,_Z,_Z,2020-06,0.73
DATAFLOW,OECD.SDD.STES:DSD_KEI@DF_KEI(4.0),I,USA,M,IRLT,PA,_Z,_Z,_Z,2020-05,0.67
DATAFLOW,OECD.SDD.STES:DSD_KEI@DF_KEI(4.0),I,USA,M,IRLT,PA,_Z,_Z,_Z,2020-04,0.66
DATAFLOW,OECD.SDD.STES:DSD_KEI@DF_KEI(4.0),I,USA,M,IRLT,PA,_Z,_Z,_Z,2020-03,0.87
DATAFLOW,OECD.SDD.STES:DSD_KEI@DF_KEI(4.0),I,USA,M,IRLT,PA,_Z,_Z,_Z,2020-02,1.5
DATAFLOW,OECD.SDD.STES:DSD_KEI@DF_KEI(4.0),I,USA,M,IRLT,PA,_Z,_Z,_Z,2020-01,1.76
DATAFLOW,OECD.SDD.STES:DSD_KEI@DF_KEI(4.0),I,USA,M,IRLT,PA,_Z,_Z,_Z,2019-12,1.86
DATAFLOW,OECD.SDD.STES:DSD_KEI@DF_KEI(4.0),I,USA,M,IRLT,PA,_Z,_Z,_Z,2019-11,1.81
DATAFLOW,OECD.SDD.STES:DSD_KEI@DF_KEI(4.0),I,USA,M,IRLT,PA,_Z,_Z,_Z,2019-10,1.71
DATAFLOW,OECD.SDD.STES:DSD_KEI@DF_KEI(4.0),I,USA,M,IRLT,PA,_Z,_Z,_Z,2019-09,1.7
DATAFLOW,OECD.SDD.STES:DSD_KEI@DF_KEI(4.0),I,USA,M,IRLT,PA,_Z,_Z,_Z,2019-08,1.63
DATAFLOW,OECD.SDD.STES:DSD_KEI@DF_KEI(4.0),I,USA,M,IRLT,PA,_Z,_Z,_Z,2019-07,2.06
DATAFLOW,OECD.SDD.STES:DSD_KEI@DF_KEI(4.0),I,USA,M,IRLT,PA,_Z,_Z,_Z,2019-06,2.07
DATAFLOW,OECD.SDD.STES:DSD_KEI@DF_KEI(4.0),I,USA,M,IRLT,PA,_Z,_Z,_Z,2019-05,2.4
DATAFLOW,OECD.SDD.STES:DSD_KEI@DF_KEI(4.0),I,USA,M,IRLT,PA,_Z,_Z,_Z,2019-04,2.53
DATAFLOW,OECD.SDD.STES:DSD_KEI@DF_KEI(4.0),I,USA,M,IRLT,PA,_Z,_Z,_Z,2019-03,2.57
DATAFLOW,OECD.SDD.STES:DSD_KEI@DF_KEI(4.0),I,USA,M,IRLT,PA,_Z,_Z,_Z,2019-02,2.68
DATAFLOW,OECD.SDD.STES:DSD_KEI@DF_KEI(4.0),I,USA,M,IRLT,PA,_Z,_Z,_Z,2019-01,2.71
DATAFLOW,OECD.SDD.STES:DSD_KEI@DF_KEI(4.0),I,USA,M,IRLT,PA,_Z,_Z,_Z,2018-12,2.83
DATAFLOW,OECD.SDD.STES:DSD_KEI@DF_KEI(4.0),I,USA,M,IRLT,PA,_Z,_Z,_Z,2018-11,3.12
DATAFLOW,OECD.SDD.STES:DSD_KEI@DF_KEI(4.0),I,USA,M,IRLT,PA,_Z,_Z,_Z,2018-10,3.15
DATAFLOW,OECD.SDD.STES:DSD_KEI@DF_KEI(4.0),I,USA,M,IRLT,PA,_Z,_Z,_Z,2018-09,3.0
DATAFLOW,OECD.SDD.STES:DSD_KEI@DF_KEI(4.0),I,USA,M,IRLT,PA,_Z,_Z,_Z,2018-08,2.89
DATAFLOW,OECD.SDD.STES:DSD_KEI@DF_KEI(4.0),I,USA,M,IRLT,PA,_Z,_Z,_Z,2018-07,2.89
DATAFLOW,OECD.SDD.STES:DSD_KEI@DF_KEI(4.0),I,USA,M,IRLT,PA,_Z,_Z,_Z,2018-06,2.91
DATAFLOW,OECD.SDD.STES:DSD_KEI@DF_KEI(4.0),I,USA,M,IRLT,PA,_Z,_Z,_Z,2018-05,2.98
DATAFLOW,OECD.SDD.STES:DSD_KEI@DF_KEI(4.0),I,USA,M,IRLT,PA,_Z,_Z,_Z,2018-04,2.87
DATAFLOW,OECD.SDD.STES:DSD_KEI@DF_KEI(4.0),I,USA,M,IRLT,PA,_Z,_Z,_Z,2018-03,2.84
DATAFLOW,OECD.SDD.STES:DSD_KEI@DF_KEI(4.0),I,USA,M,IRLT,PA,_Z,_Z,_Z,2018-02,2.86
DATAFLOW,OECD.SDD.STES:DSD_KEI@DF_KEI(4.0),I,USA,M,IRLT,PA,_Z,_Z,_Z,2018-01,2.58
DATAFLOW,OECD.SDD.STES:DSD_KEI@DF_KEI(4.0),I,USA,M,IRLT,PA,_Z,_Z,_Z,2017-12,2.4
DATAFLOW,OECD.SDD.STES:DSD_KEI@DF_KEI(4.0),I,USA,M,IRLT,PA,_Z,_Z,_Z,2017-11,2.35
DATAFLOW,OECD.SDD.STES:DSD_KEI@DF_KEI(4.0),I,USA,M,IRLT,PA,_Z,_Z,_Z,2017-10,2.36
DATAFLOW,OECD.SDD.STES:DSD_KEI@DF_KEI(4.0),I,USA,M,IRLT,PA,_Z,_Z,_Z,2017-09,2.2
DATAFLOW,OECD.SDD.STES:DSD_KEI@DF_KEI(4.0),I,USA,M,IRLT,PA,_Z,_Z,_Z,2017-08,2.21
DATAFLOW,OECD.SDD.STES:DSD_KEI@DF_KEI(4.0),I,USA,M,IRLT,PA,_Z,_Z,_Z,2017-07,2.32
DATAFLOW,OECD.SDD.STES:DSD_KEI@DF_KEI(4.0),I,USA,M,IRLT,PA,_Z,_Z,_Z,2017-06,2.19
DATAFLOW,OECD.SDD.STES:DSD_KEI@DF_KEI(4.0),I,USA,M,IR3TIB,PA,_Z,_Z,_Z,2025-04,4.32
DATAFLOW,OECD.SDD.STES:DSD_KEI@DF_KEI(4.0),I,USA,M,IR3TIB,PA,_Z,_Z,_Z,2025-03,4.29
DATAFLOW,OECD.SDD.STES:DSD_KEI@DF_KEI(4.0),I,USA,M,IR3TIB,PA,_Z,_Z,_Z,2025-02,4.34
DATAFLOW,OECD.SDD.STES:DSD_KEI@DF_KEI(4.0),I,USA,M,IR3TIB,PA,_Z,_Z,_Z,2025-01,4.33
DATAFLOW,OECD.SDD.STES:DSD_KEI@DF_KEI(4.0),I,USA,M,IR3TIB,PA,_Z,_Z,_Z,2024-12,4.46
DATAFLOW,OECD.SDD.STES:DSD_KEI@DF_KEI(4.0),I,USA,M,IR3TIB,PA,_Z,_Z,_Z,2024-11,4.53
DATAFLOW,OECD.SDD.STES:DSD_KEI@DF_KEI(4.0),I,USA,M,IR3TIB,PA,_Z,_Z,_Z,2024-10,4.62
DATAFLOW,OECD.SDD.STES:DSD_KEI@DF_KEI(4.0),I,USA,M,IR3TIB,PA,_Z,_Z,_Z,2024-09,4.86
DATAFLOW,OECD.SDD.STES:DSD_KEI@DF_KEI(4.0),I,USA,M,IR3TIB,PA,_Z,_Z,_Z,2024-08,5.12
DATAFLOW,OECD.SDD.STES:DSD_KEI@DF_KEI(4.0),I,USA,M,IR3TIB,PA,_Z,_Z,_Z,2024-07,5.31
DATAFLOW,OECD.SDD.STES:DSD_KEI@DF_KEI(4.0),I,USA,M,IR3TIB,PA,_Z,_Z,_Z,2024-06,5.28
DATAFLOW,OECD.SDD.STES:DSD_KEI@DF_KEI(4.0),I,USA,M,IR3TIB,PA,_Z,_Z,_Z,2024-05,5.33
DATAFLOW,OECD.SDD.STES:DSD_KEI@DF_KEI(4.0),I,USA,M,IR3TIB,PA,_Z,_Z,_Z,2024-04,5.33
DATAFLOW,OECD.SDD.STES:DSD_KEI@DF_KEI(4.0),I,USA,M,IR3TIB,PA,_Z,_Z,_Z,2024-03,5.29
DATAFLOW,OECD.SDD.STES:DSD_KEI@DF_KEI(4.0),I,USA,M,IR3TIB,PA,_Z,_Z,_Z,2024-02,5.22
DATAFLOW,OECD.SDD.STES:DSD_KEI@DF_KEI(4.0),I,USA,M,IR3TIB,PA,_Z,_Z,_Z,2024-01,5.26
DATAFLOW,OECD.SDD.STES:DSD_KEI@DF_KEI(4.0),I,USA,M,IRLT,PA,_Z,_Z,_Z,2017-02,2.42
DATAFLOW,OECD.SDD.STES:DSD_KEI@DF_KEI(4.0),I,USA,M,IRLT,PA,_Z,_Z,_Z,2017-01,2.43
DATAFLOW,OECD.SDD.STES:DSD_KEI@DF_KEI(4.0),I,USA,M,IRLT,PA,_Z,_Z,_Z,2016-12,2.49
DATAFLOW,OECD.SDD.STES:DSD_KEI@DF_KEI(4.0),I,USA,M,IRLT,PA,_Z,_Z,_Z,2016-11,2.14
DATAFLOW,OECD.SDD.STES:DSD_KEI@DF_KEI(4.0),I,USA,M,IRLT,PA,_Z,_Z,_Z,2016-10,1.76
DATAFLOW,OECD.SDD.STES:DSD_KEI@DF_KEI(4.0),I,USA,M,IRLT,PA,_Z,_Z,_Z,2016-09,1.63
DATAFLOW,OECD.SDD.STES:DSD_KEI@DF_KEI(4.0),I,CHN,M,IR3TIB,PA,_Z,_Z,_Z,2013-01,3.77
DATAFLOW,OECD.SDD.STES:DSD_KEI@DF_KEI(4.0),I,CHN,M,IR3TIB,PA,_Z,_Z,_Z,2012-12,3.97
DATAFLOW,OECD.SDD.STES:DSD_KEI@DF_KEI(4.0),I,CHN,M,IR3TIB,PA,_Z,_Z,_Z,2012-11,3.82
DATAFLOW,OECD.SDD.STES:DSD_KEI@DF_KEI(4.0),I,CHN,M,IR3TIB,PA,_Z,_Z,_Z,2012-10,3.78
DATAFLOW,OECD.SDD.STES:DSD_KEI@DF_KEI(4.0),I,CHN,M,IR3TIB,PA,_Z,_Z,_Z,2012-09,4.12
DATAFLOW,OECD.SDD.STES:DSD_KEI@DF_KEI(4.0),I,CHN,M,IR3TIB,PA,_Z,_Z,_Z,2012-08,3.59
DATAFLOW,OECD.SDD.STES:DSD_KEI@DF_KEI(4.0),I,CHN,M,IR3TIB,PA,_Z,_Z,_Z,2012-07,3.46
DATAFLOW,OECD.SDD.STES:DSD_KEI@DF_KEI(4.0),I,CHN,M,IR3TIB,PA,_Z,_Z,_Z,2012-06,3.7
DATAFLOW,OECD.SDD.STES:DSD_KEI@DF_KEI(4.0),I,CHN,M,IR3TIB,PA,_Z,_Z,_Z,2012-05,4.04
DATAFLOW,OECD.SDD.STES:DSD_KEI@DF_KEI(4.0),I,CHN,M,IR3TIB,PA,_Z,_Z,_Z,2012-04,4.37
DATAFLOW,OECD.SDD.STES:DSD_KEI@DF_KEI(4.0),I,CHN,M,IR3TIB,PA,_Z,_Z,_Z,2012-03,4.72
DATAFLOW,OECD.SDD.STES:DSD_KEI@DF_KEI(4.0),I,USA,M,IRLT,PA,_Z,_Z,_Z,2014-05,2.56
DATAFLOW,OECD.SDD.STES:DSD_KEI@DF_KEI(4.0),I,USA,M,IRLT,PA,_Z,_Z,_Z,2014-04,2.71
DATAFLOW,OECD.SDD.STES:DSD_KEI@DF_KEI(4.0),I,USA,M,IRLT,PA,_Z,_Z,_Z,2014-03,2.72
DATAFLOW,OECD.SDD.STES:DSD_KEI@DF_KEI(4.0),I,USA,M,IRLT,PA,_Z,_Z,_Z,2014-02,2.71
DATAFLOW,OECD.SDD.STES:DSD_KEI@DF_KEI(4.0),I,USA,M,IRLT,PA,_Z,_Z,_Z,2014-01,2.86
DATAFLOW,OECD.SDD.STES:DSD_KEI@DF_KEI(4.0),I,USA,M,IRLT,PA,_Z,_Z,_Z,2013-12,2.9
DATAFLOW,OECD.SDD.STES:DSD_KEI@DF_KEI(4.0),I,USA,M,IRLT,PA,_Z,_Z,_Z,2013-11,2.72
DATAFLOW,OECD.SDD.STES:DSD_KEI@DF_KEI(4.0),I,USA,M,IRLT,PA,_Z,_Z,_Z,2013-10,2.62
DATAFLOW,OECD.SDD.STES:DSD_KEI@DF_KEI(4.0),I,USA,M,IRLT,PA,_Z,_Z,_Z,2013-09,2.81
DATAFLOW,OECD.SDD.STES:DSD_KEI@DF_KEI(4.0),I,USA,M,IRLT,PA,_Z,_Z,_Z,2013-08,2.74
DATAFLOW,OECD.SDD.STES:DSD_KEI@DF_KEI(4.0),I,USA,M,IRLT,PA,_Z,_Z,_Z,2013-07,2.58
DATAFLOW,OECD.SDD.STES:DSD_KEI@DF_KEI(4.0),I,USA,M,IRLT,PA,_Z,_Z,_Z,2013-06,2.3
DATAFLOW,OECD.SDD.STES:DSD_KEI@DF_KEI(4.0),I,USA,M,IRLT,PA,_Z,_Z,_Z,2013-05,1.93
DATAFLOW,OECD.SDD.STES:DSD_KEI@DF_KEI(4.0),I,USA,M,IRLT,PA,_Z,_Z,_Z,2013-04,1.76
DATAFLOW,OECD.SDD.STES:DSD_KEI@DF_KEI(4.0),I,USA,M,IRLT,PA,_Z,_Z,_Z,2013-03,1.96
DATAFLOW,OECD.SDD.STES:DSD_KEI@DF_KEI(4.0),I,USA,M,IRLT,PA,_Z,_Z,_Z,2013-02,1.98
DATAFLOW,OECD.SDD.STES:DSD_KEI@DF_KEI(4.0),I,USA,M,IRLT,PA,_Z,_Z,_Z,2013-01,1.91
DATAFLOW,OECD.SDD.STES:DSD_KEI@DF_KEI(4.0),I,USA,M,IRLT,PA,_Z,_Z,_Z,2012-12,1.72
DATAFLOW,OECD.SDD.STES:DSD_KEI@DF_KEI(4.0),I,USA,M,IRLT,PA,_Z,_Z,_Z,2012-11,1.65
DATAFLOW,OECD.SDD.STES:DSD_KEI@DF_KEI(4.0),I,USA,M,IRLT,PA,_Z,_Z,_Z,2012-10,1.75
DATAFLOW,OECD.SDD.STES:DSD_KEI@DF_KEI(4.0),I,USA,M,IRLT,PA,_Z,_Z,_Z,2012-09,1.72
DATAFLOW,OECD.SDD.STES:DSD_KEI@DF_KEI(4.0),I,USA,M,IRLT,PA,_Z,_Z,_Z,2012-08,1.68
DATAFLOW,OECD.SDD.STES:DSD_KEI@DF_KEI(4.0),I,USA,M,IRLT,PA,_Z,_Z,_Z,2012-07,1.53
DATAFLOW,OECD.SDD.STES:DSD_KEI@DF_KEI(4.0),I,USA,M,IRLT,PA,_Z,_Z,_Z,2012-06,1.62
DATAFLOW,OECD.SDD.STES:DSD_KEI@DF_KEI(4.0),I,USA,M,IRLT,PA,_Z,_Z,_Z,2012-05,1.8
DATAFLOW,OECD.SDD.STES:DSD_KEI@DF_KEI(4.0),I,USA,M,IRLT,PA,_Z,_Z,_Z,2012-04,2.05
DATAFLOW,OECD.SDD.STES:DSD_KEI@DF_KEI(4.0),I,USA,M,IRLT,PA,_Z,_Z,_Z,2012-03,2.17
DATAFLOW,OECD.SDD.STES:DSD_KEI@DF_KEI(4.0),I,USA,M,IRLT,PA,_Z,_Z,_Z,2012-02,1.97
DATAFLOW,OECD.SDD.STES:DSD_KEI@DF_KEI(4.0),I,USA,M,IRLT,PA,_Z,_Z,_Z,2012-01,1.97
DATAFLOW,OECD.SDD.STES:DSD_KEI@DF_KEI(4.0),I,USA,M,IRLT,PA,_Z,_Z,_Z,2011-12,1.98
DATAFLOW,OECD.SDD.STES:DSD_KEI@DF_KEI(4.0),I,USA,M,IRLT,PA,_Z,_Z,_Z,2011-11,2.01
DATAFLOW,OECD.SDD.STES:DSD_KEI@DF_KEI(4.0),I,USA,M,IRLT,PA,_Z,_Z,_Z,2011-10,2.15
DATAFLOW,OECD.SDD.STES:DSD_KEI@DF_KEI(4.0),I,USA,M,IRLT,PA,_Z,_Z,_Z,2011-09,1.98
DATAFLOW,OECD.SDD.STES:DSD_KEI@DF_KEI(4.0),I,USA,M,IRLT,PA,_Z,_Z,_Z,2011-08,2.3
DATAFLOW,OECD.SDD.STES:DSD_KEI@DF_KEI(4.0),I,USA,M,IRLT,PA,_Z,_Z,_Z,2011-07,3.0
DATAFLOW,OECD.SDD.STES:DSD_KEI@DF_KEI(4.0),I,USA,M,IRLT,PA,_Z,_Z,_Z,2011-06,3.0
DATAFLOW,OECD.SDD.STES:DSD_KEI@DF_KEI(4.0),I,USA,M,IRLT,PA,_Z,_Z,_Z,2011-05,3.17
DATAFLOW,OECD.SDD.STES:DSD_KEI@DF_KEI(4.0),I,USA,M,IRLT,PA,_Z,_Z,_Z,2011-04,3.46
DATAFLOW,OECD.SDD.STES:DSD_KEI@DF_KEI(4.0),I,USA,M,IRLT,PA,_Z,_Z,_Z,2011-03,3.41
DATAFLOW,OECD.SDD.STES:DSD_KEI@DF_KEI(4.0),I,USA,M,IRLT,PA,_Z,_Z,_Z,2011-02,3.58
DATAFLOW,OECD.SDD.STES:DSD_KEI@DF_KEI(4.0),I,USA,M,IRLT,PA,_Z,_Z,_Z,2011-01,3.39
DATAFLOW,OECD.SDD.STES:DSD_KEI@DF_KEI(4.0),I,USA,M,IRLT,PA,_Z,_Z,_Z,2010-12,3.29
DATAFLOW,OECD.SDD.STES:DSD_KEI@DF_KEI(4.0),I,USA,M,IRLT,PA,_Z,_Z,_Z,2010-11,2.76
DATAFLOW,OECD.SDD.STES:DSD_KEI@DF_KEI(4.0),I,USA,M,IRLT,PA,_Z,_Z,_Z,2010-10,2.54
DATAFLOW,OECD.SDD.STES:DSD_KEI@DF_KEI(4.0),I,USA,M,IRLT,PA,_Z,_Z,_Z,2010-09,2.65
DATAFLOW,OECD.SDD.STES:DSD_KEI@DF_KEI(4.0),I,USA,M,IRLT,PA,_Z,_Z,_Z,2010-08,2.7
DATAFLOW,OECD.SDD.STES:DSD_KEI@DF_KEI(4.0),I,USA,M,IRLT,PA,_Z,_Z,_Z,2010-07,3.01
DATAFLOW,OECD.SDD.STES:DSD_KEI@DF_KEI(4.0),I,USA,M,IRLT,PA,_Z,_Z,_Z,2010-06,3.2
DATAFLOW,OECD.SDD.STES:DSD_KEI@DF_KEI(4.0),I,USA,M,IRLT,PA,_Z,_Z,_Z,2010-05,3.42
DATAFLOW,OECD.SDD.STES:DSD_KEI@DF_KEI(4.0),I,USA,M,IRLT,PA,_Z,_Z,_Z,2010-04,3.85
DATAFLOW,OECD.SDD.STES:DSD_KEI@DF_KEI(4.0),I,USA,M,IRLT,PA,_Z,_Z,_Z,2010-03,3.73
DATAFLOW,OECD.SDD.STES:DSD_KEI@DF_KEI(4.0),I,USA,M,IRLT,PA,_Z,_Z,_Z,2010-02,3.69
DATAFLOW,OECD.SDD.STES:DSD_KEI@DF_KEI(4.0),I,USA,M,IRLT,PA,_Z,_Z,_Z,2010-01,3.73
DATAFLOW,OECD.SDD.STES:DSD_KEI@DF_KEI(4.0),I,USA,M,IRLT,PA,_Z,_Z,_Z,2009-12,3.59
DATAFLOW,OECD.SDD.STES:DSD_KEI@DF_KEI(4.0),I,USA,M,IRLT,PA,_Z,_Z,_Z,2009-11,3.4
DATAFLOW,OECD.SDD.STES:DSD_KEI@DF_KEI(4.0),I,USA,M,IRLT,PA,_Z,_Z,_Z,2009-10,3.39
DATAFLOW,OECD.SDD.STES:DSD_KEI@DF_KEI(4.0),I,USA,M,IRLT,PA,_Z,_Z,_Z,2009-09,3.4
DATAFLOW,OECD.SDD.STES:DSD_KEI@DF_KEI(4.0),I,USA,M,IRLT,PA,_Z,_Z,_Z,2009-08,3.59
DATAFLOW,OECD.SDD.STES:DSD_KEI@DF_KEI(4.0),I,USA,M,IRLT,PA,_Z,_Z,_Z,2009-07,3.56
DATAFLOW,OECD.SDD.STES:DSD_KEI@DF_KEI(4.0),I,USA,M,IRLT,PA,_Z,_Z,_Z,2009-06,3.72
DATAFLOW,OECD.SDD.STES:DSD_KEI@DF_KEI(4.0),I,USA,M,IRSTCI,PA,_Z,_Z,_Z,2007-04,5.25
DATAFLOW,OECD.SDD.STES:DSD_KEI@DF_KEI(4.0),I,USA,M,IRSTCI,PA,_Z,_Z,_Z,2007-03,5.26
DATAFLOW,OECD.SDD.STES:DSD_KEI@DF_KEI(4.0),I,USA,M,IRSTCI,PA,_Z,_Z,_Z,2007-02,5.26
DATAFLOW,OECD.SDD.STES:DSD_KEI@DF_KEI(4.0),I,USA,M,IRSTCI,PA,_Z,_Z,_Z,2007-01,5.25
DATAFLOW,OECD.SDD.STES:DSD_KEI@DF_KEI(4.0),I,USA,M,IRSTCI,PA,_Z,_Z,_Z,2023-12,5.33
DATAFLOW,OECD.SDD.STES:DSD_KEI@DF_KEI(4.0),I,USA,M,IRSTCI,PA,_Z,_Z,_Z,2023-11,5.33
DATAFLOW,OECD.SDD.STES:DSD_KEI@DF_KEI(4.0),I,USA,M,IRSTCI,PA,_Z,_Z,_Z,2023-10,5.33
DATAFLOW,OECD.SDD.STES:DSD_KEI@DF_KEI(4.0),I,USA,M,IRSTCI,PA,_Z,_Z,_Z,2023-09,5.33
DATAFLOW,OECD.SDD.STES:DSD_KEI@DF_KEI(4.0),I,USA,M,IRSTCI,PA,_Z,_Z,_Z,2023-08,5.33
DATAFLOW,OECD.SDD.STES:DSD_KEI@DF_KEI(4.0),I,USA,M,IRSTCI,PA,_Z,_Z,_Z,2023-07,5.12
DATAFLOW,OECD.SDD.STES:DSD_KEI@DF_KEI(4.0),I,USA,M,IRSTCI,PA,_Z,_Z,_Z,2023-06,5.08
DATAFLOW,OECD.SDD.STES:DSD_KEI@DF_KEI(4.0),I,USA,M,IRSTCI,PA,_Z,_Z,_Z,2023-05,5.06
DATAFLOW,OECD.SDD.STES:DSD_KEI@DF_KEI(4.0),I,USA,M,IRSTCI,PA,_Z,_Z,_Z,2023-04,4.83
DATAFLOW,OECD.SDD.STES:DSD_KEI@DF_KEI(4.0),I,USA,M,IRSTCI,PA,_Z,_Z,_Z,2023-03,4.65
DATAFLOW,OECD.SDD.STES:DSD_KEI@DF_KEI(4.0),I,USA,M,IRSTCI,PA,_Z,_Z,_Z,2023-02,4.57
DATAFLOW,OECD.SDD.STES:DSD_KEI@DF_KEI(4.0),I,USA,M,IRSTCI,PA,_Z,_Z,_Z,2023-01,4.33
DATAFLOW,OECD.SDD.STES:DSD_KEI@DF_KEI(4.0),I,USA,M,IRSTCI,PA,_Z,_Z,_Z,2022-12,4.1
DATAFLOW,OECD.SDD.STES:DSD_KEI@DF_KEI(4.0),I,USA,M,IRSTCI,PA,_Z,_Z,_Z,2022-11,3.78
DATAFLOW,OECD.SDD.STES:DSD_KEI@DF_KEI(4.0),I,USA,M,IRSTCI,PA,_Z,_Z,_Z,2022-10,3.08
DATAFLOW,OECD.SDD.STES:DSD_KEI@DF_KEI(4.0),I,USA,M,IRSTCI,PA,_Z,_Z,_Z,2022-09,2.56
DATAFLOW,OECD.SDD.STES:DSD_KEI@DF_KEI(4.0),I,USA,M,IRSTCI,PA,_Z,_Z,_Z,2022-08,2.33
DATAFLOW,OECD.SDD.STES:DSD_KEI@DF_KEI(4.0),I,USA,M,IRSTCI,PA,_Z,_Z,_Z,2022-07,1.68
DATAFLOW,OECD.SDD.STES:DSD_KEI@DF_KEI(4.0),I,USA,M,IRSTCI,PA,_Z,_Z,_Z,2022-06,1.21
DATAFLOW,OECD.SDD.STES:DSD_KEI@DF_KEI(4.0),I,USA,M,IRSTCI,PA,_Z,_Z,_Z,2022-05,0.77
DATAFLOW,OECD.SDD.STES:DSD_KEI@DF_KEI(4.0),I,USA,M,IRSTCI,PA,_Z,_Z,_Z,2022-04,0.33
DATAFLOW,OECD.SDD.STES:DSD_KEI@DF_KEI(4.0),I,USA,M,IRSTCI,PA,_Z,_Z,_Z,2022-03,0.2
DATAFLOW,OECD.SDD.STES:DSD_KEI@DF_KEI(4.0),I,USA,M,IRSTCI,PA,_Z,_Z,_Z,2022-02,0.08
DATAFLOW,OECD.SDD.STES:DSD_KEI@DF_KEI(4.0),I,USA,M,IRSTCI,PA,_Z,_Z,_Z,2022-01,0.08
DATAFLOW,OECD.SDD.STES:DSD_KEI@DF_KEI(4.0),I,USA,M,IRSTCI,PA,_Z,_Z,_Z,2021-12,0.08
DATAFLOW,OECD.SDD.STES:DSD_KEI@DF_KEI(4.0),I,USA,M,IRSTCI,PA,_Z,_Z,_Z,2021-11,0.08
DATAFLOW,OECD.SDD.STES:DSD_KEI@DF_KEI(4.0),I,USA,M,IRSTCI,PA,_Z,_Z,_Z,2021-10,0.08
DATAFLOW,OECD.SDD.STES:DSD_KEI@DF_KEI(4.0),I,USA,M,IRSTCI,PA,_Z,_Z,_Z,2021-09,0.08
DATAFLOW,OECD.SDD.STES:DSD_KEI@DF_KEI(4.0),I,USA,M,IRSTCI,PA,_Z,_Z,_Z,2021-08,0.09
DATAFLOW,OECD.SDD.STES:DSD_KEI@DF_KEI(4.0),I,USA,M,IRSTCI,PA,_Z,_Z,_Z,2021-07,0.1
DATAFLOW,OECD.SDD.STES:DSD_KEI@DF_KEI(4.0),I,USA,M,IRSTCI,PA,_Z,_Z,_Z,2021-06,0.08
DATAFLOW,OECD.SDD.STES:DSD_KEI@DF_KEI(4.0),I,USA,M,IRSTCI,PA,_Z,_Z,_Z,2021-05,0.06
DATAFLOW,OECD.SDD.STES:DSD_KEI@DF_KEI(4.0),I,USA,M,IRSTCI,PA,_Z,_Z,_Z,2021-04,0.07
DATAFLOW,OECD.SDD.STES:DSD_KEI@DF_KEI(4.0),I,USA,M,IRSTCI,PA,_Z,_Z,_Z,2021-03,0.07
DATAFLOW,OECD.SDD.STES:DSD_KEI@DF_KEI(4.0),I,USA,M,IRSTCI,PA,_Z,_Z,_Z,2021-02,0.08
DATAFLOW,OECD.SDD.STES:DSD_KEI@DF_KEI(4.0),I,USA,M,IRSTCI,PA,_Z,_Z,_Z,2021-01,0.09
DATAFLOW,OECD.SDD.STES:DSD_KEI@DF_KEI(4.0),I,USA,M,IRSTCI,PA,_Z,_Z,_Z,2020-12,0.09
DATAFLOW,OECD.SDD.STES:DSD_KEI@DF_KEI(4.0),I,USA,M,IRSTCI,PA,_Z,_Z,_Z,2020-11,0.09
DATAFLOW,OECD.SDD.STES:DSD_KEI@DF_KEI(4.0),I,USA,M,IRSTCI,PA,_Z,_Z,_Z,2020-10,0.09
DATAFLOW,OECD.SDD.STES:DSD_KEI@DF_KEI(4.0),I,USA,M,IRSTCI,PA,_Z,_Z,_Z,2020-09,0.09
DATAFLOW,OECD.SDD.STES:DSD_KEI@DF_KEI(4.0),I,USA,M,IRSTCI,PA,_Z,_Z,_Z,2020-08,0.1
DATAFLOW,OECD.SDD.STES:DSD_KEI@DF_KEI(4.0),I,CHN,M,IRSTCI,PA,_Z,_Z,_Z,2012-01,3.25
DATAFLOW,OECD.SDD.STES:DSD_KEI@DF_KEI(4.0),I,CHN,M,IRSTCI,PA,_Z,_Z,_Z,2011-12,3.25
DATAFLOW,OECD.SDD.STES:DSD_KEI@DF_KEI(4.0),I,CHN,M,IRSTCI,PA,_Z,_Z,_Z,2011-11,3.25
DATAFLOW,OECD.SDD.STES:DSD_KEI@DF_KEI(4.0),I,CHN,M,IRSTCI,PA,_Z,_Z,_Z,2011-10,3.25
DATAFLOW,OECD.SDD.STES:DSD_KEI@DF_KEI(4.0),I,CHN,M,IRSTCI,PA,_Z,_Z,_Z,2011-09,3.25
DATAFLOW,OECD.SDD.STES:DSD_KEI@DF_KEI(4.0),I,CHN,M,IRSTCI,PA,_Z,_Z,_Z,2011-08,3.25
DATAFLOW,OECD.SDD.STES:DSD_KEI@DF_KEI(4.0),I,CHN,M,IRSTCI,PA,_Z,_Z,_Z,2011-07,3.25
DATAFLOW,OECD.SDD.STES:DSD_KEI@DF_KEI(4.0),I,CHN,M,IRSTCI,PA,_Z,_Z,_Z,2011-06,3.25
DATAFLOW,OECD.SDD.STES:DSD_KEI@DF_KEI(4.0),I,CHN,M,IRSTCI,PA,_Z,_Z,_Z,2011-05,3.25
DATAFLOW,OECD.SDD.STES:DSD_KEI@DF_KEI(4.0),I,CHN,M,IRSTCI,PA,_Z,_Z,_Z,2011-04,3.25
DATAFLOW,OECD.SDD.STES:DSD_KEI@DF_KEI(4.0),I,CHN,M,IRSTCI,PA,_Z,_Z,_Z,2011-03,3.25
DATAFLOW,OECD.SDD.STES:DSD_KEI@DF_KEI(4.0),I,CHN,M,IRSTCI,PA,_Z,_Z,_Z,2011-02,3.25
DATAFLOW,OECD.SDD.STES:DSD_KEI@DF_KEI(4.0),I,CHN,M,IRSTCI,PA,_Z,_Z,_Z,2011-01,3.25
DATAFLOW,OECD.SDD.STES:DSD_KEI@DF_KEI(4.0),I,CHN,M,IRSTCI,PA,_Z,_Z,_Z,2010-12,3.25
DATAFLOW,OECD.SDD.STES:DSD_KEI@DF_KEI(4.0),I,CHN,M,IR3TIB,PA,_Z,_Z,_Z,2023-02,2.94
DATAFLOW,OECD.SDD.STES:DSD_KEI@DF_KEI(4.0),I,CHN,M,IR3TIB,PA,_Z,_Z,_Z,2023-01,2.9
DATAFLOW,OECD.SDD.STES:DSD_KEI@DF_KEI(4.0),I,CHN,M,IR3TIB,PA,_Z,_Z,_Z,2022-12,2.79
DATAFLOW,OECD.SDD.STES:DSD_KEI@DF_KEI(4.0),I,CHN,M,IR3TIB,PA,_Z,_Z,_Z,2022-11,2.68
DATAFLOW,OECD.SDD.STES:DSD_KEI@DF_KEI(4.0),I,CHN,M,IR3TIB,PA,_Z,_Z,_Z,2022-10,2.43
DATAFLOW,OECD.SDD.STES:DSD_KEI@DF_KEI(4.0),I,CHN,M,IR3TIB,PA,_Z,_Z,_Z,2022-09,2.36
DATAFLOW,OECD.SDD.STES:DSD_KEI@DF_KEI(4.0),I,CHN,M,IR3TIB,PA,_Z,_Z,_Z,2022-08,2.5
DATAFLOW,OECD.SDD.STES:DSD_KEI@DF_KEI(4.0),I,CHN,M,IR3TIB,PA,_Z,_Z,_Z,2022-07,2.79
DATAFLOW,OECD.SDD.STES:DSD_KEI@DF_KEI(4.0),I,CHN,M,IRSTCI,PA,_Z,_Z,_Z,2023-11,2.9
DATAFLOW,OECD.SDD.STES:DSD_KEI@DF_KEI(4.0),I,CHN,M,IRSTCI,PA,_Z,_Z,_Z,2023-10,2.9
DATAFLOW,OECD.SDD.STES:DSD_KEI@DF_KEI(4.0),I,CHN,M,IRSTCI,PA,_Z,_Z,_Z,2023-09,2.9
DATAFLOW,OECD.SDD.STES:DSD_KEI@DF_KEI(4.0),I,CHN,M,IR3TIB,PA,_Z,_Z,_Z,2020-11,3.56
DATAFLOW,OECD.SDD.STES:DSD_KEI@DF_KEI(4.0),I,CHN,M,IR3TIB,PA,_Z,_Z,_Z,2020-10,3.18
DATAFLOW,OECD.SDD.STES:DSD_KEI@DF_KEI(4.0),I,CHN,M,IR3TIB,PA,_Z,_Z,_Z,2020-09,2.99
DATAFLOW,OECD.SDD.STES:DSD_KEI@DF_KEI(4.0),I,CHN,M,IR3TIB,PA,_Z,_Z,_Z,2020-08,2.97
DATAFLOW,OECD.SDD.STES:DSD_KEI@DF_KEI(4.0),I,CHN,M,IR3TIB,PA,_Z,_Z,_Z,2020-07,2.76
DATAFLOW,OECD.SDD.STES:DSD_KEI@DF_KEI(4.0),I,CHN,M,IR3TIB,PA,_Z,_Z,_Z,2020-06,2.54
DATAFLOW,OECD.SDD.STES:DSD_KEI@DF_KEI(4.0),I,CHN,M,IR3TIB,PA,_Z,_Z,_Z,2020-05,2.13
DATAFLOW,OECD.SDD.STES:DSD_KEI@DF_KEI(4.0),I,CHN,M,IR3TIB,PA,_Z,_Z,_Z,2020-04,2.32
DATAFLOW,OECD.SDD.STES:DSD_KEI@DF_KEI(4.0),I,CHN,M,IR3TIB,PA,_Z,_Z,_Z,2020-03,2.55
DATAFLOW,OECD.SDD.STES:DSD_KEI@DF_KEI(4.0),I,CHN,M,IR3TIB,PA,_Z,_Z,_Z,2020-02,2.98
DATAFLOW,OECD.SDD.STES:DSD_KEI@DF_KEI(4.0),I,CHN,M,IR3TIB,PA,_Z,_Z,_Z,2020-01,3.67
DATAFLOW,OECD.SDD.STES:DSD_KEI@DF_KEI(4.0),I,CHN,M,IR3TIB,PA,_Z,_Z,_Z,2019-12,3.49
DATAFLOW,OECD.SDD.STES:DSD_KEI@DF_KEI(4.0),I,CHN,M,IR3TIB,PA,_Z,_Z,_Z,2019-11,3.33
DATAFLOW,OECD.SDD.STES:DSD_KEI@DF_KEI(4.0),I,CHN,M,IR3TIB,PA,_Z,_Z,_Z,2019-10,3.46
DATAFLOW,OECD.SDD.STES:DSD_KEI@DF_KEI(4.0),I,CHN,M,IR3TIB,PA,_Z,_Z,_Z,2019-09,3.3
DATAFLOW,OECD.SDD.STES:DSD_KEI@DF_KEI(4.0),I,CHN,M,IR3TIB,PA,_Z,_Z,_Z,2019-08,3.11
DATAFLOW,OECD.SDD.STES:DSD_KEI@DF_KEI(4.0),I,CHN,M,IR3TIB,PA,_Z,_Z,_Z,2019-07,3.16
DATAFLOW,OECD.SDD.STES:DSD_KEI@DF_KEI(4.0),I,CHN,M,IR3TIB,PA,_Z,_Z,_Z,2019-06,3.6
DATAFLOW,OECD.SDD.STES:DSD_KEI@DF_KEI(4.0),I,CHN,M,IR3TIB,PA,_Z,_Z,_Z,2019-05,3.15
DATAFLOW,OECD.SDD.STES:DSD_KEI@DF_KEI(4.0),I,CHN,M,IR3TIB,PA,_Z,_Z,_Z,2019-04,3.0
DATAFLOW,OECD.SDD.STES:DSD_KEI@DF_KEI(4.0),I,CHN,M,IR3TIB,PA,_Z,_Z,_Z,2019-03,3.08
DATAFLOW,OECD.SDD.STES:DSD_KEI@DF_KEI(4.0),I,CHN,M,IR3TIB,PA,_Z,_Z,_Z,2019-02,2.91
DATAFLOW,OECD.SDD.STES:DSD_KEI@DF_KEI(4.0),I,CHN,M,IR3TIB,PA,_Z,_Z,_Z,2019-01,3.24
DATAFLOW,OECD.SDD.STES:DSD_KEI@DF_KEI(4.0),I,CHN,M,IR3TIB,PA,_Z,_Z,_Z,2018-12,3.87
DATAFLOW,OECD.SDD.STES:DSD_KEI@DF_KEI(4.0),I,CHN,M,IR3TIB,PA,_Z,_Z,_Z,2018-11,3.37
DATAFLOW,OECD.SDD.STES:DSD_KEI@DF_KEI(4.0),I,CHN,M,IR3TIB,PA,_Z,_Z,_Z,2018-10,3.22
DATAFLOW,OECD.SDD.STES:DSD_KEI@DF_KEI(4.0),I,CHN,M,IR3TIB,PA,_Z,_Z,_Z,2018-09,3.12
DATAFLOW,OECD.SDD.STES:DSD_KEI@DF_KEI(4.0),I,CHN,M,IR3TIB,PA,_Z,_Z,_Z,2018-08,3.23
DATAFLOW,OECD.SDD.STES:DSD_KEI@DF_KEI(4.0),I,CHN,M,IR3TIB,PA,_Z,_Z,_Z,2018-07,3.93
DATAFLOW,OECD.SDD.STES:DSD_KEI@DF_KEI(4.0),I,CHN,M,IR3TIB,PA,_Z,_Z,_Z,2018-06,4.63
DATAFLOW,OECD.SDD.STES:DSD_KEI@DF_KEI(4.0),I,CHN,M,IR3TIB,PA,_Z,_Z,_Z,2018-05,4.54
DATAFLOW,OECD.SDD.STES:DSD_KEI@DF_KEI(4.0),I,CHN,M,IR3TIB,PA,_Z,_Z,_Z,2018-04,4.37
DATAFLOW,OECD.SDD.STES:DSD_KEI@DF_KEI(4.0),I,CHN,M,IR3TIB,PA,_Z,_Z,_Z,2018-03,4.8
DATAFLOW,OECD.SDD.STES:DSD_KEI@DF_KEI(4.0),I,CHN,M,IR3TIB,PA,_Z,_Z,_Z,2018-02,4.49
DATAFLOW,OECD.SDD.STES:DSD_KEI@DF_KEI(4.0),I,CHN,M,IR3TIB,PA,_Z,_Z,_Z,2018-01,4.85
DATAFLOW,OECD.SDD.STES:DSD_KEI@DF_KEI(4.0),I,CHN,M,IR3TIB,PA,_Z,_Z,_Z,2017-12,5.55
DATAFLOW,OECD.SDD.STES:DSD_KEI@DF_KEI(4.0),I,CHN,M,IR3TIB,PA,_Z,_Z,_Z,2017-11,4.76
DATAFLOW,OECD.SDD.STES:DSD_KEI@DF_KEI(4.0),I,CHN,M,IR3TIB,PA,_Z,_Z,_Z,2017-10,4.7
DATAFLOW,OECD.SDD.STES:DSD_KEI@DF_KEI(4.0),I,CHN,M,IR3TIB,PA,_Z,_Z,_Z,2017-09,4.59
DATAFLOW,OECD.SDD.STES:DSD_KEI@DF_KEI(4.0),I,CHN,M,IR3TIB,PA,_Z,_Z,_Z,2017-08,4.48
DATAFLOW,OECD.SDD.STES:DSD_KEI@DF_KEI(4.0),I,CHN,M,IR3TIB,PA,_Z,_Z,_Z,2017-07,4.35
DATAFLOW,OECD.SDD.STES:DSD_KEI@DF_KEI(4.0),I,CHN,M,IR3TIB,PA,_Z,_Z,_Z,2017-06,5.13
DATAFLOW,OECD.SDD.STES:DSD_KEI@DF_KEI(4.0),I,CHN,M,IR3TIB,PA,_Z,_Z,_Z,2017-05,4.86
DATAFLOW,OECD.SDD.STES:DSD_KEI@DF_KEI(4.0),I,CHN,M,IR3TIB,PA,_Z,_Z,_Z,2017-04,4.4
DATAFLOW,OECD.SDD.STES:DSD_KEI@DF_KEI(4.0),I,CHN,M,IR3TIB,PA,_Z,_Z,_Z,2017-03,4.86
DATAFLOW,OECD.SDD.STES:DSD_KEI@DF_KEI(4.0),I,CHN,M,IR3TIB,PA,_Z,_Z,_Z,2017-02,5.51
DATAFLOW,OECD.SDD.STES:DSD_KEI@DF_KEI(4.0),I,CHN,M,IR3TIB,PA,_Z,_Z,_Z,2017-01,4.57
DATAFLOW,OECD.SDD.STES:DSD_KEI@DF_KEI(4.0),I,CHN,M,IR3TIB,PA,_Z,_Z,_Z,2016-12,4.77
DATAFLOW,OECD.SDD.STES:DSD_KEI@DF_KEI(4.0),I,CHN,M,IR3TIB,PA,_Z,_Z,_Z,2016-11,3.35
DATAFLOW,OECD.SDD.STES:DSD_KEI@DF_KEI(4.0),I,CHN,M,IR3TIB,PA,_Z,_Z,_Z,2016-10,2.91
DATAFLOW,OECD.SDD.STES:DSD_KEI@DF_KEI(4.0),I,CHN,M,IR3TIB,PA,_Z,_Z,_Z,2016-09,2.81
DATAFLOW,OECD.SDD.STES:DSD_KEI@DF_KEI(4.0),I,CHN,M,IR3TIB,PA,_Z,_Z,_Z,2016-08,2.77
DATAFLOW,OECD.SDD.STES:DSD_KEI@DF_KEI(4.0),I,CHN,M,IR3TIB,PA,_Z,_Z,_Z,2016-07,2.87
DATAFLOW,OECD.SDD.STES:DSD_KEI@DF_KEI(4.0),I,CHN,M,IR3TIB,PA,_Z,_Z,_Z,2016-06,2.87
DATAFLOW,OECD.SDD.STES:DSD_KEI@DF_KEI(4.0),I,CHN,M,IR3TIB,PA,_Z,_Z,_Z,2016-05,2.89
DATAFLOW,OECD.SDD.STES:DSD_KEI@DF_KEI(4.0),I,CHN,M,IR3TIB,PA,_Z,_Z,_Z,2016-04,2.95
DATAFLOW,OECD.SDD.STES:DSD_KEI@DF_KEI(4.0),I,CHN,M,IR3TIB,PA,_Z,_Z,_Z,2016-03,2.77
DATAFLOW,OECD.SDD.STES:DSD_KEI@DF_KEI(4.0),I,CHN,M,IR3TIB,PA,_Z,_Z,_Z,2016-02,2.95
DATAFLOW,OECD.SDD.STES:DSD_KEI@DF_KEI(4.0),I,CHN,M,IR3TIB,PA,_Z,_Z,_Z,2016-01,3.19
DATAFLOW,OECD.SDD.STES:DSD_KEI@DF_KEI(4.0),I,CHN,M,IR3TIB,PA,_Z,_Z,_Z,2015-12,2.97
DATAFLOW,OECD.SDD.STES:DSD_KEI@DF_KEI(4.0),I,CHN,M,IR3TIB,PA,_Z,_Z,_Z,2015-11,3.06
DATAFLOW,OECD.SDD.STES:DSD_KEI@DF_KEI(4.0),I,CHN,M,IR3TIB,PA,_Z,_Z,_Z,2015-10,3.19
DATAFLOW,OECD.SDD.STES:DSD_KEI@DF_KEI(4.0),I,CHN,M,IR3TIB,PA,_Z,_Z,_Z,2015-09,3.16
DATAFLOW,OECD.SDD.STES:DSD_KEI@DF_KEI(4.0),I,CHN,M,IR3TIB,PA,_Z,_Z,_Z,2015-08,3.05
DATAFLOW,OECD.SDD.STES:DSD_KEI@DF_KEI(4.0),I,CHN,M,IR3TIB,PA,_Z,_Z,_Z,2015-07,3.21
DATAFLOW,OECD.SDD.STES:DSD_KEI@DF_KEI(4.0),I,CHN,M,IR3TIB,PA,_Z,_Z,_Z,2015-06,3.35
DATAFLOW,OECD.SDD.STES:DSD_KEI@DF_KEI(4.0),I,CHN,M,IR3TIB,PA,_Z,_Z,_Z,2015-05,3.11
DATAFLOW,OECD.SDD.STES:DSD_KEI@DF_KEI(4.0),I,CHN,M,IR3TIB,PA,_Z,_Z,_Z,2015-04,4.1
DATAFLOW,OECD.SDD.STES:DSD_KEI@DF_KEI(4.0),I,CHN,M,IR3TIB,PA,_Z,_Z,_Z,2015-03,5.18
DATAFLOW,OECD.SDD.STES:DSD_KEI@DF_KEI(4.0),I,CHN,M,IR3TIB,PA,_Z,_Z,_Z,2015-02,5.41
DATAFLOW,OECD.SDD.STES:DSD_KEI@DF_KEI(4.0),I,CHN,M,IR3TIB,PA,_Z,_Z,_Z,2015-01,4.98
DATAFLOW,OECD.SDD.STES:DSD_KEI@DF_KEI(4.0),I,CHN,M,IR3TIB,PA,_Z,_Z,_Z,2014-12,5.22
DATAFLOW,OECD.SDD.STES:DSD_KEI@DF_KEI(4.0),I,CHN,M,IR3TIB,PA,_Z,_Z,_Z,2014-11,4.22
DATAFLOW,OECD.SDD.STES:DSD_KEI@DF_KEI(4.0),I,CHN,M,IR3TIB,PA,_Z,_Z,_Z,2014-10,4.26
DATAFLOW,OECD.SDD.STES:DSD_KEI@DF_KEI(4.0),I,CHN,M,IR3TIB,PA,_Z,_Z,_Z,2014-09,4.44
DATAFLOW,OECD.SDD.STES:DSD_KEI@DF_KEI(4.0),I,CHN,M,IR3TIB,PA,_Z,_Z,_Z,2014-08,4.47
DATAFLOW,OECD.SDD.STES:DSD_KEI@DF_KEI(4.0),I,CHN,M,IR3TIB,PA,_Z,_Z,_Z,2014-07,4.57
DATAFLOW,OECD.SDD.STES:DSD_KEI@DF_KEI(4.0),I,CHN,M,IR3TIB,PA,_Z,_Z,_Z,2014-06,4.59
DATAFLOW,OECD.SDD.STES:DSD_KEI@DF_KEI(4.0),I,CHN,M,IR3TIB,PA,_Z,_Z,_Z,2014-05,4.5
DATAFLOW,OECD.SDD.STES:DSD_KEI@DF_KEI(4.0),I,USA,M,IRSTCI,PA,_Z,_Z,_Z,2024-04,5.33
DATAFLOW,OECD.SDD.STES:DSD_KEI@DF_KEI(4.0),I,USA,M,IRSTCI,PA,_Z,_Z,_Z,2024-03,5.33
DATAFLOW,OECD.SDD.STES:DSD_KEI@DF_KEI(4.0),I,USA,M,IRSTCI,PA,_Z,_Z,_Z,2024-02,5.33
DATAFLOW,OECD.SDD.STES:DSD_KEI@DF_KEI(4.0),I,USA,M,IRSTCI,PA,_Z,_Z,_Z,2024-01,5.33
DATAFLOW,OECD.SDD.STES:DSD_KEI@DF_KEI(4.0),I,USA,M,IRSTCI,PA,_Z,_Z,_Z,2026-01,3.64
DATAFLOW,OECD.SDD.STES:DSD_KEI@DF_KEI(4.0),I,USA,M,IRSTCI,PA,_Z,_Z,_Z,2025-06,4.33
DATAFLOW,OECD.SDD.STES:DSD_KEI@DF_KEI(4.0),I,USA,M,IRSTCI,PA,_Z,_Z,_Z,2025-05,4.33
DATAFLOW,OECD.SDD.STES:DSD_KEI@DF_KEI(4.0),I,USA,M,IRSTCI,PA,_Z,_Z,_Z,2025-04,4.33
DATAFLOW,OECD.SDD.STES:DSD_KEI@DF_KEI(4.0),I,USA,M,IRSTCI,PA,_Z,_Z,_Z,2025-03,4.33
DATAFLOW,OECD.SDD.STES:DSD_KEI@DF_KEI(4.0),I,USA,M,IRSTCI,PA,_Z,_Z,_Z,2025-02,4.33
DATAFLOW,OECD.SDD.STES:DSD_KEI@DF_KEI(4.0),I,USA,M,IRSTCI,PA,_Z,_Z,_Z,2025-01,4.33
DATAFLOW,OECD.SDD.STES:DSD_KEI@DF_KEI(4.0),I,USA,M,IRSTCI,PA,_Z,_Z,_Z,2024-12,4.33
DATAFLOW,OECD.SDD.STES:DSD_KEI@DF_KEI(4.0),I,USA,M,IRSTCI,PA,_Z,_Z,_Z,2024-11,4.58
DATAFLOW,OECD.SDD.STES:DSD_KEI@DF_KEI(4.0),I,USA,M,IRSTCI,PA,_Z,_Z,_Z,2024-10,4.83
DATAFLOW,OECD.SDD.STES:DSD_KEI@DF_KEI(4.0),I,USA,M,IRSTCI,PA,_Z,_Z,_Z,2024-09,4.83
DATAFLOW,OECD.SDD.STES:DSD_KEI@DF_KEI(4.0),I,USA,M,IRSTCI,PA,_Z,_Z,_Z,2024-08,5.33
DATAFLOW,OECD.SDD.STES:DSD_KEI@DF_KEI(4.0),I,USA,M,IRSTCI,PA,_Z,_Z,_Z,2024-07,5.33
DATAFLOW,OECD.SDD.STES:DSD_KEI@DF_KEI(4.0),I,USA,M,IRSTCI,PA,_Z,_Z,_Z,2024-06,5.33
DATAFLOW,OECD.SDD.STES:DSD_KEI@DF_KEI(4.0),I,USA,M,IRSTCI,PA,_Z,_Z,_Z,2024-05,5.33
DATAFLOW,OECD.SDD.STES:DSD_KEI@DF_KEI(4.0),I,USA,M,IRSTCI,PA,_Z,_Z,_Z,2025-12,3.72064516129032
DATAFLOW,OECD.SDD.STES:DSD_KEI@DF_KEI(4.0),I,USA,M,IRSTCI,PA,_Z,_Z,_Z,2025-11,3.87633333333333
DATAFLOW,OECD.SDD.STES:DSD_KEI@DF_KEI(4.0),I,USA,M,IRSTCI,PA,_Z,_Z,_Z,2025-10,4.05888888888889
DATAFLOW,OECD.SDD.STES:DSD_KEI@DF_KEI(4.0),I,USA,M,IRSTCI,PA,_Z,_Z,_Z,2025-09,4.09
DATAFLOW,OECD.SDD.STES:DSD_KEI@DF_KEI(4.0),I,USA,M,IRSTCI,PA,_Z,_Z,_Z,2025-08,4.33
DATAFLOW,OECD.SDD.STES:DSD_KEI@DF_KEI(4.0),I,USA,M,IRSTCI,PA,_Z,_Z,_Z,2025-07,4.33
DATAFLOW,OECD.SDD.STES:DSD_KEI@DF_KEI(4.0),I,USA,M,IR3TIB,PA,_Z,_Z,_Z,2026-01,3.63
DATAFLOW,OECD.SDD.STES:DSD_KEI@DF_KEI(4.0),I,USA,M,IR3TIB,PA,_Z,_Z,_Z,2025-12,3.74
DATAFLOW,OECD.SDD.STES:DSD_KEI@DF_KEI(4.0),I,USA,M,IR3TIB,PA,_Z,_Z,_Z,2025-11,3.86
DATAFLOW,OECD.SDD.STES:DSD_KEI@DF_KEI(4.0),I,USA,M,IR3TIB,PA,_Z,_Z,_Z,2025-10,3.98
DATAFLOW,OECD.SDD.STES:DSD_KEI@DF_KEI(4.0),I,USA,M,IR3TIB,PA,_Z,_Z,_Z,2025-09,4.1
DATAFLOW,OECD.SDD.STES:DSD_KEI@DF_KEI(4.0),I,USA,M,IR3TIB,PA,_Z,_Z,_Z,2025-08,4.22
DATAFLOW,OECD.SDD.STES:DSD_KEI@DF_KEI(4.0),I,USA,M,IR3TIB,PA,_Z,_Z,_Z,2025-07,4.28
DATAFLOW,OECD.SDD.STES:DSD_KEI@DF_KEI(4.0),I,USA,M,IR3TIB,PA,_Z,_Z,_Z,2025-06,4.31
DATAFLOW,OECD.SDD.STES:DSD_KEI@DF_KEI(4.0),I,USA,M,IR3TIB,PA,_Z,_Z,_Z,2025-05,4.29
DATAFLOW,OECD.SDD.STES:DSD_KEI@DF_KEI(4.0),I,CHN,M,IR3TIB,PA,_Z,_Z,_Z,2023-09,2.64
DATAFLOW,OECD.SDD.STES:DSD_KEI@DF_KEI(4.0),I,CHN,M,IR3TIB,PA,_Z,_Z,_Z,2023-08,2.63
DATAFLOW,OECD.SDD.STES:DSD_KEI@DF_KEI(4.0),I,CHN,M,IR3TIB,PA,_Z,_Z,_Z,2023-07,2.57
DATAFLOW,OECD.SDD.STES:DSD_KEI@DF_KEI(4.0),I,CHN,M,IR3TIB,PA,_Z,_Z,_Z,2023-06,2.81
DATAFLOW,OECD.SDD.STES:DSD_KEI@DF_KEI(4.0),I,CHN,M,IR3TIB,PA,_Z,_Z,_Z,2023-05,2.98
DATAFLOW,OECD.SDD.STES:DSD_KEI@DF_KEI(4.0),I,CHN,M,IR3TIB,PA,_Z,_Z,_Z,2023-04,2.89
DATAFLOW,OECD.SDD.STES:DSD_KEI@DF_KEI(4.0),I,CHN,M,IR3TIB,PA,_Z,_Z,_Z,2023-03,3.05
DATAFLOW,OECD.SDD.STES:DSD_KEI@DF_KEI(4.0),I,CHN,M,IR3TIB,PA,_Z,_Z,_Z,2014-04,4.64
DATAFLOW,OECD.SDD.STES:DSD_KEI@DF_KEI(4.0),I,CHN,M,IR3TIB,PA,_Z,_Z,_Z,2014-03,4.84
DATAFLOW,OECD.SDD.STES:DSD_KEI@DF_KEI(4.0),I,CHN,M,IR3TIB,PA,_Z,_Z,_Z,2014-02,5.14
DATAFLOW,OECD.SDD.STES:DSD_KEI@DF_KEI(4.0),I,CHN,M,IR3TIB,PA,_Z,_Z,_Z,2014-01,6.76
DATAFLOW,OECD.SDD.STES:DSD_KEI@DF_KEI(4.0),I,CHN,M,IR3TIB,PA,_Z,_Z,_Z,2013-12,6.96
DATAFLOW,OECD.SDD.STES:DSD_KEI@DF_KEI(4.0),I,CHN,M,IR3TIB,PA,_Z,_Z,_Z,2013-11,6.43
DATAFLOW,OECD.SDD.STES:DSD_KEI@DF_KEI(4.0),I,CHN,M,IR3TIB,PA,_Z,_Z,_Z,2013-10,5.14
DATAFLOW,OECD.SDD.STES:DSD_KEI@DF_KEI(4.0),I,CHN,M,IR3TIB,PA,_Z,_Z,_Z,2013-09,5.58
DATAFLOW,OECD.SDD.STES:DSD_KEI@DF_KEI(4.0),I,CHN,M,IR3TIB,PA,_Z,_Z,_Z,2013-08,5.4
DATAFLOW,OECD.SDD.STES:DSD_KEI@DF_KEI(4.0),I,CHN,M,IR3TIB,PA,_Z,_Z,_Z,2013-07,5.09
DATAFLOW,OECD.SDD.STES:DSD_KEI@DF_KEI(4.0),I,CHN,M,IR3TIB,PA,_Z,_Z,_Z,2013-06,6.65
DATAFLOW,OECD.SDD.STES:DSD_KEI@DF_KEI(4.0),I,CHN,M,IR3TIB,PA,_Z,_Z,_Z,2013-05,3.84
DATAFLOW,OECD.SDD.STES:DSD_KEI@DF_KEI(4.0),I,CHN,M,IR3TIB,PA,_Z,_Z,_Z,2013-04,3.63
DATAFLOW,OECD.SDD.STES:DSD_KEI@DF_KEI(4.0),I,CHN,M,IR3TIB,PA,_Z,_Z,_Z,2013-03,3.52
DATAFLOW,OECD.SDD.STES:DSD_KEI@DF_KEI(4.0),I,CHN,M,IR3TIB,PA,_Z,_Z,_Z,2013-02,3.71
DATAFLOW,OECD.SDD.STES:DSD_KEI@DF_KEI(4.0),I,CHN,M,IR3TIB,PA,_Z,_Z,_Z,2011-09,5.69
DATAFLOW,OECD.SDD.STES:DSD_KEI@DF_KEI(4.0),I,CHN,M,IR3TIB,PA,_Z,_Z,_Z,2011-08,5.19
DATAFLOW,OECD.SDD.STES:DSD_KEI@DF_KEI(4.0),I,CHN,M,IR3TIB,PA,_Z,_Z,_Z,2011-07,5.89
DATAFLOW,OECD.SDD.STES:DSD_KEI@DF_KEI(4.0),I,CHN,M,IR3TIB,PA,_Z,_Z,_Z,2011-06,5.91
DATAFLOW,OECD.SDD.STES:DSD_KEI@DF_KEI(4.0),I,CHN,M,IR3TIB,PA,_Z,_Z,_Z,2011-05,4.24
DATAFLOW,OECD.SDD.STES:DSD_KEI@DF_KEI(4.0),I,CHN,M,IR3TIB,PA,_Z,_Z,_Z,2011-04,3.94
DATAFLOW,OECD.SDD.STES:DSD_KEI@DF_KEI(4.0),I,CHN,M,IR3TIB,PA,_Z,_Z,_Z,2011-03,4.02
DATAFLOW,OECD.SDD.STES:DSD_KEI@DF_KEI(4.0),I,CHN,M,IR3TIB,PA,_Z,_Z,_Z,2011-02,4.84
DATAFLOW,OECD.SDD.STES:DSD_KEI@DF_KEI(4.0),I,CHN,M,IR3TIB,PA,_Z,_Z,_Z,2011-01,4.98
DATAFLOW,OECD.SDD.STES:DSD_KEI@DF_KEI(4.0),I,CHN,M,IR3TIB,PA,_Z,_Z,_Z,2010-12,4.94
DATAFLOW,OECD.SDD.STES:DSD_KEI@DF_KEI(4.0),I,CHN,M,IR3TIB,PA,_Z,_Z,_Z,2010-11,3.38
DATAFLOW,OECD.SDD.STES:DSD_KEI@DF_KEI(4.0),I,CHN,M,IR3TIB,PA,_Z,_Z,_Z,2010-10,2.75
DATAFLOW,OECD.SDD.STES:DSD_KEI@DF_KEI(4.0),I,CHN,M,IR3TIB,PA,_Z,_Z,_Z,2010-09,2.56
DATAFLOW,OECD.SDD.STES:DSD_KEI@DF_KEI(4.0),I,CHN,M,IR3TIB,PA,_Z,_Z,_Z,2010-08,2.44
DATAFLOW,OECD.SDD.STES:DSD_KEI@DF_KEI(4.0),I,CHN,M,IR3TIB,PA,_Z,_Z,_Z,2010-07,2.48
DATAFLOW,OECD.SDD.STES:DSD_KEI@DF_KEI(4.0),I,CHN,M,IR3TIB,PA,_Z,_Z,_Z,2010-06,3.69
DATAFLOW,OECD.SDD.STES:DSD_KEI@DF_KEI(4.0),I,CHN,M,IR3TIB,PA,_Z,_Z,_Z,2010-05,2.02
DATAFLOW,OECD.SDD.STES:DSD_KEI@DF_KEI(4.0),I,CHN,M,IR3TIB,PA,_Z,_Z,_Z,2010-04,1.73
DATAFLOW,OECD.SDD.STES:DSD_KEI@DF_KEI(4.0),I,CHN,M,IR3TIB,PA,_Z,_Z,_Z,2010-03,1.91
DATAFLOW,OECD.SDD.STES:DSD_KEI@DF_KEI(4.0),I,CHN,M,IR3TIB,PA,_Z,_Z,_Z,2010-02,1.94
DATAFLOW,OECD.SDD.STES:DSD_KEI@DF_KEI(4.0),I,CHN,M,IR3TIB,PA,_Z,_Z,_Z,2010-01,1.85
DATAFLOW,OECD.SDD.STES:DSD_KEI@DF_KEI(4.0),I,CHN,M,IR3TIB,PA,_Z,_Z,_Z,2009-12,1.86
DATAFLOW,OECD.SDD.STES:DSD_KEI@DF_KEI(4.0),I,CHN,M,IR3TIB,PA,_Z,_Z,_Z,2009-11,2.08
DATAFLOW,OECD.SDD.STES:DSD_KEI@DF_KEI(4.0),I,CHN,M,IR3TIB,PA,_Z,_Z,_Z,2009-10,1.81
DATAFLOW,OECD.SDD.STES:DSD_KEI@DF_KEI(4.0),I,CHN,M,IR3TIB,PA,_Z,_Z,_Z,2009-09,1.78
DATAFLOW,OECD.SDD.STES:DSD_KEI@DF_KEI(4.0),I,CHN,M,IR3TIB,PA,_Z,_Z,_Z,2009-08,1.7
DATAFLOW,OECD.SDD.STES:DSD_KEI@DF_KEI(4.0),I,CHN,M,IR3TIB,PA,_Z,_Z,_Z,2009-07,1.68
DATAFLOW,OECD.SDD.STES:DSD_KEI@DF_KEI(4.0),I,CHN,M,IR3TIB,PA,_Z,_Z,_Z,2009-06,1.2
DATAFLOW,OECD.SDD.STES:DSD_KEI@DF_KEI(4.0),I,CHN,M,IR3TIB,PA,_Z,_Z,_Z,2009-05,1.14
DATAFLOW,OECD.SDD.STES:DSD_KEI@DF_KEI(4.0),I,CHN,M,IR3TIB,PA,_Z,_Z,_Z,2009-04,1.12
DATAFLOW,OECD.SDD.STES:DSD_KEI@DF_KEI(4.0),I,CHN,M,IR3TIB,PA,_Z,_Z,_Z,2009-03,1.27
DATAFLOW,OECD.SDD.STES:DSD_KEI@DF_KEI(4.0),I,CHN,M,IR3TIB,PA,_Z,_Z,_Z,2009-02,1.09
DATAFLOW,OECD.SDD.STES:DSD_KEI@DF_KEI(4.0),I,CHN,M,IR3TIB,PA,_Z,_Z,_Z,2009-01,2.3
DATAFLOW,OECD.SDD.STES:DSD_KEI@DF_KEI(4.0),I,CHN,M,IR3TIB,PA,_Z,_Z,_Z,2008-12,1.9
DATAFLOW,OECD.SDD.STES:DSD_KEI@DF_KEI(4.0),I,CHN,M,IR3TIB,PA,_Z,_Z,_Z,2008-11,3.55
DATAFLOW,OECD.SDD.STES:DSD_KEI@DF_KEI(4.0),I,CHN,M,IR3TIB,PA,_Z,_Z,_Z,2008-10,4.25
DATAFLOW,OECD.SDD.STES:DSD_KEI@DF_KEI(4.0),I,CHN,M,IR3TIB,PA,_Z,_Z,_Z,2008-09,4.14
DATAFLOW,OECD.SDD.STES:DSD_KEI@DF_KEI(4.0),I,CHN,M,IR3TIB,PA,_Z,_Z,_Z,2008-08,4.08
DATAFLOW,OECD.SDD.STES:DSD_KEI@DF_KEI(4.0),I,CHN,M,IR3TIB,PA,_Z,_Z,_Z,2008-07,4.47
DATAFLOW,OECD.SDD.STES:DSD_KEI@DF_KEI(4.0),I,CHN,M,IR3TIB,PA,_Z,_Z,_Z,2008-06,4.2
DATAFLOW,OECD.SDD.STES:DSD_KEI@DF_KEI(4.0),I,CHN,M,IR3TIB,PA,_Z,_Z,_Z,2008-05,4.38
DATAFLOW,OECD.SDD.STES:DSD_KEI@DF_KEI(4.0),I,CHN,M,IR3TIB,PA,_Z,_Z,_Z,2008-04,4.51
DATAFLOW,OECD.SDD.STES:DSD_KEI@DF_KEI(4.0),I,CHN,M,IR3TIB,PA,_Z,_Z,_Z,2008-03,4.39
DATAFLOW,OECD.SDD.STES:DSD_KEI@DF_KEI(4.0),I,CHN,M,IR3TIB,PA,_Z,_Z,_Z,2008-02,4.26
DATAFLOW,OECD.SDD.STES:DSD_KEI@DF_KEI(4.0),I,CHN,M,IR3TIB,PA,_Z,_Z,_Z,2008-01,4.27
DATAFLOW,OECD.SDD.STES:DSD_KEI@DF_KEI(4.0),I,CHN,M,IR3TIB,PA,_Z,_Z,_Z,2007-12,4.55
DATAFLOW,OECD.SDD.STES:DSD_KEI@DF_KEI(4.0),I,CHN,M,IR3TIB,PA,_Z,_Z,_Z,2007-11,5.02
DATAFLOW,OECD.SDD.STES:DSD_KEI@DF_KEI(4.0),I,CHN,M,IR3TIB,PA,_Z,_Z,_Z,2007-10,3.88
DATAFLOW,OECD.SDD.STES:DSD_KEI@DF_KEI(4.0),I,CHN,M,IR3TIB,PA,_Z,_Z,_Z,2007-09,3.64
DATAFLOW,OECD.SDD.STES:DSD_KEI@DF_KEI(4.0),I,CHN,M,IR3TIB,PA,_Z,_Z,_Z,2007-08,3.2
DATAFLOW,OECD.SDD.STES:DSD_KEI@DF_KEI(4.0),I,CHN,M,IR3TIB,PA,_Z,_Z,_Z,2007-07,3.14
DATAFLOW,OECD.SDD.STES:DSD_KEI@DF_KEI(4.0),I,CHN,M,IR3TIB,PA,_Z,_Z,_Z,2007-06,3.14
DATAFLOW,OECD.SDD.STES:DSD_KEI@DF_KEI(4.0),I,CHN,M,IR3TIB,PA,_Z,_Z,_Z,2007-05,3.58
DATAFLOW,OECD.SDD.STES:DSD_KEI@DF_KEI(4.0),I,CHN,M,IR3TIB,PA,_Z,_Z,_Z,2007-04,3.91
DATAFLOW,OECD.SDD.STES:DSD_KEI@DF_KEI(4.0),I,CHN,M,IR3TIB,PA,_Z,_Z,_Z,2007-03,2.63
DATAFLOW,OECD.SDD.STES:DSD_KEI@DF_KEI(4.0),I,CHN,M,IR3TIB,PA,_Z,_Z,_Z,2007-02,2.82
DATAFLOW,OECD.SDD.STES:DSD_KEI@DF_KEI(4.0),I,CHN,M,IR3TIB,PA,_Z,_Z,_Z,2007-01,2.63
DATAFLOW,OECD.SDD.STES:DSD_KEI@DF_KEI(4.0),I,CHN,M,IRSTCI,PA,_Z,_Z,_Z,2010-11,2.79
DATAFLOW,OECD.SDD.STES:DSD_KEI@DF_KEI(4.0),I,CHN,M,IRSTCI,PA,_Z,_Z,_Z,2010-10,2.79
DATAFLOW,OECD.SDD.STES:DSD_KEI@DF_KEI(4.0),I,CHN,M,IRSTCI,PA,_Z,_Z,_Z,2010-09,2.79
DATAFLOW,OECD.SDD.STES:DSD_KEI@DF_KEI(4.0),I,CHN,M,IRSTCI,PA,_Z,_Z,_Z,2010-08,2.79
DATAFLOW,OECD.SDD.STES:DSD_KEI@DF_KEI(4.0),I,CHN,M,IRSTCI,PA,_Z,_Z,_Z,2010-07,2.79
DATAFLOW,OECD.SDD.STES:DSD_KEI@DF_KEI(4.0),I,CHN,M,IRSTCI,PA,_Z,_Z,_Z,2010-06,2.79
DATAFLOW,OECD.SDD.STES:DSD_KEI@DF_KEI(4.0),I,CHN,M,IRSTCI,PA,_Z,_Z,_Z,2010-05,2.79
DATAFLOW,OECD.SDD.STES:DSD_KEI@DF_KEI(4.0),I,CHN,M,IRSTCI,PA,_Z,_Z,_Z,2010-04,2.79
DATAFLOW,OECD.SDD.STES:DSD_KEI@DF_KEI(4.0),I,CHN,M,IRSTCI,PA,_Z,_Z,_Z,2010-03,2.79
DATAFLOW,OECD.SDD.STES:DSD_KEI@DF_KEI(4.0),I,CHN,M,IRSTCI,PA,_Z,_Z,_Z,2010-02,2.79
DATAFLOW,OECD.SDD.STES:DSD_KEI@DF_KEI(4.0),I,CHN,M,IRSTCI,PA,_Z,_Z,_Z,2010-01,2.79
DATAFLOW,OECD.SDD.STES:DSD_KEI@DF_KEI(4.0),I,CHN,M,IRSTCI,PA,_Z,_Z,_Z,2009-12,2.79
DATAFLOW,OECD.SDD.STES:DSD_KEI@DF_KEI(4.0),I,CHN,M,IRSTCI,PA,_Z,_Z,_Z,2009-11,2.79
DATAFLOW,OECD.SDD.STES:DSD_KEI@DF_KEI(4.0),I,CHN,M,IRSTCI,PA,_Z,_Z,_Z,2009-10,2.79
DATAFLOW,OECD.SDD.STES:DSD_KEI@DF_KEI(4.0),I,CHN,M,IRSTCI,PA,_Z,_Z,_Z,2015-10,3.25
DATAFLOW,OECD.SDD.STES:DSD_KEI@DF_KEI(4.0),I,CHN,M,IRSTCI,PA,_Z,_Z,_Z,2015-09,3.25
DATAFLOW,OECD.SDD.STES:DSD_KEI@DF_KEI(4.0),I,CHN,M,IRSTCI,PA,_Z,_Z,_Z,2015-08,3.25
DATAFLOW,OECD.SDD.STES:DSD_KEI@DF_KEI(4.0),I,CHN,M,IRSTCI,PA,_Z,_Z,_Z,2015-07,3.25
DATAFLOW,OECD.SDD.STES:DSD_KEI@DF_KEI(4.0),I,CHN,M,IRSTCI,PA,_Z,_Z,_Z,2015-06,3.25
DATAFLOW,OECD.SDD.STES:DSD_KEI@DF_KEI(4.0),I,CHN,M,IRSTCI,PA,_Z,_Z,_Z,2015-05,3.25
DATAFLOW,OECD.SDD.STES:DSD_KEI@DF_KEI(4.0),I,CHN,M,IRSTCI,PA,_Z,_Z,_Z,2015-04,3.25
DATAFLOW,OECD.SDD.STES:DSD_KEI@DF_KEI(4.0),I,CHN,M,IRSTCI,PA,_Z,_Z,_Z,2015-03,3.25
DATAFLOW,OECD.SDD.STES:DSD_KEI@DF_KEI(4.0),I,CHN,M,IRSTCI,PA,_Z,_Z,_Z,2015-02,3.25
DATAFLOW,OECD.SDD.STES:DSD_KEI@DF_KEI(4.0),I,CHN,M,IRSTCI,PA,_Z,_Z,_Z,2015-01,3.25
DATAFLOW,OECD.SDD.STES:DSD_KEI@DF_KEI(4.0),I,CHN,M,IRSTCI,PA,_Z,_Z,_Z,2014-12,3.25
DATAFLOW,OECD.SDD.STES:DSD_KEI@DF_KEI(4.0),I,CHN,M,IRSTCI,PA,_Z,_Z,_Z,2014-11,3.25
DATAFLOW,OECD.SDD.STES:DSD_KEI@DF_KEI(4.0),I,CHN,M,IRSTCI,PA,_Z,_Z,_Z,2014-10,3.25
DATAFLOW,OECD.SDD.STES:DSD_KEI@DF_KEI(4.0),I,CHN,M,IRSTCI,PA,_Z,_Z,_Z,2014-09,3.25
DATAFLOW,OECD.SDD.STES:DSD_KEI@DF_KEI(4.0),I,CHN,M,IRSTCI,PA,_Z,_Z,_Z,2014-08,3.25
DATAFLOW,OECD.SDD.STES:DSD_KEI@DF_KEI(4.0),I,CHN,M,IRSTCI,PA,_Z,_Z,_Z,2014-07,3.25
DATAFLOW,OECD.SDD.STES:DSD_KEI@DF_KEI(4.0),I,CHN,M,IRSTCI,PA,_Z,_Z,_Z,2014-06,3.25
DATAFLOW,OECD.SDD.STES:DSD_KEI@DF_KEI(4.0),I,CHN,M,IRSTCI,PA,_Z,_Z,_Z,2014-05,3.25
DATAFLOW,OECD.SDD.STES:DSD_KEI@DF_KEI(4.0),I,CHN,M,IRSTCI,PA,_Z,_Z,_Z,2014-04,3.25
DATAFLOW,OECD.SDD.STES:DSD_KEI@DF_KEI(4.0),I,CHN,M,IRSTCI,PA,_Z,_Z,_Z,2014-03,3.25
DATAFLOW,OECD.SDD.STES:DSD_KEI@DF_KEI(4.0),I,CHN,M,IRSTCI,PA,_Z,_Z,_Z,2014-02,3.25
DATAFLOW,OECD.SDD.STES:DSD_KEI@DF_KEI(4.0),I,CHN,M,IRSTCI,PA,_Z,_Z,_Z,2014-01,3.25
DATAFLOW,OECD.SDD.STES:DSD_KEI@DF_KEI(4.0),I,CHN,M,IRSTCI,PA,_Z,_Z,_Z,2013-12,3.25
DATAFLOW,OECD.SDD.STES:DSD_KEI@DF_KEI(4.0),I,CHN,M,IRSTCI,PA,_Z,_Z,_Z,2013-11,3.25
DATAFLOW,OECD.SDD.STES:DSD_KEI@DF_KEI(4.0),I,CHN,M,IRSTCI,PA,_Z,_Z,_Z,2013-10,3.25
DATAFLOW,OECD.SDD.STES:DSD_KEI@DF_KEI(4.0),I,CHN,M,IRSTCI,PA,_Z,_Z,_Z,2013-09,3.25
DATAFLOW,OECD.SDD.STES:DSD_KEI@DF_KEI(4.0),I,CHN,M,IRSTCI,PA,_Z,_Z,_Z,2013-08,3.25
DATAFLOW,OECD.SDD.STES:DSD_KEI@DF_KEI(4.0),I,CHN,M,IRSTCI,PA,_Z,_Z,_Z,2013-07,3.25
DATAFLOW,OECD.SDD.STES:DSD_KEI@DF_KEI(4.0),I,CHN,M,IRSTCI,PA,_Z,_Z,_Z,2013-06,3.25
DATAFLOW,OECD.SDD.STES:DSD_KEI@DF_KEI(4.0),I,CHN,M,IRSTCI,PA,_Z,_Z,_Z,2013-05,3.25
DATAFLOW,OECD.SDD.STES:DSD_KEI@DF_KEI(4.0),I,CHN,M,IRSTCI,PA,_Z,_Z,_Z,2013-04,3.25
DATAFLOW,OECD.SDD.STES:DSD_KEI@DF_KEI(4.0),I,CHN,M,IRSTCI,PA,_Z,_Z,_Z,2013-03,3.25
DATAFLOW,OECD.SDD.STES:DSD_KEI@DF_KEI(4.0),I,CHN,M,IRSTCI,PA,_Z,_Z,_Z,2013-02,3.25
DATAFLOW,OECD.SDD.STES:DSD_KEI@DF_KEI(4.0),I,CHN,M,IRSTCI,PA,_Z,_Z,_Z,2013-01,3.25
DATAFLOW,OECD.SDD.STES:DSD_KEI@DF_KEI(4.0),I,CHN,M,IRSTCI,PA,_Z,_Z,_Z,2012-12,3.25
DATAFLOW,OECD.SDD.STES:DSD_KEI@DF_KEI(4.0),I,CHN,M,IRSTCI,PA,_Z,_Z,_Z,2012-11,3.25
DATAFLOW,OECD.SDD.STES:DSD_KEI@DF_KEI(4.0),I,CHN,M,IRSTCI,PA,_Z,_Z,_Z,2012-10,3.25
DATAFLOW,OECD.SDD.STES:DSD_KEI@DF_KEI(4.0),I,CHN,M,IRSTCI,PA,_Z,_Z,_Z,2012-09,3.25
DATAFLOW,OECD.SDD.STES:DSD_KEI@DF_KEI(4.0),I,CHN,M,IRSTCI,PA,_Z,_Z,_Z,2012-08,3.25
DATAFLOW,OECD.SDD.STES:DSD_KEI@DF_KEI(4.0),I,CHN,M,IRSTCI,PA,_Z,_Z,_Z,2012-07,3.25
DATAFLOW,OECD.SDD.STES:DSD_KEI@DF_KEI(4.0),I,CHN,M,IRSTCI,PA,_Z,_Z,_Z,2012-06,3.25
DATAFLOW,OECD.SDD.STES:DSD_KEI@DF_KEI(4.0),I,CHN,M,IRSTCI,PA,_Z,_Z,_Z,2012-05,3.25
DATAFLOW,OECD.SDD.STES:DSD_KEI@DF_KEI(4.0),I,CHN,M,IRSTCI,PA,_Z,_Z,_Z,2012-04,3.25
DATAFLOW,OECD.SDD.STES:DSD_KEI@DF_KEI(4.0),I,CHN,M,IRSTCI,PA,_Z,_Z,_Z,2012-03,3.25
DATAFLOW,OECD.SDD.STES:DSD_KEI@DF_KEI(4.0),I,CHN,M,IRSTCI,PA,_Z,_Z,_Z,2012-02,3.25
DATAFLOW,OECD.SDD.STES:DSD_KEI@DF_KEI(4.0),I,CHN,M,IRSTCI,PA,_Z,_Z,_Z,2025-06,2.9
DATAFLOW,OECD.SDD.STES:DSD_KEI@DF_KEI(4.0),I,CHN,M,IRSTCI,PA,_Z,_Z,_Z,2025-05,2.9
DATAFLOW,OECD.SDD.STES:DSD_KEI@DF_KEI(4.0),I,CHN,M,IRSTCI,PA,_Z,_Z,_Z,2025-04,2.9
DATAFLOW,OECD.SDD.STES:DSD_KEI@DF_KEI(4.0),I,CHN,M,IRSTCI,PA,_Z,_Z,_Z,2025-03,2.9
DATAFLOW,OECD.SDD.STES:DSD_KEI@DF_KEI(4.0),I,CHN,M,IRSTCI,PA,_Z,_Z,_Z,2025-02,2.9
DATAFLOW,OECD.SDD.STES:DSD_KEI@DF_KEI(4.0),I,CHN,M,IRSTCI,PA,_Z,_Z,_Z,2025-01,2.9
DATAFLOW,OECD.SDD.STES:DSD_KEI@DF_KEI(4.0),I,CHN,M,IRSTCI,PA,_Z,_Z,_Z,2024-12,2.9
DATAFLOW,OECD.SDD.STES:DSD_KEI@DF_KEI(4.0),I,CHN,M,IRSTCI,PA,_Z,_Z,_Z,2024-11,2.9
DATAFLOW,OECD.SDD.STES:DSD_KEI@DF_KEI(4.0),I,CHN,M,IRSTCI,PA,_Z,_Z,_Z,2024-10,2.9
DATAFLOW,OECD.SDD.STES:DSD_KEI@DF_KEI(4.0),I,CHN,M,IRSTCI,PA,_Z,_Z,_Z,2024-09,2.9
DATAFLOW,OECD.SDD.STES:DSD_KEI@DF_KEI(4.0),I,CHN,M,IRSTCI,PA,_Z,_Z,_Z,2024-08,2.9
DATAFLOW,OECD.SDD.STES:DSD_KEI@DF_KEI(4.0),I,CHN,M,IRSTCI,PA,_Z,_Z,_Z,2024-07,2.9
DATAFLOW,OECD.SDD.STES:DSD_KEI@DF_KEI(4.0),I,CHN,M,IRSTCI,PA,_Z,_Z,_Z,2024-06,2.9
DATAFLOW,OECD.SDD.STES:DSD_KEI@DF_KEI(4.0),I,CHN,M,IRSTCI,PA,_Z,_Z,_Z,2024-05,2.9
DATAFLOW,OECD.SDD.STES:DSD_KEI@DF_KEI(4.0),I,CHN,M,IRSTCI,PA,_Z,_Z,_Z,2024-04,2.9
DATAFLOW,OECD.SDD.STES:DSD_KEI@DF_KEI(4.0),I,CHN,M,IRSTCI,PA,_Z,_Z,_Z,2024-03,2.9
DATAFLOW,OECD.SDD.STES:DSD_KEI@DF_KEI(4.0),I,CHN,M,IRSTCI,PA,_Z,_Z,_Z,2024-02,2.9
DATAFLOW,OECD.SDD.STES:DSD_KEI@DF_KEI(4.0),I,CHN,M,IRSTCI,PA,_Z,_Z,_Z,2024-01,2.9
DATAFLOW,OECD.SDD.STES:DSD_KEI@DF_KEI(4.0),I,CHN,M,IRSTCI,PA,_Z,_Z,_Z,2023-12,2.9
DATAFLOW,OECD.SDD.STES:DSD_KEI@DF_KEI(4.0),I,CHN,M,IRLT,PA,_Z,_Z,_Z,2025-12,1.85
DATAFLOW,OECD.SDD.STES:DSD_KEI@DF_KEI(4.0),I,CHN,M,IRLT,PA,_Z,_Z,_Z,2025-11,1.84
DATAFLOW,OECD.SDD.STES:DSD_KEI@DF_KEI(4.0),I,CHN,M,IRLT,PA,_Z,_Z,_Z,2025-10,1.8
DATAFLOW,OECD.SDD.STES:DSD_KEI@DF_KEI(4.0),I,CHN,M,IRSTCI,PA,_Z,_Z,_Z,2022-07,2.9
DATAFLOW,OECD.SDD.STES:DSD_KEI@DF_KEI(4.0),I,CHN,M,IRSTCI,PA,_Z,_Z,_Z,2022-06,2.9
DATAFLOW,OECD.SDD.STES:DSD_KEI@DF_KEI(4.0),I,CHN,M,IRSTCI,PA,_Z,_Z,_Z,2022-05,2.9
DATAFLOW,OECD.SDD.STES:DSD_KEI@DF_KEI(4.0),I,CHN,M,IRSTCI,PA,_Z,_Z,_Z,2022-04,2.9
DATAFLOW,OECD.SDD.STES:DSD_KEI@DF_KEI(4.0),I,CHN,M,IRSTCI,PA,_Z,_Z,_Z,2022-03,2.9
DATAFLOW,OECD.SDD.STES:DSD_KEI@DF_KEI(4.0),I,CHN,M,IRSTCI,PA,_Z,_Z,_Z,2022-02,2.9
DATAFLOW,OECD.SDD.STES:DSD_KEI@DF_KEI(4.0),I,CHN,M,IRSTCI,PA,_Z,_Z,_Z,2022-01,2.9
DATAFLOW,OECD.SDD.STES:DSD_KEI@DF_KEI(4.0),I,CHN,M,IRSTCI,PA,_Z,_Z,_Z,2021-12,2.9
DATAFLOW,OECD.SDD.STES:DSD_KEI@DF_KEI(4.0),I,CHN,M,IRSTCI,PA,_Z,_Z,_Z,2021-11,2.9
DATAFLOW,OECD.SDD.STES:DSD_KEI@DF_KEI(4.0),I,CHN,M,IRSTCI,PA,_Z,_Z,_Z,2021-10,2.9
DATAFLOW,OECD.SDD.STES:DSD_KEI@DF_KEI(4.0),I,CHN,M,IRSTCI,PA,_Z,_Z,_Z,2021-09,2.9
DATAFLOW,OECD.SDD.STES:DSD_KEI@DF_KEI(4.0),I,CHN,M,IRSTCI,PA,_Z,_Z,_Z,2021-08,2.9
DATAFLOW,OECD.SDD.STES:DSD_KEI@DF_KEI(4.0),I,CHN,M,IRSTCI,PA,_Z,_Z,_Z,2021-07,2.9
DATAFLOW,OECD.SDD.STES:DSD_KEI@DF_KEI(4.0),I,CHN,M,IRSTCI,PA,_Z,_Z,_Z,2021-06,2.9
DATAFLOW,OECD.SDD.STES:DSD_KEI@DF_KEI(4.0),I,CHN,M,IRSTCI,PA,_Z,_Z,_Z,2021-05,2.9
DATAFLOW,OECD.SDD.STES:DSD_KEI@DF_KEI(4.0),I,CHN,M,IRSTCI,PA,_Z,_Z,_Z,2021-04,2.9
DATAFLOW,OECD.SDD.STES:DSD_KEI@DF_KEI(4.0),I,CHN,M,IRSTCI,PA,_Z,_Z,_Z,2021-03,2.9
DATAFLOW,OECD.SDD.STES:DSD_KEI@DF_KEI(4.0),I,CHN,M,IRSTCI,PA,_Z,_Z,_Z,2021-02,2.9
DATAFLOW,OECD.SDD.STES:DSD_KEI@DF_KEI(4.0),I,CHN,M,IRSTCI,PA,_Z,_Z,_Z,2021-01,2.9
DATAFLOW,OECD.SDD.STES:DSD_KEI@DF_KEI(4.0),I,CHN,M,IRSTCI,PA,_Z,_Z,_Z,2020-12,2.9
DATAFLOW,OECD.SDD.STES:DSD_KEI@DF_KEI(4.0),I,CHN,M,IRSTCI,PA,_Z,_Z,_Z,2020-11,2.9
DATAFLOW,OECD.SDD.STES:DSD_KEI@DF_KEI(4.0),I,CHN,M,IRSTCI,PA,_Z,_Z,_Z,2020-10,2.9
DATAFLOW,OECD.SDD.STES:DSD_KEI@DF_KEI(4.0),I,CHN,M,IRSTCI,PA,_Z,_Z,_Z,2020-09,2.9
DATAFLOW,OECD.SDD.STES:DSD_KEI@DF_KEI(4.0),I,CHN,M,IRSTCI,PA,_Z,_Z,_Z,2020-08,2.9
DATAFLOW,OECD.SDD.STES:DSD_KEI@DF_KEI(4.0),I,CHN,M,IRSTCI,PA,_Z,_Z,_Z,2020-07,2.9
DATAFLOW,OECD.SDD.STES:DSD_KEI@DF_KEI(4.0),I,CHN,M,IRSTCI,PA,_Z,_Z,_Z,2020-06,2.9
DATAFLOW,OECD.SDD.STES:DSD_KEI@DF_KEI(4.0),I,CHN,M,IRSTCI,PA,_Z,_Z,_Z,2020-05,2.9
DATAFLOW,OECD.SDD.STES:DSD_KEI@DF_KEI(4.0),I,CHN,M,IRSTCI,PA,_Z,_Z,_Z,2020-04,2.9
DATAFLOW,OECD.SDD.STES:DSD_KEI@DF_KEI(4.0),I,CHN,M,IRSTCI,PA,_Z,_Z,_Z,2020-03,2.9
DATAFLOW,OECD.SDD.STES:DSD_KEI@DF_KEI(4.0),I,CHN,M,IRSTCI,PA,_Z,_Z,_Z,2020-02,2.9
DATAFLOW,OECD.SDD.STES:DSD_KEI@DF_KEI(4.0),I,CHN,M,IRSTCI,PA,_Z,_Z,_Z,2020-01,2.9
DATAFLOW,OECD.SDD.STES:DSD_KEI@DF_KEI(4.0),I,CHN,M,IRSTCI,PA,_Z,_Z,_Z,2019-12,2.9
DATAFLOW,OECD.SDD.STES:DSD_KEI@DF_KEI(4.0),I,CHN,M,IRSTCI,PA,_Z,_Z,_Z,2019-11,2.9
DATAFLOW,OECD.SDD.STES:DSD_KEI@DF_KEI(4.0),I,CHN,M,IRSTCI,PA,_Z,_Z,_Z,2019-10,2.9
DATAFLOW,OECD.SDD.STES:DSD_KEI@DF_KEI(4.0),I,CHN,M,IRSTCI,PA,_Z,_Z,_Z,2019-09,2.9
DATAFLOW,OECD.SDD.STES:DSD_KEI@DF_KEI(4.0),I,CHN,M,IRSTCI,PA,_Z,_Z,_Z,2019-08,2.9
DATAFLOW,OECD.SDD.STES:DSD_KEI@DF_KEI(4.0),I,CHN,M,IRSTCI,PA,_Z,_Z,_Z,2019-07,2.9
DATAFLOW,OECD.SDD.STES:DSD_KEI@DF_KEI(4.0),I,CHN,M,IRSTCI,PA,_Z,_Z,_Z,2019-06,2.9
DATAFLOW,OECD.SDD.STES:DSD_KEI@DF_KEI(4.0),I,CHN,M,IRSTCI,PA,_Z,_Z,_Z,2019-05,2.9
DATAFLOW,OECD.SDD.STES:DSD_KEI@DF_KEI(4.0),I,CHN,M,IRSTCI,PA,_Z,_Z,_Z,2019-04,2.9
DATAFLOW,OECD.SDD.STES:DSD_KEI@DF_KEI(4.0),I,CHN,M,IRSTCI,PA,_Z,_Z,_Z,2019-03,2.9
DATAFLOW,OECD.SDD.STES:DSD_KEI@DF_KEI(4.0),I,CHN,M,IRSTCI,PA,_Z,_Z,_Z,2019-02,2.9
DATAFLOW,OECD.SDD.STES:DSD_KEI@DF_KEI(4.0),I,CHN,M,IRSTCI,PA,_Z,_Z,_Z,2019-01,2.9
DATAFLOW,OECD.SDD.STES:DSD_KEI@DF_KEI(4.0),I,CHN,M,IRSTCI,PA,_Z,_Z,_Z,2018-12,2.9
DATAFLOW,OECD.SDD.STES:DSD_KEI@DF_KEI(4.0),I,CHN,M,IRSTCI,PA,_Z,_Z,_Z,2018-11,2.9
DATAFLOW,OECD.SDD.STES:DSD_KEI@DF_KEI(4.0),I,CHN,M,IRSTCI,PA,_Z,_Z,_Z,2018-10,2.9
DATAFLOW,OECD.SDD.STES:DSD_KEI@DF_KEI(4.0),I,CHN,M,IRSTCI,PA,_Z,_Z,_Z,2018-09,2.9
DATAFLOW,OECD.SDD.STES:DSD_KEI@DF_KEI(4.0),I,CHN,M,IRSTCI,PA,_Z,_Z,_Z,2018-08,2.9
DATAFLOW,OECD.SDD.STES:DSD_KEI@DF_KEI(4.0),I,CHN,M,IRSTCI,PA,_Z,_Z,_Z,2018-07,2.9
DATAFLOW,OECD.SDD.STES:DSD_KEI@DF_KEI(4.0),I,CHN,M,IRSTCI,PA,_Z,_Z,_Z,2018-06,2.9
DATAFLOW,OECD.SDD.STES:DSD_KEI@DF_KEI(4.0),I,CHN,M,IRSTCI,PA,_Z,_Z,_Z,2018-05,2.9
DATAFLOW,OECD.SDD.STES:DSD_KEI@DF_KEI(4.0),I,CHN,M,IRSTCI,PA,_Z,_Z,_Z,2018-04,2.9
DATAFLOW,OECD.SDD.STES:DSD_KEI@DF_KEI(4.0),I,CHN,M,IRSTCI,PA,_Z,_Z,_Z,2018-03,2.9
DATAFLOW,OECD.SDD.STES:DSD_KEI@DF_KEI(4.0),I,CHN,M,IRSTCI,PA,_Z,_Z,_Z,2018-02,2.9
DATAFLOW,OECD.SDD.STES:DSD_KEI@DF_KEI(4.0),I,CHN,M,IRSTCI,PA,_Z,_Z,_Z,2018-01,2.9
DATAFLOW,OECD.SDD.STES:DSD_KEI@DF_KEI(4.0),I,CHN,M,IRSTCI,PA,_Z,_Z,_Z,2017-12,2.9
DATAFLOW,OECD.SDD.STES:DSD_KEI@DF_KEI(4.0),I,CHN,M,IRSTCI,PA,_Z,_Z,_Z,2017-11,2.9
DATAFLOW,OECD.SDD.STES:DSD_KEI@DF_KEI(4.0),I,CHN,M,IRSTCI,PA,_Z,_Z,_Z,2017-10,2.9
DATAFLOW,OECD.SDD.STES:DSD_KEI@DF_KEI(4.0),I,CHN,M,IRSTCI,PA,_Z,_Z,_Z,2017-09,2.9
DATAFLOW,OECD.SDD.STES:DSD_KEI@DF_KEI(4.0),I,CHN,M,IRSTCI,PA,_Z,_Z,_Z,2017-08,2.9
DATAFLOW,OECD.SDD.STES:DSD_KEI@DF_KEI(4.0),I,CHN,M,IRSTCI,PA,_Z,_Z,_Z,2017-07,2.9
DATAFLOW,OECD.SDD.STES:DSD_KEI@DF_KEI(4.0),I,CHN,M,IRSTCI,PA,_Z,_Z,_Z,2017-06,2.9
DATAFLOW,OECD.SDD.STES:DSD_KEI@DF_KEI(4.0),I,CHN,M,IRSTCI,PA,_Z,_Z,_Z,2017-05,2.9
DATAFLOW,OECD.SDD.STES:DSD_KEI@DF_KEI(4.0),I,CHN,M,IRSTCI,PA,_Z,_Z,_Z,2017-04,2.9
DATAFLOW,OECD.SDD.STES:DSD_KEI@DF_KEI(4.0),I,CHN,M,IRSTCI,PA,_Z,_Z,_Z,2017-03,2.9
DATAFLOW,OECD.SDD.STES:DSD_KEI@DF_KEI(4.0),I,CHN,M,IRSTCI,PA,_Z,_Z,_Z,2017-02,2.9
DATAFLOW,OECD.SDD.STES:DSD_KEI@DF_KEI(4.0),I,CHN,M,IRSTCI,PA,_Z,_Z,_Z,2017-01,2.9
DATAFLOW,OECD.SDD.STES:DSD_KEI@DF_KEI(4.0),I,CHN,M,IRSTCI,PA,_Z,_Z,_Z,2016-12,2.9
DATAFLOW,OECD.SDD.STES:DSD_KEI@DF_KEI(4.0),I,CHN,M,IRSTCI,PA,_Z,_Z,_Z,2016-11,2.9
DATAFLOW,OECD.SDD.STES:DSD_KEI@DF_KEI(4.0),I,CHN,M,IRSTCI,PA,_Z,_Z,_Z,2016-10,2.9
DATAFLOW,OECD.SDD.STES:DSD_KEI@DF_KEI(4.0),I,CHN,M,IRSTCI,PA,_Z,_Z,_Z,2016-09,2.9
DATAFLOW,OECD.SDD.STES:DSD_KEI@DF_KEI(4.0),I,CHN,M,IRSTCI,PA,_Z,_Z,_Z,2016-08,2.9
DATAFLOW,OECD.SDD.STES:DSD_KEI@DF_KEI(4.0),I,CHN,M,IRSTCI,PA,_Z,_Z,_Z,2016-07,2.9
DATAFLOW,OECD.SDD.STES:DSD_KEI@DF_KEI(4.0),I,CHN,M,IRSTCI,PA,_Z,_Z,_Z,2016-06,2.9
DATAFLOW,OECD.SDD.STES:DSD_KEI@DF_KEI(4.0),I,CHN,M,IRSTCI,PA,_Z,_Z,_Z,2016-05,2.9
DATAFLOW,OECD.SDD.STES:DSD_KEI@DF_KEI(4.0),I,CHN,M,IRSTCI,PA,_Z,_Z,_Z,2016-04,2.9
DATAFLOW,OECD.SDD.STES:DSD_KEI@DF_KEI(4.0),I,CHN,M,IRSTCI,PA,_Z,_Z,_Z,2016-03,2.9
DATAFLOW,OECD.SDD.STES:DSD_KEI@DF_KEI(4.0),I,CHN,M,IRSTCI,PA,_Z,_Z,_Z,2016-02,2.9
DATAFLOW,OECD.SDD.STES:DSD_KEI@DF_KEI(4.0),I,CHN,M,IRSTCI,PA,_Z,_Z,_Z,2016-01,2.9
DATAFLOW,OECD.SDD.STES:DSD_KEI@DF_KEI(4.0),I,CHN,M,IRSTCI,PA,_Z,_Z,_Z,2015-12,2.9
DATAFLOW,OECD.SDD.STES:DSD_KEI@DF_KEI(4.0),I,CHN,M,IRSTCI,PA,_Z,_Z,_Z,2015-11,2.9
DATAFLOW,OECD.SDD.STES:DSD_KEI@DF_KEI(4.0),I,CHN,M,IRSTCI,PA,_Z,_Z,_Z,2009-09,2.79
DATAFLOW,OECD.SDD.STES:DSD_KEI@DF_KEI(4.0),I,CHN,M,IRSTCI,PA,_Z,_Z,_Z,2009-08,2.79
DATAFLOW,OECD.SDD.STES:DSD_KEI@DF_KEI(4.0),I,CHN,M,IRSTCI,PA,_Z,_Z,_Z,2009-07,2.79
DATAFLOW,OECD.SDD.STES:DSD_KEI@DF_KEI(4.0),I,CHN,M,IRSTCI,PA,_Z,_Z,_Z,2009-06,2.79
DATAFLOW,OECD.SDD.STES:DSD_KEI@DF_KEI(4.0),I,CHN,M,IRSTCI,PA,_Z,_Z,_Z,2009-05,2.79
DATAFLOW,OECD.SDD.STES:DSD_KEI@DF_KEI(4.0),I,CHN,M,IRSTCI,PA,_Z,_Z,_Z,2009-04,2.79
DATAFLOW,OECD.SDD.STES:DSD_KEI@DF_KEI(4.0),I,CHN,M,IRSTCI,PA,_Z,_Z,_Z,2009-03,2.79
DATAFLOW,OECD.SDD.STES:DSD_KEI@DF_KEI(4.0),I,CHN,M,IRSTCI,PA,_Z,_Z,_Z,2009-02,2.79
DATAFLOW,OECD.SDD.STES:DSD_KEI@DF_KEI(4.0),I,CHN,M,IRSTCI,PA,_Z,_Z,_Z,2009-01,2.79
DATAFLOW,OECD.SDD.STES:DSD_KEI@DF_KEI(4.0),I,CHN,M,IRSTCI,PA,_Z,_Z,_Z,2008-12,2.79
DATAFLOW,OECD.SDD.STES:DSD_KEI@DF_KEI(4.0),I,CHN,M,IRSTCI,PA,_Z,_Z,_Z,2008-11,3.06
DATAFLOW,OECD.SDD.STES:DSD_KEI@DF_KEI(4.0),I,CHN,M,IRSTCI,PA,_Z,_Z,_Z,2008-10,4.14
DATAFLOW,OECD.SDD.STES:DSD_KEI@DF_KEI(4.0),I,CHN,M,IRSTCI,PA,_Z,_Z,_Z,2008-09,4.14
DATAFLOW,OECD.SDD.STES:DSD_KEI@DF_KEI(4.0),I,CHN,M,IRSTCI,PA,_Z,_Z,_Z,2008-08,4.14
DATAFLOW,OECD.SDD.STES:DSD_KEI@DF_KEI(4.0),I,CHN,M,IRSTCI,PA,_Z,_Z,_Z,2008-07,4.14
DATAFLOW,OECD.SDD.STES:DSD_KEI@DF_KEI(4.0),I,CHN,M,IRSTCI,PA,_Z,_Z,_Z,2008-06,4.14
DATAFLOW,OECD.SDD.STES:DSD_KEI@DF_KEI(4.0),I,CHN,M,IRSTCI,PA,_Z,_Z,_Z,2008-05,4.14
DATAFLOW,OECD.SDD.STES:DSD_KEI@DF_KEI(4.0),I,CHN,M,IRSTCI,PA,_Z,_Z,_Z,2008-04,4.14
DATAFLOW,OECD.SDD.STES:DSD_KEI@DF_KEI(4.0),I,CHN,M,IRSTCI,PA,_Z,_Z,_Z,2008-03,4.14
DATAFLOW,OECD.SDD.STES:DSD_KEI@DF_KEI(4.0),I,CHN,M,IRSTCI,PA,_Z,_Z,_Z,2008-02,4.14
DATAFLOW,OECD.SDD.STES:DSD_KEI@DF_KEI(4.0),I,CHN,M,IRSTCI,PA,_Z,_Z,_Z,2008-01,4.14
DATAFLOW,OECD.SDD.STES:DSD_KEI@DF_KEI(4.0),I,CHN,M,IRSTCI,PA,_Z,_Z,_Z,2007-12,3.33
DATAFLOW,OECD.SDD.STES:DSD_KEI@DF_KEI(4.0),I,CHN,M,IRSTCI,PA,_Z,_Z,_Z,2007-11,3.33
DATAFLOW,OECD.SDD.STES:DSD_KEI@DF_KEI(4.0),I,CHN,M,IRSTCI,PA,_Z,_Z,_Z,2007-10,3.33
DATAFLOW,OECD.SDD.STES:DSD_KEI@DF_KEI(4.0),I,CHN,M,IRSTCI,PA,_Z,_Z,_Z,2007-09,3.33
DATAFLOW,OECD.SDD.STES:DSD_KEI@DF_KEI(4.0),I,CHN,M,IRSTCI,PA,_Z,_Z,_Z,2007-08,3.33
DATAFLOW,OECD.SDD.STES:DSD_KEI@DF_KEI(4.0),I,CHN,M,IRSTCI,PA,_Z,_Z,_Z,2007-07,3.33
DATAFLOW,OECD.SDD.STES:DSD_KEI@DF_KEI(4.0),I,CHN,M,IRSTCI,PA,_Z,_Z,_Z,2007-06,3.33
DATAFLOW,OECD.SDD.STES:DSD_KEI@DF_KEI(4.0),I,CHN,M,IRSTCI,PA,_Z,_Z,_Z,2007-05,3.33
DATAFLOW,OECD.SDD.STES:DSD_KEI@DF_KEI(4.0),I,CHN,M,IRSTCI,PA,_Z,_Z,_Z,2007-04,3.33
DATAFLOW,OECD.SDD.STES:DSD_KEI@DF_KEI(4.0),I,CHN,M,IRSTCI,PA,_Z,_Z,_Z,2007-03,3.33
DATAFLOW,OECD.SDD.STES:DSD_KEI@DF_KEI(4.0),I,CHN,M,IRSTCI,PA,_Z,_Z,_Z,2007-02,3.33
DATAFLOW,OECD.SDD.STES:DSD_KEI@DF_KEI(4.0),I,CHN,M,IRSTCI,PA,_Z,_Z,_Z,2007-01,3.33
DATAFLOW,OECD.SDD.STES:DSD_KEI@DF_KEI(4.0),I,CHN,M,IR3TIB,PA,_Z,_Z,_Z,2023-11,2.88
DATAFLOW,OECD.SDD.STES:DSD_KEI@DF_KEI(4.0),I,CHN,M,IR3TIB,PA,_Z,_Z,_Z,2023-10,2.73
DATAFLOW,OECD.SDD.STES:DSD_KEI@DF_KEI(4.0),I,CHN,M,IRLT,PA,_Z,_Z,_Z,2024-10,2.15
DATAFLOW,OECD.SDD.STES:DSD_KEI@DF_KEI(4.0),I,CHN,M,IRLT,PA,_Z,_Z,_Z,2024-09,2.15
DATAFLOW,OECD.SDD.STES:DSD_KEI@DF_KEI(4.0),I,CHN,M,IRLT,PA,_Z,_Z,_Z,2024-08,2.17
DATAFLOW,OECD.SDD.STES:DSD_KEI@DF_KEI(4.0),I,CHN,M,IRLT,PA,_Z,_Z,_Z,2024-07,2.15
DATAFLOW,OECD.SDD.STES:DSD_KEI@DF_KEI(4.0),I,CHN,M,IRLT,PA,_Z,_Z,_Z,2024-06,2.21
DATAFLOW,OECD.SDD.STES:DSD_KEI@DF_KEI(4.0),I,CHN,M,IRLT,PA,_Z,_Z,_Z,2024-05,2.29
DATAFLOW,OECD.SDD.STES:DSD_KEI@DF_KEI(4.0),I,CHN,M,IRLT,PA,_Z,_Z,_Z,2024-04,2.3
DATAFLOW,OECD.SDD.STES:DSD_KEI@DF_KEI(4.0),I,CHN,M,IRLT,PA,_Z,_Z,_Z,2024-03,2.29
DATAFLOW,OECD.SDD.STES:DSD_KEI@DF_KEI(4.0),I,CHN,M,IRLT,PA,_Z,_Z,_Z,2024-02,2.34
DATAFLOW,OECD.SDD.STES:DSD_KEI@DF_KEI(4.0),I,CHN,M,IRLT,PA,_Z,_Z,_Z,2024-01,2.43
DATAFLOW,OECD.SDD.STES:DSD_KEI@DF_KEI(4.0),I,CHN,M,IRLT,PA,_Z,_Z,_Z,2023-12,2.56
DATAFLOW,OECD.SDD.STES:DSD_KEI@DF_KEI(4.0),I,CHN,M,IRLT,PA,_Z,_Z,_Z,2023-11,2.67
DATAFLOW,OECD.SDD.STES:DSD_KEI@DF_KEI(4.0),I,CHN,M,IRLT,PA,_Z,_Z,_Z,2023-10,2.69
DATAFLOW,OECD.SDD.STES:DSD_KEI@DF_KEI(4.0),I,CHN,M,IRLT,PA,_Z,_Z,_Z,2023-09,2.68
DATAFLOW,OECD.SDD.STES:DSD_KEI@DF_KEI(4.0),I,CHN,M,IRLT,PA,_Z,_Z,_Z,2023-08,2.56
DATAFLOW,OECD.SDD.STES:DSD_KEI@DF_KEI(4.0),I,CHN,M,IRLT,PA,_Z,_Z,_Z,2023-07,2.66
DATAFLOW,OECD.SDD.STES:DSD_KEI@DF_KEI(4.0),I,CHN,M,IRLT,PA,_Z,_Z,_Z,2023-06,2.64
DATAFLOW,OECD.SDD.STES:DSD_KEI@DF_KEI(4.0),I,CHN,M,IR3TIB,PA,_Z,_Z,_Z,2012-02,5.36
DATAFLOW,OECD.SDD.STES:DSD_KEI@DF_KEI(4.0),I,CHN,M,IR3TIB,PA,_Z,_Z,_Z,2012-01,6.8
DATAFLOW,OECD.SDD.STES:DSD_KEI@DF_KEI(4.0),I,CHN,M,IR3TIB,PA,_Z,_Z,_Z,2011-12,5.57
DATAFLOW,OECD.SDD.STES:DSD_KEI@DF_KEI(4.0),I,CHN,M,IR3TIB,PA,_Z,_Z,_Z,2011-11,5.73
DATAFLOW,OECD.SDD.STES:DSD_KEI@DF_KEI(4.0),I,CHN,M,IR3TIB,PA,_Z,_Z,_Z,2011-10,5.67
DATAFLOW,OECD.SDD.STES:DSD_KEI@DF_KEI(4.0),I,CHN,M,IRLT,PA,_Z,_Z,_Z,2021-08,2.845
DATAFLOW,OECD.SDD.STES:DSD_KEI@DF_KEI(4.0),I,CHN,M,IRLT,PA,_Z,_Z,_Z,2021-07,2.8363
DATAFLOW,OECD.SDD.STES:DSD_KEI@DF_KEI(4.0),I,CHN,M,IRLT,PA,_Z,_Z,_Z,2021-06,3.0778
DATAFLOW,OECD.SDD.STES:DSD_KEI@DF_KEI(4.0),I,CHN,M,IRLT,PA,_Z,_Z,_Z,2021-05,3.045
DATAFLOW,OECD.SDD.STES:DSD_KEI@DF_KEI(4.0),I,CHN,M,IRLT,PA,_Z,_Z,_Z,2021-04,3.164
DATAFLOW,OECD.SDD.STES:DSD_KEI@DF_KEI(4.0),I,CHN,M,IRLT,PA,_Z,_Z,_Z,2021-03,3.1887
DATAFLOW,OECD.SDD.STES:DSD_KEI@DF_KEI(4.0),I,CHN,M,IRLT,PA,_Z,_Z,_Z,2021-02,3.2798
DATAFLOW,OECD.SDD.STES:DSD_KEI@DF_KEI(4.0),I,CHN,M,IRLT,PA,_Z,_Z,_Z,2021-01,3.1786
DATAFLOW,OECD.SDD.STES:DSD_KEI@DF_KEI(4.0),I,CHN,M,IRLT,PA,_Z,_Z,_Z,2020-12,3.1429
DATAFLOW,OECD.SDD.STES:DSD_KEI@DF_KEI(4.0),I,CHN,M,IRLT,PA,_Z,_Z,_Z,2020-11,3.25
DATAFLOW,OECD.SDD.STES:DSD_KEI@DF_KEI(4.0),I,CHN,M,IRLT,PA,_Z,_Z,_Z,2020-10,3.181
DATAFLOW,OECD.SDD.STES:DSD_KEI@DF_KEI(4.0),I,CHN,M,IRLT,PA,_Z,_Z,_Z,2020-09,3.1482
DATAFLOW,OECD.SDD.STES:DSD_KEI@DF_KEI(4.0),I,CHN,M,IRLT,PA,_Z,_Z,_Z,2020-08,3.0177
DATAFLOW,OECD.SDD.STES:DSD_KEI@DF_KEI(4.0),I,CHN,M,IRLT,PA,_Z,_Z,_Z,2020-07,2.9664
DATAFLOW,OECD.SDD.STES:DSD_KEI@DF_KEI(4.0),I,CHN,M,IRLT,PA,_Z,_Z,_Z,2020-06,2.823
DATAFLOW,OECD.SDD.STES:DSD_KEI@DF_KEI(4.0),I,CHN,M,IRLT,PA,_Z,_Z,_Z,2020-05,2.7053
DATAFLOW,OECD.SDD.STES:DSD_KEI@DF_KEI(4.0),I,CHN,M,IRLT,PA,_Z,_Z,_Z,2020-04,2.538
DATAFLOW,OECD.SDD.STES:DSD_KEI@DF_KEI(4.0),I,CHN,M,IRLT,PA,_Z,_Z,_Z,2020-03,2.5899
DATAFLOW,OECD.SDD.STES:DSD_KEI@DF_KEI(4.0),I,CHN,M,IRLT,PA,_Z,_Z,_Z,2020-02,2.7376
DATAFLOW,OECD.SDD.STES:DSD_KEI@DF_KEI(4.0),I,CHN,M,IRLT,PA,_Z,_Z,_Z,2020-01,2.9932
DATAFLOW,OECD.SDD.STES:DSD_KEI@DF_KEI(4.0),I,CHN,M,IRLT,PA,_Z,_Z,_Z,2019-12,3.1365
DATAFLOW,OECD.SDD.STES:DSD_KEI@DF_KEI(4.0),I,CHN,M,IRLT,PA,_Z,_Z,_Z,2019-11,3.165
DATAFLOW,OECD.SDD.STES:DSD_KEI@DF_KEI(4.0),I,CHN,M,IRLT,PA,_Z,_Z,_Z,2019-10,3.288
DATAFLOW,OECD.SDD.STES:DSD_KEI@DF_KEI(4.0),I,CHN,M,IRLT,PA,_Z,_Z,_Z,2019-09,3.1411
DATAFLOW,OECD.SDD.STES:DSD_KEI@DF_KEI(4.0),I,CHN,M,IRLT,PA,_Z,_Z,_Z,2019-08,3.0573
DATAFLOW,OECD.SDD.STES:DSD_KEI@DF_KEI(4.0),I,CHN,M,IRLT,PA,_Z,_Z,_Z,2019-07,3.1552
DATAFLOW,OECD.SDD.STES:DSD_KEI@DF_KEI(4.0),I,CHN,M,IRLT,PA,_Z,_Z,_Z,2019-06,3.2254
DATAFLOW,OECD.SDD.STES:DSD_KEI@DF_KEI(4.0),I,CHN,M,IRLT,PA,_Z,_Z,_Z,2019-05,3.2751
DATAFLOW,OECD.SDD.STES:DSD_KEI@DF_KEI(4.0),I,CHN,M,IRLT,PA,_Z,_Z,_Z,2019-04,3.3869
DATAFLOW,OECD.SDD.STES:DSD_KEI@DF_KEI(4.0),I,CHN,M,IRLT,PA,_Z,_Z,_Z,2019-03,3.0683
DATAFLOW,OECD.SDD.STES:DSD_KEI@DF_KEI(4.0),I,CHN,M,IRLT,PA,_Z,_Z,_Z,2019-02,3.1731
DATAFLOW,OECD.SDD.STES:DSD_KEI@DF_KEI(4.0),I,CHN,M,IRLT,PA,_Z,_Z,_Z,2019-01,3.1037
DATAFLOW,OECD.SDD.STES:DSD_KEI@DF_KEI(4.0),I,CHN,M,IRLT,PA,_Z,_Z,_Z,2018-12,3.23
DATAFLOW,OECD.SDD.STES:DSD_KEI@DF_KEI(4.0),I,CHN,M,IRLT,PA,_Z,_Z,_Z,2018-11,3.36
DATAFLOW,OECD.SDD.STES:DSD_KEI@DF_KEI(4.0),I,CHN,M,IRLT,PA,_Z,_Z,_Z,2018-10,3.51
DATAFLOW,OECD.SDD.STES:DSD_KEI@DF_KEI(4.0),I,CHN,M,IRLT,PA,_Z,_Z,_Z,2018-09,3.61
DATAFLOW,OECD.SDD.STES:DSD_KEI@DF_KEI(4.0),I,CHN,M,IRLT,PA,_Z,_Z,_Z,2018-08,3.58
DATAFLOW,OECD.SDD.STES:DSD_KEI@DF_KEI(4.0),I,CHN,M,IRLT,PA,_Z,_Z,_Z,2018-07,3.48
DATAFLOW,OECD.SDD.STES:DSD_KEI@DF_KEI(4.0),I,CHN,M,IRLT,PA,_Z,_Z,_Z,2018-06,3.48
DATAFLOW,OECD.SDD.STES:DSD_KEI@DF_KEI(4.0),I,CHN,M,IRLT,PA,_Z,_Z,_Z,2018-05,3.61
DATAFLOW,OECD.SDD.STES:DSD_KEI@DF_KEI(4.0),I,CHN,M,IRLT,PA,_Z,_Z,_Z,2018-04,3.62
DATAFLOW,OECD.SDD.STES:DSD_KEI@DF_KEI(4.0),I,CHN,M,IRLT,PA,_Z,_Z,_Z,2018-03,3.74
DATAFLOW,OECD.SDD.STES:DSD_KEI@DF_KEI(4.0),I,CHN,M,IRLT,PA,_Z,_Z,_Z,2018-02,3.82
DATAFLOW,OECD.SDD.STES:DSD_KEI@DF_KEI(4.0),I,CHN,M,IRLT,PA,_Z,_Z,_Z,2018-01,3.91
DATAFLOW,OECD.SDD.STES:DSD_KEI@DF_KEI(4.0),I,CHN,M,IRLT,PA,_Z,_Z,_Z,2017-12,3.88
DATAFLOW,OECD.SDD.STES:DSD_KEI@DF_KEI(4.0),I,CHN,M,IRLT,PA,_Z,_Z,_Z,2017-11,3.89
DATAFLOW,OECD.SDD.STES:DSD_KEI@DF_KEI(4.0),I,CHN,M,IRLT,PA,_Z,_Z,_Z,2017-10,3.89
DATAFLOW,OECD.SDD.STES:DSD_KEI@DF_KEI(4.0),I,CHN,M,IRLT,PA,_Z,_Z,_Z,2017-09,3.61
DATAFLOW,OECD.SDD.STES:DSD_KEI@DF_KEI(4.0),I,CHN,M,IRLT,PA,_Z,_Z,_Z,2017-08,3.63
DATAFLOW,OECD.SDD.STES:DSD_KEI@DF_KEI(4.0),I,CHN,M,IRLT,PA,_Z,_Z,_Z,2017-07,3.63
DATAFLOW,OECD.SDD.STES:DSD_KEI@DF_KEI(4.0),I,CHN,M,IRLT,PA,_Z,_Z,_Z,2017-06,3.57
DATAFLOW,OECD.SDD.STES:DSD_KEI@DF_KEI(4.0),I,CHN,M,IRLT,PA,_Z,_Z,_Z,2017-05,3.61
DATAFLOW,OECD.SDD.STES:DSD_KEI@DF_KEI(4.0),I,CHN,M,IRLT,PA,_Z,_Z,_Z,2017-04,3.47
DATAFLOW,OECD.SDD.STES:DSD_KEI@DF_KEI(4.0),I,CHN,M,IRLT,PA,_Z,_Z,_Z,2017-03,3.28
DATAFLOW,OECD.SDD.STES:DSD_KEI@DF_KEI(4.0),I,CHN,M,IRLT,PA,_Z,_Z,_Z,2017-02,3.29
DATAFLOW,OECD.SDD.STES:DSD_KEI@DF_KEI(4.0),I,CHN,M,IRLT,PA,_Z,_Z,_Z,2017-01,3.35
DATAFLOW,OECD.SDD.STES:DSD_KEI@DF_KEI(4.0),I,CHN,M,IRLT,PA,_Z,_Z,_Z,2016-12,3.0115
DATAFLOW,OECD.SDD.STES:DSD_KEI@DF_KEI(4.0),I,CHN,M,IRLT,PA,_Z,_Z,_Z,2016-11,2.9502
DATAFLOW,OECD.SDD.STES:DSD_KEI@DF_KEI(4.0),I,CHN,M,IRLT,PA,_Z,_Z,_Z,2016-10,2.7425
DATAFLOW,OECD.SDD.STES:DSD_KEI@DF_KEI(4.0),I,CHN,M,IRLT,PA,_Z,_Z,_Z,2016-09,2.7258
DATAFLOW,OECD.SDD.STES:DSD_KEI@DF_KEI(4.0),I,CHN,M,IRLT,PA,_Z,_Z,_Z,2016-08,2.7425
DATAFLOW,OECD.SDD.STES:DSD_KEI@DF_KEI(4.0),I,CHN,M,IRLT,PA,_Z,_Z,_Z,2016-07,2.7768
DATAFLOW,OECD.SDD.STES:DSD_KEI@DF_KEI(4.0),I,CHN,M,IRLT,PA,_Z,_Z,_Z,2016-06,2.8411
DATAFLOW,OECD.SDD.STES:DSD_KEI@DF_KEI(4.0),I,CHN,M,IRLT,PA,_Z,_Z,_Z,2016-05,2.9851
DATAFLOW,OECD.SDD.STES:DSD_KEI@DF_KEI(4.0),I,CHN,M,IRLT,PA,_Z,_Z,_Z,2016-04,2.8913
DATAFLOW,OECD.SDD.STES:DSD_KEI@DF_KEI(4.0),I,CHN,M,IRLT,PA,_Z,_Z,_Z,2016-03,2.8419
DATAFLOW,OECD.SDD.STES:DSD_KEI@DF_KEI(4.0),I,CHN,M,IRLT,PA,_Z,_Z,_Z,2016-02,2.8502
DATAFLOW,OECD.SDD.STES:DSD_KEI@DF_KEI(4.0),I,CHN,M,IRLT,PA,_Z,_Z,_Z,2016-01,2.8419
DATAFLOW,OECD.SDD.STES:DSD_KEI@DF_KEI(4.0),I,CHN,M,IRLT,PA,_Z,_Z,_Z,2015-12,2.8212
DATAFLOW,OECD.SDD.STES:DSD_KEI@DF_KEI(4.0),I,CHN,M,IRLT,PA,_Z,_Z,_Z,2015-11,3.0404
DATAFLOW,OECD.SDD.STES:DSD_KEI@DF_KEI(4.0),I,CHN,M,IRLT,PA,_Z,_Z,_Z,2015-10,3.06
DATAFLOW,OECD.SDD.STES:DSD_KEI@DF_KEI(4.0),I,CHN,M,IRLT,PA,_Z,_Z,_Z,2015-09,3.2362
DATAFLOW,OECD.SDD.STES:DSD_KEI@DF_KEI(4.0),I,CHN,M,IRLT,PA,_Z,_Z,_Z,2015-08,3.3252
DATAFLOW,OECD.SDD.STES:DSD_KEI@DF_KEI(4.0),I,CHN,M,IRLT,PA,_Z,_Z,_Z,2015-07,3.4752
DATAFLOW,OECD.SDD.STES:DSD_KEI@DF_KEI(4.0),I,CHN,M,IRLT,PA,_Z,_Z,_Z,2015-06,3.5976
DATAFLOW,OECD.SDD.STES:DSD_KEI@DF_KEI(4.0),I,CHN,M,IRLT,PA,_Z,_Z,_Z,2015-05,3.5954
DATAFLOW,OECD.SDD.STES:DSD_KEI@DF_KEI(4.0),I,CHN,M,IRLT,PA,_Z,_Z,_Z,2015-04,3.3503
DATAFLOW,OECD.SDD.STES:DSD_KEI@DF_KEI(4.0),I,CHN,M,IRLT,PA,_Z,_Z,_Z,2015-03,3.6483
DATAFLOW,OECD.SDD.STES:DSD_KEI@DF_KEI(4.0),I,CHN,M,IRLT,PA,_Z,_Z,_Z,2015-02,3.3602
DATAFLOW,OECD.SDD.STES:DSD_KEI@DF_KEI(4.0),I,CHN,M,IRLT,PA,_Z,_Z,_Z,2015-01,3.4966
DATAFLOW,OECD.SDD.STES:DSD_KEI@DF_KEI(4.0),I,CHN,M,IRLT,PA,_Z,_Z,_Z,2014-12,3.6219
DATAFLOW,OECD.SDD.STES:DSD_KEI@DF_KEI(4.0),I,CHN,M,IRLT,PA,_Z,_Z,_Z,2014-11,3.5249
DATAFLOW,OECD.SDD.STES:DSD_KEI@DF_KEI(4.0),I,CHN,M,IRLT,PA,_Z,_Z,_Z,2014-10,3.7559
DATAFLOW,OECD.SDD.STES:DSD_KEI@DF_KEI(4.0),I,CHN,M,IRLT,PA,_Z,_Z,_Z,2014-09,3.9824
DATAFLOW,OECD.SDD.STES:DSD_KEI@DF_KEI(4.0),I,CHN,M,IRLT,PA,_Z,_Z,_Z,2014-08,4.2361
DATAFLOW,OECD.SDD.STES:DSD_KEI@DF_KEI(4.0),I,CHN,M,IRLT,PA,_Z,_Z,_Z,2014-07,4.2655
DATAFLOW,OECD.SDD.STES:DSD_KEI@DF_KEI(4.0),I,CHN,M,IRLT,PA,_Z,_Z,_Z,2014-06,4.0612
DATAFLOW,OECD.SDD.STES:DSD_KEI@DF_KEI(4.0),I,CHN,M,IRLT,PA,_Z,_Z,_Z,2014-05,4.0714
DATAFLOW,OECD.SDD.STES:DSD_KEI@DF_KEI(4.0),I,CHN,M,IRLT,PA,_Z,_Z,_Z,2014-04,4.3002
DATAFLOW,OECD.SDD.STES:DSD_KEI@DF_KEI(4.0),I,CHN,M,IRLT,PA,_Z,_Z,_Z,2014-03,4.5004
DATAFLOW,OECD.SDD.STES:DSD_KEI@DF_KEI(4.0),I,CHN,M,IRLT,PA,_Z,_Z,_Z,2014-02,4.4276
DATAFLOW,OECD.SDD.STES:DSD_KEI@DF_KEI(4.0),I,CHN,M,IRLT,PA,_Z,_Z,_Z,2014-01,4.5019
DATAFLOW,OECD.SDD.STES:DSD_KEI@DF_KEI(4.0),I,CHN,M,IR3TIB,PA,_Z,_Z,_Z,2025-11,1.66
DATAFLOW,OECD.SDD.STES:DSD_KEI@DF_KEI(4.0),I,CHN,M,IR3TIB,PA,_Z,_Z,_Z,2025-10,1.69
DATAFLOW,OECD.SDD.STES:DSD_KEI@DF_KEI(4.0),I,CHN,M,IR3TIB,PA,_Z,_Z,_Z,2025-09,1.68
DATAFLOW,OECD.SDD.STES:DSD_KEI@DF_KEI(4.0),I,CHN,M,IR3TIB,PA,_Z,_Z,_Z,2025-08,1.66
DATAFLOW,OECD.SDD.STES:DSD_KEI@DF_KEI(4.0),I,CHN,M,IR3TIB,PA,_Z,_Z,_Z,2025-07,1.78
DATAFLOW,OECD.SDD.STES:DSD_KEI@DF_KEI(4.0),I,CHN,M,IR3TIB,PA,_Z,_Z,_Z,2025-06,1.79
DATAFLOW,OECD.SDD.STES:DSD_KEI@DF_KEI(4.0),I,CHN,M,IR3TIB,PA,_Z,_Z,_Z,2025-05,1.83
DATAFLOW,OECD.SDD.STES:DSD_KEI@DF_KEI(4.0),I,CHN,M,IR3TIB,PA,_Z,_Z,_Z,2025-04,2.02
DATAFLOW,OECD.SDD.STES:DSD_KEI@DF_KEI(4.0),I,CHN,M,IR3TIB,PA,_Z,_Z,_Z,2025-03,2.14
DATAFLOW,OECD.SDD.STES:DSD_KEI@DF_KEI(4.0),I,CHN,M,IR3TIB,PA,_Z,_Z,_Z,2025-02,1.99
DATAFLOW,OECD.SDD.STES:DSD_KEI@DF_KEI(4.0),I,CHN,M,IR3TIB,PA,_Z,_Z,_Z,2025-01,1.94
DATAFLOW,OECD.SDD.STES:DSD_KEI@DF_KEI(4.0),I,CHN,M,IR3TIB,PA,_Z,_Z,_Z,2024-12,2.0
DATAFLOW,OECD.SDD.STES:DSD_KEI@DF_KEI(4.0),I,CHN,M,IR3TIB,PA,_Z,_Z,_Z,2024-11,2.04
DATAFLOW,OECD.SDD.STES:DSD_KEI@DF_KEI(4.0),I,CHN,M,IR3TIB,PA,_Z,_Z,_Z,2024-10,2.1
DATAFLOW,OECD.SDD.STES:DSD_KEI@DF_KEI(4.0),I,CHN,M,IR3TIB,PA,_Z,_Z,_Z,2024-09,2.06
DATAFLOW,OECD.SDD.STES:DSD_KEI@DF_KEI(4.0),I,CHN,M,IR3TIB,PA,_Z,_Z,_Z,2024-08,2.04
DATAFLOW,OECD.SDD.STES:DSD_KEI@DF_KEI(4.0),I,CHN,M,IR3TIB,PA,_Z,_Z,_Z,2024-07,2.21
DATAFLOW,OECD.SDD.STES:DSD_KEI@DF_KEI(4.0),I,CHN,M,IR3TIB,PA,_Z,_Z,_Z,2024-06,2.23
DATAFLOW,OECD.SDD.STES:DSD_KEI@DF_KEI(4.0),I,CHN,M,IR3TIB,PA,_Z,_Z,_Z,2024-05,2.32
DATAFLOW,OECD.SDD.STES:DSD_KEI@DF_KEI(4.0),I,CHN,M,IR3TIB,PA,_Z,_Z,_Z,2024-04,2.49
DATAFLOW,OECD.SDD.STES:DSD_KEI@DF_KEI(4.0),I,CHN,M,IR3TIB,PA,_Z,_Z,_Z,2024-03,2.53
DATAFLOW,OECD.SDD.STES:DSD_KEI@DF_KEI(4.0),I,CHN,M,IR3TIB,PA,_Z,_Z,_Z,2024-02,2.69
DATAFLOW,OECD.SDD.STES:DSD_KEI@DF_KEI(4.0),I,CHN,M,IR3TIB,PA,_Z,_Z,_Z,2024-01,2.79
DATAFLOW,OECD.SDD.STES:DSD_KEI@DF_KEI(4.0),I,CHN,M,IR3TIB,PA,_Z,_Z,_Z,2023-12,3.02
DATAFLOW,OECD.SDD.STES:DSD_KEI@DF_KEI(4.0),I,GBR,M,IRLT,PA,_Z,_Z,_Z,2023-07,4.4372
DATAFLOW,OECD.SDD.STES:DSD_KEI@DF_KEI(4.0),I,GBR,M,IRLT,PA,_Z,_Z,_Z,2023-06,4.3659
DATAFLOW,OECD.SDD.STES:DSD_KEI@DF_KEI(4.0),I,GBR,M,IRLT,PA,_Z,_Z,_Z,2023-05,3.9621
DATAFLOW,OECD.SDD.STES:DSD_KEI@DF_KEI(4.0),I,GBR,M,IRLT,PA,_Z,_Z,_Z,2023-04,3.6503
DATAFLOW,OECD.SDD.STES:DSD_KEI@DF_KEI(4.0),I,GBR,M,IRLT,PA,_Z,_Z,_Z,2023-03,3.5638
DATAFLOW,OECD.SDD.STES:DSD_KEI@DF_KEI(4.0),I,GBR,M,IRLT,PA,_Z,_Z,_Z,2023-02,3.5553
DATAFLOW,OECD.SDD.STES:DSD_KEI@DF_KEI(4.0),I,GBR,M,IRLT,PA,_Z,_Z,_Z,2023-01,3.5115
DATAFLOW,OECD.SDD.STES:DSD_KEI@DF_KEI(4.0),I,GBR,M,IRLT,PA,_Z,_Z,_Z,2022-12,3.5015
DATAFLOW,OECD.SDD.STES:DSD_KEI@DF_KEI(4.0),I,GBR,M,IRLT,PA,_Z,_Z,_Z,2022-11,3.4171
DATAFLOW,OECD.SDD.STES:DSD_KEI@DF_KEI(4.0),I,CHN,M,IRSTCI,PA,_Z,_Z,_Z,2023-08,2.9
DATAFLOW,OECD.SDD.STES:DSD_KEI@DF_KEI(4.0),I,CHN,M,IRSTCI,PA,_Z,_Z,_Z,2023-07,2.9
DATAFLOW,OECD.SDD.STES:DSD_KEI@DF_KEI(4.0),I,CHN,M,IRSTCI,PA,_Z,_Z,_Z,2023-06,2.9
DATAFLOW,OECD.SDD.STES:DSD_KEI@DF_KEI(4.0),I,CHN,M,IRSTCI,PA,_Z,_Z,_Z,2023-05,2.9
DATAFLOW,OECD.SDD.STES:DSD_KEI@DF_KEI(4.0),I,CHN,M,IRSTCI,PA,_Z,_Z,_Z,2023-04,2.9
DATAFLOW,OECD.SDD.STES:DSD_KEI@DF_KEI(4.0),I,CHN,M,IRSTCI,PA,_Z,_Z,_Z,2023-03,2.9
DATAFLOW,OECD.SDD.STES:DSD_KEI@DF_KEI(4.0),I,CHN,M,IRSTCI,PA,_Z,_Z,_Z,2023-02,2.9
DATAFLOW,OECD.SDD.STES:DSD_KEI@DF_KEI(4.0),I,CHN,M,IRSTCI,PA,_Z,_Z,_Z,2023-01,2.9
DATAFLOW,OECD.SDD.STES:DSD_KEI@DF_KEI(4.0),I,CHN,M,IRSTCI,PA,_Z,_Z,_Z,2022-12,2.9
DATAFLOW,OECD.SDD.STES:DSD_KEI@DF_KEI(4.0),I,CHN,M,IRSTCI,PA,_Z,_Z,_Z,2022-11,2.9
DATAFLOW,OECD.SDD.STES:DSD_KEI@DF_KEI(4.0),I,CHN,M,IRSTCI,PA,_Z,_Z,_Z,2022-10,2.9
DATAFLOW,OECD.SDD.STES:DSD_KEI@DF_KEI(4.0),I,CHN,M,IRSTCI,PA,_Z,_Z,_Z,2022-09,2.9
DATAFLOW,OECD.SDD.STES:DSD_KEI@DF_KEI(4.0),I,CHN,M,IRSTCI,PA,_Z,_Z,_Z,2022-08,2.9
DATAFLOW,OECD.SDD.STES:DSD_KEI@DF_KEI(4.0),I,GBR,M,IRLT,PA,_Z,_Z,_Z,2020-05,0.2743
DATAFLOW,OECD.SDD.STES:DSD_KEI@DF_KEI(4.0),I,GBR,M,IRLT,PA,_Z,_Z,_Z,2020-04,0.3577
DATAFLOW,OECD.SDD.STES:DSD_KEI@DF_KEI(4.0),I,GBR,M,IRLT,PA,_Z,_Z,_Z,2020-03,0.4609
DATAFLOW,OECD.SDD.STES:DSD_KEI@DF_KEI(4.0),I,GBR,M,IRLT,PA,_Z,_Z,_Z,2020-02,0.633
DATAFLOW,OECD.SDD.STES:DSD_KEI@DF_KEI(4.0),I,GBR,M,IRLT,PA,_Z,_Z,_Z,2020-01,0.7235
DATAFLOW,OECD.SDD.STES:DSD_KEI@DF_KEI(4.0),I,GBR,M,IRLT,PA,_Z,_Z,_Z,2019-12,0.8308
DATAFLOW,OECD.SDD.STES:DSD_KEI@DF_KEI(4.0),I,GBR,M,IRLT,PA,_Z,_Z,_Z,2019-11,0.765
DATAFLOW,OECD.SDD.STES:DSD_KEI@DF_KEI(4.0),I,GBR,M,IRLT,PA,_Z,_Z,_Z,2019-10,0.6373
DATAFLOW,OECD.SDD.STES:DSD_KEI@DF_KEI(4.0),I,GBR,M,IRLT,PA,_Z,_Z,_Z,2019-09,0.5981
DATAFLOW,OECD.SDD.STES:DSD_KEI@DF_KEI(4.0),I,GBR,M,IRLT,PA,_Z,_Z,_Z,2019-08,0.5776
DATAFLOW,OECD.SDD.STES:DSD_KEI@DF_KEI(4.0),I,GBR,M,IRLT,PA,_Z,_Z,_Z,2019-07,0.8304
DATAFLOW,OECD.SDD.STES:DSD_KEI@DF_KEI(4.0),I,GBR,M,IRLT,PA,_Z,_Z,_Z,2019-06,0.919
DATAFLOW,OECD.SDD.STES:DSD_KEI@DF_KEI(4.0),I,GBR,M,IRLT,PA,_Z,_Z,_Z,2019-05,1.13
DATAFLOW,OECD.SDD.STES:DSD_KEI@DF_KEI(4.0),I,GBR,M,IRLT,PA,_Z,_Z,_Z,2019-04,1.1906
DATAFLOW,OECD.SDD.STES:DSD_KEI@DF_KEI(4.0),I,GBR,M,IRLT,PA,_Z,_Z,_Z,2019-03,1.19
DATAFLOW,OECD.SDD.STES:DSD_KEI@DF_KEI(4.0),I,GBR,M,IRLT,PA,_Z,_Z,_Z,2019-02,1.239
DATAFLOW,OECD.SDD.STES:DSD_KEI@DF_KEI(4.0),I,GBR,M,IRLT,PA,_Z,_Z,_Z,2019-01,1.3221
DATAFLOW,OECD.SDD.STES:DSD_KEI@DF_KEI(4.0),I,GBR,M,IRLT,PA,_Z,_Z,_Z,2018-12,1.3125
DATAFLOW,OECD.SDD.STES:DSD_KEI@DF_KEI(4.0),I,GBR,M,IRLT,PA,_Z,_Z,_Z,2018-11,1.4541
DATAFLOW,OECD.SDD.STES:DSD_KEI@DF_KEI(4.0),I,GBR,M,IRLT,PA,_Z,_Z,_Z,2018-10,1.5462
DATAFLOW,OECD.SDD.STES:DSD_KEI@DF_KEI(4.0),I,GBR,M,IRLT,PA,_Z,_Z,_Z,2018-09,1.5023
DATAFLOW,OECD.SDD.STES:DSD_KEI@DF_KEI(4.0),I,GBR,M,IRLT,PA,_Z,_Z,_Z,2018-08,1.3991
DATAFLOW,OECD.SDD.STES:DSD_KEI@DF_KEI(4.0),I,GBR,M,IRLT,PA,_Z,_Z,_Z,2018-07,1.3739
DATAFLOW,OECD.SDD.STES:DSD_KEI@DF_KEI(4.0),I,GBR,M,IRLT,PA,_Z,_Z,_Z,2018-06,1.4229
DATAFLOW,OECD.SDD.STES:DSD_KEI@DF_KEI(4.0),I,GBR,M,IRLT,PA,_Z,_Z,_Z,2018-05,1.5016
DATAFLOW,OECD.SDD.STES:DSD_KEI@DF_KEI(4.0),I,GBR,M,IRLT,PA,_Z,_Z,_Z,2018-04,1.5108
DATAFLOW,OECD.SDD.STES:DSD_KEI@DF_KEI(4.0),I,GBR,M,IRLT,PA,_Z,_Z,_Z,2018-03,1.508
DATAFLOW,OECD.SDD.STES:DSD_KEI@DF_KEI(4.0),I,GBR,M,IRLT,PA,_Z,_Z,_Z,2018-02,1.6034
DATAFLOW,OECD.SDD.STES:DSD_KEI@DF_KEI(4.0),I,GBR,M,IRLT,PA,_Z,_Z,_Z,2018-01,1.3931
DATAFLOW,OECD.SDD.STES:DSD_KEI@DF_KEI(4.0),I,GBR,M,IRLT,PA,_Z,_Z,_Z,2017-12,1.2781
DATAFLOW,OECD.SDD.STES:DSD_KEI@DF_KEI(4.0),I,GBR,M,IRLT,PA,_Z,_Z,_Z,2017-11,1.3299
DATAFLOW,OECD.SDD.STES:DSD_KEI@DF_KEI(4.0),I,GBR,M,IRLT,PA,_Z,_Z,_Z,2017-10,1.3816
DATAFLOW,OECD.SDD.STES:DSD_KEI@DF_KEI(4.0),I,GBR,M,IRLT,PA,_Z,_Z,_Z,2017-09,1.2436
DATAFLOW,OECD.SDD.STES:DSD_KEI@DF_KEI(4.0),I,GBR,M,IRLT,PA,_Z,_Z,_Z,2017-08,1.1241
DATAFLOW,OECD.SDD.STES:DSD_KEI@DF_KEI(4.0),I,GBR,M,IRLT,PA,_Z,_Z,_Z,2017-07,1.2713
DATAFLOW,OECD.SDD.STES:DSD_KEI@DF_KEI(4.0),I,GBR,M,IRLT,PA,_Z,_Z,_Z,2017-06,1.0846
DATAFLOW,OECD.SDD.STES:DSD_KEI@DF_KEI(4.0),I,GBR,M,IRLT,PA,_Z,_Z,_Z,2017-05,1.1175
DATAFLOW,OECD.SDD.STES:DSD_KEI@DF_KEI(4.0),I,GBR,M,IRLT,PA,_Z,_Z,_Z,2017-04,1.0789
DATAFLOW,OECD.SDD.STES:DSD_KEI@DF_KEI(4.0),I,GBR,M,IRLT,PA,_Z,_Z,_Z,2017-03,1.194
DATAFLOW,OECD.SDD.STES:DSD_KEI@DF_KEI(4.0),I,GBR,M,IRLT,PA,_Z,_Z,_Z,2017-02,1.3058
DATAFLOW,OECD.SDD.STES:DSD_KEI@DF_KEI(4.0),I,GBR,M,IRLT,PA,_Z,_Z,_Z,2017-01,1.4203
DATAFLOW,OECD.SDD.STES:DSD_KEI@DF_KEI(4.0),I,GBR,M,IRLT,PA,_Z,_Z,_Z,2016-12,1.4336
DATAFLOW,OECD.SDD.STES:DSD_KEI@DF_KEI(4.0),I,GBR,M,IRLT,PA,_Z,_Z,_Z,2016-11,1.3818
DATAFLOW,OECD.SDD.STES:DSD_KEI@DF_KEI(4.0),I,GBR,M,IRLT,PA,_Z,_Z,_Z,2016-10,1.078
DATAFLOW,OECD.SDD.STES:DSD_KEI@DF_KEI(4.0),I,GBR,M,IRLT,PA,_Z,_Z,_Z,2016-09,0.8243
DATAFLOW,OECD.SDD.STES:DSD_KEI@DF_KEI(4.0),I,GBR,M,IRLT,PA,_Z,_Z,_Z,2016-08,0.7421
DATAFLOW,OECD.SDD.STES:DSD_KEI@DF_KEI(4.0),I,GBR,M,IRLT,PA,_Z,_Z,_Z,2016-07,0.9569
DATAFLOW,OECD.SDD.STES:DSD_KEI@DF_KEI(4.0),I,GBR,M,IRLT,PA,_Z,_Z,_Z,2016-06,1.3105
DATAFLOW,OECD.SDD.STES:DSD_KEI@DF_KEI(4.0),I,GBR,M,IRLT,PA,_Z,_Z,_Z,2016-05,1.5366
DATAFLOW,OECD.SDD.STES:DSD_KEI@DF_KEI(4.0),I,GBR,M,IRLT,PA,_Z,_Z,_Z,2016-04,1.5688
DATAFLOW,OECD.SDD.STES:DSD_KEI@DF_KEI(4.0),I,GBR,M,IRLT,PA,_Z,_Z,_Z,2016-03,1.5434
DATAFLOW,OECD.SDD.STES:DSD_KEI@DF_KEI(4.0),I,GBR,M,IRLT,PA,_Z,_Z,_Z,2016-02,1.5032
DATAFLOW,OECD.SDD.STES:DSD_KEI@DF_KEI(4.0),I,GBR,M,IRLT,PA,_Z,_Z,_Z,2016-01,1.7833
DATAFLOW,OECD.SDD.STES:DSD_KEI@DF_KEI(4.0),I,GBR,M,IRLT,PA,_Z,_Z,_Z,2015-12,1.9234
DATAFLOW,OECD.SDD.STES:DSD_KEI@DF_KEI(4.0),I,GBR,M,IRLT,PA,_Z,_Z,_Z,2015-11,1.9779
DATAFLOW,OECD.SDD.STES:DSD_KEI@DF_KEI(4.0),I,GBR,M,IRLT,PA,_Z,_Z,_Z,2015-10,1.846
DATAFLOW,OECD.SDD.STES:DSD_KEI@DF_KEI(4.0),I,GBR,M,IRLT,PA,_Z,_Z,_Z,2015-09,1.8814
DATAFLOW,OECD.SDD.STES:DSD_KEI@DF_KEI(4.0),I,GBR,M,IRLT,PA,_Z,_Z,_Z,2015-08,1.9799
DATAFLOW,OECD.SDD.STES:DSD_KEI@DF_KEI(4.0),I,GBR,M,IRLT,PA,_Z,_Z,_Z,2015-07,2.1353
DATAFLOW,OECD.SDD.STES:DSD_KEI@DF_KEI(4.0),I,GBR,M,IRLT,PA,_Z,_Z,_Z,2015-06,2.1696
DATAFLOW,OECD.SDD.STES:DSD_KEI@DF_KEI(4.0),I,GBR,M,IRLT,PA,_Z,_Z,_Z,2015-05,2.0243
DATAFLOW,OECD.SDD.STES:DSD_KEI@DF_KEI(4.0),I,GBR,M,IRLT,PA,_Z,_Z,_Z,2015-04,1.755
DATAFLOW,OECD.SDD.STES:DSD_KEI@DF_KEI(4.0),I,GBR,M,IRLT,PA,_Z,_Z,_Z,2015-03,1.7941
DATAFLOW,OECD.SDD.STES:DSD_KEI@DF_KEI(4.0),I,GBR,M,IRLT,PA,_Z,_Z,_Z,2015-02,1.7365
DATAFLOW,OECD.SDD.STES:DSD_KEI@DF_KEI(4.0),I,GBR,M,IRLT,PA,_Z,_Z,_Z,2015-01,1.589
DATAFLOW,OECD.SDD.STES:DSD_KEI@DF_KEI(4.0),I,USA,M,IR3TIB,PA,_Z,_Z,_Z,2008-08,2.79
DATAFLOW,OECD.SDD.STES:DSD_KEI@DF_KEI(4.0),I,USA,M,IR3TIB,PA,_Z,_Z,_Z,2008-07,2.79
DATAFLOW,OECD.SDD.STES:DSD_KEI@DF_KEI(4.0),I,USA,M,IR3TIB,PA,_Z,_Z,_Z,2008-06,2.76
DATAFLOW,OECD.SDD.STES:DSD_KEI@DF_KEI(4.0),I,USA,M,IR3TIB,PA,_Z,_Z,_Z,2008-05,2.66
DATAFLOW,OECD.SDD.STES:DSD_KEI@DF_KEI(4.0),I,USA,M,IR3TIB,PA,_Z,_Z,_Z,2008-04,2.85
DATAFLOW,OECD.SDD.STES:DSD_KEI@DF_KEI(4.0),I,USA,M,IR3TIB,PA,_Z,_Z,_Z,2008-03,2.79
DATAFLOW,OECD.SDD.STES:DSD_KEI@DF_KEI(4.0),I,USA,M,IR3TIB,PA,_Z,_Z,_Z,2008-02,3.06
DATAFLOW,OECD.SDD.STES:DSD_KEI@DF_KEI(4.0),I,USA,M,IR3TIB,PA,_Z,_Z,_Z,2008-01,3.84
DATAFLOW,OECD.SDD.STES:DSD_KEI@DF_KEI(4.0),I,USA,M,IR3TIB,PA,_Z,_Z,_Z,2007-12,5.02
DATAFLOW,OECD.SDD.STES:DSD_KEI@DF_KEI(4.0),I,USA,M,IR3TIB,PA,_Z,_Z,_Z,2007-11,4.97
DATAFLOW,OECD.SDD.STES:DSD_KEI@DF_KEI(4.0),I,USA,M,IR3TIB,PA,_Z,_Z,_Z,2007-10,5.08
DATAFLOW,OECD.SDD.STES:DSD_KEI@DF_KEI(4.0),I,USA,M,IR3TIB,PA,_Z,_Z,_Z,2007-09,5.46
DATAFLOW,OECD.SDD.STES:DSD_KEI@DF_KEI(4.0),I,USA,M,IR3TIB,PA,_Z,_Z,_Z,2007-08,5.49
DATAFLOW,OECD.SDD.STES:DSD_KEI@DF_KEI(4.0),I,USA,M,IR3TIB,PA,_Z,_Z,_Z,2007-07,5.32
DATAFLOW,OECD.SDD.STES:DSD_KEI@DF_KEI(4.0),I,USA,M,IR3TIB,PA,_Z,_Z,_Z,2007-06,5.33
DATAFLOW,OECD.SDD.STES:DSD_KEI@DF_KEI(4.0),I,USA,M,IR3TIB,PA,_Z,_Z,_Z,2007-05,5.31
DATAFLOW,OECD.SDD.STES:DSD_KEI@DF_KEI(4.0),I,USA,M,IR3TIB,PA,_Z,_Z,_Z,2007-04,5.31
DATAFLOW,OECD.SDD.STES:DSD_KEI@DF_KEI(4.0),I,USA,M,IR3TIB,PA,_Z,_Z,_Z,2007-03,5.3
DATAFLOW,OECD.SDD.STES:DSD_KEI@DF_KEI(4.0),I,USA,M,IR3TIB,PA,_Z,_Z,_Z,2007-02,5.31
DATAFLOW,OECD.SDD.STES:DSD_KEI@DF_KEI(4.0),I,USA,M,IR3TIB,PA,_Z,_Z,_Z,2007-01,5.32
DATAFLOW,OECD.SDD.STES:DSD_KEI@DF_KEI(4.0),I,USA,M,IR3TIB,PA,_Z,_Z,_Z,2023-12,5.32
DATAFLOW,OECD.SDD.STES:DSD_KEI@DF_KEI(4.0),I,USA,M,IR3TIB,PA,_Z,_Z,_Z,2023-11,5.41
DATAFLOW,OECD.SDD.STES:DSD_KEI@DF_KEI(4.0),I,USA,M,IR3TIB,PA,_Z,_Z,_Z,2023-10,5.46
DATAFLOW,OECD.SDD.STES:DSD_KEI@DF_KEI(4.0),I,USA,M,IRLT,PA,_Z,_Z,_Z,2026-01,4.21
DATAFLOW,OECD.SDD.STES:DSD_KEI@DF_KEI(4.0),I,USA,M,IRLT,PA,_Z,_Z,_Z,2025-12,4.14
DATAFLOW,OECD.SDD.STES:DSD_KEI@DF_KEI(4.0),I,USA,M,IRLT,PA,_Z,_Z,_Z,2025-11,4.09
DATAFLOW,OECD.SDD.STES:DSD_KEI@DF_KEI(4.0),I,USA,M,IRLT,PA,_Z,_Z,_Z,2025-10,4.06
DATAFLOW,OECD.SDD.STES:DSD_KEI@DF_KEI(4.0),I,USA,M,IRLT,PA,_Z,_Z,_Z,2025-09,4.12
DATAFLOW,OECD.SDD.STES:DSD_KEI@DF_KEI(4.0),I,USA,M,IRLT,PA,_Z,_Z,_Z,2025-08,4.26
DATAFLOW,OECD.SDD.STES:DSD_KEI@DF_KEI(4.0),I,USA,M,IRLT,PA,_Z,_Z,_Z,2025-07,4.39
DATAFLOW,OECD.SDD.STES:DSD_KEI@DF_KEI(4.0),I,USA,M,IRLT,PA,_Z,_Z,_Z,2025-06,4.38
DATAFLOW,OECD.SDD.STES:DSD_KEI@DF_KEI(4.0),I,USA,M,IRLT,PA,_Z,_Z,_Z,2025-05,4.42
DATAFLOW,OECD.SDD.STES:DSD_KEI@DF_KEI(4.0),I,USA,M,IRLT,PA,_Z,_Z,_Z,2025-04,4.28
DATAFLOW,OECD.SDD.STES:DSD_KEI@DF_KEI(4.0),I,USA,M,IRLT,PA,_Z,_Z,_Z,2025-03,4.28
DATAFLOW,OECD.SDD.STES:DSD_KEI@DF_KEI(4.0),I,USA,M,IRLT,PA,_Z,_Z,_Z,2025-02,4.45
DATAFLOW,OECD.SDD.STES:DSD_KEI@DF_KEI(4.0),I,USA,M,IRLT,PA,_Z,_Z,_Z,2025-01,4.63
DATAFLOW,OECD.SDD.STES:DSD_KEI@DF_KEI(4.0),I,USA,M,IRLT,PA,_Z,_Z,_Z,2024-12,4.39
DATAFLOW,OECD.SDD.STES:DSD_KEI@DF_KEI(4.0),I,USA,M,IRLT,PA,_Z,_Z,_Z,2024-11,4.36
DATAFLOW,OECD.SDD.STES:DSD_KEI@DF_KEI(4.0),I,USA,M,IRLT,PA,_Z,_Z,_Z,2024-10,4.1
DATAFLOW,OECD.SDD.STES:DSD_KEI@DF_KEI(4.0),I,CHN,M,IR3TIB,PA,_Z,_Z,_Z,2025-12,1.69
DATAFLOW,OECD.SDD.STES:DSD_KEI@DF_KEI(4.0),I,CHN,M,IRLT,PA,_Z,_Z,_Z,2025-09,1.86
DATAFLOW,OECD.SDD.STES:DSD_KEI@DF_KEI(4.0),I,CHN,M,IRLT,PA,_Z,_Z,_Z,2025-08,1.84
DATAFLOW,OECD.SDD.STES:DSD_KEI@DF_KEI(4.0),I,CHN,M,IRLT,PA,_Z,_Z,_Z,2025-07,1.7
DATAFLOW,OECD.SDD.STES:DSD_KEI@DF_KEI(4.0),I,CHN,M,IRLT,PA,_Z,_Z,_Z,2025-06,1.65
DATAFLOW,OECD.SDD.STES:DSD_KEI@DF_KEI(4.0),I,CHN,M,IRLT,PA,_Z,_Z,_Z,2025-05,1.67
DATAFLOW,OECD.SDD.STES:DSD_KEI@DF_KEI(4.0),I,CHN,M,IRLT,PA,_Z,_Z,_Z,2025-04,1.62
DATAFLOW,OECD.SDD.STES:DSD_KEI@DF_KEI(4.0),I,CHN,M,IRLT,PA,_Z,_Z,_Z,2025-03,1.81
DATAFLOW,OECD.SDD.STES:DSD_KEI@DF_KEI(4.0),I,CHN,M,IRLT,PA,_Z,_Z,_Z,2025-02,1.72
DATAFLOW,OECD.SDD.STES:DSD_KEI@DF_KEI(4.0),I,CHN,M,IRLT,PA,_Z,_Z,_Z,2025-01,1.63
DATAFLOW,OECD.SDD.STES:DSD_KEI@DF_KEI(4.0),I,CHN,M,IRLT,PA,_Z,_Z,_Z,2024-12,1.68
DATAFLOW,OECD.SDD.STES:DSD_KEI@DF_KEI(4.0),I,CHN,M,IRLT,PA,_Z,_Z,_Z,2024-11,2.02
DATAFLOW,OECD.SDD.STES:DSD_KEI@DF_KEI(4.0),I,GBR,M,IRSTCI,PA,_Z,_Z,_Z,2024-07,5.2
DATAFLOW,OECD.SDD.STES:DSD_KEI@DF_KEI(4.0),I,CHN,M,IRLT,PA,_Z,_Z,_Z,2023-05,2.69
DATAFLOW,OECD.SDD.STES:DSD_KEI@DF_KEI(4.0),I,CHN,M,IRLT,PA,_Z,_Z,_Z,2023-04,2.78
DATAFLOW,OECD.SDD.STES:DSD_KEI@DF_KEI(4.0),I,CHN,M,IRLT,PA,_Z,_Z,_Z,2023-03,2.85
DATAFLOW,OECD.SDD.STES:DSD_KEI@DF_KEI(4.0),I,CHN,M,IRLT,PA,_Z,_Z,_Z,2023-02,2.9
DATAFLOW,OECD.SDD.STES:DSD_KEI@DF_KEI(4.0),I,CHN,M,IRLT,PA,_Z,_Z,_Z,2023-01,2.9
DATAFLOW,OECD.SDD.STES:DSD_KEI@DF_KEI(4.0),I,CHN,M,IRLT,PA,_Z,_Z,_Z,2022-12,2.84
DATAFLOW,OECD.SDD.STES:DSD_KEI@DF_KEI(4.0),I,CHN,M,IRLT,PA,_Z,_Z,_Z,2022-11,2.89
DATAFLOW,OECD.SDD.STES:DSD_KEI@DF_KEI(4.0),I,CHN,M,IRLT,PA,_Z,_Z,_Z,2022-10,2.64
DATAFLOW,OECD.SDD.STES:DSD_KEI@DF_KEI(4.0),I,CHN,M,IRLT,PA,_Z,_Z,_Z,2022-09,2.76
DATAFLOW,OECD.SDD.STES:DSD_KEI@DF_KEI(4.0),I,CHN,M,IRLT,PA,_Z,_Z,_Z,2022-08,2.62
DATAFLOW,OECD.SDD.STES:DSD_KEI@DF_KEI(4.0),I,CHN,M,IRLT,PA,_Z,_Z,_Z,2022-07,2.756
DATAFLOW,OECD.SDD.STES:DSD_KEI@DF_KEI(4.0),I,CHN,M,IRLT,PA,_Z,_Z,_Z,2022-06,2.8205
DATAFLOW,OECD.SDD.STES:DSD_KEI@DF_KEI(4.0),I,CHN,M,IRLT,PA,_Z,_Z,_Z,2022-05,2.7426
DATAFLOW,OECD.SDD.STES:DSD_KEI@DF_KEI(4.0),I,CHN,M,IRLT,PA,_Z,_Z,_Z,2022-04,2.8386
DATAFLOW,OECD.SDD.STES:DSD_KEI@DF_KEI(4.0),I,CHN,M,IRLT,PA,_Z,_Z,_Z,2022-03,2.7878
DATAFLOW,OECD.SDD.STES:DSD_KEI@DF_KEI(4.0),I,CHN,M,IRLT,PA,_Z,_Z,_Z,2022-02,2.775
DATAFLOW,OECD.SDD.STES:DSD_KEI@DF_KEI(4.0),I,CHN,M,IRLT,PA,_Z,_Z,_Z,2022-01,2.6997
DATAFLOW,OECD.SDD.STES:DSD_KEI@DF_KEI(4.0),I,CHN,M,IRLT,PA,_Z,_Z,_Z,2021-12,2.7754
DATAFLOW,OECD.SDD.STES:DSD_KEI@DF_KEI(4.0),I,CHN,M,IRLT,PA,_Z,_Z,_Z,2021-11,2.825
DATAFLOW,OECD.SDD.STES:DSD_KEI@DF_KEI(4.0),I,CHN,M,IRLT,PA,_Z,_Z,_Z,2021-10,2.9732
DATAFLOW,OECD.SDD.STES:DSD_KEI@DF_KEI(4.0),I,CHN,M,IRLT,PA,_Z,_Z,_Z,2021-09,2.8776
DATAFLOW,OECD.SDD.STES:DSD_KEI@DF_KEI(4.0),I,GBR,M,IRLT,PA,_Z,_Z,_Z,2010-08,3.233
DATAFLOW,OECD.SDD.STES:DSD_KEI@DF_KEI(4.0),I,GBR,M,IRLT,PA,_Z,_Z,_Z,2010-07,3.5087
DATAFLOW,OECD.SDD.STES:DSD_KEI@DF_KEI(4.0),I,GBR,M,IRLT,PA,_Z,_Z,_Z,2010-06,3.6007
DATAFLOW,OECD.SDD.STES:DSD_KEI@DF_KEI(4.0),I,GBR,M,IRLT,PA,_Z,_Z,_Z,2010-05,3.7772
DATAFLOW,OECD.SDD.STES:DSD_KEI@DF_KEI(4.0),I,GBR,M,IRLT,PA,_Z,_Z,_Z,2010-04,4.1007
DATAFLOW,OECD.SDD.STES:DSD_KEI@DF_KEI(4.0),I,GBR,M,IRLT,PA,_Z,_Z,_Z,2010-03,4.0915
DATAFLOW,OECD.SDD.STES:DSD_KEI@DF_KEI(4.0),I,GBR,M,IRLT,PA,_Z,_Z,_Z,2010-02,4.0624
DATAFLOW,OECD.SDD.STES:DSD_KEI@DF_KEI(4.0),I,GBR,M,IRLT,PA,_Z,_Z,_Z,2010-01,4.0025
DATAFLOW,OECD.SDD.STES:DSD_KEI@DF_KEI(4.0),I,GBR,M,IRLT,PA,_Z,_Z,_Z,2009-12,3.8871
DATAFLOW,OECD.SDD.STES:DSD_KEI@DF_KEI(4.0),I,GBR,M,IRLT,PA,_Z,_Z,_Z,2009-11,3.7592
DATAFLOW,OECD.SDD.STES:DSD_KEI@DF_KEI(4.0),I,GBR,M,IRLT,PA,_Z,_Z,_Z,2009-10,3.5699
DATAFLOW,OECD.SDD.STES:DSD_KEI@DF_KEI(4.0),I,GBR,M,IRLT,PA,_Z,_Z,_Z,2009-09,3.6566
DATAFLOW,OECD.SDD.STES:DSD_KEI@DF_KEI(4.0),I,GBR,M,IRLT,PA,_Z,_Z,_Z,2009-08,3.7142
DATAFLOW,OECD.SDD.STES:DSD_KEI@DF_KEI(4.0),I,GBR,M,IRLT,PA,_Z,_Z,_Z,2009-07,3.8238
DATAFLOW,OECD.SDD.STES:DSD_KEI@DF_KEI(4.0),I,GBR,M,IRLT,PA,_Z,_Z,_Z,2009-06,3.7221
DATAFLOW,OECD.SDD.STES:DSD_KEI@DF_KEI(4.0),I,GBR,M,IRLT,PA,_Z,_Z,_Z,2009-05,3.6206
DATAFLOW,OECD.SDD.STES:DSD_KEI@DF_KEI(4.0),I,GBR,M,IRLT,PA,_Z,_Z,_Z,2009-04,3.4072
DATAFLOW,OECD.SDD.STES:DSD_KEI@DF_KEI(4.0),I,GBR,M,IRLT,PA,_Z,_Z,_Z,2009-03,3.2497
DATAFLOW,OECD.SDD.STES:DSD_KEI@DF_KEI(4.0),I,GBR,M,IRLT,PA,_Z,_Z,_Z,2009-02,3.6899
DATAFLOW,OECD.SDD.STES:DSD_KEI@DF_KEI(4.0),I,GBR,M,IRLT,PA,_Z,_Z,_Z,2009-01,3.6699
DATAFLOW,OECD.SDD.STES:DSD_KEI@DF_KEI(4.0),I,GBR,M,IRLT,PA,_Z,_Z,_Z,2008-12,3.6238
DATAFLOW,OECD.SDD.STES:DSD_KEI@DF_KEI(4.0),I,GBR,M,IRLT,PA,_Z,_Z,_Z,2008-11,4.2571
DATAFLOW,OECD.SDD.STES:DSD_KEI@DF_KEI(4.0),I,GBR,M,IRLT,PA,_Z,_Z,_Z,2008-10,4.5789
DATAFLOW,OECD.SDD.STES:DSD_KEI@DF_KEI(4.0),I,GBR,M,IRLT,PA,_Z,_Z,_Z,2008-09,4.5701
DATAFLOW,OECD.SDD.STES:DSD_KEI@DF_KEI(4.0),I,GBR,M,IRLT,PA,_Z,_Z,_Z,2008-08,4.7267
DATAFLOW,OECD.SDD.STES:DSD_KEI@DF_KEI(4.0),I,GBR,M,IRLT,PA,_Z,_Z,_Z,2008-07,5.0494
DATAFLOW,OECD.SDD.STES:DSD_KEI@DF_KEI(4.0),I,GBR,M,IRLT,PA,_Z,_Z,_Z,2008-06,5.2103
DATAFLOW,OECD.SDD.STES:DSD_KEI@DF_KEI(4.0),I,GBR,M,IRLT,PA,_Z,_Z,_Z,2008-05,4.8683
DATAFLOW,OECD.SDD.STES:DSD_KEI@DF_KEI(4.0),I,GBR,M,IRLT,PA,_Z,_Z,_Z,2008-04,4.6432
DATAFLOW,OECD.SDD.STES:DSD_KEI@DF_KEI(4.0),I,GBR,M,IRLT,PA,_Z,_Z,_Z,2008-03,4.445
DATAFLOW,OECD.SDD.STES:DSD_KEI@DF_KEI(4.0),I,GBR,M,IRLT,PA,_Z,_Z,_Z,2008-02,4.6234
DATAFLOW,OECD.SDD.STES:DSD_KEI@DF_KEI(4.0),I,GBR,M,IRLT,PA,_Z,_Z,_Z,2008-01,4.4925
DATAFLOW,OECD.SDD.STES:DSD_KEI@DF_KEI(4.0),I,GBR,M,IRLT,PA,_Z,_Z,_Z,2007-12,4.6937
DATAFLOW,OECD.SDD.STES:DSD_KEI@DF_KEI(4.0),I,GBR,M,IRLT,PA,_Z,_Z,_Z,2007-11,4.7263
DATAFLOW,OECD.SDD.STES:DSD_KEI@DF_KEI(4.0),I,GBR,M,IRLT,PA,_Z,_Z,_Z,2007-10,4.9576
DATAFLOW,OECD.SDD.STES:DSD_KEI@DF_KEI(4.0),I,GBR,M,IRLT,PA,_Z,_Z,_Z,2007-09,4.9928
DATAFLOW,OECD.SDD.STES:DSD_KEI@DF_KEI(4.0),I,GBR,M,IRLT,PA,_Z,_Z,_Z,2007-08,5.1499
DATAFLOW,OECD.SDD.STES:DSD_KEI@DF_KEI(4.0),I,GBR,M,IRLT,PA,_Z,_Z,_Z,2007-07,5.4084
DATAFLOW,OECD.SDD.STES:DSD_KEI@DF_KEI(4.0),I,GBR,M,IRLT,PA,_Z,_Z,_Z,2007-06,5.4321
DATAFLOW,OECD.SDD.STES:DSD_KEI@DF_KEI(4.0),I,GBR,M,IRLT,PA,_Z,_Z,_Z,2007-05,5.1458
DATAFLOW,OECD.SDD.STES:DSD_KEI@DF_KEI(4.0),I,GBR,M,IRLT,PA,_Z,_Z,_Z,2007-04,5.0439
DATAFLOW,OECD.SDD.STES:DSD_KEI@DF_KEI(4.0),I,GBR,M,IRLT,PA,_Z,_Z,_Z,2007-03,4.8194
DATAFLOW,OECD.SDD.STES:DSD_KEI@DF_KEI(4.0),I,GBR,M,IRLT,PA,_Z,_Z,_Z,2007-02,4.896
DATAFLOW,OECD.SDD.STES:DSD_KEI@DF_KEI(4.0),I,GBR,M,IRLT,PA,_Z,_Z,_Z,2007-01,4.8694
DATAFLOW,OECD.SDD.STES:DSD_KEI@DF_KEI(4.0),I,GBR,M,IRSTCI,PA,_Z,_Z,_Z,2011-07,0.5228
DATAFLOW,OECD.SDD.STES:DSD_KEI@DF_KEI(4.0),I,GBR,M,IRSTCI,PA,_Z,_Z,_Z,2011-06,0.5311
DATAFLOW,OECD.SDD.STES:DSD_KEI@DF_KEI(4.0),I,GBR,M,IRSTCI,PA,_Z,_Z,_Z,2011-05,0.5217
DATAFLOW,OECD.SDD.STES:DSD_KEI@DF_KEI(4.0),I,GBR,M,IRSTCI,PA,_Z,_Z,_Z,2011-04,0.524
DATAFLOW,OECD.SDD.STES:DSD_KEI@DF_KEI(4.0),I,GBR,M,IRSTCI,PA,_Z,_Z,_Z,2011-03,0.5154
DATAFLOW,OECD.SDD.STES:DSD_KEI@DF_KEI(4.0),I,GBR,M,IRSTCI,PA,_Z,_Z,_Z,2011-02,0.5084
DATAFLOW,OECD.SDD.STES:DSD_KEI@DF_KEI(4.0),I,GBR,M,IRSTCI,PA,_Z,_Z,_Z,2011-01,0.5059
DATAFLOW,OECD.SDD.STES:DSD_KEI@DF_KEI(4.0),I,GBR,M,IRSTCI,PA,_Z,_Z,_Z,2010-12,0.5173
DATAFLOW,OECD.SDD.STES:DSD_KEI@DF_KEI(4.0),I,GBR,M,IRSTCI,PA,_Z,_Z,_Z,2010-11,0.5086
DATAFLOW,OECD.SDD.STES:DSD_KEI@DF_KEI(4.0),I,GBR,M,IRSTCI,PA,_Z,_Z,_Z,2010-10,0.5083
DATAFLOW,OECD.SDD.STES:DSD_KEI@DF_KEI(4.0),I,GBR,M,IRSTCI,PA,_Z,_Z,_Z,2010-09,0.501
DATAFLOW,OECD.SDD.STES:DSD_KEI@DF_KEI(4.0),I,GBR,M,IRSTCI,PA,_Z,_Z,_Z,2010-08,0.491
DATAFLOW,OECD.SDD.STES:DSD_KEI@DF_KEI(4.0),I,GBR,M,IRSTCI,PA,_Z,_Z,_Z,2010-07,0.49
DATAFLOW,OECD.SDD.STES:DSD_KEI@DF_KEI(4.0),I,GBR,M,IRSTCI,PA,_Z,_Z,_Z,2010-06,0.487
DATAFLOW,OECD.SDD.STES:DSD_KEI@DF_KEI(4.0),I,GBR,M,IRSTCI,PA,_Z,_Z,_Z,2010-05,0.4842
DATAFLOW,OECD.SDD.STES:DSD_KEI@DF_KEI(4.0),I,GBR,M,IRSTCI,PA,_Z,_Z,_Z,2010-04,0.4726
DATAFLOW,OECD.SDD.STES:DSD_KEI@DF_KEI(4.0),I,GBR,M,IRSTCI,PA,_Z,_Z,_Z,2010-03,0.4713
DATAFLOW,OECD.SDD.STES:DSD_KEI@DF_KEI(4.0),I,GBR,M,IRSTCI,PA,_Z,_Z,_Z,2010-02,0.4672
DATAFLOW,OECD.SDD.STES:DSD_KEI@DF_KEI(4.0),I,GBR,M,IRSTCI,PA,_Z,_Z,_Z,2010-01,0.4545
DATAFLOW,OECD.SDD.STES:DSD_KEI@DF_KEI(4.0),I,GBR,M,IRSTCI,PA,_Z,_Z,_Z,2009-12,0.4492
DATAFLOW,OECD.SDD.STES:DSD_KEI@DF_KEI(4.0),I,GBR,M,IRSTCI,PA,_Z,_Z,_Z,2009-11,0.4509
DATAFLOW,OECD.SDD.STES:DSD_KEI@DF_KEI(4.0),I,GBR,M,IRSTCI,PA,_Z,_Z,_Z,2009-10,0.4472
DATAFLOW,OECD.SDD.STES:DSD_KEI@DF_KEI(4.0),I,GBR,M,IRSTCI,PA,_Z,_Z,_Z,2009-09,0.4302
DATAFLOW,OECD.SDD.STES:DSD_KEI@DF_KEI(4.0),I,GBR,M,IRSTCI,PA,_Z,_Z,_Z,2009-08,0.422
DATAFLOW,OECD.SDD.STES:DSD_KEI@DF_KEI(4.0),I,GBR,M,IRSTCI,PA,_Z,_Z,_Z,2009-07,0.4173
DATAFLOW,OECD.SDD.STES:DSD_KEI@DF_KEI(4.0),I,GBR,M,IRSTCI,PA,_Z,_Z,_Z,2009-06,0.4158
DATAFLOW,OECD.SDD.STES:DSD_KEI@DF_KEI(4.0),I,GBR,M,IRSTCI,PA,_Z,_Z,_Z,2009-05,0.4133
DATAFLOW,OECD.SDD.STES:DSD_KEI@DF_KEI(4.0),I,GBR,M,IRSTCI,PA,_Z,_Z,_Z,2009-04,0.4099
DATAFLOW,OECD.SDD.STES:DSD_KEI@DF_KEI(4.0),I,GBR,M,IRSTCI,PA,_Z,_Z,_Z,2009-03,0.5224
DATAFLOW,OECD.SDD.STES:DSD_KEI@DF_KEI(4.0),I,GBR,M,IRSTCI,PA,_Z,_Z,_Z,2009-02,0.8973
DATAFLOW,OECD.SDD.STES:DSD_KEI@DF_KEI(4.0),I,GBR,M,IRSTCI,PA,_Z,_Z,_Z,2009-01,1.326
DATAFLOW,OECD.SDD.STES:DSD_KEI@DF_KEI(4.0),I,GBR,M,IRSTCI,PA,_Z,_Z,_Z,2008-12,1.6525
DATAFLOW,OECD.SDD.STES:DSD_KEI@DF_KEI(4.0),I,GBR,M,IRSTCI,PA,_Z,_Z,_Z,2008-11,2.7846
DATAFLOW,OECD.SDD.STES:DSD_KEI@DF_KEI(4.0),I,GBR,M,IRSTCI,PA,_Z,_Z,_Z,2008-10,4.4115
DATAFLOW,OECD.SDD.STES:DSD_KEI@DF_KEI(4.0),I,GBR,M,IRSTCI,PA,_Z,_Z,_Z,2008-09,4.8925
DATAFLOW,OECD.SDD.STES:DSD_KEI@DF_KEI(4.0),I,GBR,M,IRSTCI,PA,_Z,_Z,_Z,2008-08,4.997
DATAFLOW,OECD.SDD.STES:DSD_KEI@DF_KEI(4.0),I,GBR,M,IRSTCI,PA,_Z,_Z,_Z,2008-07,5.0099
DATAFLOW,OECD.SDD.STES:DSD_KEI@DF_KEI(4.0),I,GBR,M,IRSTCI,PA,_Z,_Z,_Z,2008-06,5.0326
DATAFLOW,OECD.SDD.STES:DSD_KEI@DF_KEI(4.0),I,GBR,M,IRSTCI,PA,_Z,_Z,_Z,2008-05,5.0314
DATAFLOW,OECD.SDD.STES:DSD_KEI@DF_KEI(4.0),I,GBR,M,IRSTCI,PA,_Z,_Z,_Z,2008-04,5.08
DATAFLOW,OECD.SDD.STES:DSD_KEI@DF_KEI(4.0),I,GBR,M,IRSTCI,PA,_Z,_Z,_Z,2008-03,5.3078
DATAFLOW,OECD.SDD.STES:DSD_KEI@DF_KEI(4.0),I,GBR,M,IRSTCI,PA,_Z,_Z,_Z,2008-02,5.3322
DATAFLOW,OECD.SDD.STES:DSD_KEI@DF_KEI(4.0),I,GBR,M,IRSTCI,PA,_Z,_Z,_Z,2008-01,5.5049
DATAFLOW,OECD.SDD.STES:DSD_KEI@DF_KEI(4.0),I,GBR,M,IRSTCI,PA,_Z,_Z,_Z,2007-12,5.5964
DATAFLOW,OECD.SDD.STES:DSD_KEI@DF_KEI(4.0),I,GBR,M,IRSTCI,PA,_Z,_Z,_Z,2007-11,5.7892
DATAFLOW,OECD.SDD.STES:DSD_KEI@DF_KEI(4.0),I,GBR,M,IRSTCI,PA,_Z,_Z,_Z,2007-10,5.7751
DATAFLOW,OECD.SDD.STES:DSD_KEI@DF_KEI(4.0),I,GBR,M,IRSTCI,PA,_Z,_Z,_Z,2007-09,5.8246
DATAFLOW,OECD.SDD.STES:DSD_KEI@DF_KEI(4.0),I,GBR,M,IRSTCI,PA,_Z,_Z,_Z,2007-08,5.9127
DATAFLOW,OECD.SDD.STES:DSD_KEI@DF_KEI(4.0),I,GBR,M,IRSTCI,PA,_Z,_Z,_Z,2007-07,5.8434
DATAFLOW,OECD.SDD.STES:DSD_KEI@DF_KEI(4.0),I,GBR,M,IRSTCI,PA,_Z,_Z,_Z,2007-06,5.6093
DATAFLOW,OECD.SDD.STES:DSD_KEI@DF_KEI(4.0),I,GBR,M,IRSTCI,PA,_Z,_Z,_Z,2007-05,5.4778
DATAFLOW,OECD.SDD.STES:DSD_KEI@DF_KEI(4.0),I,GBR,M,IRSTCI,PA,_Z,_Z,_Z,2007-04,5.2915
DATAFLOW,OECD.SDD.STES:DSD_KEI@DF_KEI(4.0),I,GBR,M,IRSTCI,PA,_Z,_Z,_Z,2007-03,5.3032
DATAFLOW,OECD.SDD.STES:DSD_KEI@DF_KEI(4.0),I,GBR,M,IRSTCI,PA,_Z,_Z,_Z,2007-02,5.3183
DATAFLOW,OECD.SDD.STES:DSD_KEI@DF_KEI(4.0),I,GBR,M,IRSTCI,PA,_Z,_Z,_Z,2007-01,5.2231
DATAFLOW,OECD.SDD.STES:DSD_KEI@DF_KEI(4.0),I,GBR,M,IRSTCI,PA,_Z,_Z,_Z,2023-11,5.1875
DATAFLOW,OECD.SDD.STES:DSD_KEI@DF_KEI(4.0),I,GBR,M,IRSTCI,PA,_Z,_Z,_Z,2023-10,5.1871
DATAFLOW,OECD.SDD.STES:DSD_KEI@DF_KEI(4.0),I,GBR,M,IRSTCI,PA,_Z,_Z,_Z,2023-09,5.1854
DATAFLOW,OECD.SDD.STES:DSD_KEI@DF_KEI(4.0),I,GBR,M,IRSTCI,PA,_Z,_Z,_Z,2023-08,5.1609
DATAFLOW,OECD.SDD.STES:DSD_KEI@DF_KEI(4.0),I,GBR,M,IRSTCI,PA,_Z,_Z,_Z,2023-07,4.9302
DATAFLOW,OECD.SDD.STES:DSD_KEI@DF_KEI(4.0),I,GBR,M,IRSTCI,PA,_Z,_Z,_Z,2023-06,4.5872
DATAFLOW,OECD.SDD.STES:DSD_KEI@DF_KEI(4.0),I,GBR,M,IRSTCI,PA,_Z,_Z,_Z,2023-05,4.3528
DATAFLOW,OECD.SDD.STES:DSD_KEI@DF_KEI(4.0),I,GBR,M,IRSTCI,PA,_Z,_Z,_Z,2023-04,4.1774
DATAFLOW,OECD.SDD.STES:DSD_KEI@DF_KEI(4.0),I,GBR,M,IRSTCI,PA,_Z,_Z,_Z,2023-03,4.0031
DATAFLOW,OECD.SDD.STES:DSD_KEI@DF_KEI(4.0),I,GBR,M,IRSTCI,PA,_Z,_Z,_Z,2023-02,3.9021
DATAFLOW,OECD.SDD.STES:DSD_KEI@DF_KEI(4.0),I,GBR,M,IRLT,PA,_Z,_Z,_Z,2022-10,4.1096
DATAFLOW,OECD.SDD.STES:DSD_KEI@DF_KEI(4.0),I,GBR,M,IRLT,PA,_Z,_Z,_Z,2022-09,3.5007
DATAFLOW,OECD.SDD.STES:DSD_KEI@DF_KEI(4.0),I,GBR,M,IRLT,PA,_Z,_Z,_Z,2022-08,2.3278
DATAFLOW,OECD.SDD.STES:DSD_KEI@DF_KEI(4.0),I,GBR,M,IRLT,PA,_Z,_Z,_Z,2022-07,2.1454
DATAFLOW,OECD.SDD.STES:DSD_KEI@DF_KEI(4.0),I,GBR,M,IRLT,PA,_Z,_Z,_Z,2022-06,2.3824
DATAFLOW,OECD.SDD.STES:DSD_KEI@DF_KEI(4.0),I,GBR,M,IRLT,PA,_Z,_Z,_Z,2022-05,1.9069
DATAFLOW,OECD.SDD.STES:DSD_KEI@DF_KEI(4.0),I,GBR,M,IRLT,PA,_Z,_Z,_Z,2022-04,1.8362
DATAFLOW,OECD.SDD.STES:DSD_KEI@DF_KEI(4.0),I,GBR,M,IRLT,PA,_Z,_Z,_Z,2022-03,1.5457
DATAFLOW,OECD.SDD.STES:DSD_KEI@DF_KEI(4.0),I,GBR,M,IRLT,PA,_Z,_Z,_Z,2022-02,1.4891
DATAFLOW,OECD.SDD.STES:DSD_KEI@DF_KEI(4.0),I,GBR,M,IRLT,PA,_Z,_Z,_Z,2022-01,1.2051
DATAFLOW,OECD.SDD.STES:DSD_KEI@DF_KEI(4.0),I,GBR,M,IRLT,PA,_Z,_Z,_Z,2021-12,0.8375
DATAFLOW,OECD.SDD.STES:DSD_KEI@DF_KEI(4.0),I,GBR,M,IRLT,PA,_Z,_Z,_Z,2021-11,0.9394
DATAFLOW,OECD.SDD.STES:DSD_KEI@DF_KEI(4.0),I,GBR,M,IRLT,PA,_Z,_Z,_Z,2021-10,1.083
DATAFLOW,OECD.SDD.STES:DSD_KEI@DF_KEI(4.0),I,GBR,M,IRLT,PA,_Z,_Z,_Z,2021-09,0.8023
DATAFLOW,OECD.SDD.STES:DSD_KEI@DF_KEI(4.0),I,GBR,M,IRLT,PA,_Z,_Z,_Z,2021-08,0.644
DATAFLOW,OECD.SDD.STES:DSD_KEI@DF_KEI(4.0),I,GBR,M,IRLT,PA,_Z,_Z,_Z,2021-07,0.6979
DATAFLOW,OECD.SDD.STES:DSD_KEI@DF_KEI(4.0),I,GBR,M,IRLT,PA,_Z,_Z,_Z,2021-06,0.8549
DATAFLOW,OECD.SDD.STES:DSD_KEI@DF_KEI(4.0),I,GBR,M,IRLT,PA,_Z,_Z,_Z,2021-05,0.9058
DATAFLOW,OECD.SDD.STES:DSD_KEI@DF_KEI(4.0),I,GBR,M,IRLT,PA,_Z,_Z,_Z,2021-04,0.8515
DATAFLOW,OECD.SDD.STES:DSD_KEI@DF_KEI(4.0),I,GBR,M,IRLT,PA,_Z,_Z,_Z,2021-03,0.8456
DATAFLOW,OECD.SDD.STES:DSD_KEI@DF_KEI(4.0),I,GBR,M,IRLT,PA,_Z,_Z,_Z,2021-02,0.6222
DATAFLOW,OECD.SDD.STES:DSD_KEI@DF_KEI(4.0),I,GBR,M,IRLT,PA,_Z,_Z,_Z,2021-01,0.3672
DATAFLOW,OECD.SDD.STES:DSD_KEI@DF_KEI(4.0),I,GBR,M,IRLT,PA,_Z,_Z,_Z,2020-12,0.3224
DATAFLOW,OECD.SDD.STES:DSD_KEI@DF_KEI(4.0),I,GBR,M,IRLT,PA,_Z,_Z,_Z,2020-11,0.3836
DATAFLOW,OECD.SDD.STES:DSD_KEI@DF_KEI(4.0),I,GBR,M,IRLT,PA,_Z,_Z,_Z,2020-10,0.3058
DATAFLOW,OECD.SDD.STES:DSD_KEI@DF_KEI(4.0),I,GBR,M,IRLT,PA,_Z,_Z,_Z,2020-09,0.273
DATAFLOW,OECD.SDD.STES:DSD_KEI@DF_KEI(4.0),I,GBR,M,IRLT,PA,_Z,_Z,_Z,2020-08,0.2717
DATAFLOW,OECD.SDD.STES:DSD_KEI@DF_KEI(4.0),I,GBR,M,IRLT,PA,_Z,_Z,_Z,2020-07,0.2094
DATAFLOW,OECD.SDD.STES:DSD_KEI@DF_KEI(4.0),I,GBR,M,IRLT,PA,_Z,_Z,_Z,2020-06,0.278
DATAFLOW,OECD.SDD.STES:DSD_KEI@DF_KEI(4.0),I,GBR,M,IR3TIB,PA,_Z,_Z,_Z,2013-07,0.50944
DATAFLOW,OECD.SDD.STES:DSD_KEI@DF_KEI(4.0),I,GBR,M,IR3TIB,PA,_Z,_Z,_Z,2013-06,0.50794
DATAFLOW,OECD.SDD.STES:DSD_KEI@DF_KEI(4.0),I,GBR,M,IR3TIB,PA,_Z,_Z,_Z,2013-05,0.50563
DATAFLOW,OECD.SDD.STES:DSD_KEI@DF_KEI(4.0),I,GBR,M,IR3TIB,PA,_Z,_Z,_Z,2013-04,0.50557
DATAFLOW,OECD.SDD.STES:DSD_KEI@DF_KEI(4.0),I,GBR,M,IR3TIB,PA,_Z,_Z,_Z,2013-03,0.50688
DATAFLOW,OECD.SDD.STES:DSD_KEI@DF_KEI(4.0),I,GBR,M,IR3TIB,PA,_Z,_Z,_Z,2013-02,0.50988
DATAFLOW,OECD.SDD.STES:DSD_KEI@DF_KEI(4.0),I,GBR,M,IR3TIB,PA,_Z,_Z,_Z,2013-01,0.51228
DATAFLOW,OECD.SDD.STES:DSD_KEI@DF_KEI(4.0),I,GBR,M,IR3TIB,PA,_Z,_Z,_Z,2012-12,0.51848
DATAFLOW,OECD.SDD.STES:DSD_KEI@DF_KEI(4.0),I,GBR,M,IR3TIB,PA,_Z,_Z,_Z,2012-11,0.52452
DATAFLOW,OECD.SDD.STES:DSD_KEI@DF_KEI(4.0),I,GBR,M,IR3TIB,PA,_Z,_Z,_Z,2012-10,0.54397
DATAFLOW,OECD.SDD.STES:DSD_KEI@DF_KEI(4.0),I,GBR,M,IR3TIB,PA,_Z,_Z,_Z,2012-09,0.64803
DATAFLOW,OECD.SDD.STES:DSD_KEI@DF_KEI(4.0),I,GBR,M,IR3TIB,PA,_Z,_Z,_Z,2012-08,0.70481
DATAFLOW,OECD.SDD.STES:DSD_KEI@DF_KEI(4.0),I,GBR,M,IR3TIB,PA,_Z,_Z,_Z,2012-07,0.81735
DATAFLOW,OECD.SDD.STES:DSD_KEI@DF_KEI(4.0),I,GBR,M,IR3TIB,PA,_Z,_Z,_Z,2012-06,0.94978
DATAFLOW,OECD.SDD.STES:DSD_KEI@DF_KEI(4.0),I,GBR,M,IR3TIB,PA,_Z,_Z,_Z,2012-05,1.005
DATAFLOW,OECD.SDD.STES:DSD_KEI@DF_KEI(4.0),I,GBR,M,IR3TIB,PA,_Z,_Z,_Z,2012-04,1.01792
DATAFLOW,OECD.SDD.STES:DSD_KEI@DF_KEI(4.0),I,GBR,M,IR3TIB,PA,_Z,_Z,_Z,2012-03,1.03757
DATAFLOW,OECD.SDD.STES:DSD_KEI@DF_KEI(4.0),I,GBR,M,IR3TIB,PA,_Z,_Z,_Z,2012-02,1.07249
DATAFLOW,OECD.SDD.STES:DSD_KEI@DF_KEI(4.0),I,GBR,M,IR3TIB,PA,_Z,_Z,_Z,2012-01,1.08709
DATAFLOW,OECD.SDD.STES:DSD_KEI@DF_KEI(4.0),I,GBR,M,IR3TIB,PA,_Z,_Z,_Z,2011-12,1.06148
DATAFLOW,OECD.SDD.STES:DSD_KEI@DF_KEI(4.0),I,GBR,M,IR3TIB,PA,_Z,_Z,_Z,2011-11,1.01182
DATAFLOW,OECD.SDD.STES:DSD_KEI@DF_KEI(4.0),I,GBR,M,IR3TIB,PA,_Z,_Z,_Z,2011-10,0.96991
DATAFLOW,OECD.SDD.STES:DSD_KEI@DF_KEI(4.0),I,GBR,M,IR3TIB,PA,_Z,_Z,_Z,2011-09,0.9181
DATAFLOW,OECD.SDD.STES:DSD_KEI@DF_KEI(4.0),I,GBR,M,IR3TIB,PA,_Z,_Z,_Z,2011-08,0.85782
DATAFLOW,OECD.SDD.STES:DSD_KEI@DF_KEI(4.0),I,GBR,M,IR3TIB,PA,_Z,_Z,_Z,2011-07,0.8289
DATAFLOW,OECD.SDD.STES:DSD_KEI@DF_KEI(4.0),I,GBR,M,IR3TIB,PA,_Z,_Z,_Z,2011-06,0.82512
DATAFLOW,OECD.SDD.STES:DSD_KEI@DF_KEI(4.0),I,GBR,M,IR3TIB,PA,_Z,_Z,_Z,2011-05,0.82344
DATAFLOW,OECD.SDD.STES:DSD_KEI@DF_KEI(4.0),I,GBR,M,IR3TIB,PA,_Z,_Z,_Z,2011-04,0.82096
DATAFLOW,OECD.SDD.STES:DSD_KEI@DF_KEI(4.0),I,GBR,M,IR3TIB,PA,_Z,_Z,_Z,2011-03,0.80913
DATAFLOW,OECD.SDD.STES:DSD_KEI@DF_KEI(4.0),I,GBR,M,IR3TIB,PA,_Z,_Z,_Z,2011-02,0.79962
DATAFLOW,OECD.SDD.STES:DSD_KEI@DF_KEI(4.0),I,GBR,M,IR3TIB,PA,_Z,_Z,_Z,2011-01,0.76866
DATAFLOW,OECD.SDD.STES:DSD_KEI@DF_KEI(4.0),I,GBR,M,IR3TIB,PA,_Z,_Z,_Z,2010-12,0.74962
DATAFLOW,OECD.SDD.STES:DSD_KEI@DF_KEI(4.0),I,GBR,M,IR3TIB,PA,_Z,_Z,_Z,2010-11,0.73901
DATAFLOW,OECD.SDD.STES:DSD_KEI@DF_KEI(4.0),I,GBR,M,IR3TIB,PA,_Z,_Z,_Z,2010-10,0.7384
DATAFLOW,OECD.SDD.STES:DSD_KEI@DF_KEI(4.0),I,GBR,M,IR3TIB,PA,_Z,_Z,_Z,2010-09,0.72859
DATAFLOW,OECD.SDD.STES:DSD_KEI@DF_KEI(4.0),I,GBR,M,IR3TIB,PA,_Z,_Z,_Z,2010-08,0.73296
DATAFLOW,OECD.SDD.STES:DSD_KEI@DF_KEI(4.0),I,GBR,M,IR3TIB,PA,_Z,_Z,_Z,2010-07,0.73603
DATAFLOW,OECD.SDD.STES:DSD_KEI@DF_KEI(4.0),I,GBR,M,IR3TIB,PA,_Z,_Z,_Z,2010-06,0.72839
DATAFLOW,OECD.SDD.STES:DSD_KEI@DF_KEI(4.0),I,GBR,M,IR3TIB,PA,_Z,_Z,_Z,2010-05,0.69713
DATAFLOW,OECD.SDD.STES:DSD_KEI@DF_KEI(4.0),I,GBR,M,IR3TIB,PA,_Z,_Z,_Z,2010-04,0.65592
DATAFLOW,OECD.SDD.STES:DSD_KEI@DF_KEI(4.0),I,GBR,M,IR3TIB,PA,_Z,_Z,_Z,2010-03,0.64549
DATAFLOW,OECD.SDD.STES:DSD_KEI@DF_KEI(4.0),I,GBR,M,IR3TIB,PA,_Z,_Z,_Z,2010-02,0.6331
DATAFLOW,OECD.SDD.STES:DSD_KEI@DF_KEI(4.0),I,GBR,M,IR3TIB,PA,_Z,_Z,_Z,2010-01,0.61265
DATAFLOW,OECD.SDD.STES:DSD_KEI@DF_KEI(4.0),I,GBR,M,IR3TIB,PA,_Z,_Z,_Z,2009-12,0.60541
DATAFLOW,OECD.SDD.STES:DSD_KEI@DF_KEI(4.0),I,GBR,M,IR3TIB,PA,_Z,_Z,_Z,2009-11,0.60936
DATAFLOW,OECD.SDD.STES:DSD_KEI@DF_KEI(4.0),I,GBR,M,IR3TIB,PA,_Z,_Z,_Z,2009-10,0.57087
DATAFLOW,OECD.SDD.STES:DSD_KEI@DF_KEI(4.0),I,GBR,M,IR3TIB,PA,_Z,_Z,_Z,2009-09,0.6056
DATAFLOW,OECD.SDD.STES:DSD_KEI@DF_KEI(4.0),I,GBR,M,IR3TIB,PA,_Z,_Z,_Z,2009-08,0.77369
DATAFLOW,OECD.SDD.STES:DSD_KEI@DF_KEI(4.0),I,GBR,M,IR3TIB,PA,_Z,_Z,_Z,2009-07,1.00113
DATAFLOW,OECD.SDD.STES:DSD_KEI@DF_KEI(4.0),I,GBR,M,IR3TIB,PA,_Z,_Z,_Z,2009-06,1.24117
DATAFLOW,OECD.SDD.STES:DSD_KEI@DF_KEI(4.0),I,GBR,M,IR3TIB,PA,_Z,_Z,_Z,2009-05,1.35795
DATAFLOW,OECD.SDD.STES:DSD_KEI@DF_KEI(4.0),I,GBR,M,IR3TIB,PA,_Z,_Z,_Z,2009-04,1.53413
DATAFLOW,OECD.SDD.STES:DSD_KEI@DF_KEI(4.0),I,GBR,M,IR3TIB,PA,_Z,_Z,_Z,2009-03,1.83139
DATAFLOW,OECD.SDD.STES:DSD_KEI@DF_KEI(4.0),I,GBR,M,IR3TIB,PA,_Z,_Z,_Z,2009-02,2.09038
DATAFLOW,OECD.SDD.STES:DSD_KEI@DF_KEI(4.0),I,GBR,M,IR3TIB,PA,_Z,_Z,_Z,2009-01,2.34276
DATAFLOW,OECD.SDD.STES:DSD_KEI@DF_KEI(4.0),I,GBR,M,IR3TIB,PA,_Z,_Z,_Z,2008-12,3.17247
DATAFLOW,OECD.SDD.STES:DSD_KEI@DF_KEI(4.0),I,GBR,M,IR3TIB,PA,_Z,_Z,_Z,2008-11,4.44684
DATAFLOW,OECD.SDD.STES:DSD_KEI@DF_KEI(4.0),I,GBR,M,IR3TIB,PA,_Z,_Z,_Z,2008-10,6.13304
DATAFLOW,OECD.SDD.STES:DSD_KEI@DF_KEI(4.0),I,GBR,M,IR3TIB,PA,_Z,_Z,_Z,2008-09,5.9106
DATAFLOW,OECD.SDD.STES:DSD_KEI@DF_KEI(4.0),I,GBR,M,IRLT,PA,_Z,_Z,_Z,2026-01,4.451
DATAFLOW,OECD.SDD.STES:DSD_KEI@DF_KEI(4.0),I,GBR,M,IRLT,PA,_Z,_Z,_Z,2025-12,4.4826
DATAFLOW,OECD.SDD.STES:DSD_KEI@DF_KEI(4.0),I,GBR,M,IRLT,PA,_Z,_Z,_Z,2025-11,4.4985
DATAFLOW,OECD.SDD.STES:DSD_KEI@DF_KEI(4.0),I,GBR,M,IRLT,PA,_Z,_Z,_Z,2025-10,4.5721
DATAFLOW,OECD.SDD.STES:DSD_KEI@DF_KEI(4.0),I,GBR,M,IRLT,PA,_Z,_Z,_Z,2025-09,4.6885
DATAFLOW,OECD.SDD.STES:DSD_KEI@DF_KEI(4.0),I,GBR,M,IRLT,PA,_Z,_Z,_Z,2025-08,4.6369
DATAFLOW,OECD.SDD.STES:DSD_KEI@DF_KEI(4.0),I,GBR,M,IRLT,PA,_Z,_Z,_Z,2025-07,4.5924
DATAFLOW,OECD.SDD.STES:DSD_KEI@DF_KEI(4.0),I,GBR,M,IRLT,PA,_Z,_Z,_Z,2025-06,4.5248
DATAFLOW,OECD.SDD.STES:DSD_KEI@DF_KEI(4.0),I,GBR,M,IRLT,PA,_Z,_Z,_Z,2025-05,4.6004
DATAFLOW,OECD.SDD.STES:DSD_KEI@DF_KEI(4.0),I,GBR,M,IRLT,PA,_Z,_Z,_Z,2025-04,4.5762
DATAFLOW,OECD.SDD.STES:DSD_KEI@DF_KEI(4.0),I,GBR,M,IRLT,PA,_Z,_Z,_Z,2025-03,4.6448
DATAFLOW,OECD.SDD.STES:DSD_KEI@DF_KEI(4.0),I,GBR,M,IRLT,PA,_Z,_Z,_Z,2025-02,4.5063
DATAFLOW,OECD.SDD.STES:DSD_KEI@DF_KEI(4.0),I,GBR,M,IRLT,PA,_Z,_Z,_Z,2025-01,4.6627
DATAFLOW,OECD.SDD.STES:DSD_KEI@DF_KEI(4.0),I,GBR,M,IRLT,PA,_Z,_Z,_Z,2024-12,4.4345
DATAFLOW,OECD.SDD.STES:DSD_KEI@DF_KEI(4.0),I,GBR,M,IRSTCI,PA,_Z,_Z,_Z,2024-04,5.1979
DATAFLOW,OECD.SDD.STES:DSD_KEI@DF_KEI(4.0),I,GBR,M,IRSTCI,PA,_Z,_Z,_Z,2024-03,5.1891
DATAFLOW,OECD.SDD.STES:DSD_KEI@DF_KEI(4.0),I,GBR,M,IRSTCI,PA,_Z,_Z,_Z,2024-02,5.1883
DATAFLOW,OECD.SDD.STES:DSD_KEI@DF_KEI(4.0),I,GBR,M,IRSTCI,PA,_Z,_Z,_Z,2024-01,5.1875
DATAFLOW,OECD.SDD.STES:DSD_KEI@DF_KEI(4.0),I,GBR,M,IRSTCI,PA,_Z,_Z,_Z,2023-12,5.187
DATAFLOW,OECD.SDD.STES:DSD_KEI@DF_KEI(4.0),I,GBR,M,IRLT,PA,_Z,_Z,_Z,2024-02,4.123
DATAFLOW,OECD.SDD.STES:DSD_KEI@DF_KEI(4.0),I,GBR,M,IRLT,PA,_Z,_Z,_Z,2024-01,3.9319
DATAFLOW,OECD.SDD.STES:DSD_KEI@DF_KEI(4.0),I,GBR,M,IRLT,PA,_Z,_Z,_Z,2023-12,3.8622
DATAFLOW,OECD.SDD.STES:DSD_KEI@DF_KEI(4.0),I,GBR,M,IR3TIB,PA,_Z,_Z,_Z,2025-03,4.39
DATAFLOW,OECD.SDD.STES:DSD_KEI@DF_KEI(4.0),I,GBR,M,IR3TIB,PA,_Z,_Z,_Z,2025-02,4.44
DATAFLOW,OECD.SDD.STES:DSD_KEI@DF_KEI(4.0),I,GBR,M,IR3TIB,PA,_Z,_Z,_Z,2025-01,4.55
DATAFLOW,OECD.SDD.STES:DSD_KEI@DF_KEI(4.0),I,GBR,M,IR3TIB,PA,_Z,_Z,_Z,2024-12,4.64
DATAFLOW,OECD.SDD.STES:DSD_KEI@DF_KEI(4.0),I,GBR,M,IR3TIB,PA,_Z,_Z,_Z,2024-11,4.68
DATAFLOW,OECD.SDD.STES:DSD_KEI@DF_KEI(4.0),I,GBR,M,IR3TIB,PA,_Z,_Z,_Z,2024-10,4.75
DATAFLOW,OECD.SDD.STES:DSD_KEI@DF_KEI(4.0),I,GBR,M,IR3TIB,PA,_Z,_Z,_Z,2024-09,4.84
DATAFLOW,OECD.SDD.STES:DSD_KEI@DF_KEI(4.0),I,GBR,M,IR3TIB,PA,_Z,_Z,_Z,2024-08,4.91
DATAFLOW,OECD.SDD.STES:DSD_KEI@DF_KEI(4.0),I,GBR,M,IR3TIB,PA,_Z,_Z,_Z,2024-07,5.09
DATAFLOW,OECD.SDD.STES:DSD_KEI@DF_KEI(4.0),I,GBR,M,IR3TIB,PA,_Z,_Z,_Z,2024-06,5.16
DATAFLOW,OECD.SDD.STES:DSD_KEI@DF_KEI(4.0),I,GBR,M,IR3TIB,PA,_Z,_Z,_Z,2024-05,5.16
DATAFLOW,OECD.SDD.STES:DSD_KEI@DF_KEI(4.0),I,GBR,M,IR3TIB,PA,_Z,_Z,_Z,2024-04,5.18
DATAFLOW,OECD.SDD.STES:DSD_KEI@DF_KEI(4.0),I,GBR,M,IR3TIB,PA,_Z,_Z,_Z,2024-03,5.2
DATAFLOW,OECD.SDD.STES:DSD_KEI@DF_KEI(4.0),I,GBR,M,IR3TIB,PA,_Z,_Z,_Z,2024-02,5.21
DATAFLOW,OECD.SDD.STES:DSD_KEI@DF_KEI(4.0),I,GBR,M,IR3TIB,PA,_Z,_Z,_Z,2024-01,5.2
DATAFLOW,OECD.SDD.STES:DSD_KEI@DF_KEI(4.0),I,GBR,M,IR3TIB,PA,_Z,_Z,_Z,2023-12,5.22
DATAFLOW,OECD.SDD.STES:DSD_KEI@DF_KEI(4.0),I,GBR,M,IRSTCI,PA,_Z,_Z,_Z,2026-01,3.725
DATAFLOW,OECD.SDD.STES:DSD_KEI@DF_KEI(4.0),I,GBR,M,IRSTCI,PA,_Z,_Z,_Z,2025-12,3.8789
DATAFLOW,OECD.SDD.STES:DSD_KEI@DF_KEI(4.0),I,GBR,M,IRSTCI,PA,_Z,_Z,_Z,2025-11,3.9693
DATAFLOW,OECD.SDD.STES:DSD_KEI@DF_KEI(4.0),I,GBR,M,IRSTCI,PA,_Z,_Z,_Z,2025-10,3.9682
DATAFLOW,OECD.SDD.STES:DSD_KEI@DF_KEI(4.0),I,GBR,M,IRSTCI,PA,_Z,_Z,_Z,2024-06,5.2
DATAFLOW,OECD.SDD.STES:DSD_KEI@DF_KEI(4.0),I,GBR,M,IRSTCI,PA,_Z,_Z,_Z,2024-05,5.2
DATAFLOW,OECD.SDD.STES:DSD_KEI@DF_KEI(4.0),I,GBR,M,IR3TIB,PA,_Z,_Z,_Z,2026-01,3.71
DATAFLOW,OECD.SDD.STES:DSD_KEI@DF_KEI(4.0),I,GBR,M,IR3TIB,PA,_Z,_Z,_Z,2025-12,3.75
DATAFLOW,OECD.SDD.STES:DSD_KEI@DF_KEI(4.0),I,GBR,M,IR3TIB,PA,_Z,_Z,_Z,2025-11,3.84
DATAFLOW,OECD.SDD.STES:DSD_KEI@DF_KEI(4.0),I,GBR,M,IR3TIB,PA,_Z,_Z,_Z,2025-10,3.93
DATAFLOW,OECD.SDD.STES:DSD_KEI@DF_KEI(4.0),I,GBR,M,IR3TIB,PA,_Z,_Z,_Z,2025-09,3.97
DATAFLOW,OECD.SDD.STES:DSD_KEI@DF_KEI(4.0),I,GBR,M,IR3TIB,PA,_Z,_Z,_Z,2025-08,3.98
DATAFLOW,OECD.SDD.STES:DSD_KEI@DF_KEI(4.0),I,GBR,M,IR3TIB,PA,_Z,_Z,_Z,2025-07,4.05
DATAFLOW,OECD.SDD.STES:DSD_KEI@DF_KEI(4.0),I,GBR,M,IR3TIB,PA,_Z,_Z,_Z,2025-06,4.15
DATAFLOW,OECD.SDD.STES:DSD_KEI@DF_KEI(4.0),I,GBR,M,IR3TIB,PA,_Z,_Z,_Z,2025-05,4.19
DATAFLOW,OECD.SDD.STES:DSD_KEI@DF_KEI(4.0),I,GBR,M,IR3TIB,PA,_Z,_Z,_Z,2025-04,4.26
DATAFLOW,OECD.SDD.STES:DSD_KEI@DF_KEI(4.0),I,GBR,M,IRLT,PA,_Z,_Z,_Z,2012-09,1.7222
DATAFLOW,OECD.SDD.STES:DSD_KEI@DF_KEI(4.0),I,GBR,M,IRLT,PA,_Z,_Z,_Z,2012-08,1.6735
DATAFLOW,OECD.SDD.STES:DSD_KEI@DF_KEI(4.0),I,GBR,M,IRLT,PA,_Z,_Z,_Z,2012-07,1.6523
DATAFLOW,OECD.SDD.STES:DSD_KEI@DF_KEI(4.0),I,GBR,M,IRLT,PA,_Z,_Z,_Z,2012-06,1.7698
DATAFLOW,OECD.SDD.STES:DSD_KEI@DF_KEI(4.0),I,GBR,M,IRLT,PA,_Z,_Z,_Z,2012-05,1.9416
DATAFLOW,OECD.SDD.STES:DSD_KEI@DF_KEI(4.0),I,GBR,M,IRLT,PA,_Z,_Z,_Z,2012-04,2.2117
DATAFLOW,OECD.SDD.STES:DSD_KEI@DF_KEI(4.0),I,GBR,M,IRLT,PA,_Z,_Z,_Z,2012-03,2.323
DATAFLOW,OECD.SDD.STES:DSD_KEI@DF_KEI(4.0),I,GBR,M,IRLT,PA,_Z,_Z,_Z,2012-02,2.2191
DATAFLOW,OECD.SDD.STES:DSD_KEI@DF_KEI(4.0),I,GBR,M,IRLT,PA,_Z,_Z,_Z,2012-01,2.1104
DATAFLOW,OECD.SDD.STES:DSD_KEI@DF_KEI(4.0),I,GBR,M,IRLT,PA,_Z,_Z,_Z,2011-12,2.1828
DATAFLOW,OECD.SDD.STES:DSD_KEI@DF_KEI(4.0),I,GBR,M,IRLT,PA,_Z,_Z,_Z,2011-11,2.2917
DATAFLOW,OECD.SDD.STES:DSD_KEI@DF_KEI(4.0),I,GBR,M,IRLT,PA,_Z,_Z,_Z,2011-10,2.529
DATAFLOW,OECD.SDD.STES:DSD_KEI@DF_KEI(4.0),I,GBR,M,IRLT,PA,_Z,_Z,_Z,2011-09,2.504
DATAFLOW,OECD.SDD.STES:DSD_KEI@DF_KEI(4.0),I,GBR,M,IRLT,PA,_Z,_Z,_Z,2011-08,2.7833
DATAFLOW,OECD.SDD.STES:DSD_KEI@DF_KEI(4.0),I,GBR,M,IRLT,PA,_Z,_Z,_Z,2011-07,3.3137
DATAFLOW,OECD.SDD.STES:DSD_KEI@DF_KEI(4.0),I,GBR,M,IRLT,PA,_Z,_Z,_Z,2011-06,3.4144
DATAFLOW,OECD.SDD.STES:DSD_KEI@DF_KEI(4.0),I,GBR,M,IRLT,PA,_Z,_Z,_Z,2011-05,3.5053
DATAFLOW,OECD.SDD.STES:DSD_KEI@DF_KEI(4.0),I,GBR,M,IRLT,PA,_Z,_Z,_Z,2011-04,3.7619
DATAFLOW,OECD.SDD.STES:DSD_KEI@DF_KEI(4.0),I,GBR,M,IRLT,PA,_Z,_Z,_Z,2011-03,3.7386
DATAFLOW,OECD.SDD.STES:DSD_KEI@DF_KEI(4.0),I,GBR,M,IRLT,PA,_Z,_Z,_Z,2011-02,3.8799
DATAFLOW,OECD.SDD.STES:DSD_KEI@DF_KEI(4.0),I,GBR,M,IRLT,PA,_Z,_Z,_Z,2011-01,3.7273
DATAFLOW,OECD.SDD.STES:DSD_KEI@DF_KEI(4.0),I,GBR,M,IRLT,PA,_Z,_Z,_Z,2010-12,3.6098
DATAFLOW,OECD.SDD.STES:DSD_KEI@DF_KEI(4.0),I,GBR,M,IRLT,PA,_Z,_Z,_Z,2010-11,3.311
DATAFLOW,OECD.SDD.STES:DSD_KEI@DF_KEI(4.0),I,GBR,M,IRLT,PA,_Z,_Z,_Z,2010-10,3.0685
DATAFLOW,OECD.SDD.STES:DSD_KEI@DF_KEI(4.0),I,GBR,M,IRLT,PA,_Z,_Z,_Z,2010-09,3.1271
DATAFLOW,OECD.SDD.STES:DSD_KEI@DF_KEI(4.0),I,GBR,M,IRSTCI,PA,_Z,_Z,_Z,2017-03,0.2095
DATAFLOW,OECD.SDD.STES:DSD_KEI@DF_KEI(4.0),I,GBR,M,IRSTCI,PA,_Z,_Z,_Z,2017-02,0.2106
DATAFLOW,OECD.SDD.STES:DSD_KEI@DF_KEI(4.0),I,GBR,M,IRSTCI,PA,_Z,_Z,_Z,2017-01,0.2135
DATAFLOW,OECD.SDD.STES:DSD_KEI@DF_KEI(4.0),I,GBR,M,IRSTCI,PA,_Z,_Z,_Z,2016-12,0.2125
DATAFLOW,OECD.SDD.STES:DSD_KEI@DF_KEI(4.0),I,GBR,M,IRSTCI,PA,_Z,_Z,_Z,2016-11,0.2108
DATAFLOW,OECD.SDD.STES:DSD_KEI@DF_KEI(4.0),I,GBR,M,IRSTCI,PA,_Z,_Z,_Z,2016-10,0.212
DATAFLOW,OECD.SDD.STES:DSD_KEI@DF_KEI(4.0),I,GBR,M,IRSTCI,PA,_Z,_Z,_Z,2016-09,0.213
DATAFLOW,OECD.SDD.STES:DSD_KEI@DF_KEI(4.0),I,GBR,M,IRSTCI,PA,_Z,_Z,_Z,2016-08,0.2478
DATAFLOW,OECD.SDD.STES:DSD_KEI@DF_KEI(4.0),I,GBR,M,IRSTCI,PA,_Z,_Z,_Z,2016-07,0.4577
DATAFLOW,OECD.SDD.STES:DSD_KEI@DF_KEI(4.0),I,GBR,M,IRSTCI,PA,_Z,_Z,_Z,2016-06,0.4598
DATAFLOW,OECD.SDD.STES:DSD_KEI@DF_KEI(4.0),I,GBR,M,IRSTCI,PA,_Z,_Z,_Z,2016-05,0.4633
DATAFLOW,OECD.SDD.STES:DSD_KEI@DF_KEI(4.0),I,GBR,M,IRSTCI,PA,_Z,_Z,_Z,2016-04,0.4663
DATAFLOW,OECD.SDD.STES:DSD_KEI@DF_KEI(4.0),I,GBR,M,IRSTCI,PA,_Z,_Z,_Z,2016-03,0.4646
DATAFLOW,OECD.SDD.STES:DSD_KEI@DF_KEI(4.0),I,GBR,M,IRSTCI,PA,_Z,_Z,_Z,2016-02,0.4657
DATAFLOW,OECD.SDD.STES:DSD_KEI@DF_KEI(4.0),I,GBR,M,IRSTCI,PA,_Z,_Z,_Z,2016-01,0.4659
DATAFLOW,OECD.SDD.STES:DSD_KEI@DF_KEI(4.0),I,GBR,M,IRSTCI,PA,_Z,_Z,_Z,2015-12,0.4575
DATAFLOW,OECD.SDD.STES:DSD_KEI@DF_KEI(4.0),I,GBR,M,IRSTCI,PA,_Z,_Z,_Z,2015-11,0.4636
DATAFLOW,OECD.SDD.STES:DSD_KEI@DF_KEI(4.0),I,GBR,M,IRSTCI,PA,_Z,_Z,_Z,2015-10,0.4622
DATAFLOW,OECD.SDD.STES:DSD_KEI@DF_KEI(4.0),I,GBR,M,IRSTCI,PA,_Z,_Z,_Z,2015-09,0.4544
DATAFLOW,OECD.SDD.STES:DSD_KEI@DF_KEI(4.0),I,GBR,M,IRSTCI,PA,_Z,_Z,_Z,2015-08,0.459
DATAFLOW,OECD.SDD.STES:DSD_KEI@DF_KEI(4.0),I,GBR,M,IRSTCI,PA,_Z,_Z,_Z,2015-07,0.4549
DATAFLOW,OECD.SDD.STES:DSD_KEI@DF_KEI(4.0),I,GBR,M,IRSTCI,PA,_Z,_Z,_Z,2015-06,0.4566
DATAFLOW,OECD.SDD.STES:DSD_KEI@DF_KEI(4.0),I,GBR,M,IRSTCI,PA,_Z,_Z,_Z,2015-05,0.462
DATAFLOW,OECD.SDD.STES:DSD_KEI@DF_KEI(4.0),I,GBR,M,IRSTCI,PA,_Z,_Z,_Z,2015-04,0.4574
DATAFLOW,OECD.SDD.STES:DSD_KEI@DF_KEI(4.0),I,GBR,M,IRSTCI,PA,_Z,_Z,_Z,2015-03,0.4568
DATAFLOW,OECD.SDD.STES:DSD_KEI@DF_KEI(4.0),I,GBR,M,IRSTCI,PA,_Z,_Z,_Z,2015-02,0.4511
DATAFLOW,OECD.SDD.STES:DSD_KEI@DF_KEI(4.0),I,GBR,M,IRSTCI,PA,_Z,_Z,_Z,2015-01,0.4355
DATAFLOW,OECD.SDD.STES:DSD_KEI@DF_KEI(4.0),I,GBR,M,IRSTCI,PA,_Z,_Z,_Z,2014-12,0.428
DATAFLOW,OECD.SDD.STES:DSD_KEI@DF_KEI(4.0),I,GBR,M,IRSTCI,PA,_Z,_Z,_Z,2014-11,0.4325
DATAFLOW,OECD.SDD.STES:DSD_KEI@DF_KEI(4.0),I,GBR,M,IRSTCI,PA,_Z,_Z,_Z,2014-10,0.4308
DATAFLOW,OECD.SDD.STES:DSD_KEI@DF_KEI(4.0),I,GBR,M,IRSTCI,PA,_Z,_Z,_Z,2014-09,0.4319
DATAFLOW,OECD.SDD.STES:DSD_KEI@DF_KEI(4.0),I,GBR,M,IRSTCI,PA,_Z,_Z,_Z,2014-08,0.4228
DATAFLOW,OECD.SDD.STES:DSD_KEI@DF_KEI(4.0),I,GBR,M,IRSTCI,PA,_Z,_Z,_Z,2014-07,0.4283
DATAFLOW,OECD.SDD.STES:DSD_KEI@DF_KEI(4.0),I,GBR,M,IRSTCI,PA,_Z,_Z,_Z,2014-06,0.4251
DATAFLOW,OECD.SDD.STES:DSD_KEI@DF_KEI(4.0),I,GBR,M,IRSTCI,PA,_Z,_Z,_Z,2014-05,0.4233
DATAFLOW,OECD.SDD.STES:DSD_KEI@DF_KEI(4.0),I,GBR,M,IRSTCI,PA,_Z,_Z,_Z,2014-04,0.422
DATAFLOW,OECD.SDD.STES:DSD_KEI@DF_KEI(4.0),I,GBR,M,IRSTCI,PA,_Z,_Z,_Z,2014-03,0.4159
DATAFLOW,OECD.SDD.STES:DSD_KEI@DF_KEI(4.0),I,GBR,M,IRSTCI,PA,_Z,_Z,_Z,2014-02,0.4197
DATAFLOW,OECD.SDD.STES:DSD_KEI@DF_KEI(4.0),I,GBR,M,IRSTCI,PA,_Z,_Z,_Z,2014-01,0.4287
DATAFLOW,OECD.SDD.STES:DSD_KEI@DF_KEI(4.0),I,GBR,M,IRSTCI,PA,_Z,_Z,_Z,2013-12,0.4215
DATAFLOW,OECD.SDD.STES:DSD_KEI@DF_KEI(4.0),I,GBR,M,IRSTCI,PA,_Z,_Z,_Z,2013-11,0.43
DATAFLOW,OECD.SDD.STES:DSD_KEI@DF_KEI(4.0),I,GBR,M,IRSTCI,PA,_Z,_Z,_Z,2013-10,0.4313
DATAFLOW,OECD.SDD.STES:DSD_KEI@DF_KEI(4.0),I,GBR,M,IRSTCI,PA,_Z,_Z,_Z,2013-09,0.4299
DATAFLOW,OECD.SDD.STES:DSD_KEI@DF_KEI(4.0),I,GBR,M,IRSTCI,PA,_Z,_Z,_Z,2013-08,0.427
DATAFLOW,OECD.SDD.STES:DSD_KEI@DF_KEI(4.0),I,GBR,M,IRSTCI,PA,_Z,_Z,_Z,2013-07,0.4301
DATAFLOW,OECD.SDD.STES:DSD_KEI@DF_KEI(4.0),I,GBR,M,IRSTCI,PA,_Z,_Z,_Z,2013-06,0.4252
DATAFLOW,OECD.SDD.STES:DSD_KEI@DF_KEI(4.0),I,GBR,M,IRSTCI,PA,_Z,_Z,_Z,2013-05,0.4336
DATAFLOW,OECD.SDD.STES:DSD_KEI@DF_KEI(4.0),I,GBR,M,IRSTCI,PA,_Z,_Z,_Z,2013-04,0.4396
DATAFLOW,OECD.SDD.STES:DSD_KEI@DF_KEI(4.0),I,GBR,M,IRSTCI,PA,_Z,_Z,_Z,2013-03,0.4353
DATAFLOW,OECD.SDD.STES:DSD_KEI@DF_KEI(4.0),I,GBR,M,IRSTCI,PA,_Z,_Z,_Z,2013-02,0.4261
DATAFLOW,OECD.SDD.STES:DSD_KEI@DF_KEI(4.0),I,GBR,M,IRSTCI,PA,_Z,_Z,_Z,2013-01,0.4097
DATAFLOW,OECD.SDD.STES:DSD_KEI@DF_KEI(4.0),I,GBR,M,IRSTCI,PA,_Z,_Z,_Z,2012-12,0.4309
DATAFLOW,OECD.SDD.STES:DSD_KEI@DF_KEI(4.0),I,GBR,M,IRSTCI,PA,_Z,_Z,_Z,2012-11,0.4256
DATAFLOW,OECD.SDD.STES:DSD_KEI@DF_KEI(4.0),I,GBR,M,IRSTCI,PA,_Z,_Z,_Z,2012-10,0.4334
DATAFLOW,OECD.SDD.STES:DSD_KEI@DF_KEI(4.0),I,GBR,M,IRSTCI,PA,_Z,_Z,_Z,2012-09,0.4271
DATAFLOW,OECD.SDD.STES:DSD_KEI@DF_KEI(4.0),I,GBR,M,IRSTCI,PA,_Z,_Z,_Z,2012-08,0.45
DATAFLOW,OECD.SDD.STES:DSD_KEI@DF_KEI(4.0),I,GBR,M,IRSTCI,PA,_Z,_Z,_Z,2012-07,0.4646
DATAFLOW,OECD.SDD.STES:DSD_KEI@DF_KEI(4.0),I,GBR,M,IRSTCI,PA,_Z,_Z,_Z,2012-06,0.4859
DATAFLOW,OECD.SDD.STES:DSD_KEI@DF_KEI(4.0),I,GBR,M,IRSTCI,PA,_Z,_Z,_Z,2012-05,0.4848
DATAFLOW,OECD.SDD.STES:DSD_KEI@DF_KEI(4.0),I,GBR,M,IRSTCI,PA,_Z,_Z,_Z,2012-04,0.4861
DATAFLOW,OECD.SDD.STES:DSD_KEI@DF_KEI(4.0),I,GBR,M,IRSTCI,PA,_Z,_Z,_Z,2012-03,0.49
DATAFLOW,OECD.SDD.STES:DSD_KEI@DF_KEI(4.0),I,GBR,M,IRSTCI,PA,_Z,_Z,_Z,2012-02,0.4993
DATAFLOW,OECD.SDD.STES:DSD_KEI@DF_KEI(4.0),I,GBR,M,IRSTCI,PA,_Z,_Z,_Z,2012-01,0.5157
DATAFLOW,OECD.SDD.STES:DSD_KEI@DF_KEI(4.0),I,GBR,M,IRSTCI,PA,_Z,_Z,_Z,2011-12,0.5201
DATAFLOW,OECD.SDD.STES:DSD_KEI@DF_KEI(4.0),I,GBR,M,IRSTCI,PA,_Z,_Z,_Z,2011-11,0.5347
DATAFLOW,OECD.SDD.STES:DSD_KEI@DF_KEI(4.0),I,GBR,M,IRSTCI,PA,_Z,_Z,_Z,2011-10,0.5358
DATAFLOW,OECD.SDD.STES:DSD_KEI@DF_KEI(4.0),I,GBR,M,IRSTCI,PA,_Z,_Z,_Z,2011-09,0.5486
DATAFLOW,OECD.SDD.STES:DSD_KEI@DF_KEI(4.0),I,GBR,M,IRSTCI,PA,_Z,_Z,_Z,2011-08,0.538
DATAFLOW,OECD.SDD.STES:DSD_KEI@DF_KEI(4.0),I,GBR,M,IRLT,PA,_Z,_Z,_Z,2024-11,4.4164
DATAFLOW,OECD.SDD.STES:DSD_KEI@DF_KEI(4.0),I,GBR,M,IRLT,PA,_Z,_Z,_Z,2024-10,4.1993
DATAFLOW,OECD.SDD.STES:DSD_KEI@DF_KEI(4.0),I,GBR,M,IRLT,PA,_Z,_Z,_Z,2024-09,3.9053
DATAFLOW,OECD.SDD.STES:DSD_KEI@DF_KEI(4.0),I,GBR,M,IRLT,PA,_Z,_Z,_Z,2024-08,3.9444
DATAFLOW,OECD.SDD.STES:DSD_KEI@DF_KEI(4.0),I,GBR,M,IRLT,PA,_Z,_Z,_Z,2024-07,4.1386
DATAFLOW,OECD.SDD.STES:DSD_KEI@DF_KEI(4.0),I,GBR,M,IRLT,PA,_Z,_Z,_Z,2024-06,4.1644
DATAFLOW,OECD.SDD.STES:DSD_KEI@DF_KEI(4.0),I,GBR,M,IRLT,PA,_Z,_Z,_Z,2024-05,4.2229
DATAFLOW,OECD.SDD.STES:DSD_KEI@DF_KEI(4.0),I,GBR,M,IRLT,PA,_Z,_Z,_Z,2024-04,4.2172
DATAFLOW,OECD.SDD.STES:DSD_KEI@DF_KEI(4.0),I,GBR,M,IRLT,PA,_Z,_Z,_Z,2024-03,4.033
DATAFLOW,OECD.SDD.STES:DSD_KEI@DF_KEI(4.0),I,GBR,M,IR3TIB,PA,_Z,_Z,_Z,2019-11,0.79
DATAFLOW,OECD.SDD.STES:DSD_KEI@DF_KEI(4.0),I,GBR,M,IR3TIB,PA,_Z,_Z,_Z,2019-10,0.78
DATAFLOW,OECD.SDD.STES:DSD_KEI@DF_KEI(4.0),I,GBR,M,IR3TIB,PA,_Z,_Z,_Z,2019-09,0.77
DATAFLOW,OECD.SDD.STES:DSD_KEI@DF_KEI(4.0),I,GBR,M,IR3TIB,PA,_Z,_Z,_Z,2019-08,0.76
DATAFLOW,OECD.SDD.STES:DSD_KEI@DF_KEI(4.0),I,GBR,M,IR3TIB,PA,_Z,_Z,_Z,2019-07,0.77
DATAFLOW,OECD.SDD.STES:DSD_KEI@DF_KEI(4.0),I,GBR,M,IR3TIB,PA,_Z,_Z,_Z,2019-06,0.78
DATAFLOW,OECD.SDD.STES:DSD_KEI@DF_KEI(4.0),I,GBR,M,IR3TIB,PA,_Z,_Z,_Z,2019-05,0.8
DATAFLOW,OECD.SDD.STES:DSD_KEI@DF_KEI(4.0),I,GBR,M,IR3TIB,PA,_Z,_Z,_Z,2019-04,0.82
DATAFLOW,OECD.SDD.STES:DSD_KEI@DF_KEI(4.0),I,GBR,M,IR3TIB,PA,_Z,_Z,_Z,2019-03,0.84
DATAFLOW,OECD.SDD.STES:DSD_KEI@DF_KEI(4.0),I,GBR,M,IR3TIB,PA,_Z,_Z,_Z,2019-02,0.87598
DATAFLOW,OECD.SDD.STES:DSD_KEI@DF_KEI(4.0),I,GBR,M,IR3TIB,PA,_Z,_Z,_Z,2019-01,0.91822
DATAFLOW,OECD.SDD.STES:DSD_KEI@DF_KEI(4.0),I,GBR,M,IR3TIB,PA,_Z,_Z,_Z,2018-12,0.90444
DATAFLOW,OECD.SDD.STES:DSD_KEI@DF_KEI(4.0),I,GBR,M,IR3TIB,PA,_Z,_Z,_Z,2018-11,0.87483
DATAFLOW,OECD.SDD.STES:DSD_KEI@DF_KEI(4.0),I,GBR,M,IR3TIB,PA,_Z,_Z,_Z,2018-10,0.80618
DATAFLOW,OECD.SDD.STES:DSD_KEI@DF_KEI(4.0),I,GBR,M,IR3TIB,PA,_Z,_Z,_Z,2018-09,0.80093
DATAFLOW,OECD.SDD.STES:DSD_KEI@DF_KEI(4.0),I,GBR,M,IR3TIB,PA,_Z,_Z,_Z,2018-08,0.80519
DATAFLOW,OECD.SDD.STES:DSD_KEI@DF_KEI(4.0),I,GBR,M,IRSTCI,PA,_Z,_Z,_Z,2023-01,3.4275
DATAFLOW,OECD.SDD.STES:DSD_KEI@DF_KEI(4.0),I,GBR,M,IRSTCI,PA,_Z,_Z,_Z,2022-12,3.1779
DATAFLOW,OECD.SDD.STES:DSD_KEI@DF_KEI(4.0),I,GBR,M,IRSTCI,PA,_Z,_Z,_Z,2022-11,2.8599
DATAFLOW,OECD.SDD.STES:DSD_KEI@DF_KEI(4.0),I,GBR,M,IRLT,PA,_Z,_Z,_Z,2023-11,4.2721
DATAFLOW,OECD.SDD.STES:DSD_KEI@DF_KEI(4.0),I,GBR,M,IRLT,PA,_Z,_Z,_Z,2023-10,4.5695
DATAFLOW,OECD.SDD.STES:DSD_KEI@DF_KEI(4.0),I,GBR,M,IRLT,PA,_Z,_Z,_Z,2023-09,4.4199
DATAFLOW,OECD.SDD.STES:DSD_KEI@DF_KEI(4.0),I,GBR,M,IRLT,PA,_Z,_Z,_Z,2023-08,4.5298
DATAFLOW,OECD.SDD.STES:DSD_KEI@DF_KEI(4.0),I,GBR,M,IR3TIB,PA,_Z,_Z,_Z,2016-09,0.37907
DATAFLOW,OECD.SDD.STES:DSD_KEI@DF_KEI(4.0),I,GBR,M,IR3TIB,PA,_Z,_Z,_Z,2016-08,0.40613
DATAFLOW,OECD.SDD.STES:DSD_KEI@DF_KEI(4.0),I,GBR,M,IR3TIB,PA,_Z,_Z,_Z,2016-07,0.5136
DATAFLOW,OECD.SDD.STES:DSD_KEI@DF_KEI(4.0),I,GBR,M,IR3TIB,PA,_Z,_Z,_Z,2016-06,0.57468
DATAFLOW,OECD.SDD.STES:DSD_KEI@DF_KEI(4.0),I,GBR,M,IR3TIB,PA,_Z,_Z,_Z,2016-05,0.58929
DATAFLOW,OECD.SDD.STES:DSD_KEI@DF_KEI(4.0),I,GBR,M,IR3TIB,PA,_Z,_Z,_Z,2016-04,0.5889
DATAFLOW,OECD.SDD.STES:DSD_KEI@DF_KEI(4.0),I,GBR,M,IR3TIB,PA,_Z,_Z,_Z,2016-03,0.58825
DATAFLOW,OECD.SDD.STES:DSD_KEI@DF_KEI(4.0),I,GBR,M,IR3TIB,PA,_Z,_Z,_Z,2016-02,0.59073
DATAFLOW,OECD.SDD.STES:DSD_KEI@DF_KEI(4.0),I,GBR,M,IR3TIB,PA,_Z,_Z,_Z,2016-01,0.58976
DATAFLOW,OECD.SDD.STES:DSD_KEI@DF_KEI(4.0),I,GBR,M,IR3TIB,PA,_Z,_Z,_Z,2015-12,0.58277
DATAFLOW,OECD.SDD.STES:DSD_KEI@DF_KEI(4.0),I,GBR,M,IR3TIB,PA,_Z,_Z,_Z,2015-11,0.57371
DATAFLOW,OECD.SDD.STES:DSD_KEI@DF_KEI(4.0),I,GBR,M,IR3TIB,PA,_Z,_Z,_Z,2015-10,0.58006
DATAFLOW,OECD.SDD.STES:DSD_KEI@DF_KEI(4.0),I,GBR,M,IR3TIB,PA,_Z,_Z,_Z,2015-09,0.58576
DATAFLOW,OECD.SDD.STES:DSD_KEI@DF_KEI(4.0),I,GBR,M,IR3TIB,PA,_Z,_Z,_Z,2015-08,0.5867
DATAFLOW,OECD.SDD.STES:DSD_KEI@DF_KEI(4.0),I,GBR,M,IR3TIB,PA,_Z,_Z,_Z,2015-07,0.58084
DATAFLOW,OECD.SDD.STES:DSD_KEI@DF_KEI(4.0),I,GBR,M,IR3TIB,PA,_Z,_Z,_Z,2015-06,0.57188
DATAFLOW,OECD.SDD.STES:DSD_KEI@DF_KEI(4.0),I,GBR,M,IR3TIB,PA,_Z,_Z,_Z,2015-05,0.56798
DATAFLOW,OECD.SDD.STES:DSD_KEI@DF_KEI(4.0),I,GBR,M,IR3TIB,PA,_Z,_Z,_Z,2015-04,0.5695
DATAFLOW,OECD.SDD.STES:DSD_KEI@DF_KEI(4.0),I,GBR,M,IR3TIB,PA,_Z,_Z,_Z,2015-03,0.56436
DATAFLOW,OECD.SDD.STES:DSD_KEI@DF_KEI(4.0),I,GBR,M,IR3TIB,PA,_Z,_Z,_Z,2015-02,0.56363
DATAFLOW,OECD.SDD.STES:DSD_KEI@DF_KEI(4.0),I,GBR,M,IR3TIB,PA,_Z,_Z,_Z,2015-01,0.5626
DATAFLOW,OECD.SDD.STES:DSD_KEI@DF_KEI(4.0),I,GBR,M,IR3TIB,PA,_Z,_Z,_Z,2014-12,0.55818
DATAFLOW,OECD.SDD.STES:DSD_KEI@DF_KEI(4.0),I,GBR,M,IR3TIB,PA,_Z,_Z,_Z,2014-11,0.55628
DATAFLOW,OECD.SDD.STES:DSD_KEI@DF_KEI(4.0),I,GBR,M,IR3TIB,PA,_Z,_Z,_Z,2014-10,0.55836
DATAFLOW,OECD.SDD.STES:DSD_KEI@DF_KEI(4.0),I,GBR,M,IR3TIB,PA,_Z,_Z,_Z,2014-09,0.56291
DATAFLOW,OECD.SDD.STES:DSD_KEI@DF_KEI(4.0),I,GBR,M,IR3TIB,PA,_Z,_Z,_Z,2014-08,0.56119
DATAFLOW,OECD.SDD.STES:DSD_KEI@DF_KEI(4.0),I,GBR,M,IR3TIB,PA,_Z,_Z,_Z,2014-07,0.55641
DATAFLOW,OECD.SDD.STES:DSD_KEI@DF_KEI(4.0),I,GBR,M,IR3TIB,PA,_Z,_Z,_Z,2014-06,0.54394
DATAFLOW,OECD.SDD.STES:DSD_KEI@DF_KEI(4.0),I,GBR,M,IR3TIB,PA,_Z,_Z,_Z,2014-05,0.52744
DATAFLOW,OECD.SDD.STES:DSD_KEI@DF_KEI(4.0),I,GBR,M,IR3TIB,PA,_Z,_Z,_Z,2014-04,0.52665
DATAFLOW,OECD.SDD.STES:DSD_KEI@DF_KEI(4.0),I,GBR,M,IR3TIB,PA,_Z,_Z,_Z,2014-03,0.52157
DATAFLOW,OECD.SDD.STES:DSD_KEI@DF_KEI(4.0),I,GBR,M,IR3TIB,PA,_Z,_Z,_Z,2014-02,0.52153
DATAFLOW,OECD.SDD.STES:DSD_KEI@DF_KEI(4.0),I,GBR,M,IR3TIB,PA,_Z,_Z,_Z,2014-01,0.52093
DATAFLOW,OECD.SDD.STES:DSD_KEI@DF_KEI(4.0),I,GBR,M,IR3TIB,PA,_Z,_Z,_Z,2013-12,0.52474
DATAFLOW,OECD.SDD.STES:DSD_KEI@DF_KEI(4.0),I,GBR,M,IR3TIB,PA,_Z,_Z,_Z,2013-11,0.52344
DATAFLOW,OECD.SDD.STES:DSD_KEI@DF_KEI(4.0),I,GBR,M,IR3TIB,PA,_Z,_Z,_Z,2013-10,0.51663
DATAFLOW,OECD.SDD.STES:DSD_KEI@DF_KEI(4.0),I,GBR,M,IR3TIB,PA,_Z,_Z,_Z,2013-09,0.51688
DATAFLOW,OECD.SDD.STES:DSD_KEI@DF_KEI(4.0),I,GBR,M,IR3TIB,PA,_Z,_Z,_Z,2013-08,0.51262
DATAFLOW,OECD.SDD.STES:DSD_KEI@DF_KEI(4.0),I,GBR,M,IRLT,PA,_Z,_Z,_Z,2014-05,2.6989
DATAFLOW,OECD.SDD.STES:DSD_KEI@DF_KEI(4.0),I,GBR,M,IRLT,PA,_Z,_Z,_Z,2014-04,2.7417
DATAFLOW,OECD.SDD.STES:DSD_KEI@DF_KEI(4.0),I,GBR,M,IRLT,PA,_Z,_Z,_Z,2014-03,2.7837
DATAFLOW,OECD.SDD.STES:DSD_KEI@DF_KEI(4.0),I,GBR,M,IRLT,PA,_Z,_Z,_Z,2014-02,2.8147
DATAFLOW,OECD.SDD.STES:DSD_KEI@DF_KEI(4.0),I,GBR,M,IRLT,PA,_Z,_Z,_Z,2014-01,2.91
DATAFLOW,OECD.SDD.STES:DSD_KEI@DF_KEI(4.0),I,GBR,M,IRLT,PA,_Z,_Z,_Z,2013-12,2.9458
DATAFLOW,OECD.SDD.STES:DSD_KEI@DF_KEI(4.0),I,GBR,M,IRLT,PA,_Z,_Z,_Z,2013-11,2.7598
DATAFLOW,OECD.SDD.STES:DSD_KEI@DF_KEI(4.0),I,GBR,M,IRLT,PA,_Z,_Z,_Z,2013-10,2.6784
DATAFLOW,OECD.SDD.STES:DSD_KEI@DF_KEI(4.0),I,GBR,M,IRLT,PA,_Z,_Z,_Z,2013-09,2.8443
DATAFLOW,OECD.SDD.STES:DSD_KEI@DF_KEI(4.0),I,GBR,M,IRLT,PA,_Z,_Z,_Z,2013-08,2.7088
DATAFLOW,OECD.SDD.STES:DSD_KEI@DF_KEI(4.0),I,GBR,M,IRLT,PA,_Z,_Z,_Z,2013-07,2.471
DATAFLOW,OECD.SDD.STES:DSD_KEI@DF_KEI(4.0),I,GBR,M,IRLT,PA,_Z,_Z,_Z,2013-06,2.3063
DATAFLOW,OECD.SDD.STES:DSD_KEI@DF_KEI(4.0),I,GBR,M,IRLT,PA,_Z,_Z,_Z,2013-05,1.9462
DATAFLOW,OECD.SDD.STES:DSD_KEI@DF_KEI(4.0),I,GBR,M,IRLT,PA,_Z,_Z,_Z,2013-04,1.7824
DATAFLOW,OECD.SDD.STES:DSD_KEI@DF_KEI(4.0),I,GBR,M,IRLT,PA,_Z,_Z,_Z,2013-03,1.9768
DATAFLOW,OECD.SDD.STES:DSD_KEI@DF_KEI(4.0),I,GBR,M,IRLT,PA,_Z,_Z,_Z,2013-02,2.1781
DATAFLOW,OECD.SDD.STES:DSD_KEI@DF_KEI(4.0),I,GBR,M,IRLT,PA,_Z,_Z,_Z,2013-01,2.0795
DATAFLOW,OECD.SDD.STES:DSD_KEI@DF_KEI(4.0),I,GBR,M,IRLT,PA,_Z,_Z,_Z,2012-12,1.8467
DATAFLOW,OECD.SDD.STES:DSD_KEI@DF_KEI(4.0),I,GBR,M,IRLT,PA,_Z,_Z,_Z,2012-11,1.7741
DATAFLOW,OECD.SDD.STES:DSD_KEI@DF_KEI(4.0),I,GBR,M,IRLT,PA,_Z,_Z,_Z,2012-10,1.7721
DATAFLOW,OECD.SDD.STES:DSD_KEI@DF_KEI(4.0),I,GBR,M,IR3TIB,PA,_Z,_Z,_Z,2008-08,5.76619
DATAFLOW,OECD.SDD.STES:DSD_KEI@DF_KEI(4.0),I,GBR,M,IR3TIB,PA,_Z,_Z,_Z,2008-07,5.8322
DATAFLOW,OECD.SDD.STES:DSD_KEI@DF_KEI(4.0),I,GBR,M,IR3TIB,PA,_Z,_Z,_Z,2008-06,5.92944
DATAFLOW,OECD.SDD.STES:DSD_KEI@DF_KEI(4.0),I,GBR,M,IR3TIB,PA,_Z,_Z,_Z,2008-05,5.82639
DATAFLOW,OECD.SDD.STES:DSD_KEI@DF_KEI(4.0),I,GBR,M,IR3TIB,PA,_Z,_Z,_Z,2008-04,5.91881
DATAFLOW,OECD.SDD.STES:DSD_KEI@DF_KEI(4.0),I,GBR,M,IR3TIB,PA,_Z,_Z,_Z,2008-03,5.89929
DATAFLOW,OECD.SDD.STES:DSD_KEI@DF_KEI(4.0),I,GBR,M,IR3TIB,PA,_Z,_Z,_Z,2008-02,5.64202
DATAFLOW,OECD.SDD.STES:DSD_KEI@DF_KEI(4.0),I,GBR,M,IR3TIB,PA,_Z,_Z,_Z,2008-01,5.65965
DATAFLOW,OECD.SDD.STES:DSD_KEI@DF_KEI(4.0),I,GBR,M,IR3TIB,PA,_Z,_Z,_Z,2007-12,6.35943
DATAFLOW,OECD.SDD.STES:DSD_KEI@DF_KEI(4.0),I,GBR,M,IR3TIB,PA,_Z,_Z,_Z,2007-11,6.40858
DATAFLOW,OECD.SDD.STES:DSD_KEI@DF_KEI(4.0),I,GBR,M,IR3TIB,PA,_Z,_Z,_Z,2007-10,6.27014
DATAFLOW,OECD.SDD.STES:DSD_KEI@DF_KEI(4.0),I,GBR,M,IR3TIB,PA,_Z,_Z,_Z,2007-09,6.64694
DATAFLOW,OECD.SDD.STES:DSD_KEI@DF_KEI(4.0),I,GBR,M,IR3TIB,PA,_Z,_Z,_Z,2007-08,6.41946
DATAFLOW,OECD.SDD.STES:DSD_KEI@DF_KEI(4.0),I,GBR,M,IR3TIB,PA,_Z,_Z,_Z,2007-07,6.02396
DATAFLOW,OECD.SDD.STES:DSD_KEI@DF_KEI(4.0),I,GBR,M,IR3TIB,PA,_Z,_Z,_Z,2007-06,5.88018
DATAFLOW,OECD.SDD.STES:DSD_KEI@DF_KEI(4.0),I,GBR,M,IR3TIB,PA,_Z,_Z,_Z,2007-05,5.76742
DATAFLOW,OECD.SDD.STES:DSD_KEI@DF_KEI(4.0),I,GBR,M,IR3TIB,PA,_Z,_Z,_Z,2007-04,5.64899
DATAFLOW,OECD.SDD.STES:DSD_KEI@DF_KEI(4.0),I,GBR,M,IR3TIB,PA,_Z,_Z,_Z,2007-03,5.54946
DATAFLOW,OECD.SDD.STES:DSD_KEI@DF_KEI(4.0),I,GBR,M,IR3TIB,PA,_Z,_Z,_Z,2007-02,5.5657
DATAFLOW,OECD.SDD.STES:DSD_KEI@DF_KEI(4.0),I,GBR,M,IR3TIB,PA,_Z,_Z,_Z,2007-01,5.48623
DATAFLOW,OECD.SDD.STES:DSD_KEI@DF_KEI(4.0),I,GBR,M,IR3TIB,PA,_Z,_Z,_Z,2023-10,5.4
DATAFLOW,OECD.SDD.STES:DSD_KEI@DF_KEI(4.0),I,GBR,M,IR3TIB,PA,_Z,_Z,_Z,2023-09,5.52
DATAFLOW,OECD.SDD.STES:DSD_KEI@DF_KEI(4.0),I,GBR,M,IR3TIB,PA,_Z,_Z,_Z,2023-08,5.53
DATAFLOW,OECD.SDD.STES:DSD_KEI@DF_KEI(4.0),I,GBR,M,IR3TIB,PA,_Z,_Z,_Z,2023-07,5.49
DATAFLOW,OECD.SDD.STES:DSD_KEI@DF_KEI(4.0),I,GBR,M,IR3TIB,PA,_Z,_Z,_Z,2023-06,5.09
DATAFLOW,OECD.SDD.STES:DSD_KEI@DF_KEI(4.0),I,GBR,M,IR3TIB,PA,_Z,_Z,_Z,2023-05,4.73
DATAFLOW,OECD.SDD.STES:DSD_KEI@DF_KEI(4.0),I,GBR,M,IR3TIB,PA,_Z,_Z,_Z,2023-04,4.52
DATAFLOW,OECD.SDD.STES:DSD_KEI@DF_KEI(4.0),I,GBR,M,IR3TIB,PA,_Z,_Z,_Z,2023-03,4.33
DATAFLOW,OECD.SDD.STES:DSD_KEI@DF_KEI(4.0),I,GBR,M,IR3TIB,PA,_Z,_Z,_Z,2023-02,4.21
DATAFLOW,OECD.SDD.STES:DSD_KEI@DF_KEI(4.0),I,GBR,M,IR3TIB,PA,_Z,_Z,_Z,2023-01,4.01
DATAFLOW,OECD.SDD.STES:DSD_KEI@DF_KEI(4.0),I,GBR,M,IR3TIB,PA,_Z,_Z,_Z,2022-12,3.78
DATAFLOW,OECD.SDD.STES:DSD_KEI@DF_KEI(4.0),I,GBR,M,IR3TIB,PA,_Z,_Z,_Z,2022-11,3.52
DATAFLOW,OECD.SDD.STES:DSD_KEI@DF_KEI(4.0),I,GBR,M,IR3TIB,PA,_Z,_Z,_Z,2022-10,3.39
DATAFLOW,OECD.SDD.STES:DSD_KEI@DF_KEI(4.0),I,GBR,M,IR3TIB,PA,_Z,_Z,_Z,2022-09,2.91
DATAFLOW,OECD.SDD.STES:DSD_KEI@DF_KEI(4.0),I,GBR,M,IR3TIB,PA,_Z,_Z,_Z,2022-08,2.23
DATAFLOW,OECD.SDD.STES:DSD_KEI@DF_KEI(4.0),I,GBR,M,IR3TIB,PA,_Z,_Z,_Z,2022-07,1.84
DATAFLOW,OECD.SDD.STES:DSD_KEI@DF_KEI(4.0),I,GBR,M,IR3TIB,PA,_Z,_Z,_Z,2022-06,1.57
DATAFLOW,OECD.SDD.STES:DSD_KEI@DF_KEI(4.0),I,GBR,M,IR3TIB,PA,_Z,_Z,_Z,2022-05,1.31
DATAFLOW,OECD.SDD.STES:DSD_KEI@DF_KEI(4.0),I,GBR,M,IR3TIB,PA,_Z,_Z,_Z,2022-04,1.13
DATAFLOW,OECD.SDD.STES:DSD_KEI@DF_KEI(4.0),I,GBR,M,IR3TIB,PA,_Z,_Z,_Z,2022-03,0.99
DATAFLOW,OECD.SDD.STES:DSD_KEI@DF_KEI(4.0),I,GBR,M,IR3TIB,PA,_Z,_Z,_Z,2022-02,0.81
DATAFLOW,OECD.SDD.STES:DSD_KEI@DF_KEI(4.0),I,GBR,M,IR3TIB,PA,_Z,_Z,_Z,2022-01,0.53
DATAFLOW,OECD.SDD.STES:DSD_KEI@DF_KEI(4.0),I,GBR,M,IR3TIB,PA,_Z,_Z,_Z,2021-12,0.16
DATAFLOW,OECD.SDD.STES:DSD_KEI@DF_KEI(4.0),I,GBR,M,IR3TIB,PA,_Z,_Z,_Z,2021-11,0.13
DATAFLOW,OECD.SDD.STES:DSD_KEI@DF_KEI(4.0),I,GBR,M,IR3TIB,PA,_Z,_Z,_Z,2021-10,0.16
DATAFLOW,OECD.SDD.STES:DSD_KEI@DF_KEI(4.0),I,GBR,M,IR3TIB,PA,_Z,_Z,_Z,2021-09,0.07
DATAFLOW,OECD.SDD.STES:DSD_KEI@DF_KEI(4.0),I,GBR,M,IR3TIB,PA,_Z,_Z,_Z,2021-08,0.07
DATAFLOW,OECD.SDD.STES:DSD_KEI@DF_KEI(4.0),I,GBR,M,IR3TIB,PA,_Z,_Z,_Z,2021-07,0.08
DATAFLOW,OECD.SDD.STES:DSD_KEI@DF_KEI(4.0),I,GBR,M,IR3TIB,PA,_Z,_Z,_Z,2021-06,0.08
DATAFLOW,OECD.SDD.STES:DSD_KEI@DF_KEI(4.0),I,GBR,M,IR3TIB,PA,_Z,_Z,_Z,2021-05,0.08
DATAFLOW,OECD.SDD.STES:DSD_KEI@DF_KEI(4.0),I,GBR,M,IR3TIB,PA,_Z,_Z,_Z,2021-04,0.09
DATAFLOW,OECD.SDD.STES:DSD_KEI@DF_KEI(4.0),I,GBR,M,IR3TIB,PA,_Z,_Z,_Z,2021-03,0.08
DATAFLOW,OECD.SDD.STES:DSD_KEI@DF_KEI(4.0),I,GBR,M,IR3TIB,PA,_Z,_Z,_Z,2021-02,0.05
DATAFLOW,OECD.SDD.STES:DSD_KEI@DF_KEI(4.0),I,GBR,M,IR3TIB,PA,_Z,_Z,_Z,2021-01,0.03
DATAFLOW,OECD.SDD.STES:DSD_KEI@DF_KEI(4.0),I,GBR,M,IR3TIB,PA,_Z,_Z,_Z,2020-12,0.03
DATAFLOW,OECD.SDD.STES:DSD_KEI@DF_KEI(4.0),I,GBR,M,IR3TIB,PA,_Z,_Z,_Z,2020-11,0.04
DATAFLOW,OECD.SDD.STES:DSD_KEI@DF_KEI(4.0),I,GBR,M,IR3TIB,PA,_Z,_Z,_Z,2020-10,0.05
DATAFLOW,OECD.SDD.STES:DSD_KEI@DF_KEI(4.0),I,GBR,M,IR3TIB,PA,_Z,_Z,_Z,2020-09,0.06
DATAFLOW,OECD.SDD.STES:DSD_KEI@DF_KEI(4.0),I,GBR,M,IR3TIB,PA,_Z,_Z,_Z,2020-08,0.07
DATAFLOW,OECD.SDD.STES:DSD_KEI@DF_KEI(4.0),I,GBR,M,IR3TIB,PA,_Z,_Z,_Z,2020-07,0.1
DATAFLOW,OECD.SDD.STES:DSD_KEI@DF_KEI(4.0),I,JPN,M,IRLT,PA,_Z,_Z,_Z,2008-04,1.6
DATAFLOW,OECD.SDD.STES:DSD_KEI@DF_KEI(4.0),I,GBR,M,IR3TIB,PA,_Z,_Z,_Z,2020-06,0.19
DATAFLOW,OECD.SDD.STES:DSD_KEI@DF_KEI(4.0),I,GBR,M,IR3TIB,PA,_Z,_Z,_Z,2020-05,0.33
DATAFLOW,OECD.SDD.STES:DSD_KEI@DF_KEI(4.0),I,GBR,M,IR3TIB,PA,_Z,_Z,_Z,2020-04,0.65
DATAFLOW,OECD.SDD.STES:DSD_KEI@DF_KEI(4.0),I,GBR,M,IR3TIB,PA,_Z,_Z,_Z,2020-03,0.53
DATAFLOW,OECD.SDD.STES:DSD_KEI@DF_KEI(4.0),I,GBR,M,IRSTCI,PA,_Z,_Z,_Z,2025-09,3.9672
DATAFLOW,OECD.SDD.STES:DSD_KEI@DF_KEI(4.0),I,GBR,M,IRSTCI,PA,_Z,_Z,_Z,2025-08,4.0172
DATAFLOW,OECD.SDD.STES:DSD_KEI@DF_KEI(4.0),I,GBR,M,IRSTCI,PA,_Z,_Z,_Z,2025-07,4.2172
DATAFLOW,OECD.SDD.STES:DSD_KEI@DF_KEI(4.0),I,GBR,M,IRSTCI,PA,_Z,_Z,_Z,2025-06,4.2144
DATAFLOW,OECD.SDD.STES:DSD_KEI@DF_KEI(4.0),I,GBR,M,IRSTCI,PA,_Z,_Z,_Z,2025-05,4.2604
DATAFLOW,OECD.SDD.STES:DSD_KEI@DF_KEI(4.0),I,GBR,M,IRSTCI,PA,_Z,_Z,_Z,2025-04,4.4577
DATAFLOW,OECD.SDD.STES:DSD_KEI@DF_KEI(4.0),I,GBR,M,IRSTCI,PA,_Z,_Z,_Z,2025-03,4.4555
DATAFLOW,OECD.SDD.STES:DSD_KEI@DF_KEI(4.0),I,GBR,M,IRSTCI,PA,_Z,_Z,_Z,2025-02,4.4919
DATAFLOW,OECD.SDD.STES:DSD_KEI@DF_KEI(4.0),I,GBR,M,IRSTCI,PA,_Z,_Z,_Z,2025-01,4.7002
DATAFLOW,OECD.SDD.STES:DSD_KEI@DF_KEI(4.0),I,GBR,M,IRSTCI,PA,_Z,_Z,_Z,2024-12,4.7
DATAFLOW,OECD.SDD.STES:DSD_KEI@DF_KEI(4.0),I,GBR,M,IRSTCI,PA,_Z,_Z,_Z,2024-11,4.7476
DATAFLOW,OECD.SDD.STES:DSD_KEI@DF_KEI(4.0),I,GBR,M,IRSTCI,PA,_Z,_Z,_Z,2024-10,4.95
DATAFLOW,OECD.SDD.STES:DSD_KEI@DF_KEI(4.0),I,GBR,M,IRSTCI,PA,_Z,_Z,_Z,2024-09,4.95
DATAFLOW,OECD.SDD.STES:DSD_KEI@DF_KEI(4.0),I,GBR,M,IRSTCI,PA,_Z,_Z,_Z,2024-08,4.95
DATAFLOW,OECD.SDD.STES:DSD_KEI@DF_KEI(4.0),I,GBR,M,IRSTCI,PA,_Z,_Z,_Z,2020-06,0.0646
DATAFLOW,OECD.SDD.STES:DSD_KEI@DF_KEI(4.0),I,GBR,M,IRSTCI,PA,_Z,_Z,_Z,2020-05,0.0674
DATAFLOW,OECD.SDD.STES:DSD_KEI@DF_KEI(4.0),I,GBR,M,IRSTCI,PA,_Z,_Z,_Z,2020-04,0.0659
DATAFLOW,OECD.SDD.STES:DSD_KEI@DF_KEI(4.0),I,GBR,M,IRSTCI,PA,_Z,_Z,_Z,2020-03,0.3192
DATAFLOW,OECD.SDD.STES:DSD_KEI@DF_KEI(4.0),I,GBR,M,IRSTCI,PA,_Z,_Z,_Z,2020-02,0.7104
DATAFLOW,OECD.SDD.STES:DSD_KEI@DF_KEI(4.0),I,GBR,M,IRSTCI,PA,_Z,_Z,_Z,2020-01,0.7113
DATAFLOW,OECD.SDD.STES:DSD_KEI@DF_KEI(4.0),I,GBR,M,IRSTCI,PA,_Z,_Z,_Z,2019-12,0.7101
DATAFLOW,OECD.SDD.STES:DSD_KEI@DF_KEI(4.0),I,GBR,M,IRSTCI,PA,_Z,_Z,_Z,2019-11,0.7105
DATAFLOW,OECD.SDD.STES:DSD_KEI@DF_KEI(4.0),I,GBR,M,IRSTCI,PA,_Z,_Z,_Z,2019-10,0.7108
DATAFLOW,OECD.SDD.STES:DSD_KEI@DF_KEI(4.0),I,GBR,M,IRSTCI,PA,_Z,_Z,_Z,2019-09,0.7098
DATAFLOW,OECD.SDD.STES:DSD_KEI@DF_KEI(4.0),I,GBR,M,IRSTCI,PA,_Z,_Z,_Z,2019-08,0.7101
DATAFLOW,OECD.SDD.STES:DSD_KEI@DF_KEI(4.0),I,GBR,M,IRSTCI,PA,_Z,_Z,_Z,2019-07,0.709
DATAFLOW,OECD.SDD.STES:DSD_KEI@DF_KEI(4.0),I,GBR,M,IRSTCI,PA,_Z,_Z,_Z,2019-06,0.7085
DATAFLOW,OECD.SDD.STES:DSD_KEI@DF_KEI(4.0),I,GBR,M,IRSTCI,PA,_Z,_Z,_Z,2019-05,0.7094
DATAFLOW,OECD.SDD.STES:DSD_KEI@DF_KEI(4.0),I,GBR,M,IRSTCI,PA,_Z,_Z,_Z,2019-04,0.7081
DATAFLOW,OECD.SDD.STES:DSD_KEI@DF_KEI(4.0),I,GBR,M,IRSTCI,PA,_Z,_Z,_Z,2019-03,0.7053
DATAFLOW,OECD.SDD.STES:DSD_KEI@DF_KEI(4.0),I,GBR,M,IRSTCI,PA,_Z,_Z,_Z,2019-02,0.7061
DATAFLOW,OECD.SDD.STES:DSD_KEI@DF_KEI(4.0),I,GBR,M,IRSTCI,PA,_Z,_Z,_Z,2019-01,0.7053
DATAFLOW,OECD.SDD.STES:DSD_KEI@DF_KEI(4.0),I,GBR,M,IRSTCI,PA,_Z,_Z,_Z,2018-12,0.7026
DATAFLOW,OECD.SDD.STES:DSD_KEI@DF_KEI(4.0),I,GBR,M,IRSTCI,PA,_Z,_Z,_Z,2018-11,0.7017
DATAFLOW,OECD.SDD.STES:DSD_KEI@DF_KEI(4.0),I,GBR,M,IRSTCI,PA,_Z,_Z,_Z,2018-10,0.7011
DATAFLOW,OECD.SDD.STES:DSD_KEI@DF_KEI(4.0),I,GBR,M,IRSTCI,PA,_Z,_Z,_Z,2018-09,0.7012
DATAFLOW,OECD.SDD.STES:DSD_KEI@DF_KEI(4.0),I,GBR,M,IRSTCI,PA,_Z,_Z,_Z,2018-08,0.6911
DATAFLOW,OECD.SDD.STES:DSD_KEI@DF_KEI(4.0),I,GBR,M,IRSTCI,PA,_Z,_Z,_Z,2018-07,0.4545
DATAFLOW,OECD.SDD.STES:DSD_KEI@DF_KEI(4.0),I,GBR,M,IRSTCI,PA,_Z,_Z,_Z,2018-06,0.4507
DATAFLOW,OECD.SDD.STES:DSD_KEI@DF_KEI(4.0),I,GBR,M,IRSTCI,PA,_Z,_Z,_Z,2018-05,0.4529
DATAFLOW,OECD.SDD.STES:DSD_KEI@DF_KEI(4.0),I,GBR,M,IRSTCI,PA,_Z,_Z,_Z,2018-04,0.4617
DATAFLOW,OECD.SDD.STES:DSD_KEI@DF_KEI(4.0),I,GBR,M,IRSTCI,PA,_Z,_Z,_Z,2018-03,0.4637
DATAFLOW,OECD.SDD.STES:DSD_KEI@DF_KEI(4.0),I,GBR,M,IRSTCI,PA,_Z,_Z,_Z,2018-02,0.4634
DATAFLOW,OECD.SDD.STES:DSD_KEI@DF_KEI(4.0),I,GBR,M,IRSTCI,PA,_Z,_Z,_Z,2018-01,0.4631
DATAFLOW,OECD.SDD.STES:DSD_KEI@DF_KEI(4.0),I,GBR,M,IRSTCI,PA,_Z,_Z,_Z,2017-12,0.4619
DATAFLOW,OECD.SDD.STES:DSD_KEI@DF_KEI(4.0),I,GBR,M,IRSTCI,PA,_Z,_Z,_Z,2017-11,0.4493
DATAFLOW,OECD.SDD.STES:DSD_KEI@DF_KEI(4.0),I,GBR,M,IRSTCI,PA,_Z,_Z,_Z,2017-10,0.211
DATAFLOW,OECD.SDD.STES:DSD_KEI@DF_KEI(4.0),I,GBR,M,IRSTCI,PA,_Z,_Z,_Z,2017-09,0.2123
DATAFLOW,OECD.SDD.STES:DSD_KEI@DF_KEI(4.0),I,GBR,M,IRSTCI,PA,_Z,_Z,_Z,2017-08,0.2132
DATAFLOW,OECD.SDD.STES:DSD_KEI@DF_KEI(4.0),I,GBR,M,IRSTCI,PA,_Z,_Z,_Z,2017-07,0.2124
DATAFLOW,OECD.SDD.STES:DSD_KEI@DF_KEI(4.0),I,GBR,M,IRSTCI,PA,_Z,_Z,_Z,2017-06,0.2121
DATAFLOW,OECD.SDD.STES:DSD_KEI@DF_KEI(4.0),I,GBR,M,IRSTCI,PA,_Z,_Z,_Z,2017-05,0.2126
DATAFLOW,OECD.SDD.STES:DSD_KEI@DF_KEI(4.0),I,GBR,M,IRSTCI,PA,_Z,_Z,_Z,2017-04,0.2114
DATAFLOW,OECD.SDD.STES:DSD_KEI@DF_KEI(4.0),I,JPN,M,IRSTCI,PA,_Z,_Z,_Z,2018-04,-0.063
DATAFLOW,OECD.SDD.STES:DSD_KEI@DF_KEI(4.0),I,JPN,M,IRSTCI,PA,_Z,_Z,_Z,2018-03,-0.062
DATAFLOW,OECD.SDD.STES:DSD_KEI@DF_KEI(4.0),I,JPN,M,IRSTCI,PA,_Z,_Z,_Z,2018-02,-0.042
DATAFLOW,OECD.SDD.STES:DSD_KEI@DF_KEI(4.0),I,JPN,M,IRSTCI,PA,_Z,_Z,_Z,2018-01,-0.04
DATAFLOW,OECD.SDD.STES:DSD_KEI@DF_KEI(4.0),I,JPN,M,IRSTCI,PA,_Z,_Z,_Z,2017-12,-0.042
DATAFLOW,OECD.SDD.STES:DSD_KEI@DF_KEI(4.0),I,JPN,M,IRSTCI,PA,_Z,_Z,_Z,2017-11,-0.048
DATAFLOW,OECD.SDD.STES:DSD_KEI@DF_KEI(4.0),I,JPN,M,IRSTCI,PA,_Z,_Z,_Z,2017-10,-0.037
DATAFLOW,OECD.SDD.STES:DSD_KEI@DF_KEI(4.0),I,JPN,M,IRSTCI,PA,_Z,_Z,_Z,2017-09,-0.058
DATAFLOW,OECD.SDD.STES:DSD_KEI@DF_KEI(4.0),I,JPN,M,IRSTCI,PA,_Z,_Z,_Z,2017-08,-0.049
DATAFLOW,OECD.SDD.STES:DSD_KEI@DF_KEI(4.0),I,JPN,M,IRSTCI,PA,_Z,_Z,_Z,2017-07,-0.054
DATAFLOW,OECD.SDD.STES:DSD_KEI@DF_KEI(4.0),I,JPN,M,IRSTCI,PA,_Z,_Z,_Z,2017-06,-0.056
DATAFLOW,OECD.SDD.STES:DSD_KEI@DF_KEI(4.0),I,JPN,M,IRSTCI,PA,_Z,_Z,_Z,2017-05,-0.053
DATAFLOW,OECD.SDD.STES:DSD_KEI@DF_KEI(4.0),I,JPN,M,IRSTCI,PA,_Z,_Z,_Z,2017-04,-0.054
DATAFLOW,OECD.SDD.STES:DSD_KEI@DF_KEI(4.0),I,JPN,M,IRSTCI,PA,_Z,_Z,_Z,2017-03,-0.042
DATAFLOW,OECD.SDD.STES:DSD_KEI@DF_KEI(4.0),I,JPN,M,IRSTCI,PA,_Z,_Z,_Z,2017-02,-0.038
DATAFLOW,OECD.SDD.STES:DSD_KEI@DF_KEI(4.0),I,JPN,M,IRSTCI,PA,_Z,_Z,_Z,2017-01,-0.045
DATAFLOW,OECD.SDD.STES:DSD_KEI@DF_KEI(4.0),I,JPN,M,IRSTCI,PA,_Z,_Z,_Z,2016-12,-0.044
DATAFLOW,OECD.SDD.STES:DSD_KEI@DF_KEI(4.0),I,JPN,M,IRSTCI,PA,_Z,_Z,_Z,2016-11,-0.049
DATAFLOW,OECD.SDD.STES:DSD_KEI@DF_KEI(4.0),I,JPN,M,IRSTCI,PA,_Z,_Z,_Z,2016-10,-0.037
DATAFLOW,OECD.SDD.STES:DSD_KEI@DF_KEI(4.0),I,JPN,M,IRSTCI,PA,_Z,_Z,_Z,2016-09,-0.052
DATAFLOW,OECD.SDD.STES:DSD_KEI@DF_KEI(4.0),I,JPN,M,IRSTCI,PA,_Z,_Z,_Z,2016-08,-0.043
DATAFLOW,OECD.SDD.STES:DSD_KEI@DF_KEI(4.0),I,JPN,M,IRSTCI,PA,_Z,_Z,_Z,2016-07,-0.043
DATAFLOW,OECD.SDD.STES:DSD_KEI@DF_KEI(4.0),I,JPN,M,IRSTCI,PA,_Z,_Z,_Z,2016-06,-0.055
DATAFLOW,OECD.SDD.STES:DSD_KEI@DF_KEI(4.0),I,JPN,M,IRSTCI,PA,_Z,_Z,_Z,2016-05,-0.059
DATAFLOW,OECD.SDD.STES:DSD_KEI@DF_KEI(4.0),I,JPN,M,IRSTCI,PA,_Z,_Z,_Z,2016-04,-0.036
DATAFLOW,OECD.SDD.STES:DSD_KEI@DF_KEI(4.0),I,JPN,M,IRSTCI,PA,_Z,_Z,_Z,2016-03,-0.003
DATAFLOW,OECD.SDD.STES:DSD_KEI@DF_KEI(4.0),I,JPN,M,IRSTCI,PA,_Z,_Z,_Z,2016-02,0.03
DATAFLOW,OECD.SDD.STES:DSD_KEI@DF_KEI(4.0),I,JPN,M,IRSTCI,PA,_Z,_Z,_Z,2016-01,0.07
DATAFLOW,OECD.SDD.STES:DSD_KEI@DF_KEI(4.0),I,JPN,M,IRSTCI,PA,_Z,_Z,_Z,2015-12,0.07
DATAFLOW,OECD.SDD.STES:DSD_KEI@DF_KEI(4.0),I,JPN,M,IRSTCI,PA,_Z,_Z,_Z,2015-11,0.08
DATAFLOW,OECD.SDD.STES:DSD_KEI@DF_KEI(4.0),I,JPN,M,IRSTCI,PA,_Z,_Z,_Z,2015-10,0.08
DATAFLOW,OECD.SDD.STES:DSD_KEI@DF_KEI(4.0),I,JPN,M,IRSTCI,PA,_Z,_Z,_Z,2015-09,0.07
DATAFLOW,OECD.SDD.STES:DSD_KEI@DF_KEI(4.0),I,JPN,M,IRSTCI,PA,_Z,_Z,_Z,2015-08,0.08
DATAFLOW,OECD.SDD.STES:DSD_KEI@DF_KEI(4.0),I,JPN,M,IRSTCI,PA,_Z,_Z,_Z,2015-07,0.07
DATAFLOW,OECD.SDD.STES:DSD_KEI@DF_KEI(4.0),I,JPN,M,IRSTCI,PA,_Z,_Z,_Z,2015-06,0.07
DATAFLOW,OECD.SDD.STES:DSD_KEI@DF_KEI(4.0),I,JPN,M,IRSTCI,PA,_Z,_Z,_Z,2015-05,0.07
DATAFLOW,OECD.SDD.STES:DSD_KEI@DF_KEI(4.0),I,JPN,M,IRSTCI,PA,_Z,_Z,_Z,2015-04,0.06
DATAFLOW,OECD.SDD.STES:DSD_KEI@DF_KEI(4.0),I,JPN,M,IRSTCI,PA,_Z,_Z,_Z,2015-03,0.07
DATAFLOW,OECD.SDD.STES:DSD_KEI@DF_KEI(4.0),I,JPN,M,IRSTCI,PA,_Z,_Z,_Z,2015-02,0.08
DATAFLOW,OECD.SDD.STES:DSD_KEI@DF_KEI(4.0),I,JPN,M,IRSTCI,PA,_Z,_Z,_Z,2015-01,0.07
DATAFLOW,OECD.SDD.STES:DSD_KEI@DF_KEI(4.0),I,JPN,M,IRSTCI,PA,_Z,_Z,_Z,2014-12,0.07
DATAFLOW,OECD.SDD.STES:DSD_KEI@DF_KEI(4.0),I,JPN,M,IRSTCI,PA,_Z,_Z,_Z,2014-11,0.06
DATAFLOW,OECD.SDD.STES:DSD_KEI@DF_KEI(4.0),I,JPN,M,IRSTCI,PA,_Z,_Z,_Z,2014-10,0.06
DATAFLOW,OECD.SDD.STES:DSD_KEI@DF_KEI(4.0),I,JPN,M,IRSTCI,PA,_Z,_Z,_Z,2014-09,0.07
DATAFLOW,OECD.SDD.STES:DSD_KEI@DF_KEI(4.0),I,JPN,M,IRSTCI,PA,_Z,_Z,_Z,2014-08,0.07
DATAFLOW,OECD.SDD.STES:DSD_KEI@DF_KEI(4.0),I,JPN,M,IRSTCI,PA,_Z,_Z,_Z,2014-07,0.07
DATAFLOW,OECD.SDD.STES:DSD_KEI@DF_KEI(4.0),I,JPN,M,IRSTCI,PA,_Z,_Z,_Z,2014-06,0.07
DATAFLOW,OECD.SDD.STES:DSD_KEI@DF_KEI(4.0),I,JPN,M,IRSTCI,PA,_Z,_Z,_Z,2014-05,0.07
DATAFLOW,OECD.SDD.STES:DSD_KEI@DF_KEI(4.0),I,JPN,M,IRSTCI,PA,_Z,_Z,_Z,2014-04,0.06
DATAFLOW,OECD.SDD.STES:DSD_KEI@DF_KEI(4.0),I,JPN,M,IRSTCI,PA,_Z,_Z,_Z,2014-03,0.07
DATAFLOW,OECD.SDD.STES:DSD_KEI@DF_KEI(4.0),I,JPN,M,IRSTCI,PA,_Z,_Z,_Z,2014-02,0.08
DATAFLOW,OECD.SDD.STES:DSD_KEI@DF_KEI(4.0),I,JPN,M,IRSTCI,PA,_Z,_Z,_Z,2014-01,0.07
DATAFLOW,OECD.SDD.STES:DSD_KEI@DF_KEI(4.0),I,JPN,M,IRSTCI,PA,_Z,_Z,_Z,2013-12,0.07
DATAFLOW,OECD.SDD.STES:DSD_KEI@DF_KEI(4.0),I,JPN,M,IRSTCI,PA,_Z,_Z,_Z,2013-11,0.07
DATAFLOW,OECD.SDD.STES:DSD_KEI@DF_KEI(4.0),I,JPN,M,IRSTCI,PA,_Z,_Z,_Z,2013-10,0.07
DATAFLOW,OECD.SDD.STES:DSD_KEI@DF_KEI(4.0),I,JPN,M,IRSTCI,PA,_Z,_Z,_Z,2013-09,0.07
DATAFLOW,OECD.SDD.STES:DSD_KEI@DF_KEI(4.0),I,JPN,M,IRSTCI,PA,_Z,_Z,_Z,2013-08,0.07
DATAFLOW,OECD.SDD.STES:DSD_KEI@DF_KEI(4.0),I,JPN,M,IRSTCI,PA,_Z,_Z,_Z,2013-07,0.07
DATAFLOW,OECD.SDD.STES:DSD_KEI@DF_KEI(4.0),I,JPN,M,IRSTCI,PA,_Z,_Z,_Z,2013-06,0.07
DATAFLOW,OECD.SDD.STES:DSD_KEI@DF_KEI(4.0),I,JPN,M,IRSTCI,PA,_Z,_Z,_Z,2013-05,0.07
DATAFLOW,OECD.SDD.STES:DSD_KEI@DF_KEI(4.0),I,JPN,M,IRSTCI,PA,_Z,_Z,_Z,2013-04,0.07
DATAFLOW,OECD.SDD.STES:DSD_KEI@DF_KEI(4.0),I,JPN,M,IRSTCI,PA,_Z,_Z,_Z,2013-03,0.08
DATAFLOW,OECD.SDD.STES:DSD_KEI@DF_KEI(4.0),I,JPN,M,IRSTCI,PA,_Z,_Z,_Z,2013-02,0.08
DATAFLOW,OECD.SDD.STES:DSD_KEI@DF_KEI(4.0),I,JPN,M,IRSTCI,PA,_Z,_Z,_Z,2013-01,0.083
DATAFLOW,OECD.SDD.STES:DSD_KEI@DF_KEI(4.0),I,JPN,M,IRSTCI,PA,_Z,_Z,_Z,2012-12,0.082
DATAFLOW,OECD.SDD.STES:DSD_KEI@DF_KEI(4.0),I,JPN,M,IRSTCI,PA,_Z,_Z,_Z,2012-11,0.086
DATAFLOW,OECD.SDD.STES:DSD_KEI@DF_KEI(4.0),I,JPN,M,IRSTCI,PA,_Z,_Z,_Z,2012-10,0.085
DATAFLOW,OECD.SDD.STES:DSD_KEI@DF_KEI(4.0),I,JPN,M,IRSTCI,PA,_Z,_Z,_Z,2012-09,0.085
DATAFLOW,OECD.SDD.STES:DSD_KEI@DF_KEI(4.0),I,JPN,M,IRSTCI,PA,_Z,_Z,_Z,2012-08,0.086
DATAFLOW,OECD.SDD.STES:DSD_KEI@DF_KEI(4.0),I,JPN,M,IRSTCI,PA,_Z,_Z,_Z,2012-07,0.084
DATAFLOW,OECD.SDD.STES:DSD_KEI@DF_KEI(4.0),I,JPN,M,IRSTCI,PA,_Z,_Z,_Z,2012-06,0.076
DATAFLOW,OECD.SDD.STES:DSD_KEI@DF_KEI(4.0),I,JPN,M,IRSTCI,PA,_Z,_Z,_Z,2012-05,0.084
DATAFLOW,OECD.SDD.STES:DSD_KEI@DF_KEI(4.0),I,JPN,M,IRSTCI,PA,_Z,_Z,_Z,2012-04,0.075
DATAFLOW,OECD.SDD.STES:DSD_KEI@DF_KEI(4.0),I,JPN,M,IRSTCI,PA,_Z,_Z,_Z,2012-03,0.084
DATAFLOW,OECD.SDD.STES:DSD_KEI@DF_KEI(4.0),I,JPN,M,IRSTCI,PA,_Z,_Z,_Z,2012-02,0.085
DATAFLOW,OECD.SDD.STES:DSD_KEI@DF_KEI(4.0),I,JPN,M,IRSTCI,PA,_Z,_Z,_Z,2012-01,0.08
DATAFLOW,OECD.SDD.STES:DSD_KEI@DF_KEI(4.0),I,JPN,M,IRSTCI,PA,_Z,_Z,_Z,2011-12,0.078
DATAFLOW,OECD.SDD.STES:DSD_KEI@DF_KEI(4.0),I,JPN,M,IRSTCI,PA,_Z,_Z,_Z,2011-11,0.077
DATAFLOW,OECD.SDD.STES:DSD_KEI@DF_KEI(4.0),I,JPN,M,IRSTCI,PA,_Z,_Z,_Z,2011-10,0.081
DATAFLOW,OECD.SDD.STES:DSD_KEI@DF_KEI(4.0),I,GBR,M,IR3TIB,PA,_Z,_Z,_Z,2018-07,0.74619
DATAFLOW,OECD.SDD.STES:DSD_KEI@DF_KEI(4.0),I,GBR,M,IR3TIB,PA,_Z,_Z,_Z,2018-06,0.63868
DATAFLOW,OECD.SDD.STES:DSD_KEI@DF_KEI(4.0),I,GBR,M,IR3TIB,PA,_Z,_Z,_Z,2018-05,0.64355
DATAFLOW,OECD.SDD.STES:DSD_KEI@DF_KEI(4.0),I,GBR,M,IR3TIB,PA,_Z,_Z,_Z,2018-04,0.75629
DATAFLOW,OECD.SDD.STES:DSD_KEI@DF_KEI(4.0),I,GBR,M,IR3TIB,PA,_Z,_Z,_Z,2018-03,0.62842
DATAFLOW,OECD.SDD.STES:DSD_KEI@DF_KEI(4.0),I,GBR,M,IR3TIB,PA,_Z,_Z,_Z,2018-02,0.54683
DATAFLOW,OECD.SDD.STES:DSD_KEI@DF_KEI(4.0),I,GBR,M,IR3TIB,PA,_Z,_Z,_Z,2018-01,0.5225
DATAFLOW,OECD.SDD.STES:DSD_KEI@DF_KEI(4.0),I,GBR,M,IR3TIB,PA,_Z,_Z,_Z,2017-12,0.51871
DATAFLOW,OECD.SDD.STES:DSD_KEI@DF_KEI(4.0),I,GBR,M,IR3TIB,PA,_Z,_Z,_Z,2017-11,0.51857
DATAFLOW,OECD.SDD.STES:DSD_KEI@DF_KEI(4.0),I,GBR,M,IR3TIB,PA,_Z,_Z,_Z,2017-10,0.38187
DATAFLOW,OECD.SDD.STES:DSD_KEI@DF_KEI(4.0),I,GBR,M,IR3TIB,PA,_Z,_Z,_Z,2017-09,0.30911
DATAFLOW,OECD.SDD.STES:DSD_KEI@DF_KEI(4.0),I,GBR,M,IR3TIB,PA,_Z,_Z,_Z,2017-08,0.28119
DATAFLOW,OECD.SDD.STES:DSD_KEI@DF_KEI(4.0),I,GBR,M,IR3TIB,PA,_Z,_Z,_Z,2017-07,0.2931
DATAFLOW,OECD.SDD.STES:DSD_KEI@DF_KEI(4.0),I,GBR,M,IR3TIB,PA,_Z,_Z,_Z,2017-06,0.29442
DATAFLOW,OECD.SDD.STES:DSD_KEI@DF_KEI(4.0),I,GBR,M,IR3TIB,PA,_Z,_Z,_Z,2017-05,0.31081
DATAFLOW,OECD.SDD.STES:DSD_KEI@DF_KEI(4.0),I,GBR,M,IR3TIB,PA,_Z,_Z,_Z,2017-04,0.33513
DATAFLOW,OECD.SDD.STES:DSD_KEI@DF_KEI(4.0),I,GBR,M,IR3TIB,PA,_Z,_Z,_Z,2017-03,0.34567
DATAFLOW,OECD.SDD.STES:DSD_KEI@DF_KEI(4.0),I,GBR,M,IR3TIB,PA,_Z,_Z,_Z,2017-02,0.35674
DATAFLOW,OECD.SDD.STES:DSD_KEI@DF_KEI(4.0),I,GBR,M,IR3TIB,PA,_Z,_Z,_Z,2017-01,0.3621
DATAFLOW,OECD.SDD.STES:DSD_KEI@DF_KEI(4.0),I,GBR,M,IR3TIB,PA,_Z,_Z,_Z,2016-12,0.37226
DATAFLOW,OECD.SDD.STES:DSD_KEI@DF_KEI(4.0),I,GBR,M,IR3TIB,PA,_Z,_Z,_Z,2016-11,0.39773
DATAFLOW,OECD.SDD.STES:DSD_KEI@DF_KEI(4.0),I,GBR,M,IR3TIB,PA,_Z,_Z,_Z,2016-10,0.3975
DATAFLOW,OECD.SDD.STES:DSD_KEI@DF_KEI(4.0),I,JPN,M,IRSTCI,PA,_Z,_Z,_Z,2008-05,0.505
DATAFLOW,OECD.SDD.STES:DSD_KEI@DF_KEI(4.0),I,JPN,M,IRSTCI,PA,_Z,_Z,_Z,2008-04,0.506
DATAFLOW,OECD.SDD.STES:DSD_KEI@DF_KEI(4.0),I,JPN,M,IRSTCI,PA,_Z,_Z,_Z,2008-03,0.511
DATAFLOW,OECD.SDD.STES:DSD_KEI@DF_KEI(4.0),I,JPN,M,IRSTCI,PA,_Z,_Z,_Z,2008-02,0.504
DATAFLOW,OECD.SDD.STES:DSD_KEI@DF_KEI(4.0),I,JPN,M,IRSTCI,PA,_Z,_Z,_Z,2008-01,0.502
DATAFLOW,OECD.SDD.STES:DSD_KEI@DF_KEI(4.0),I,JPN,M,IRSTCI,PA,_Z,_Z,_Z,2007-12,0.497
DATAFLOW,OECD.SDD.STES:DSD_KEI@DF_KEI(4.0),I,JPN,M,IRSTCI,PA,_Z,_Z,_Z,2007-11,0.5
DATAFLOW,OECD.SDD.STES:DSD_KEI@DF_KEI(4.0),I,JPN,M,IRSTCI,PA,_Z,_Z,_Z,2007-10,0.506
DATAFLOW,OECD.SDD.STES:DSD_KEI@DF_KEI(4.0),I,JPN,M,IRSTCI,PA,_Z,_Z,_Z,2007-09,0.51
DATAFLOW,OECD.SDD.STES:DSD_KEI@DF_KEI(4.0),I,JPN,M,IRSTCI,PA,_Z,_Z,_Z,2007-08,0.485
DATAFLOW,OECD.SDD.STES:DSD_KEI@DF_KEI(4.0),I,JPN,M,IRSTCI,PA,_Z,_Z,_Z,2007-07,0.499
DATAFLOW,OECD.SDD.STES:DSD_KEI@DF_KEI(4.0),I,JPN,M,IRSTCI,PA,_Z,_Z,_Z,2007-06,0.51
DATAFLOW,OECD.SDD.STES:DSD_KEI@DF_KEI(4.0),I,JPN,M,IRSTCI,PA,_Z,_Z,_Z,2007-05,0.521
DATAFLOW,OECD.SDD.STES:DSD_KEI@DF_KEI(4.0),I,JPN,M,IRSTCI,PA,_Z,_Z,_Z,2007-04,0.511
DATAFLOW,OECD.SDD.STES:DSD_KEI@DF_KEI(4.0),I,JPN,M,IRSTCI,PA,_Z,_Z,_Z,2007-03,0.509
DATAFLOW,OECD.SDD.STES:DSD_KEI@DF_KEI(4.0),I,JPN,M,IRSTCI,PA,_Z,_Z,_Z,2007-02,0.357
DATAFLOW,OECD.SDD.STES:DSD_KEI@DF_KEI(4.0),I,JPN,M,IRSTCI,PA,_Z,_Z,_Z,2007-01,0.267
DATAFLOW,OECD.SDD.STES:DSD_KEI@DF_KEI(4.0),I,JPN,M,IRSTCI,PA,_Z,_Z,_Z,2023-12,-0.012
DATAFLOW,OECD.SDD.STES:DSD_KEI@DF_KEI(4.0),I,JPN,M,IRSTCI,PA,_Z,_Z,_Z,2023-11,-0.015
DATAFLOW,OECD.SDD.STES:DSD_KEI@DF_KEI(4.0),I,JPN,M,IRSTCI,PA,_Z,_Z,_Z,2023-10,-0.02
DATAFLOW,OECD.SDD.STES:DSD_KEI@DF_KEI(4.0),I,JPN,M,IRSTCI,PA,_Z,_Z,_Z,2023-09,-0.054
DATAFLOW,OECD.SDD.STES:DSD_KEI@DF_KEI(4.0),I,JPN,M,IRSTCI,PA,_Z,_Z,_Z,2023-08,-0.064
DATAFLOW,OECD.SDD.STES:DSD_KEI@DF_KEI(4.0),I,JPN,M,IRSTCI,PA,_Z,_Z,_Z,2023-07,-0.046
DATAFLOW,OECD.SDD.STES:DSD_KEI@DF_KEI(4.0),I,JPN,M,IRSTCI,PA,_Z,_Z,_Z,2023-06,-0.066
DATAFLOW,OECD.SDD.STES:DSD_KEI@DF_KEI(4.0),I,JPN,M,IRSTCI,PA,_Z,_Z,_Z,2023-05,-0.051
DATAFLOW,OECD.SDD.STES:DSD_KEI@DF_KEI(4.0),I,JPN,M,IRSTCI,PA,_Z,_Z,_Z,2023-04,-0.015
DATAFLOW,OECD.SDD.STES:DSD_KEI@DF_KEI(4.0),I,JPN,M,IRSTCI,PA,_Z,_Z,_Z,2023-03,-0.017
DATAFLOW,OECD.SDD.STES:DSD_KEI@DF_KEI(4.0),I,JPN,M,IRSTCI,PA,_Z,_Z,_Z,2023-02,-0.019
DATAFLOW,OECD.SDD.STES:DSD_KEI@DF_KEI(4.0),I,JPN,M,IRSTCI,PA,_Z,_Z,_Z,2023-01,-0.02
DATAFLOW,OECD.SDD.STES:DSD_KEI@DF_KEI(4.0),I,JPN,M,IRSTCI,PA,_Z,_Z,_Z,2022-12,-0.07
DATAFLOW,OECD.SDD.STES:DSD_KEI@DF_KEI(4.0),I,JPN,M,IRSTCI,PA,_Z,_Z,_Z,2022-11,-0.067
DATAFLOW,OECD.SDD.STES:DSD_KEI@DF_KEI(4.0),I,JPN,M,IRSTCI,PA,_Z,_Z,_Z,2022-10,-0.05
DATAFLOW,OECD.SDD.STES:DSD_KEI@DF_KEI(4.0),I,GBR,M,IRLT,PA,_Z,_Z,_Z,2014-12,1.9287
DATAFLOW,OECD.SDD.STES:DSD_KEI@DF_KEI(4.0),I,GBR,M,IRLT,PA,_Z,_Z,_Z,2014-11,2.1593
DATAFLOW,OECD.SDD.STES:DSD_KEI@DF_KEI(4.0),I,GBR,M,IRLT,PA,_Z,_Z,_Z,2014-10,2.2469
DATAFLOW,OECD.SDD.STES:DSD_KEI@DF_KEI(4.0),I,GBR,M,IRLT,PA,_Z,_Z,_Z,2014-09,2.4919
DATAFLOW,OECD.SDD.STES:DSD_KEI@DF_KEI(4.0),I,GBR,M,IRLT,PA,_Z,_Z,_Z,2014-08,2.5347
DATAFLOW,OECD.SDD.STES:DSD_KEI@DF_KEI(4.0),I,GBR,M,IRLT,PA,_Z,_Z,_Z,2014-07,2.7343
DATAFLOW,OECD.SDD.STES:DSD_KEI@DF_KEI(4.0),I,GBR,M,IRLT,PA,_Z,_Z,_Z,2014-06,2.7842
DATAFLOW,OECD.SDD.STES:DSD_KEI@DF_KEI(4.0),I,JPN,M,IR3TIB,PA,_Z,_Z,_Z,2022-08,-0.02
DATAFLOW,OECD.SDD.STES:DSD_KEI@DF_KEI(4.0),I,JPN,M,IR3TIB,PA,_Z,_Z,_Z,2022-07,-0.031
DATAFLOW,OECD.SDD.STES:DSD_KEI@DF_KEI(4.0),I,JPN,M,IR3TIB,PA,_Z,_Z,_Z,2022-06,0.005
DATAFLOW,OECD.SDD.STES:DSD_KEI@DF_KEI(4.0),I,JPN,M,IR3TIB,PA,_Z,_Z,_Z,2022-05,-0.049
DATAFLOW,OECD.SDD.STES:DSD_KEI@DF_KEI(4.0),I,JPN,M,IR3TIB,PA,_Z,_Z,_Z,2022-04,-0.049
DATAFLOW,OECD.SDD.STES:DSD_KEI@DF_KEI(4.0),I,JPN,M,IR3TIB,PA,_Z,_Z,_Z,2022-03,-0.049
DATAFLOW,OECD.SDD.STES:DSD_KEI@DF_KEI(4.0),I,JPN,M,IR3TIB,PA,_Z,_Z,_Z,2022-02,-0.049
DATAFLOW,OECD.SDD.STES:DSD_KEI@DF_KEI(4.0),I,JPN,M,IR3TIB,PA,_Z,_Z,_Z,2022-01,-0.049
DATAFLOW,OECD.SDD.STES:DSD_KEI@DF_KEI(4.0),I,JPN,M,IR3TIB,PA,_Z,_Z,_Z,2021-12,-0.049
DATAFLOW,OECD.SDD.STES:DSD_KEI@DF_KEI(4.0),I,JPN,M,IR3TIB,PA,_Z,_Z,_Z,2021-11,-0.072
DATAFLOW,OECD.SDD.STES:DSD_KEI@DF_KEI(4.0),I,JPN,M,IR3TIB,PA,_Z,_Z,_Z,2021-10,-0.072
DATAFLOW,OECD.SDD.STES:DSD_KEI@DF_KEI(4.0),I,JPN,M,IR3TIB,PA,_Z,_Z,_Z,2021-09,-0.072
DATAFLOW,OECD.SDD.STES:DSD_KEI@DF_KEI(4.0),I,JPN,M,IR3TIB,PA,_Z,_Z,_Z,2021-08,-0.072
DATAFLOW,OECD.SDD.STES:DSD_KEI@DF_KEI(4.0),I,JPN,M,IR3TIB,PA,_Z,_Z,_Z,2021-07,-0.072
DATAFLOW,OECD.SDD.STES:DSD_KEI@DF_KEI(4.0),I,JPN,M,IR3TIB,PA,_Z,_Z,_Z,2021-06,-0.072
DATAFLOW,OECD.SDD.STES:DSD_KEI@DF_KEI(4.0),I,JPN,M,IR3TIB,PA,_Z,_Z,_Z,2021-05,-0.065
DATAFLOW,OECD.SDD.STES:DSD_KEI@DF_KEI(4.0),I,JPN,M,IR3TIB,PA,_Z,_Z,_Z,2021-04,-0.065
DATAFLOW,OECD.SDD.STES:DSD_KEI@DF_KEI(4.0),I,JPN,M,IR3TIB,PA,_Z,_Z,_Z,2021-03,-0.065
DATAFLOW,OECD.SDD.STES:DSD_KEI@DF_KEI(4.0),I,JPN,M,IR3TIB,PA,_Z,_Z,_Z,2021-02,-0.055
DATAFLOW,OECD.SDD.STES:DSD_KEI@DF_KEI(4.0),I,JPN,M,IR3TIB,PA,_Z,_Z,_Z,2021-01,-0.055
DATAFLOW,OECD.SDD.STES:DSD_KEI@DF_KEI(4.0),I,JPN,M,IR3TIB,PA,_Z,_Z,_Z,2020-12,-0.055
DATAFLOW,OECD.SDD.STES:DSD_KEI@DF_KEI(4.0),I,JPN,M,IR3TIB,PA,_Z,_Z,_Z,2020-11,-0.055
DATAFLOW,OECD.SDD.STES:DSD_KEI@DF_KEI(4.0),I,JPN,M,IR3TIB,PA,_Z,_Z,_Z,2020-10,-0.055
DATAFLOW,OECD.SDD.STES:DSD_KEI@DF_KEI(4.0),I,JPN,M,IR3TIB,PA,_Z,_Z,_Z,2020-09,-0.055
DATAFLOW,OECD.SDD.STES:DSD_KEI@DF_KEI(4.0),I,JPN,M,IR3TIB,PA,_Z,_Z,_Z,2020-08,-0.065
DATAFLOW,OECD.SDD.STES:DSD_KEI@DF_KEI(4.0),I,JPN,M,IR3TIB,PA,_Z,_Z,_Z,2020-07,-0.065
DATAFLOW,OECD.SDD.STES:DSD_KEI@DF_KEI(4.0),I,JPN,M,IR3TIB,PA,_Z,_Z,_Z,2020-06,-0.042
DATAFLOW,OECD.SDD.STES:DSD_KEI@DF_KEI(4.0),I,JPN,M,IR3TIB,PA,_Z,_Z,_Z,2020-05,-0.042
DATAFLOW,OECD.SDD.STES:DSD_KEI@DF_KEI(4.0),I,JPN,M,IR3TIB,PA,_Z,_Z,_Z,2020-04,-0.039
DATAFLOW,OECD.SDD.STES:DSD_KEI@DF_KEI(4.0),I,JPN,M,IR3TIB,PA,_Z,_Z,_Z,2020-03,0.006
DATAFLOW,OECD.SDD.STES:DSD_KEI@DF_KEI(4.0),I,JPN,M,IR3TIB,PA,_Z,_Z,_Z,2020-02,0.021
DATAFLOW,OECD.SDD.STES:DSD_KEI@DF_KEI(4.0),I,JPN,M,IR3TIB,PA,_Z,_Z,_Z,2020-01,0.021
DATAFLOW,OECD.SDD.STES:DSD_KEI@DF_KEI(4.0),I,JPN,M,IR3TIB,PA,_Z,_Z,_Z,2019-12,0.021
DATAFLOW,OECD.SDD.STES:DSD_KEI@DF_KEI(4.0),I,JPN,M,IR3TIB,PA,_Z,_Z,_Z,2019-11,0.018
DATAFLOW,OECD.SDD.STES:DSD_KEI@DF_KEI(4.0),I,JPN,M,IR3TIB,PA,_Z,_Z,_Z,2019-10,0.009
DATAFLOW,OECD.SDD.STES:DSD_KEI@DF_KEI(4.0),I,JPN,M,IR3TIB,PA,_Z,_Z,_Z,2019-09,0.009
DATAFLOW,OECD.SDD.STES:DSD_KEI@DF_KEI(4.0),I,JPN,M,IR3TIB,PA,_Z,_Z,_Z,2019-08,0.009
DATAFLOW,OECD.SDD.STES:DSD_KEI@DF_KEI(4.0),I,JPN,M,IR3TIB,PA,_Z,_Z,_Z,2019-07,0.049
DATAFLOW,OECD.SDD.STES:DSD_KEI@DF_KEI(4.0),I,JPN,M,IR3TIB,PA,_Z,_Z,_Z,2019-06,0.049
DATAFLOW,OECD.SDD.STES:DSD_KEI@DF_KEI(4.0),I,JPN,M,IR3TIB,PA,_Z,_Z,_Z,2019-05,0.049
DATAFLOW,OECD.SDD.STES:DSD_KEI@DF_KEI(4.0),I,JPN,M,IR3TIB,PA,_Z,_Z,_Z,2019-04,0.05
DATAFLOW,OECD.SDD.STES:DSD_KEI@DF_KEI(4.0),I,JPN,M,IR3TIB,PA,_Z,_Z,_Z,2019-03,0.05
DATAFLOW,OECD.SDD.STES:DSD_KEI@DF_KEI(4.0),I,JPN,M,IR3TIB,PA,_Z,_Z,_Z,2019-02,0.03
DATAFLOW,OECD.SDD.STES:DSD_KEI@DF_KEI(4.0),I,JPN,M,IR3TIB,PA,_Z,_Z,_Z,2019-01,0.03
DATAFLOW,OECD.SDD.STES:DSD_KEI@DF_KEI(4.0),I,JPN,M,IR3TIB,PA,_Z,_Z,_Z,2018-12,0.05
DATAFLOW,OECD.SDD.STES:DSD_KEI@DF_KEI(4.0),I,JPN,M,IR3TIB,PA,_Z,_Z,_Z,2018-11,0.05
DATAFLOW,OECD.SDD.STES:DSD_KEI@DF_KEI(4.0),I,JPN,M,IR3TIB,PA,_Z,_Z,_Z,2018-10,0.05
DATAFLOW,OECD.SDD.STES:DSD_KEI@DF_KEI(4.0),I,JPN,M,IR3TIB,PA,_Z,_Z,_Z,2018-09,0.05
DATAFLOW,OECD.SDD.STES:DSD_KEI@DF_KEI(4.0),I,JPN,M,IR3TIB,PA,_Z,_Z,_Z,2018-08,0.091
DATAFLOW,OECD.SDD.STES:DSD_KEI@DF_KEI(4.0),I,JPN,M,IR3TIB,PA,_Z,_Z,_Z,2018-07,0.091
DATAFLOW,OECD.SDD.STES:DSD_KEI@DF_KEI(4.0),I,JPN,M,IR3TIB,PA,_Z,_Z,_Z,2018-06,0.078
DATAFLOW,OECD.SDD.STES:DSD_KEI@DF_KEI(4.0),I,JPN,M,IR3TIB,PA,_Z,_Z,_Z,2018-05,0.078
DATAFLOW,OECD.SDD.STES:DSD_KEI@DF_KEI(4.0),I,JPN,M,IR3TIB,PA,_Z,_Z,_Z,2018-04,0.097
DATAFLOW,OECD.SDD.STES:DSD_KEI@DF_KEI(4.0),I,JPN,M,IR3TIB,PA,_Z,_Z,_Z,2018-03,0.097
DATAFLOW,OECD.SDD.STES:DSD_KEI@DF_KEI(4.0),I,JPN,M,IR3TIB,PA,_Z,_Z,_Z,2018-02,0.068
DATAFLOW,OECD.SDD.STES:DSD_KEI@DF_KEI(4.0),I,JPN,M,IR3TIB,PA,_Z,_Z,_Z,2018-01,0.068
DATAFLOW,OECD.SDD.STES:DSD_KEI@DF_KEI(4.0),I,JPN,M,IR3TIB,PA,_Z,_Z,_Z,2017-12,0.063
DATAFLOW,OECD.SDD.STES:DSD_KEI@DF_KEI(4.0),I,JPN,M,IR3TIB,PA,_Z,_Z,_Z,2017-11,0.063
DATAFLOW,OECD.SDD.STES:DSD_KEI@DF_KEI(4.0),I,JPN,M,IR3TIB,PA,_Z,_Z,_Z,2017-10,0.063
DATAFLOW,OECD.SDD.STES:DSD_KEI@DF_KEI(4.0),I,JPN,M,IR3TIB,PA,_Z,_Z,_Z,2017-09,0.056
DATAFLOW,OECD.SDD.STES:DSD_KEI@DF_KEI(4.0),I,JPN,M,IR3TIB,PA,_Z,_Z,_Z,2017-08,0.056
DATAFLOW,OECD.SDD.STES:DSD_KEI@DF_KEI(4.0),I,JPN,M,IR3TIB,PA,_Z,_Z,_Z,2017-07,0.075
DATAFLOW,OECD.SDD.STES:DSD_KEI@DF_KEI(4.0),I,JPN,M,IR3TIB,PA,_Z,_Z,_Z,2017-06,0.056
DATAFLOW,OECD.SDD.STES:DSD_KEI@DF_KEI(4.0),I,JPN,M,IR3TIB,PA,_Z,_Z,_Z,2017-05,0.056
DATAFLOW,OECD.SDD.STES:DSD_KEI@DF_KEI(4.0),I,JPN,M,IR3TIB,PA,_Z,_Z,_Z,2017-04,0.056
DATAFLOW,OECD.SDD.STES:DSD_KEI@DF_KEI(4.0),I,JPN,M,IR3TIB,PA,_Z,_Z,_Z,2017-03,0.056
DATAFLOW,OECD.SDD.STES:DSD_KEI@DF_KEI(4.0),I,JPN,M,IR3TIB,PA,_Z,_Z,_Z,2017-02,0.056
DATAFLOW,OECD.SDD.STES:DSD_KEI@DF_KEI(4.0),I,JPN,M,IR3TIB,PA,_Z,_Z,_Z,2017-01,0.056
DATAFLOW,OECD.SDD.STES:DSD_KEI@DF_KEI(4.0),I,JPN,M,IR3TIB,PA,_Z,_Z,_Z,2016-12,0.056
DATAFLOW,OECD.SDD.STES:DSD_KEI@DF_KEI(4.0),I,JPN,M,IR3TIB,PA,_Z,_Z,_Z,2016-11,0.056
DATAFLOW,OECD.SDD.STES:DSD_KEI@DF_KEI(4.0),I,JPN,M,IR3TIB,PA,_Z,_Z,_Z,2016-10,0.056
DATAFLOW,OECD.SDD.STES:DSD_KEI@DF_KEI(4.0),I,GBR,M,IR3TIB,PA,_Z,_Z,_Z,2020-02,0.75
DATAFLOW,OECD.SDD.STES:DSD_KEI@DF_KEI(4.0),I,GBR,M,IR3TIB,PA,_Z,_Z,_Z,2020-01,0.74
DATAFLOW,OECD.SDD.STES:DSD_KEI@DF_KEI(4.0),I,GBR,M,IR3TIB,PA,_Z,_Z,_Z,2019-12,0.79
DATAFLOW,OECD.SDD.STES:DSD_KEI@DF_KEI(4.0),I,GBR,M,IRSTCI,PA,_Z,_Z,_Z,2022-10,2.1857
DATAFLOW,OECD.SDD.STES:DSD_KEI@DF_KEI(4.0),I,GBR,M,IRSTCI,PA,_Z,_Z,_Z,2022-09,1.8569
DATAFLOW,OECD.SDD.STES:DSD_KEI@DF_KEI(4.0),I,GBR,M,IRSTCI,PA,_Z,_Z,_Z,2022-08,1.622
DATAFLOW,OECD.SDD.STES:DSD_KEI@DF_KEI(4.0),I,GBR,M,IRSTCI,PA,_Z,_Z,_Z,2022-07,1.1908
DATAFLOW,OECD.SDD.STES:DSD_KEI@DF_KEI(4.0),I,GBR,M,IRSTCI,PA,_Z,_Z,_Z,2022-06,1.0767
DATAFLOW,OECD.SDD.STES:DSD_KEI@DF_KEI(4.0),I,GBR,M,IRSTCI,PA,_Z,_Z,_Z,2022-05,0.9158
DATAFLOW,OECD.SDD.STES:DSD_KEI@DF_KEI(4.0),I,GBR,M,IRSTCI,PA,_Z,_Z,_Z,2022-04,0.6906
DATAFLOW,OECD.SDD.STES:DSD_KEI@DF_KEI(4.0),I,GBR,M,IRSTCI,PA,_Z,_Z,_Z,2022-03,0.5623
DATAFLOW,OECD.SDD.STES:DSD_KEI@DF_KEI(4.0),I,GBR,M,IRSTCI,PA,_Z,_Z,_Z,2022-02,0.4199
DATAFLOW,OECD.SDD.STES:DSD_KEI@DF_KEI(4.0),I,GBR,M,IRSTCI,PA,_Z,_Z,_Z,2022-01,0.1958
DATAFLOW,OECD.SDD.STES:DSD_KEI@DF_KEI(4.0),I,GBR,M,IRSTCI,PA,_Z,_Z,_Z,2021-12,0.1141
DATAFLOW,OECD.SDD.STES:DSD_KEI@DF_KEI(4.0),I,GBR,M,IRSTCI,PA,_Z,_Z,_Z,2021-11,0.0468
DATAFLOW,OECD.SDD.STES:DSD_KEI@DF_KEI(4.0),I,GBR,M,IRSTCI,PA,_Z,_Z,_Z,2021-10,0.0502
DATAFLOW,OECD.SDD.STES:DSD_KEI@DF_KEI(4.0),I,GBR,M,IRSTCI,PA,_Z,_Z,_Z,2021-09,0.05
DATAFLOW,OECD.SDD.STES:DSD_KEI@DF_KEI(4.0),I,GBR,M,IRSTCI,PA,_Z,_Z,_Z,2021-08,0.0504
DATAFLOW,OECD.SDD.STES:DSD_KEI@DF_KEI(4.0),I,GBR,M,IRSTCI,PA,_Z,_Z,_Z,2021-07,0.0506
DATAFLOW,OECD.SDD.STES:DSD_KEI@DF_KEI(4.0),I,GBR,M,IRSTCI,PA,_Z,_Z,_Z,2021-06,0.0498
DATAFLOW,OECD.SDD.STES:DSD_KEI@DF_KEI(4.0),I,GBR,M,IRSTCI,PA,_Z,_Z,_Z,2021-05,0.0495
DATAFLOW,OECD.SDD.STES:DSD_KEI@DF_KEI(4.0),I,GBR,M,IRSTCI,PA,_Z,_Z,_Z,2021-04,0.0486
DATAFLOW,OECD.SDD.STES:DSD_KEI@DF_KEI(4.0),I,GBR,M,IRSTCI,PA,_Z,_Z,_Z,2021-03,0.0486
DATAFLOW,OECD.SDD.STES:DSD_KEI@DF_KEI(4.0),I,GBR,M,IRSTCI,PA,_Z,_Z,_Z,2021-02,0.0486
DATAFLOW,OECD.SDD.STES:DSD_KEI@DF_KEI(4.0),I,GBR,M,IRSTCI,PA,_Z,_Z,_Z,2021-01,0.0494
DATAFLOW,OECD.SDD.STES:DSD_KEI@DF_KEI(4.0),I,GBR,M,IRSTCI,PA,_Z,_Z,_Z,2020-12,0.0492
DATAFLOW,OECD.SDD.STES:DSD_KEI@DF_KEI(4.0),I,GBR,M,IRSTCI,PA,_Z,_Z,_Z,2020-11,0.0537
DATAFLOW,OECD.SDD.STES:DSD_KEI@DF_KEI(4.0),I,GBR,M,IRSTCI,PA,_Z,_Z,_Z,2020-10,0.0538
DATAFLOW,OECD.SDD.STES:DSD_KEI@DF_KEI(4.0),I,GBR,M,IRSTCI,PA,_Z,_Z,_Z,2020-09,0.0547
DATAFLOW,OECD.SDD.STES:DSD_KEI@DF_KEI(4.0),I,GBR,M,IRSTCI,PA,_Z,_Z,_Z,2020-08,0.0562
DATAFLOW,OECD.SDD.STES:DSD_KEI@DF_KEI(4.0),I,GBR,M,IRSTCI,PA,_Z,_Z,_Z,2020-07,0.0599
DATAFLOW,OECD.SDD.STES:DSD_KEI@DF_KEI(4.0),I,JPN,M,IRSTCI,PA,_Z,_Z,_Z,2021-06,-0.029
DATAFLOW,OECD.SDD.STES:DSD_KEI@DF_KEI(4.0),I,JPN,M,IRSTCI,PA,_Z,_Z,_Z,2021-05,-0.017
DATAFLOW,OECD.SDD.STES:DSD_KEI@DF_KEI(4.0),I,JPN,M,IRSTCI,PA,_Z,_Z,_Z,2021-04,-0.012
DATAFLOW,OECD.SDD.STES:DSD_KEI@DF_KEI(4.0),I,JPN,M,IRSTCI,PA,_Z,_Z,_Z,2021-03,-0.017
DATAFLOW,OECD.SDD.STES:DSD_KEI@DF_KEI(4.0),I,JPN,M,IRSTCI,PA,_Z,_Z,_Z,2021-02,-0.016
DATAFLOW,OECD.SDD.STES:DSD_KEI@DF_KEI(4.0),I,JPN,M,IRSTCI,PA,_Z,_Z,_Z,2021-01,-0.017
DATAFLOW,OECD.SDD.STES:DSD_KEI@DF_KEI(4.0),I,JPN,M,IRSTCI,PA,_Z,_Z,_Z,2020-12,-0.026
DATAFLOW,OECD.SDD.STES:DSD_KEI@DF_KEI(4.0),I,JPN,M,IRSTCI,PA,_Z,_Z,_Z,2020-11,-0.032
DATAFLOW,OECD.SDD.STES:DSD_KEI@DF_KEI(4.0),I,JPN,M,IRSTCI,PA,_Z,_Z,_Z,2020-10,-0.02
DATAFLOW,OECD.SDD.STES:DSD_KEI@DF_KEI(4.0),I,JPN,M,IRSTCI,PA,_Z,_Z,_Z,2020-09,-0.054
DATAFLOW,OECD.SDD.STES:DSD_KEI@DF_KEI(4.0),I,JPN,M,IRSTCI,PA,_Z,_Z,_Z,2020-08,-0.035
DATAFLOW,OECD.SDD.STES:DSD_KEI@DF_KEI(4.0),I,JPN,M,IRSTCI,PA,_Z,_Z,_Z,2020-07,-0.028
DATAFLOW,OECD.SDD.STES:DSD_KEI@DF_KEI(4.0),I,JPN,M,IRSTCI,PA,_Z,_Z,_Z,2020-06,-0.048
DATAFLOW,OECD.SDD.STES:DSD_KEI@DF_KEI(4.0),I,JPN,M,IRSTCI,PA,_Z,_Z,_Z,2020-05,-0.047
DATAFLOW,OECD.SDD.STES:DSD_KEI@DF_KEI(4.0),I,JPN,M,IRSTCI,PA,_Z,_Z,_Z,2020-04,-0.036
DATAFLOW,OECD.SDD.STES:DSD_KEI@DF_KEI(4.0),I,JPN,M,IRSTCI,PA,_Z,_Z,_Z,2020-03,-0.047
DATAFLOW,OECD.SDD.STES:DSD_KEI@DF_KEI(4.0),I,JPN,M,IRSTCI,PA,_Z,_Z,_Z,2020-02,-0.016
DATAFLOW,OECD.SDD.STES:DSD_KEI@DF_KEI(4.0),I,JPN,M,IRSTCI,PA,_Z,_Z,_Z,2020-01,-0.032
DATAFLOW,OECD.SDD.STES:DSD_KEI@DF_KEI(4.0),I,JPN,M,IRSTCI,PA,_Z,_Z,_Z,2019-12,-0.038
DATAFLOW,OECD.SDD.STES:DSD_KEI@DF_KEI(4.0),I,JPN,M,IRSTCI,PA,_Z,_Z,_Z,2019-11,-0.043
DATAFLOW,OECD.SDD.STES:DSD_KEI@DF_KEI(4.0),I,JPN,M,IRSTCI,PA,_Z,_Z,_Z,2019-10,-0.021
DATAFLOW,OECD.SDD.STES:DSD_KEI@DF_KEI(4.0),I,JPN,M,IRSTCI,PA,_Z,_Z,_Z,2019-09,-0.059
DATAFLOW,OECD.SDD.STES:DSD_KEI@DF_KEI(4.0),I,JPN,M,IRSTCI,PA,_Z,_Z,_Z,2019-08,-0.045
DATAFLOW,OECD.SDD.STES:DSD_KEI@DF_KEI(4.0),I,JPN,M,IRSTCI,PA,_Z,_Z,_Z,2019-07,-0.071
DATAFLOW,OECD.SDD.STES:DSD_KEI@DF_KEI(4.0),I,JPN,M,IRSTCI,PA,_Z,_Z,_Z,2019-06,-0.062
DATAFLOW,OECD.SDD.STES:DSD_KEI@DF_KEI(4.0),I,JPN,M,IRSTCI,PA,_Z,_Z,_Z,2019-05,-0.049
DATAFLOW,OECD.SDD.STES:DSD_KEI@DF_KEI(4.0),I,JPN,M,IRSTCI,PA,_Z,_Z,_Z,2019-04,-0.067
DATAFLOW,OECD.SDD.STES:DSD_KEI@DF_KEI(4.0),I,JPN,M,IRSTCI,PA,_Z,_Z,_Z,2019-03,-0.041
DATAFLOW,OECD.SDD.STES:DSD_KEI@DF_KEI(4.0),I,JPN,M,IRSTCI,PA,_Z,_Z,_Z,2019-02,-0.055
DATAFLOW,OECD.SDD.STES:DSD_KEI@DF_KEI(4.0),I,JPN,M,IRSTCI,PA,_Z,_Z,_Z,2019-01,-0.064
DATAFLOW,OECD.SDD.STES:DSD_KEI@DF_KEI(4.0),I,JPN,M,IRSTCI,PA,_Z,_Z,_Z,2018-12,-0.068
DATAFLOW,OECD.SDD.STES:DSD_KEI@DF_KEI(4.0),I,JPN,M,IRSTCI,PA,_Z,_Z,_Z,2018-11,-0.071
DATAFLOW,OECD.SDD.STES:DSD_KEI@DF_KEI(4.0),I,JPN,M,IRSTCI,PA,_Z,_Z,_Z,2018-10,-0.06
DATAFLOW,OECD.SDD.STES:DSD_KEI@DF_KEI(4.0),I,JPN,M,IRSTCI,PA,_Z,_Z,_Z,2018-09,-0.058
DATAFLOW,OECD.SDD.STES:DSD_KEI@DF_KEI(4.0),I,JPN,M,IRSTCI,PA,_Z,_Z,_Z,2018-08,-0.059
DATAFLOW,OECD.SDD.STES:DSD_KEI@DF_KEI(4.0),I,JPN,M,IRSTCI,PA,_Z,_Z,_Z,2018-07,-0.07
DATAFLOW,OECD.SDD.STES:DSD_KEI@DF_KEI(4.0),I,JPN,M,IRSTCI,PA,_Z,_Z,_Z,2018-06,-0.071
DATAFLOW,OECD.SDD.STES:DSD_KEI@DF_KEI(4.0),I,JPN,M,IRSTCI,PA,_Z,_Z,_Z,2018-05,-0.061
DATAFLOW,OECD.SDD.STES:DSD_KEI@DF_KEI(4.0),I,JPN,M,IRSTCI,PA,_Z,_Z,_Z,2025-08,0.477
DATAFLOW,OECD.SDD.STES:DSD_KEI@DF_KEI(4.0),I,JPN,M,IRSTCI,PA,_Z,_Z,_Z,2025-07,0.478
DATAFLOW,OECD.SDD.STES:DSD_KEI@DF_KEI(4.0),I,JPN,M,IRSTCI,PA,_Z,_Z,_Z,2025-06,0.477
DATAFLOW,OECD.SDD.STES:DSD_KEI@DF_KEI(4.0),I,JPN,M,IRSTCI,PA,_Z,_Z,_Z,2025-05,0.477
DATAFLOW,OECD.SDD.STES:DSD_KEI@DF_KEI(4.0),I,JPN,M,IRSTCI,PA,_Z,_Z,_Z,2025-04,0.477
DATAFLOW,OECD.SDD.STES:DSD_KEI@DF_KEI(4.0),I,JPN,M,IRSTCI,PA,_Z,_Z,_Z,2025-03,0.477
DATAFLOW,OECD.SDD.STES:DSD_KEI@DF_KEI(4.0),I,JPN,M,IRSTCI,PA,_Z,_Z,_Z,2025-02,0.478
DATAFLOW,OECD.SDD.STES:DSD_KEI@DF_KEI(4.0),I,JPN,M,IRSTCI,PA,_Z,_Z,_Z,2025-01,0.293
DATAFLOW,OECD.SDD.STES:DSD_KEI@DF_KEI(4.0),I,JPN,M,IRSTCI,PA,_Z,_Z,_Z,2024-12,0.227
DATAFLOW,OECD.SDD.STES:DSD_KEI@DF_KEI(4.0),I,JPN,M,IRSTCI,PA,_Z,_Z,_Z,2024-11,0.227
DATAFLOW,OECD.SDD.STES:DSD_KEI@DF_KEI(4.0),I,JPN,M,IRSTCI,PA,_Z,_Z,_Z,2024-10,0.227
DATAFLOW,OECD.SDD.STES:DSD_KEI@DF_KEI(4.0),I,JPN,M,IRSTCI,PA,_Z,_Z,_Z,2024-09,0.227
DATAFLOW,OECD.SDD.STES:DSD_KEI@DF_KEI(4.0),I,JPN,M,IRSTCI,PA,_Z,_Z,_Z,2024-08,0.227
DATAFLOW,OECD.SDD.STES:DSD_KEI@DF_KEI(4.0),I,JPN,M,IRSTCI,PA,_Z,_Z,_Z,2024-07,0.078
DATAFLOW,OECD.SDD.STES:DSD_KEI@DF_KEI(4.0),I,JPN,M,IRSTCI,PA,_Z,_Z,_Z,2024-06,0.077
DATAFLOW,OECD.SDD.STES:DSD_KEI@DF_KEI(4.0),I,JPN,M,IRSTCI,PA,_Z,_Z,_Z,2024-05,0.077
DATAFLOW,OECD.SDD.STES:DSD_KEI@DF_KEI(4.0),I,JPN,M,IRSTCI,PA,_Z,_Z,_Z,2024-04,0.077
DATAFLOW,OECD.SDD.STES:DSD_KEI@DF_KEI(4.0),I,JPN,M,IRSTCI,PA,_Z,_Z,_Z,2024-03,0.022
DATAFLOW,OECD.SDD.STES:DSD_KEI@DF_KEI(4.0),I,JPN,M,IRSTCI,PA,_Z,_Z,_Z,2024-02,-0.006
DATAFLOW,OECD.SDD.STES:DSD_KEI@DF_KEI(4.0),I,JPN,M,IRSTCI,PA,_Z,_Z,_Z,2024-01,-0.014
DATAFLOW,OECD.SDD.STES:DSD_KEI@DF_KEI(4.0),I,JPN,M,IRLT,PA,_Z,_Z,_Z,2023-11,0.66
DATAFLOW,OECD.SDD.STES:DSD_KEI@DF_KEI(4.0),I,JPN,M,IRLT,PA,_Z,_Z,_Z,2023-10,0.95
DATAFLOW,OECD.SDD.STES:DSD_KEI@DF_KEI(4.0),I,JPN,M,IRLT,PA,_Z,_Z,_Z,2023-09,0.765
DATAFLOW,OECD.SDD.STES:DSD_KEI@DF_KEI(4.0),I,JPN,M,IRLT,PA,_Z,_Z,_Z,2023-08,0.64
DATAFLOW,OECD.SDD.STES:DSD_KEI@DF_KEI(4.0),I,JPN,M,IRLT,PA,_Z,_Z,_Z,2023-07,0.595
DATAFLOW,OECD.SDD.STES:DSD_KEI@DF_KEI(4.0),I,JPN,M,IRLT,PA,_Z,_Z,_Z,2023-06,0.395
DATAFLOW,OECD.SDD.STES:DSD_KEI@DF_KEI(4.0),I,JPN,M,IRLT,PA,_Z,_Z,_Z,2023-05,0.43
DATAFLOW,OECD.SDD.STES:DSD_KEI@DF_KEI(4.0),I,JPN,M,IRLT,PA,_Z,_Z,_Z,2023-04,0.385
DATAFLOW,OECD.SDD.STES:DSD_KEI@DF_KEI(4.0),I,JPN,M,IRLT,PA,_Z,_Z,_Z,2023-03,0.32
DATAFLOW,OECD.SDD.STES:DSD_KEI@DF_KEI(4.0),I,JPN,M,IRLT,PA,_Z,_Z,_Z,2023-02,0.5
DATAFLOW,OECD.SDD.STES:DSD_KEI@DF_KEI(4.0),I,JPN,M,IRLT,PA,_Z,_Z,_Z,2023-01,0.49
DATAFLOW,OECD.SDD.STES:DSD_KEI@DF_KEI(4.0),I,JPN,M,IRLT,PA,_Z,_Z,_Z,2022-12,0.41
DATAFLOW,OECD.SDD.STES:DSD_KEI@DF_KEI(4.0),I,JPN,M,IRLT,PA,_Z,_Z,_Z,2022-11,0.25
DATAFLOW,OECD.SDD.STES:DSD_KEI@DF_KEI(4.0),I,JPN,M,IRLT,PA,_Z,_Z,_Z,2022-10,0.245
DATAFLOW,OECD.SDD.STES:DSD_KEI@DF_KEI(4.0),I,JPN,M,IRLT,PA,_Z,_Z,_Z,2022-09,0.24
DATAFLOW,OECD.SDD.STES:DSD_KEI@DF_KEI(4.0),I,JPN,M,IRLT,PA,_Z,_Z,_Z,2022-08,0.22
DATAFLOW,OECD.SDD.STES:DSD_KEI@DF_KEI(4.0),I,JPN,M,IRLT,PA,_Z,_Z,_Z,2022-07,0.18
DATAFLOW,OECD.SDD.STES:DSD_KEI@DF_KEI(4.0),I,JPN,M,IRLT,PA,_Z,_Z,_Z,2022-06,0.225
DATAFLOW,OECD.SDD.STES:DSD_KEI@DF_KEI(4.0),I,JPN,M,IRLT,PA,_Z,_Z,_Z,2022-05,0.235
DATAFLOW,OECD.SDD.STES:DSD_KEI@DF_KEI(4.0),I,JPN,M,IRLT,PA,_Z,_Z,_Z,2022-04,0.215
DATAFLOW,OECD.SDD.STES:DSD_KEI@DF_KEI(4.0),I,JPN,M,IRLT,PA,_Z,_Z,_Z,2022-03,0.21
DATAFLOW,OECD.SDD.STES:DSD_KEI@DF_KEI(4.0),I,JPN,M,IRLT,PA,_Z,_Z,_Z,2022-02,0.18
DATAFLOW,OECD.SDD.STES:DSD_KEI@DF_KEI(4.0),I,JPN,M,IRLT,PA,_Z,_Z,_Z,2022-01,0.17
DATAFLOW,OECD.SDD.STES:DSD_KEI@DF_KEI(4.0),I,JPN,M,IRLT,PA,_Z,_Z,_Z,2021-12,0.07
DATAFLOW,OECD.SDD.STES:DSD_KEI@DF_KEI(4.0),I,JPN,M,IRLT,PA,_Z,_Z,_Z,2021-11,0.05
DATAFLOW,OECD.SDD.STES:DSD_KEI@DF_KEI(4.0),I,JPN,M,IRLT,PA,_Z,_Z,_Z,2021-10,0.095
DATAFLOW,OECD.SDD.STES:DSD_KEI@DF_KEI(4.0),I,JPN,M,IRLT,PA,_Z,_Z,_Z,2021-09,0.065
DATAFLOW,OECD.SDD.STES:DSD_KEI@DF_KEI(4.0),I,JPN,M,IRLT,PA,_Z,_Z,_Z,2021-08,0.02
DATAFLOW,OECD.SDD.STES:DSD_KEI@DF_KEI(4.0),I,JPN,M,IRLT,PA,_Z,_Z,_Z,2021-07,0.015
DATAFLOW,OECD.SDD.STES:DSD_KEI@DF_KEI(4.0),I,JPN,M,IRLT,PA,_Z,_Z,_Z,2021-06,0.05
DATAFLOW,OECD.SDD.STES:DSD_KEI@DF_KEI(4.0),I,JPN,M,IRLT,PA,_Z,_Z,_Z,2021-05,0.08
DATAFLOW,OECD.SDD.STES:DSD_KEI@DF_KEI(4.0),I,JPN,M,IRLT,PA,_Z,_Z,_Z,2021-04,0.09
DATAFLOW,OECD.SDD.STES:DSD_KEI@DF_KEI(4.0),I,JPN,M,IR3TIB,PA,_Z,_Z,_Z,2013-12,0.22
DATAFLOW,OECD.SDD.STES:DSD_KEI@DF_KEI(4.0),I,JPN,M,IR3TIB,PA,_Z,_Z,_Z,2013-11,0.22
DATAFLOW,OECD.SDD.STES:DSD_KEI@DF_KEI(4.0),I,JPN,M,IR3TIB,PA,_Z,_Z,_Z,2013-10,0.221
DATAFLOW,OECD.SDD.STES:DSD_KEI@DF_KEI(4.0),I,JPN,M,IR3TIB,PA,_Z,_Z,_Z,2013-09,0.228
DATAFLOW,OECD.SDD.STES:DSD_KEI@DF_KEI(4.0),I,JPN,M,IR3TIB,PA,_Z,_Z,_Z,2013-08,0.228
DATAFLOW,OECD.SDD.STES:DSD_KEI@DF_KEI(4.0),I,JPN,M,IR3TIB,PA,_Z,_Z,_Z,2013-07,0.228
DATAFLOW,OECD.SDD.STES:DSD_KEI@DF_KEI(4.0),I,JPN,M,IR3TIB,PA,_Z,_Z,_Z,2013-06,0.22818
DATAFLOW,OECD.SDD.STES:DSD_KEI@DF_KEI(4.0),I,JPN,M,IR3TIB,PA,_Z,_Z,_Z,2013-05,0.22818
DATAFLOW,OECD.SDD.STES:DSD_KEI@DF_KEI(4.0),I,JPN,M,IR3TIB,PA,_Z,_Z,_Z,2013-04,0.22818
DATAFLOW,OECD.SDD.STES:DSD_KEI@DF_KEI(4.0),I,JPN,M,IR3TIB,PA,_Z,_Z,_Z,2013-03,0.25
DATAFLOW,OECD.SDD.STES:DSD_KEI@DF_KEI(4.0),I,JPN,M,IR3TIB,PA,_Z,_Z,_Z,2013-02,0.26909
DATAFLOW,OECD.SDD.STES:DSD_KEI@DF_KEI(4.0),I,JPN,M,IRSTCI,PA,_Z,_Z,_Z,2011-09,0.08
DATAFLOW,OECD.SDD.STES:DSD_KEI@DF_KEI(4.0),I,JPN,M,IRSTCI,PA,_Z,_Z,_Z,2011-08,0.081
DATAFLOW,OECD.SDD.STES:DSD_KEI@DF_KEI(4.0),I,JPN,M,IRSTCI,PA,_Z,_Z,_Z,2011-07,0.073
DATAFLOW,OECD.SDD.STES:DSD_KEI@DF_KEI(4.0),I,JPN,M,IRSTCI,PA,_Z,_Z,_Z,2011-06,0.069
DATAFLOW,OECD.SDD.STES:DSD_KEI@DF_KEI(4.0),I,JPN,M,IRSTCI,PA,_Z,_Z,_Z,2011-05,0.069
DATAFLOW,OECD.SDD.STES:DSD_KEI@DF_KEI(4.0),I,JPN,M,IRSTCI,PA,_Z,_Z,_Z,2011-04,0.062
DATAFLOW,OECD.SDD.STES:DSD_KEI@DF_KEI(4.0),I,JPN,M,IRSTCI,PA,_Z,_Z,_Z,2011-03,0.085
DATAFLOW,OECD.SDD.STES:DSD_KEI@DF_KEI(4.0),I,JPN,M,IRSTCI,PA,_Z,_Z,_Z,2011-02,0.093
DATAFLOW,OECD.SDD.STES:DSD_KEI@DF_KEI(4.0),I,JPN,M,IRSTCI,PA,_Z,_Z,_Z,2011-01,0.085
DATAFLOW,OECD.SDD.STES:DSD_KEI@DF_KEI(4.0),I,JPN,M,IRSTCI,PA,_Z,_Z,_Z,2010-12,0.087
DATAFLOW,OECD.SDD.STES:DSD_KEI@DF_KEI(4.0),I,JPN,M,IRSTCI,PA,_Z,_Z,_Z,2010-11,0.091
DATAFLOW,OECD.SDD.STES:DSD_KEI@DF_KEI(4.0),I,JPN,M,IRSTCI,PA,_Z,_Z,_Z,2010-10,0.091
DATAFLOW,OECD.SDD.STES:DSD_KEI@DF_KEI(4.0),I,JPN,M,IRSTCI,PA,_Z,_Z,_Z,2010-09,0.091
DATAFLOW,OECD.SDD.STES:DSD_KEI@DF_KEI(4.0),I,JPN,M,IRSTCI,PA,_Z,_Z,_Z,2010-08,0.095
DATAFLOW,OECD.SDD.STES:DSD_KEI@DF_KEI(4.0),I,JPN,M,IRSTCI,PA,_Z,_Z,_Z,2010-07,0.094
DATAFLOW,OECD.SDD.STES:DSD_KEI@DF_KEI(4.0),I,JPN,M,IRSTCI,PA,_Z,_Z,_Z,2010-06,0.095
DATAFLOW,OECD.SDD.STES:DSD_KEI@DF_KEI(4.0),I,JPN,M,IRSTCI,PA,_Z,_Z,_Z,2010-05,0.091
DATAFLOW,OECD.SDD.STES:DSD_KEI@DF_KEI(4.0),I,JPN,M,IRSTCI,PA,_Z,_Z,_Z,2010-04,0.093
DATAFLOW,OECD.SDD.STES:DSD_KEI@DF_KEI(4.0),I,JPN,M,IRSTCI,PA,_Z,_Z,_Z,2010-03,0.097
DATAFLOW,OECD.SDD.STES:DSD_KEI@DF_KEI(4.0),I,JPN,M,IRSTCI,PA,_Z,_Z,_Z,2010-02,0.101
DATAFLOW,OECD.SDD.STES:DSD_KEI@DF_KEI(4.0),I,JPN,M,IRSTCI,PA,_Z,_Z,_Z,2010-01,0.096
DATAFLOW,OECD.SDD.STES:DSD_KEI@DF_KEI(4.0),I,JPN,M,IRSTCI,PA,_Z,_Z,_Z,2009-12,0.101
DATAFLOW,OECD.SDD.STES:DSD_KEI@DF_KEI(4.0),I,JPN,M,IRSTCI,PA,_Z,_Z,_Z,2009-11,0.105
DATAFLOW,OECD.SDD.STES:DSD_KEI@DF_KEI(4.0),I,JPN,M,IRSTCI,PA,_Z,_Z,_Z,2009-10,0.106
DATAFLOW,OECD.SDD.STES:DSD_KEI@DF_KEI(4.0),I,JPN,M,IRSTCI,PA,_Z,_Z,_Z,2009-09,0.102
DATAFLOW,OECD.SDD.STES:DSD_KEI@DF_KEI(4.0),I,JPN,M,IRSTCI,PA,_Z,_Z,_Z,2009-08,0.106
DATAFLOW,OECD.SDD.STES:DSD_KEI@DF_KEI(4.0),I,JPN,M,IRSTCI,PA,_Z,_Z,_Z,2009-07,0.102
DATAFLOW,OECD.SDD.STES:DSD_KEI@DF_KEI(4.0),I,JPN,M,IRSTCI,PA,_Z,_Z,_Z,2009-06,0.104
DATAFLOW,OECD.SDD.STES:DSD_KEI@DF_KEI(4.0),I,JPN,M,IRSTCI,PA,_Z,_Z,_Z,2009-05,0.102
DATAFLOW,OECD.SDD.STES:DSD_KEI@DF_KEI(4.0),I,JPN,M,IRSTCI,PA,_Z,_Z,_Z,2009-04,0.104
DATAFLOW,OECD.SDD.STES:DSD_KEI@DF_KEI(4.0),I,JPN,M,IRSTCI,PA,_Z,_Z,_Z,2009-03,0.1
DATAFLOW,OECD.SDD.STES:DSD_KEI@DF_KEI(4.0),I,JPN,M,IRSTCI,PA,_Z,_Z,_Z,2009-02,0.111
DATAFLOW,OECD.SDD.STES:DSD_KEI@DF_KEI(4.0),I,JPN,M,IRSTCI,PA,_Z,_Z,_Z,2009-01,0.12
DATAFLOW,OECD.SDD.STES:DSD_KEI@DF_KEI(4.0),I,JPN,M,IRSTCI,PA,_Z,_Z,_Z,2008-12,0.211
DATAFLOW,OECD.SDD.STES:DSD_KEI@DF_KEI(4.0),I,JPN,M,IRSTCI,PA,_Z,_Z,_Z,2008-11,0.301
DATAFLOW,OECD.SDD.STES:DSD_KEI@DF_KEI(4.0),I,JPN,M,IRSTCI,PA,_Z,_Z,_Z,2008-10,0.487
DATAFLOW,OECD.SDD.STES:DSD_KEI@DF_KEI(4.0),I,JPN,M,IRSTCI,PA,_Z,_Z,_Z,2008-09,0.495
DATAFLOW,OECD.SDD.STES:DSD_KEI@DF_KEI(4.0),I,JPN,M,IRSTCI,PA,_Z,_Z,_Z,2008-08,0.504
DATAFLOW,OECD.SDD.STES:DSD_KEI@DF_KEI(4.0),I,JPN,M,IRSTCI,PA,_Z,_Z,_Z,2008-07,0.503
DATAFLOW,OECD.SDD.STES:DSD_KEI@DF_KEI(4.0),I,JPN,M,IRSTCI,PA,_Z,_Z,_Z,2008-06,0.509
DATAFLOW,OECD.SDD.STES:DSD_KEI@DF_KEI(4.0),I,JPN,M,IR3TIB,PA,_Z,_Z,_Z,2008-05,0.84
DATAFLOW,OECD.SDD.STES:DSD_KEI@DF_KEI(4.0),I,JPN,M,IR3TIB,PA,_Z,_Z,_Z,2008-04,0.84
DATAFLOW,OECD.SDD.STES:DSD_KEI@DF_KEI(4.0),I,JPN,M,IR3TIB,PA,_Z,_Z,_Z,2008-03,0.84
DATAFLOW,OECD.SDD.STES:DSD_KEI@DF_KEI(4.0),I,JPN,M,IR3TIB,PA,_Z,_Z,_Z,2008-02,0.85
DATAFLOW,OECD.SDD.STES:DSD_KEI@DF_KEI(4.0),I,JPN,M,IR3TIB,PA,_Z,_Z,_Z,2008-01,0.85
DATAFLOW,OECD.SDD.STES:DSD_KEI@DF_KEI(4.0),I,JPN,M,IR3TIB,PA,_Z,_Z,_Z,2007-12,0.86
DATAFLOW,OECD.SDD.STES:DSD_KEI@DF_KEI(4.0),I,JPN,M,IR3TIB,PA,_Z,_Z,_Z,2007-11,0.87
DATAFLOW,OECD.SDD.STES:DSD_KEI@DF_KEI(4.0),I,JPN,M,IR3TIB,PA,_Z,_Z,_Z,2007-10,0.85
DATAFLOW,OECD.SDD.STES:DSD_KEI@DF_KEI(4.0),I,JPN,M,IR3TIB,PA,_Z,_Z,_Z,2007-09,0.85
DATAFLOW,OECD.SDD.STES:DSD_KEI@DF_KEI(4.0),I,JPN,M,IR3TIB,PA,_Z,_Z,_Z,2007-08,0.84
DATAFLOW,OECD.SDD.STES:DSD_KEI@DF_KEI(4.0),I,JPN,M,IR3TIB,PA,_Z,_Z,_Z,2007-07,0.77
DATAFLOW,OECD.SDD.STES:DSD_KEI@DF_KEI(4.0),I,JPN,M,IR3TIB,PA,_Z,_Z,_Z,2007-06,0.73
DATAFLOW,OECD.SDD.STES:DSD_KEI@DF_KEI(4.0),I,JPN,M,IR3TIB,PA,_Z,_Z,_Z,2007-05,0.67
DATAFLOW,OECD.SDD.STES:DSD_KEI@DF_KEI(4.0),I,JPN,M,IR3TIB,PA,_Z,_Z,_Z,2007-04,0.65
DATAFLOW,OECD.SDD.STES:DSD_KEI@DF_KEI(4.0),I,JPN,M,IR3TIB,PA,_Z,_Z,_Z,2007-03,0.66
DATAFLOW,OECD.SDD.STES:DSD_KEI@DF_KEI(4.0),I,JPN,M,IR3TIB,PA,_Z,_Z,_Z,2007-02,0.66
DATAFLOW,OECD.SDD.STES:DSD_KEI@DF_KEI(4.0),I,JPN,M,IR3TIB,PA,_Z,_Z,_Z,2007-01,0.54
DATAFLOW,OECD.SDD.STES:DSD_KEI@DF_KEI(4.0),I,JPN,M,IR3TIB,PA,_Z,_Z,_Z,2026-01,1.12
DATAFLOW,OECD.SDD.STES:DSD_KEI@DF_KEI(4.0),I,JPN,M,IR3TIB,PA,_Z,_Z,_Z,2025-12,1.07273
DATAFLOW,OECD.SDD.STES:DSD_KEI@DF_KEI(4.0),I,JPN,M,IR3TIB,PA,_Z,_Z,_Z,2025-11,0.80636
DATAFLOW,OECD.SDD.STES:DSD_KEI@DF_KEI(4.0),I,JPN,M,IR3TIB,PA,_Z,_Z,_Z,2025-10,0.80909
DATAFLOW,OECD.SDD.STES:DSD_KEI@DF_KEI(4.0),I,JPN,M,IR3TIB,PA,_Z,_Z,_Z,2025-09,0.81818
DATAFLOW,OECD.SDD.STES:DSD_KEI@DF_KEI(4.0),I,JPN,M,IR3TIB,PA,_Z,_Z,_Z,2025-08,0.77273
DATAFLOW,OECD.SDD.STES:DSD_KEI@DF_KEI(4.0),I,JPN,M,IR3TIB,PA,_Z,_Z,_Z,2023-11,0.024
DATAFLOW,OECD.SDD.STES:DSD_KEI@DF_KEI(4.0),I,JPN,M,IR3TIB,PA,_Z,_Z,_Z,2023-10,-0.012
DATAFLOW,OECD.SDD.STES:DSD_KEI@DF_KEI(4.0),I,JPN,M,IR3TIB,PA,_Z,_Z,_Z,2023-09,0.024
DATAFLOW,OECD.SDD.STES:DSD_KEI@DF_KEI(4.0),I,JPN,M,IR3TIB,PA,_Z,_Z,_Z,2023-08,-0.003
DATAFLOW,OECD.SDD.STES:DSD_KEI@DF_KEI(4.0),I,JPN,M,IR3TIB,PA,_Z,_Z,_Z,2023-07,-0.003
DATAFLOW,OECD.SDD.STES:DSD_KEI@DF_KEI(4.0),I,JPN,M,IR3TIB,PA,_Z,_Z,_Z,2023-06,-0.003
DATAFLOW,OECD.SDD.STES:DSD_KEI@DF_KEI(4.0),I,JPN,M,IR3TIB,PA,_Z,_Z,_Z,2023-05,-0.019
DATAFLOW,OECD.SDD.STES:DSD_KEI@DF_KEI(4.0),I,JPN,M,IR3TIB,PA,_Z,_Z,_Z,2023-04,-0.001
DATAFLOW,OECD.SDD.STES:DSD_KEI@DF_KEI(4.0),I,JPN,M,IR3TIB,PA,_Z,_Z,_Z,2023-03,-0.008
DATAFLOW,OECD.SDD.STES:DSD_KEI@DF_KEI(4.0),I,JPN,M,IR3TIB,PA,_Z,_Z,_Z,2023-02,0.001
DATAFLOW,OECD.SDD.STES:DSD_KEI@DF_KEI(4.0),I,JPN,M,IR3TIB,PA,_Z,_Z,_Z,2023-01,-0.006
DATAFLOW,OECD.SDD.STES:DSD_KEI@DF_KEI(4.0),I,JPN,M,IR3TIB,PA,_Z,_Z,_Z,2022-12,-0.015
DATAFLOW,OECD.SDD.STES:DSD_KEI@DF_KEI(4.0),I,JPN,M,IR3TIB,PA,_Z,_Z,_Z,2022-11,-0.016
DATAFLOW,OECD.SDD.STES:DSD_KEI@DF_KEI(4.0),I,JPN,M,IR3TIB,PA,_Z,_Z,_Z,2022-10,-0.016
DATAFLOW,OECD.SDD.STES:DSD_KEI@DF_KEI(4.0),I,JPN,M,IR3TIB,PA,_Z,_Z,_Z,2022-09,-0.016
DATAFLOW,OECD.SDD.STES:DSD_KEI@DF_KEI(4.0),I,JPN,M,IRLT,PA,_Z,_Z,_Z,2010-09,0.898
DATAFLOW,OECD.SDD.STES:DSD_KEI@DF_KEI(4.0),I,JPN,M,IRLT,PA,_Z,_Z,_Z,2010-07,1.075
DATAFLOW,OECD.SDD.STES:DSD_KEI@DF_KEI(4.0),I,JPN,M,IRLT,PA,_Z,_Z,_Z,2010-06,1.08
DATAFLOW,OECD.SDD.STES:DSD_KEI@DF_KEI(4.0),I,JPN,M,IRLT,PA,_Z,_Z,_Z,2010-04,1.286
DATAFLOW,OECD.SDD.STES:DSD_KEI@DF_KEI(4.0),I,JPN,M,IRLT,PA,_Z,_Z,_Z,2010-03,1.361
DATAFLOW,OECD.SDD.STES:DSD_KEI@DF_KEI(4.0),I,JPN,M,IRLT,PA,_Z,_Z,_Z,2010-02,1.295
DATAFLOW,OECD.SDD.STES:DSD_KEI@DF_KEI(4.0),I,JPN,M,IRLT,PA,_Z,_Z,_Z,2010-01,1.308
DATAFLOW,OECD.SDD.STES:DSD_KEI@DF_KEI(4.0),I,JPN,M,IRLT,PA,_Z,_Z,_Z,2009-12,1.272
DATAFLOW,OECD.SDD.STES:DSD_KEI@DF_KEI(4.0),I,JPN,M,IRLT,PA,_Z,_Z,_Z,2009-09,1.258
DATAFLOW,OECD.SDD.STES:DSD_KEI@DF_KEI(4.0),I,JPN,M,IRLT,PA,_Z,_Z,_Z,2021-03,0.12
DATAFLOW,OECD.SDD.STES:DSD_KEI@DF_KEI(4.0),I,JPN,M,IRLT,PA,_Z,_Z,_Z,2021-02,0.15
DATAFLOW,OECD.SDD.STES:DSD_KEI@DF_KEI(4.0),I,JPN,M,IRLT,PA,_Z,_Z,_Z,2021-01,0.055
DATAFLOW,OECD.SDD.STES:DSD_KEI@DF_KEI(4.0),I,JPN,M,IRLT,PA,_Z,_Z,_Z,2020-12,0.02
DATAFLOW,OECD.SDD.STES:DSD_KEI@DF_KEI(4.0),I,JPN,M,IRLT,PA,_Z,_Z,_Z,2020-11,0.03
DATAFLOW,OECD.SDD.STES:DSD_KEI@DF_KEI(4.0),I,JPN,M,IRLT,PA,_Z,_Z,_Z,2020-10,0.04
DATAFLOW,OECD.SDD.STES:DSD_KEI@DF_KEI(4.0),I,JPN,M,IRLT,PA,_Z,_Z,_Z,2020-09,0.015
DATAFLOW,OECD.SDD.STES:DSD_KEI@DF_KEI(4.0),I,JPN,M,IRLT,PA,_Z,_Z,_Z,2020-08,0.045
DATAFLOW,OECD.SDD.STES:DSD_KEI@DF_KEI(4.0),I,JPN,M,IRLT,PA,_Z,_Z,_Z,2020-07,0.01
DATAFLOW,OECD.SDD.STES:DSD_KEI@DF_KEI(4.0),I,JPN,M,IRLT,PA,_Z,_Z,_Z,2020-06,0.03
DATAFLOW,OECD.SDD.STES:DSD_KEI@DF_KEI(4.0),I,JPN,M,IRLT,PA,_Z,_Z,_Z,2020-05,0.0
DATAFLOW,OECD.SDD.STES:DSD_KEI@DF_KEI(4.0),I,JPN,M,IRLT,PA,_Z,_Z,_Z,2020-04,-0.04
DATAFLOW,OECD.SDD.STES:DSD_KEI@DF_KEI(4.0),I,JPN,M,IRLT,PA,_Z,_Z,_Z,2020-03,0.005
DATAFLOW,OECD.SDD.STES:DSD_KEI@DF_KEI(4.0),I,JPN,M,IRLT,PA,_Z,_Z,_Z,2020-02,-0.155
DATAFLOW,OECD.SDD.STES:DSD_KEI@DF_KEI(4.0),I,JPN,M,IRLT,PA,_Z,_Z,_Z,2020-01,-0.065
DATAFLOW,OECD.SDD.STES:DSD_KEI@DF_KEI(4.0),I,JPN,M,IRLT,PA,_Z,_Z,_Z,2019-12,-0.025
DATAFLOW,OECD.SDD.STES:DSD_KEI@DF_KEI(4.0),I,JPN,M,IRLT,PA,_Z,_Z,_Z,2019-11,-0.08
DATAFLOW,OECD.SDD.STES:DSD_KEI@DF_KEI(4.0),I,JPN,M,IRLT,PA,_Z,_Z,_Z,2019-10,-0.15
DATAFLOW,OECD.SDD.STES:DSD_KEI@DF_KEI(4.0),I,JPN,M,IRLT,PA,_Z,_Z,_Z,2019-09,-0.215
DATAFLOW,OECD.SDD.STES:DSD_KEI@DF_KEI(4.0),I,JPN,M,IRLT,PA,_Z,_Z,_Z,2019-08,-0.28
DATAFLOW,OECD.SDD.STES:DSD_KEI@DF_KEI(4.0),I,JPN,M,IRLT,PA,_Z,_Z,_Z,2019-07,-0.16
DATAFLOW,OECD.SDD.STES:DSD_KEI@DF_KEI(4.0),I,JPN,M,IRLT,PA,_Z,_Z,_Z,2019-06,-0.165
DATAFLOW,OECD.SDD.STES:DSD_KEI@DF_KEI(4.0),I,JPN,M,IRLT,PA,_Z,_Z,_Z,2019-05,-0.095
DATAFLOW,OECD.SDD.STES:DSD_KEI@DF_KEI(4.0),I,JPN,M,IRLT,PA,_Z,_Z,_Z,2019-04,-0.045
DATAFLOW,OECD.SDD.STES:DSD_KEI@DF_KEI(4.0),I,JPN,M,IRLT,PA,_Z,_Z,_Z,2019-03,-0.095
DATAFLOW,OECD.SDD.STES:DSD_KEI@DF_KEI(4.0),I,JPN,M,IRLT,PA,_Z,_Z,_Z,2019-02,-0.015
DATAFLOW,OECD.SDD.STES:DSD_KEI@DF_KEI(4.0),I,JPN,M,IRLT,PA,_Z,_Z,_Z,2019-01,0.0
DATAFLOW,OECD.SDD.STES:DSD_KEI@DF_KEI(4.0),I,JPN,M,IRLT,PA,_Z,_Z,_Z,2018-12,-0.01
DATAFLOW,OECD.SDD.STES:DSD_KEI@DF_KEI(4.0),I,JPN,M,IRLT,PA,_Z,_Z,_Z,2018-11,0.085
DATAFLOW,OECD.SDD.STES:DSD_KEI@DF_KEI(4.0),I,JPN,M,IRLT,PA,_Z,_Z,_Z,2018-10,0.13
DATAFLOW,OECD.SDD.STES:DSD_KEI@DF_KEI(4.0),I,JPN,M,IRLT,PA,_Z,_Z,_Z,2018-09,0.125
DATAFLOW,OECD.SDD.STES:DSD_KEI@DF_KEI(4.0),I,JPN,M,IRLT,PA,_Z,_Z,_Z,2018-08,0.11
DATAFLOW,OECD.SDD.STES:DSD_KEI@DF_KEI(4.0),I,JPN,M,IRLT,PA,_Z,_Z,_Z,2018-07,0.06
DATAFLOW,OECD.SDD.STES:DSD_KEI@DF_KEI(4.0),I,JPN,M,IRLT,PA,_Z,_Z,_Z,2018-06,0.03
DATAFLOW,OECD.SDD.STES:DSD_KEI@DF_KEI(4.0),I,JPN,M,IRLT,PA,_Z,_Z,_Z,2018-05,0.03
DATAFLOW,OECD.SDD.STES:DSD_KEI@DF_KEI(4.0),I,JPN,M,IRLT,PA,_Z,_Z,_Z,2018-04,0.05
DATAFLOW,OECD.SDD.STES:DSD_KEI@DF_KEI(4.0),I,JPN,M,IRLT,PA,_Z,_Z,_Z,2018-03,0.045
DATAFLOW,OECD.SDD.STES:DSD_KEI@DF_KEI(4.0),I,JPN,M,IRLT,PA,_Z,_Z,_Z,2018-02,0.045
DATAFLOW,OECD.SDD.STES:DSD_KEI@DF_KEI(4.0),I,JPN,M,IRLT,PA,_Z,_Z,_Z,2018-01,0.08
DATAFLOW,OECD.SDD.STES:DSD_KEI@DF_KEI(4.0),I,JPN,M,IRLT,PA,_Z,_Z,_Z,2017-12,0.045
DATAFLOW,OECD.SDD.STES:DSD_KEI@DF_KEI(4.0),I,JPN,M,IRLT,PA,_Z,_Z,_Z,2017-11,0.035
DATAFLOW,OECD.SDD.STES:DSD_KEI@DF_KEI(4.0),I,JPN,M,IRLT,PA,_Z,_Z,_Z,2017-10,0.065
DATAFLOW,OECD.SDD.STES:DSD_KEI@DF_KEI(4.0),I,JPN,M,IRLT,PA,_Z,_Z,_Z,2017-09,0.06
DATAFLOW,OECD.SDD.STES:DSD_KEI@DF_KEI(4.0),I,JPN,M,IRLT,PA,_Z,_Z,_Z,2017-08,0.01
DATAFLOW,OECD.SDD.STES:DSD_KEI@DF_KEI(4.0),I,JPN,M,IRLT,PA,_Z,_Z,_Z,2017-07,0.075
DATAFLOW,OECD.SDD.STES:DSD_KEI@DF_KEI(4.0),I,JPN,M,IRLT,PA,_Z,_Z,_Z,2017-06,0.075
DATAFLOW,OECD.SDD.STES:DSD_KEI@DF_KEI(4.0),I,JPN,M,IR3TIB,PA,_Z,_Z,_Z,2016-09,0.056
DATAFLOW,OECD.SDD.STES:DSD_KEI@DF_KEI(4.0),I,JPN,M,IR3TIB,PA,_Z,_Z,_Z,2016-08,0.058
DATAFLOW,OECD.SDD.STES:DSD_KEI@DF_KEI(4.0),I,JPN,M,IR3TIB,PA,_Z,_Z,_Z,2016-07,0.058
DATAFLOW,OECD.SDD.STES:DSD_KEI@DF_KEI(4.0),I,JPN,M,IR3TIB,PA,_Z,_Z,_Z,2016-06,0.059
DATAFLOW,OECD.SDD.STES:DSD_KEI@DF_KEI(4.0),I,JPN,M,IR3TIB,PA,_Z,_Z,_Z,2016-05,0.06
DATAFLOW,OECD.SDD.STES:DSD_KEI@DF_KEI(4.0),I,JPN,M,IR3TIB,PA,_Z,_Z,_Z,2016-04,0.06
DATAFLOW,OECD.SDD.STES:DSD_KEI@DF_KEI(4.0),I,JPN,M,IR3TIB,PA,_Z,_Z,_Z,2016-03,0.098
DATAFLOW,OECD.SDD.STES:DSD_KEI@DF_KEI(4.0),I,JPN,M,IR3TIB,PA,_Z,_Z,_Z,2016-02,0.098
DATAFLOW,OECD.SDD.STES:DSD_KEI@DF_KEI(4.0),I,JPN,M,IR3TIB,PA,_Z,_Z,_Z,2016-01,0.169
DATAFLOW,OECD.SDD.STES:DSD_KEI@DF_KEI(4.0),I,JPN,M,IR3TIB,PA,_Z,_Z,_Z,2015-12,0.169
DATAFLOW,OECD.SDD.STES:DSD_KEI@DF_KEI(4.0),I,JPN,M,IR3TIB,PA,_Z,_Z,_Z,2015-11,0.169
DATAFLOW,OECD.SDD.STES:DSD_KEI@DF_KEI(4.0),I,JPN,M,IR3TIB,PA,_Z,_Z,_Z,2015-10,0.169
DATAFLOW,OECD.SDD.STES:DSD_KEI@DF_KEI(4.0),I,JPN,M,IR3TIB,PA,_Z,_Z,_Z,2015-09,0.169
DATAFLOW,OECD.SDD.STES:DSD_KEI@DF_KEI(4.0),I,JPN,M,IR3TIB,PA,_Z,_Z,_Z,2015-08,0.169
DATAFLOW,OECD.SDD.STES:DSD_KEI@DF_KEI(4.0),I,JPN,M,IR3TIB,PA,_Z,_Z,_Z,2015-07,0.169
DATAFLOW,OECD.SDD.STES:DSD_KEI@DF_KEI(4.0),I,JPN,M,IR3TIB,PA,_Z,_Z,_Z,2015-06,0.169
DATAFLOW,OECD.SDD.STES:DSD_KEI@DF_KEI(4.0),I,JPN,M,IR3TIB,PA,_Z,_Z,_Z,2015-05,0.169
DATAFLOW,OECD.SDD.STES:DSD_KEI@DF_KEI(4.0),I,JPN,M,IR3TIB,PA,_Z,_Z,_Z,2015-04,0.17
DATAFLOW,OECD.SDD.STES:DSD_KEI@DF_KEI(4.0),I,JPN,M,IR3TIB,PA,_Z,_Z,_Z,2015-03,0.17
DATAFLOW,OECD.SDD.STES:DSD_KEI@DF_KEI(4.0),I,JPN,M,IR3TIB,PA,_Z,_Z,_Z,2015-02,0.171
DATAFLOW,OECD.SDD.STES:DSD_KEI@DF_KEI(4.0),I,JPN,M,IR3TIB,PA,_Z,_Z,_Z,2015-01,0.173
DATAFLOW,OECD.SDD.STES:DSD_KEI@DF_KEI(4.0),I,JPN,M,IR3TIB,PA,_Z,_Z,_Z,2014-12,0.179
DATAFLOW,OECD.SDD.STES:DSD_KEI@DF_KEI(4.0),I,JPN,M,IR3TIB,PA,_Z,_Z,_Z,2014-11,0.182
DATAFLOW,OECD.SDD.STES:DSD_KEI@DF_KEI(4.0),I,JPN,M,IR3TIB,PA,_Z,_Z,_Z,2014-10,0.192
DATAFLOW,OECD.SDD.STES:DSD_KEI@DF_KEI(4.0),I,JPN,M,IR3TIB,PA,_Z,_Z,_Z,2014-09,0.21
DATAFLOW,OECD.SDD.STES:DSD_KEI@DF_KEI(4.0),I,JPN,M,IR3TIB,PA,_Z,_Z,_Z,2014-08,0.21
DATAFLOW,OECD.SDD.STES:DSD_KEI@DF_KEI(4.0),I,JPN,M,IR3TIB,PA,_Z,_Z,_Z,2014-07,0.21
DATAFLOW,OECD.SDD.STES:DSD_KEI@DF_KEI(4.0),I,JPN,M,IR3TIB,PA,_Z,_Z,_Z,2014-06,0.21
DATAFLOW,OECD.SDD.STES:DSD_KEI@DF_KEI(4.0),I,JPN,M,IR3TIB,PA,_Z,_Z,_Z,2014-05,0.21
DATAFLOW,OECD.SDD.STES:DSD_KEI@DF_KEI(4.0),I,JPN,M,IR3TIB,PA,_Z,_Z,_Z,2014-04,0.212
DATAFLOW,OECD.SDD.STES:DSD_KEI@DF_KEI(4.0),I,JPN,M,IR3TIB,PA,_Z,_Z,_Z,2014-03,0.212
DATAFLOW,OECD.SDD.STES:DSD_KEI@DF_KEI(4.0),I,JPN,M,IR3TIB,PA,_Z,_Z,_Z,2014-02,0.212
DATAFLOW,OECD.SDD.STES:DSD_KEI@DF_KEI(4.0),I,JPN,M,IR3TIB,PA,_Z,_Z,_Z,2014-01,0.22
DATAFLOW,OECD.SDD.STES:DSD_KEI@DF_KEI(4.0),I,JPN,M,IRSTCI,PA,_Z,_Z,_Z,2022-09,-0.049
DATAFLOW,OECD.SDD.STES:DSD_KEI@DF_KEI(4.0),I,JPN,M,IRSTCI,PA,_Z,_Z,_Z,2022-08,-0.018
DATAFLOW,OECD.SDD.STES:DSD_KEI@DF_KEI(4.0),I,JPN,M,IRSTCI,PA,_Z,_Z,_Z,2022-07,-0.012
DATAFLOW,OECD.SDD.STES:DSD_KEI@DF_KEI(4.0),I,JPN,M,IRSTCI,PA,_Z,_Z,_Z,2022-06,-0.038
DATAFLOW,OECD.SDD.STES:DSD_KEI@DF_KEI(4.0),I,JPN,M,IRSTCI,PA,_Z,_Z,_Z,2022-05,-0.018
DATAFLOW,OECD.SDD.STES:DSD_KEI@DF_KEI(4.0),I,JPN,M,IRSTCI,PA,_Z,_Z,_Z,2022-04,-0.012
DATAFLOW,OECD.SDD.STES:DSD_KEI@DF_KEI(4.0),I,JPN,M,IRSTCI,PA,_Z,_Z,_Z,2022-03,-0.008
DATAFLOW,OECD.SDD.STES:DSD_KEI@DF_KEI(4.0),I,JPN,M,IRSTCI,PA,_Z,_Z,_Z,2022-02,-0.018
DATAFLOW,OECD.SDD.STES:DSD_KEI@DF_KEI(4.0),I,JPN,M,IRSTCI,PA,_Z,_Z,_Z,2022-01,-0.02
DATAFLOW,OECD.SDD.STES:DSD_KEI@DF_KEI(4.0),I,JPN,M,IRSTCI,PA,_Z,_Z,_Z,2021-12,-0.026
DATAFLOW,OECD.SDD.STES:DSD_KEI@DF_KEI(4.0),I,JPN,M,IRSTCI,PA,_Z,_Z,_Z,2021-11,-0.039
DATAFLOW,OECD.SDD.STES:DSD_KEI@DF_KEI(4.0),I,JPN,M,IRSTCI,PA,_Z,_Z,_Z,2021-10,-0.027
DATAFLOW,OECD.SDD.STES:DSD_KEI@DF_KEI(4.0),I,JPN,M,IRSTCI,PA,_Z,_Z,_Z,2021-09,-0.022
DATAFLOW,OECD.SDD.STES:DSD_KEI@DF_KEI(4.0),I,JPN,M,IRSTCI,PA,_Z,_Z,_Z,2021-08,-0.034
DATAFLOW,OECD.SDD.STES:DSD_KEI@DF_KEI(4.0),I,JPN,M,IRSTCI,PA,_Z,_Z,_Z,2021-07,-0.036
DATAFLOW,OECD.SDD.STES:DSD_KEI@DF_KEI(4.0),I,JPN,M,IRLT,PA,_Z,_Z,_Z,2025-12,2.06
DATAFLOW,OECD.SDD.STES:DSD_KEI@DF_KEI(4.0),I,JPN,M,IRLT,PA,_Z,_Z,_Z,2025-11,1.805
DATAFLOW,OECD.SDD.STES:DSD_KEI@DF_KEI(4.0),I,JPN,M,IRLT,PA,_Z,_Z,_Z,2025-10,1.655
DATAFLOW,OECD.SDD.STES:DSD_KEI@DF_KEI(4.0),I,JPN,M,IRLT,PA,_Z,_Z,_Z,2025-09,1.645
DATAFLOW,OECD.SDD.STES:DSD_KEI@DF_KEI(4.0),I,JPN,M,IRLT,PA,_Z,_Z,_Z,2025-08,1.6
DATAFLOW,OECD.SDD.STES:DSD_KEI@DF_KEI(4.0),I,JPN,M,IRLT,PA,_Z,_Z,_Z,2025-07,1.545
DATAFLOW,OECD.SDD.STES:DSD_KEI@DF_KEI(4.0),I,JPN,M,IRLT,PA,_Z,_Z,_Z,2025-06,1.42
DATAFLOW,OECD.SDD.STES:DSD_KEI@DF_KEI(4.0),I,JPN,M,IRLT,PA,_Z,_Z,_Z,2025-05,1.5
DATAFLOW,OECD.SDD.STES:DSD_KEI@DF_KEI(4.0),I,JPN,M,IRLT,PA,_Z,_Z,_Z,2025-04,1.31
DATAFLOW,OECD.SDD.STES:DSD_KEI@DF_KEI(4.0),I,JPN,M,IRLT,PA,_Z,_Z,_Z,2025-03,1.485
DATAFLOW,OECD.SDD.STES:DSD_KEI@DF_KEI(4.0),I,JPN,M,IRLT,PA,_Z,_Z,_Z,2025-02,1.37
DATAFLOW,OECD.SDD.STES:DSD_KEI@DF_KEI(4.0),I,JPN,M,IRLT,PA,_Z,_Z,_Z,2025-01,1.245
DATAFLOW,OECD.SDD.STES:DSD_KEI@DF_KEI(4.0),I,JPN,M,IRLT,PA,_Z,_Z,_Z,2024-12,1.09
DATAFLOW,OECD.SDD.STES:DSD_KEI@DF_KEI(4.0),I,JPN,M,IRLT,PA,_Z,_Z,_Z,2024-11,1.05
DATAFLOW,OECD.SDD.STES:DSD_KEI@DF_KEI(4.0),I,JPN,M,IRLT,PA,_Z,_Z,_Z,2024-10,0.935
DATAFLOW,OECD.SDD.STES:DSD_KEI@DF_KEI(4.0),I,JPN,M,IRLT,PA,_Z,_Z,_Z,2024-09,0.855
DATAFLOW,OECD.SDD.STES:DSD_KEI@DF_KEI(4.0),I,JPN,M,IRLT,PA,_Z,_Z,_Z,2024-08,0.89
DATAFLOW,OECD.SDD.STES:DSD_KEI@DF_KEI(4.0),I,JPN,M,IRLT,PA,_Z,_Z,_Z,2024-07,1.045
DATAFLOW,OECD.SDD.STES:DSD_KEI@DF_KEI(4.0),I,JPN,M,IRLT,PA,_Z,_Z,_Z,2024-06,1.05
DATAFLOW,OECD.SDD.STES:DSD_KEI@DF_KEI(4.0),I,JPN,M,IRLT,PA,_Z,_Z,_Z,2024-05,1.07
DATAFLOW,OECD.SDD.STES:DSD_KEI@DF_KEI(4.0),I,JPN,M,IRLT,PA,_Z,_Z,_Z,2024-04,0.87
DATAFLOW,OECD.SDD.STES:DSD_KEI@DF_KEI(4.0),I,JPN,M,IRLT,PA,_Z,_Z,_Z,2024-03,0.725
DATAFLOW,OECD.SDD.STES:DSD_KEI@DF_KEI(4.0),I,JPN,M,IRLT,PA,_Z,_Z,_Z,2024-02,0.71
DATAFLOW,OECD.SDD.STES:DSD_KEI@DF_KEI(4.0),I,JPN,M,IRLT,PA,_Z,_Z,_Z,2024-01,0.73
DATAFLOW,OECD.SDD.STES:DSD_KEI@DF_KEI(4.0),I,JPN,M,IRLT,PA,_Z,_Z,_Z,2023-12,0.62
DATAFLOW,OECD.SDD.STES:DSD_KEI@DF_KEI(4.0),I,JPN,M,IRLT,PA,_Z,_Z,_Z,2010-08,1.023
DATAFLOW,OECD.SDD.STES:DSD_KEI@DF_KEI(4.0),I,JPN,M,IRLT,PA,_Z,_Z,_Z,2010-05,1.257
DATAFLOW,OECD.SDD.STES:DSD_KEI@DF_KEI(4.0),I,JPN,M,IRLT,PA,_Z,_Z,_Z,2009-11,1.253
DATAFLOW,OECD.SDD.STES:DSD_KEI@DF_KEI(4.0),I,JPN,M,IRLT,PA,_Z,_Z,_Z,2009-10,1.404
DATAFLOW,OECD.SDD.STES:DSD_KEI@DF_KEI(4.0),I,JPN,M,IRLT,PA,_Z,_Z,_Z,2009-07,1.386
DATAFLOW,OECD.SDD.STES:DSD_KEI@DF_KEI(4.0),I,JPN,M,IRLT,PA,_Z,_Z,_Z,2009-04,1.402
DATAFLOW,OECD.SDD.STES:DSD_KEI@DF_KEI(4.0),I,JPN,M,IRLT,PA,_Z,_Z,_Z,2009-02,1.277
DATAFLOW,OECD.SDD.STES:DSD_KEI@DF_KEI(4.0),I,JPN,M,IRLT,PA,_Z,_Z,_Z,2007-02,1.64
DATAFLOW,OECD.SDD.STES:DSD_KEI@DF_KEI(4.0),I,JPN,M,IRSTCI,PA,_Z,_Z,_Z,2026-01,0.728
DATAFLOW,OECD.SDD.STES:DSD_KEI@DF_KEI(4.0),I,JPN,M,IRSTCI,PA,_Z,_Z,_Z,2025-12,0.557
DATAFLOW,OECD.SDD.STES:DSD_KEI@DF_KEI(4.0),I,JPN,M,IRSTCI,PA,_Z,_Z,_Z,2025-11,0.478
DATAFLOW,OECD.SDD.STES:DSD_KEI@DF_KEI(4.0),I,JPN,M,IRSTCI,PA,_Z,_Z,_Z,2025-10,0.477
DATAFLOW,OECD.SDD.STES:DSD_KEI@DF_KEI(4.0),I,JPN,M,IRSTCI,PA,_Z,_Z,_Z,2025-09,0.477
DATAFLOW,OECD.SDD.STES:DSD_KEI@DF_KEI(4.0),I,JPN,M,IRLT,PA,_Z,_Z,_Z,2014-02,0.586
DATAFLOW,OECD.SDD.STES:DSD_KEI@DF_KEI(4.0),I,JPN,M,IRLT,PA,_Z,_Z,_Z,2014-01,0.614
DATAFLOW,OECD.SDD.STES:DSD_KEI@DF_KEI(4.0),I,JPN,M,IRLT,PA,_Z,_Z,_Z,2013-12,0.688
DATAFLOW,OECD.SDD.STES:DSD_KEI@DF_KEI(4.0),I,JPN,M,IRLT,PA,_Z,_Z,_Z,2013-11,0.605
DATAFLOW,OECD.SDD.STES:DSD_KEI@DF_KEI(4.0),I,JPN,M,IRLT,PA,_Z,_Z,_Z,2013-10,0.59
DATAFLOW,OECD.SDD.STES:DSD_KEI@DF_KEI(4.0),I,JPN,M,IRLT,PA,_Z,_Z,_Z,2013-09,0.669
DATAFLOW,OECD.SDD.STES:DSD_KEI@DF_KEI(4.0),I,JPN,M,IR3TIB,PA,_Z,_Z,_Z,2025-07,0.77273
DATAFLOW,OECD.SDD.STES:DSD_KEI@DF_KEI(4.0),I,JPN,M,IR3TIB,PA,_Z,_Z,_Z,2025-06,0.77273
DATAFLOW,OECD.SDD.STES:DSD_KEI@DF_KEI(4.0),I,JPN,M,IR3TIB,PA,_Z,_Z,_Z,2025-05,0.77545
DATAFLOW,OECD.SDD.STES:DSD_KEI@DF_KEI(4.0),I,JPN,M,IR3TIB,PA,_Z,_Z,_Z,2025-04,0.78364
DATAFLOW,OECD.SDD.STES:DSD_KEI@DF_KEI(4.0),I,JPN,M,IR3TIB,PA,_Z,_Z,_Z,2025-03,0.82091
DATAFLOW,OECD.SDD.STES:DSD_KEI@DF_KEI(4.0),I,JPN,M,IR3TIB,PA,_Z,_Z,_Z,2025-02,0.79182
DATAFLOW,OECD.SDD.STES:DSD_KEI@DF_KEI(4.0),I,JPN,M,IR3TIB,PA,_Z,_Z,_Z,2025-01,0.76727
DATAFLOW,OECD.SDD.STES:DSD_KEI@DF_KEI(4.0),I,JPN,M,IR3TIB,PA,_Z,_Z,_Z,2024-11,0.362
DATAFLOW,OECD.SDD.STES:DSD_KEI@DF_KEI(4.0),I,JPN,M,IR3TIB,PA,_Z,_Z,_Z,2024-10,0.256
DATAFLOW,OECD.SDD.STES:DSD_KEI@DF_KEI(4.0),I,JPN,M,IR3TIB,PA,_Z,_Z,_Z,2024-09,0.256
DATAFLOW,OECD.SDD.STES:DSD_KEI@DF_KEI(4.0),I,JPN,M,IR3TIB,PA,_Z,_Z,_Z,2024-08,0.255
DATAFLOW,OECD.SDD.STES:DSD_KEI@DF_KEI(4.0),I,JPN,M,IR3TIB,PA,_Z,_Z,_Z,2024-07,0.166
DATAFLOW,OECD.SDD.STES:DSD_KEI@DF_KEI(4.0),I,JPN,M,IR3TIB,PA,_Z,_Z,_Z,2024-06,0.149
DATAFLOW,OECD.SDD.STES:DSD_KEI@DF_KEI(4.0),I,JPN,M,IR3TIB,PA,_Z,_Z,_Z,2024-05,0.129
DATAFLOW,OECD.SDD.STES:DSD_KEI@DF_KEI(4.0),I,JPN,M,IR3TIB,PA,_Z,_Z,_Z,2024-04,0.109
DATAFLOW,OECD.SDD.STES:DSD_KEI@DF_KEI(4.0),I,JPN,M,IR3TIB,PA,_Z,_Z,_Z,2024-03,0.109
DATAFLOW,OECD.SDD.STES:DSD_KEI@DF_KEI(4.0),I,JPN,M,IR3TIB,PA,_Z,_Z,_Z,2024-02,0.027
DATAFLOW,OECD.SDD.STES:DSD_KEI@DF_KEI(4.0),I,JPN,M,IR3TIB,PA,_Z,_Z,_Z,2024-01,0.025
DATAFLOW,OECD.SDD.STES:DSD_KEI@DF_KEI(4.0),I,JPN,M,IR3TIB,PA,_Z,_Z,_Z,2023-12,0.052
DATAFLOW,OECD.SDD.STES:DSD_KEI@DF_KEI(4.0),I,JPN,M,IRLT,PA,_Z,_Z,_Z,2026-01,2.24
DATAFLOW,OECD.SDD.STES:DSD_KEI@DF_KEI(4.0),I,JPN,M,IRLT,PA,_Z,_Z,_Z,2007-09,1.698
DATAFLOW,OECD.SDD.STES:DSD_KEI@DF_KEI(4.0),I,JPN,M,IRLT,PA,_Z,_Z,_Z,2007-08,1.577
DATAFLOW,OECD.SDD.STES:DSD_KEI@DF_KEI(4.0),I,JPN,M,IRLT,PA,_Z,_Z,_Z,2007-07,1.809
DATAFLOW,OECD.SDD.STES:DSD_KEI@DF_KEI(4.0),I,JPN,M,IRLT,PA,_Z,_Z,_Z,2007-06,1.903
DATAFLOW,OECD.SDD.STES:DSD_KEI@DF_KEI(4.0),I,JPN,M,IRLT,PA,_Z,_Z,_Z,2007-05,1.733
DATAFLOW,OECD.SDD.STES:DSD_KEI@DF_KEI(4.0),I,JPN,M,IRLT,PA,_Z,_Z,_Z,2007-04,1.653
DATAFLOW,OECD.SDD.STES:DSD_KEI@DF_KEI(4.0),I,JPN,M,IRLT,PA,_Z,_Z,_Z,2007-03,1.629
DATAFLOW,OECD.SDD.STES:DSD_KEI@DF_KEI(4.0),I,JPN,M,IRLT,PA,_Z,_Z,_Z,2007-01,1.705
DATAFLOW,OECD.SDD.STES:DSD_KEI@DF_KEI(4.0),I,JPN,M,IRLT,PA,_Z,_Z,_Z,2009-08,1.314
DATAFLOW,OECD.SDD.STES:DSD_KEI@DF_KEI(4.0),I,JPN,M,IRLT,PA,_Z,_Z,_Z,2009-06,1.363
DATAFLOW,OECD.SDD.STES:DSD_KEI@DF_KEI(4.0),I,JPN,M,IRLT,PA,_Z,_Z,_Z,2009-05,1.481
DATAFLOW,OECD.SDD.STES:DSD_KEI@DF_KEI(4.0),I,JPN,M,IRLT,PA,_Z,_Z,_Z,2009-03,1.323
DATAFLOW,OECD.SDD.STES:DSD_KEI@DF_KEI(4.0),I,JPN,M,IRLT,PA,_Z,_Z,_Z,2009-01,1.272
DATAFLOW,OECD.SDD.STES:DSD_KEI@DF_KEI(4.0),I,JPN,M,IRLT,PA,_Z,_Z,_Z,2008-12,1.214
DATAFLOW,OECD.SDD.STES:DSD_KEI@DF_KEI(4.0),I,JPN,M,IRLT,PA,_Z,_Z,_Z,2008-11,1.377
DATAFLOW,OECD.SDD.STES:DSD_KEI@DF_KEI(4.0),I,JPN,M,IRLT,PA,_Z,_Z,_Z,2008-10,1.486
DATAFLOW,OECD.SDD.STES:DSD_KEI@DF_KEI(4.0),I,JPN,M,IRLT,PA,_Z,_Z,_Z,2008-09,1.481
DATAFLOW,OECD.SDD.STES:DSD_KEI@DF_KEI(4.0),I,JPN,M,IRLT,PA,_Z,_Z,_Z,2008-08,1.431
DATAFLOW,OECD.SDD.STES:DSD_KEI@DF_KEI(4.0),I,JPN,M,IRLT,PA,_Z,_Z,_Z,2008-07,1.537
DATAFLOW,OECD.SDD.STES:DSD_KEI@DF_KEI(4.0),I,JPN,M,IRLT,PA,_Z,_Z,_Z,2008-06,1.601
DATAFLOW,OECD.SDD.STES:DSD_KEI@DF_KEI(4.0),I,JPN,M,IRLT,PA,_Z,_Z,_Z,2008-05,1.778
DATAFLOW,OECD.SDD.STES:DSD_KEI@DF_KEI(4.0),I,JPN,M,IR3TIB,PA,_Z,_Z,_Z,2013-01,0.29182
DATAFLOW,OECD.SDD.STES:DSD_KEI@DF_KEI(4.0),I,JPN,M,IR3TIB,PA,_Z,_Z,_Z,2012-12,0.30818
DATAFLOW,OECD.SDD.STES:DSD_KEI@DF_KEI(4.0),I,JPN,M,IR3TIB,PA,_Z,_Z,_Z,2012-11,0.31818
DATAFLOW,OECD.SDD.STES:DSD_KEI@DF_KEI(4.0),I,JPN,M,IR3TIB,PA,_Z,_Z,_Z,2012-10,0.32636
DATAFLOW,OECD.SDD.STES:DSD_KEI@DF_KEI(4.0),I,JPN,M,IR3TIB,PA,_Z,_Z,_Z,2012-09,0.32727
DATAFLOW,OECD.SDD.STES:DSD_KEI@DF_KEI(4.0),I,JPN,M,IR3TIB,PA,_Z,_Z,_Z,2012-08,0.32727
DATAFLOW,OECD.SDD.STES:DSD_KEI@DF_KEI(4.0),I,JPN,M,IR3TIB,PA,_Z,_Z,_Z,2012-07,0.32727
DATAFLOW,OECD.SDD.STES:DSD_KEI@DF_KEI(4.0),I,JPN,M,IR3TIB,PA,_Z,_Z,_Z,2012-06,0.33455
DATAFLOW,OECD.SDD.STES:DSD_KEI@DF_KEI(4.0),I,JPN,M,IR3TIB,PA,_Z,_Z,_Z,2012-05,0.33167
DATAFLOW,OECD.SDD.STES:DSD_KEI@DF_KEI(4.0),I,JPN,M,IR3TIB,PA,_Z,_Z,_Z,2012-04,0.33167
DATAFLOW,OECD.SDD.STES:DSD_KEI@DF_KEI(4.0),I,JPN,M,IR3TIB,PA,_Z,_Z,_Z,2012-03,0.33167
DATAFLOW,OECD.SDD.STES:DSD_KEI@DF_KEI(4.0),I,JPN,M,IR3TIB,PA,_Z,_Z,_Z,2012-02,0.33167
DATAFLOW,OECD.SDD.STES:DSD_KEI@DF_KEI(4.0),I,JPN,M,IR3TIB,PA,_Z,_Z,_Z,2012-01,0.33077
DATAFLOW,OECD.SDD.STES:DSD_KEI@DF_KEI(4.0),I,JPN,M,IR3TIB,PA,_Z,_Z,_Z,2011-12,0.32929
DATAFLOW,OECD.SDD.STES:DSD_KEI@DF_KEI(4.0),I,JPN,M,IR3TIB,PA,_Z,_Z,_Z,2011-11,0.32929
DATAFLOW,OECD.SDD.STES:DSD_KEI@DF_KEI(4.0),I,JPN,M,IR3TIB,PA,_Z,_Z,_Z,2011-10,0.32929
DATAFLOW,OECD.SDD.STES:DSD_KEI@DF_KEI(4.0),I,JPN,M,IR3TIB,PA,_Z,_Z,_Z,2011-09,0.32929
DATAFLOW,OECD.SDD.STES:DSD_KEI@DF_KEI(4.0),I,JPN,M,IR3TIB,PA,_Z,_Z,_Z,2011-08,0.32857
DATAFLOW,OECD.SDD.STES:DSD_KEI@DF_KEI(4.0),I,JPN,M,IR3TIB,PA,_Z,_Z,_Z,2011-07,0.33214
DATAFLOW,OECD.SDD.STES:DSD_KEI@DF_KEI(4.0),I,JPN,M,IR3TIB,PA,_Z,_Z,_Z,2011-06,0.33214
DATAFLOW,OECD.SDD.STES:DSD_KEI@DF_KEI(4.0),I,JPN,M,IR3TIB,PA,_Z,_Z,_Z,2011-05,0.33214
DATAFLOW,OECD.SDD.STES:DSD_KEI@DF_KEI(4.0),I,JPN,M,IR3TIB,PA,_Z,_Z,_Z,2011-04,0.33286
DATAFLOW,OECD.SDD.STES:DSD_KEI@DF_KEI(4.0),I,JPN,M,IR3TIB,PA,_Z,_Z,_Z,2011-03,0.33615
DATAFLOW,OECD.SDD.STES:DSD_KEI@DF_KEI(4.0),I,JPN,M,IR3TIB,PA,_Z,_Z,_Z,2011-02,0.34
DATAFLOW,OECD.SDD.STES:DSD_KEI@DF_KEI(4.0),I,JPN,M,IR3TIB,PA,_Z,_Z,_Z,2011-01,0.34
DATAFLOW,OECD.SDD.STES:DSD_KEI@DF_KEI(4.0),I,JPN,M,IR3TIB,PA,_Z,_Z,_Z,2010-12,0.34
DATAFLOW,OECD.SDD.STES:DSD_KEI@DF_KEI(4.0),I,JPN,M,IR3TIB,PA,_Z,_Z,_Z,2010-11,0.34
DATAFLOW,OECD.SDD.STES:DSD_KEI@DF_KEI(4.0),I,JPN,M,IR3TIB,PA,_Z,_Z,_Z,2010-10,0.34
DATAFLOW,OECD.SDD.STES:DSD_KEI@DF_KEI(4.0),I,JPN,M,IR3TIB,PA,_Z,_Z,_Z,2010-09,0.36
DATAFLOW,OECD.SDD.STES:DSD_KEI@DF_KEI(4.0),I,JPN,M,IR3TIB,PA,_Z,_Z,_Z,2010-08,0.36
DATAFLOW,OECD.SDD.STES:DSD_KEI@DF_KEI(4.0),I,JPN,M,IR3TIB,PA,_Z,_Z,_Z,2010-07,0.37
DATAFLOW,OECD.SDD.STES:DSD_KEI@DF_KEI(4.0),I,JPN,M,IR3TIB,PA,_Z,_Z,_Z,2010-06,0.38
DATAFLOW,OECD.SDD.STES:DSD_KEI@DF_KEI(4.0),I,JPN,M,IR3TIB,PA,_Z,_Z,_Z,2010-05,0.39
DATAFLOW,OECD.SDD.STES:DSD_KEI@DF_KEI(4.0),I,JPN,M,IR3TIB,PA,_Z,_Z,_Z,2010-04,0.4
DATAFLOW,OECD.SDD.STES:DSD_KEI@DF_KEI(4.0),I,JPN,M,IR3TIB,PA,_Z,_Z,_Z,2010-03,0.43
DATAFLOW,OECD.SDD.STES:DSD_KEI@DF_KEI(4.0),I,JPN,M,IR3TIB,PA,_Z,_Z,_Z,2010-02,0.44
DATAFLOW,OECD.SDD.STES:DSD_KEI@DF_KEI(4.0),I,JPN,M,IR3TIB,PA,_Z,_Z,_Z,2010-01,0.45
DATAFLOW,OECD.SDD.STES:DSD_KEI@DF_KEI(4.0),I,JPN,M,IR3TIB,PA,_Z,_Z,_Z,2009-12,0.46
DATAFLOW,OECD.SDD.STES:DSD_KEI@DF_KEI(4.0),I,JPN,M,IR3TIB,PA,_Z,_Z,_Z,2009-11,0.51
DATAFLOW,OECD.SDD.STES:DSD_KEI@DF_KEI(4.0),I,JPN,M,IR3TIB,PA,_Z,_Z,_Z,2009-10,0.53
DATAFLOW,OECD.SDD.STES:DSD_KEI@DF_KEI(4.0),I,JPN,M,IR3TIB,PA,_Z,_Z,_Z,2009-09,0.54
DATAFLOW,OECD.SDD.STES:DSD_KEI@DF_KEI(4.0),I,JPN,M,IR3TIB,PA,_Z,_Z,_Z,2009-08,0.54
DATAFLOW,OECD.SDD.STES:DSD_KEI@DF_KEI(4.0),I,JPN,M,IR3TIB,PA,_Z,_Z,_Z,2009-07,0.55
DATAFLOW,OECD.SDD.STES:DSD_KEI@DF_KEI(4.0),I,JPN,M,IR3TIB,PA,_Z,_Z,_Z,2009-06,0.56
DATAFLOW,OECD.SDD.STES:DSD_KEI@DF_KEI(4.0),I,JPN,M,IR3TIB,PA,_Z,_Z,_Z,2009-05,0.57
DATAFLOW,OECD.SDD.STES:DSD_KEI@DF_KEI(4.0),I,JPN,M,IR3TIB,PA,_Z,_Z,_Z,2009-04,0.6
DATAFLOW,OECD.SDD.STES:DSD_KEI@DF_KEI(4.0),I,JPN,M,IR3TIB,PA,_Z,_Z,_Z,2009-03,0.65
DATAFLOW,OECD.SDD.STES:DSD_KEI@DF_KEI(4.0),I,JPN,M,IR3TIB,PA,_Z,_Z,_Z,2009-02,0.71
DATAFLOW,OECD.SDD.STES:DSD_KEI@DF_KEI(4.0),I,JPN,M,IR3TIB,PA,_Z,_Z,_Z,2009-01,0.72
DATAFLOW,OECD.SDD.STES:DSD_KEI@DF_KEI(4.0),I,JPN,M,IR3TIB,PA,_Z,_Z,_Z,2008-12,0.74
DATAFLOW,OECD.SDD.STES:DSD_KEI@DF_KEI(4.0),I,JPN,M,IR3TIB,PA,_Z,_Z,_Z,2008-11,0.88
DATAFLOW,OECD.SDD.STES:DSD_KEI@DF_KEI(4.0),I,JPN,M,IR3TIB,PA,_Z,_Z,_Z,2008-10,0.89
DATAFLOW,OECD.SDD.STES:DSD_KEI@DF_KEI(4.0),I,JPN,M,IR3TIB,PA,_Z,_Z,_Z,2008-09,0.87
DATAFLOW,OECD.SDD.STES:DSD_KEI@DF_KEI(4.0),I,JPN,M,IR3TIB,PA,_Z,_Z,_Z,2008-08,0.85
DATAFLOW,OECD.SDD.STES:DSD_KEI@DF_KEI(4.0),I,JPN,M,IR3TIB,PA,_Z,_Z,_Z,2008-07,0.85
DATAFLOW,OECD.SDD.STES:DSD_KEI@DF_KEI(4.0),I,JPN,M,IR3TIB,PA,_Z,_Z,_Z,2008-06,0.86
DATAFLOW,OECD.SDD.STES:DSD_KEI@DF_KEI(4.0),I,JPN,M,IRLT,PA,_Z,_Z,_Z,2007-12,1.526
DATAFLOW,OECD.SDD.STES:DSD_KEI@DF_KEI(4.0),I,JPN,M,IRLT,PA,_Z,_Z,_Z,2007-11,1.497
DATAFLOW,OECD.SDD.STES:DSD_KEI@DF_KEI(4.0),I,JPN,M,IRLT,PA,_Z,_Z,_Z,2007-10,1.616
DATAFLOW,OECD.SDD.STES:DSD_KEI@DF_KEI(4.0),I,JPN,M,IRLT,PA,_Z,_Z,_Z,2013-08,0.708
DATAFLOW,OECD.SDD.STES:DSD_KEI@DF_KEI(4.0),I,JPN,M,IRLT,PA,_Z,_Z,_Z,2013-07,0.79
DATAFLOW,OECD.SDD.STES:DSD_KEI@DF_KEI(4.0),I,JPN,M,IRLT,PA,_Z,_Z,_Z,2013-06,0.822
DATAFLOW,OECD.SDD.STES:DSD_KEI@DF_KEI(4.0),I,JPN,M,IRLT,PA,_Z,_Z,_Z,2013-05,0.879
DATAFLOW,OECD.SDD.STES:DSD_KEI@DF_KEI(4.0),I,JPN,M,IRLT,PA,_Z,_Z,_Z,2013-04,0.589
DATAFLOW,OECD.SDD.STES:DSD_KEI@DF_KEI(4.0),I,JPN,M,IRLT,PA,_Z,_Z,_Z,2013-03,0.492
DATAFLOW,OECD.SDD.STES:DSD_KEI@DF_KEI(4.0),I,JPN,M,IRLT,PA,_Z,_Z,_Z,2013-02,0.669
DATAFLOW,OECD.SDD.STES:DSD_KEI@DF_KEI(4.0),I,JPN,M,IRLT,PA,_Z,_Z,_Z,2013-01,0.775
DATAFLOW,OECD.SDD.STES:DSD_KEI@DF_KEI(4.0),I,JPN,M,IRLT,PA,_Z,_Z,_Z,2012-12,0.781
DATAFLOW,OECD.SDD.STES:DSD_KEI@DF_KEI(4.0),I,JPN,M,IRLT,PA,_Z,_Z,_Z,2012-11,0.713
DATAFLOW,OECD.SDD.STES:DSD_KEI@DF_KEI(4.0),I,JPN,M,IRLT,PA,_Z,_Z,_Z,2012-10,0.76
DATAFLOW,OECD.SDD.STES:DSD_KEI@DF_KEI(4.0),I,JPN,M,IRLT,PA,_Z,_Z,_Z,2012-09,0.757
DATAFLOW,OECD.SDD.STES:DSD_KEI@DF_KEI(4.0),I,JPN,M,IRLT,PA,_Z,_Z,_Z,2012-08,0.8
DATAFLOW,OECD.SDD.STES:DSD_KEI@DF_KEI(4.0),I,JPN,M,IRLT,PA,_Z,_Z,_Z,2012-07,0.78
DATAFLOW,OECD.SDD.STES:DSD_KEI@DF_KEI(4.0),I,JPN,M,IRLT,PA,_Z,_Z,_Z,2012-06,0.789
DATAFLOW,OECD.SDD.STES:DSD_KEI@DF_KEI(4.0),I,JPN,M,IRLT,PA,_Z,_Z,_Z,2012-05,0.846
DATAFLOW,OECD.SDD.STES:DSD_KEI@DF_KEI(4.0),I,JPN,M,IRLT,PA,_Z,_Z,_Z,2012-04,0.914
DATAFLOW,OECD.SDD.STES:DSD_KEI@DF_KEI(4.0),I,JPN,M,IRLT,PA,_Z,_Z,_Z,2012-03,0.966
DATAFLOW,OECD.SDD.STES:DSD_KEI@DF_KEI(4.0),I,JPN,M,IRLT,PA,_Z,_Z,_Z,2012-02,0.962
DATAFLOW,OECD.SDD.STES:DSD_KEI@DF_KEI(4.0),I,JPN,M,IRLT,PA,_Z,_Z,_Z,2012-01,0.959
DATAFLOW,OECD.SDD.STES:DSD_KEI@DF_KEI(4.0),I,JPN,M,IRLT,PA,_Z,_Z,_Z,2011-12,0.971
DATAFLOW,OECD.SDD.STES:DSD_KEI@DF_KEI(4.0),I,JPN,M,IRLT,PA,_Z,_Z,_Z,2011-11,1.062
DATAFLOW,OECD.SDD.STES:DSD_KEI@DF_KEI(4.0),I,JPN,M,IRLT,PA,_Z,_Z,_Z,2011-10,1.038
DATAFLOW,OECD.SDD.STES:DSD_KEI@DF_KEI(4.0),I,JPN,M,IRLT,PA,_Z,_Z,_Z,2011-09,0.975
DATAFLOW,OECD.SDD.STES:DSD_KEI@DF_KEI(4.0),I,JPN,M,IRLT,PA,_Z,_Z,_Z,2011-08,1.023
DATAFLOW,OECD.SDD.STES:DSD_KEI@DF_KEI(4.0),I,JPN,M,IRLT,PA,_Z,_Z,_Z,2011-07,1.075
DATAFLOW,OECD.SDD.STES:DSD_KEI@DF_KEI(4.0),I,JPN,M,IRLT,PA,_Z,_Z,_Z,2011-06,1.084
DATAFLOW,OECD.SDD.STES:DSD_KEI@DF_KEI(4.0),I,JPN,M,IRLT,PA,_Z,_Z,_Z,2011-05,1.118
DATAFLOW,OECD.SDD.STES:DSD_KEI@DF_KEI(4.0),I,JPN,M,IRLT,PA,_Z,_Z,_Z,2011-04,1.215
DATAFLOW,OECD.SDD.STES:DSD_KEI@DF_KEI(4.0),I,JPN,M,IRLT,PA,_Z,_Z,_Z,2011-03,1.214
DATAFLOW,OECD.SDD.STES:DSD_KEI@DF_KEI(4.0),I,JPN,M,IRLT,PA,_Z,_Z,_Z,2011-02,1.241
DATAFLOW,OECD.SDD.STES:DSD_KEI@DF_KEI(4.0),I,JPN,M,IRLT,PA,_Z,_Z,_Z,2011-01,1.213
DATAFLOW,OECD.SDD.STES:DSD_KEI@DF_KEI(4.0),I,JPN,M,IRLT,PA,_Z,_Z,_Z,2010-12,1.133
DATAFLOW,OECD.SDD.STES:DSD_KEI@DF_KEI(4.0),I,JPN,M,IRLT,PA,_Z,_Z,_Z,2010-11,1.161
DATAFLOW,OECD.SDD.STES:DSD_KEI@DF_KEI(4.0),I,JPN,M,IRLT,PA,_Z,_Z,_Z,2010-10,0.903
DATAFLOW,OECD.SDD.STES:DSD_KEI@DF_KEI(4.0),I,JPN,M,IR3TIB,PA,_Z,_Z,_Z,2024-12,0.386
DATAFLOW,OECD.SDD.STES:DSD_KEI@DF_KEI(4.0),I,JPN,M,IRLT,PA,_Z,_Z,_Z,2017-02,0.05
DATAFLOW,OECD.SDD.STES:DSD_KEI@DF_KEI(4.0),I,GBR,M,IR3TIB,PA,_Z,_Z,_Z,2023-11,5.36
DATAFLOW,OECD.SDD.STES:DSD_KEI@DF_KEI(4.0),I,JPN,M,IRLT,PA,_Z,_Z,_Z,2017-01,0.085
DATAFLOW,OECD.SDD.STES:DSD_KEI@DF_KEI(4.0),I,JPN,M,IRLT,PA,_Z,_Z,_Z,2016-12,0.04
DATAFLOW,OECD.SDD.STES:DSD_KEI@DF_KEI(4.0),I,JPN,M,IRLT,PA,_Z,_Z,_Z,2016-11,0.02
DATAFLOW,OECD.SDD.STES:DSD_KEI@DF_KEI(4.0),I,JPN,M,IRLT,PA,_Z,_Z,_Z,2016-10,-0.05
DATAFLOW,OECD.SDD.STES:DSD_KEI@DF_KEI(4.0),I,JPN,M,IRLT,PA,_Z,_Z,_Z,2016-09,-0.085
DATAFLOW,OECD.SDD.STES:DSD_KEI@DF_KEI(4.0),I,JPN,M,IRLT,PA,_Z,_Z,_Z,2016-08,-0.07
DATAFLOW,OECD.SDD.STES:DSD_KEI@DF_KEI(4.0),I,JPN,M,IRLT,PA,_Z,_Z,_Z,2016-07,-0.195
DATAFLOW,OECD.SDD.STES:DSD_KEI@DF_KEI(4.0),I,JPN,M,IRLT,PA,_Z,_Z,_Z,2016-06,-0.23
DATAFLOW,OECD.SDD.STES:DSD_KEI@DF_KEI(4.0),I,JPN,M,IRLT,PA,_Z,_Z,_Z,2016-05,-0.12
DATAFLOW,OECD.SDD.STES:DSD_KEI@DF_KEI(4.0),I,JPN,M,IRLT,PA,_Z,_Z,_Z,2016-04,-0.085
DATAFLOW,OECD.SDD.STES:DSD_KEI@DF_KEI(4.0),I,JPN,M,IRLT,PA,_Z,_Z,_Z,2016-03,-0.05
DATAFLOW,OECD.SDD.STES:DSD_KEI@DF_KEI(4.0),I,JPN,M,IRLT,PA,_Z,_Z,_Z,2016-02,-0.065
DATAFLOW,OECD.SDD.STES:DSD_KEI@DF_KEI(4.0),I,JPN,M,IRLT,PA,_Z,_Z,_Z,2016-01,0.095
DATAFLOW,OECD.SDD.STES:DSD_KEI@DF_KEI(4.0),I,JPN,M,IRLT,PA,_Z,_Z,_Z,2015-12,0.27
DATAFLOW,OECD.SDD.STES:DSD_KEI@DF_KEI(4.0),I,JPN,M,IRLT,PA,_Z,_Z,_Z,2015-11,0.3
DATAFLOW,OECD.SDD.STES:DSD_KEI@DF_KEI(4.0),I,JPN,M,IRLT,PA,_Z,_Z,_Z,2015-10,0.3
DATAFLOW,OECD.SDD.STES:DSD_KEI@DF_KEI(4.0),I,JPN,M,IRLT,PA,_Z,_Z,_Z,2015-09,0.35
DATAFLOW,OECD.SDD.STES:DSD_KEI@DF_KEI(4.0),I,JPN,M,IRLT,PA,_Z,_Z,_Z,2015-08,0.38
DATAFLOW,OECD.SDD.STES:DSD_KEI@DF_KEI(4.0),I,JPN,M,IRLT,PA,_Z,_Z,_Z,2015-07,0.41
DATAFLOW,OECD.SDD.STES:DSD_KEI@DF_KEI(4.0),I,JPN,M,IRLT,PA,_Z,_Z,_Z,2015-06,0.455
DATAFLOW,OECD.SDD.STES:DSD_KEI@DF_KEI(4.0),I,JPN,M,IRLT,PA,_Z,_Z,_Z,2015-05,0.39
DATAFLOW,OECD.SDD.STES:DSD_KEI@DF_KEI(4.0),I,JPN,M,IRLT,PA,_Z,_Z,_Z,2015-04,0.34
DATAFLOW,OECD.SDD.STES:DSD_KEI@DF_KEI(4.0),I,JPN,M,IRLT,PA,_Z,_Z,_Z,2015-03,0.4
DATAFLOW,OECD.SDD.STES:DSD_KEI@DF_KEI(4.0),I,JPN,M,IRLT,PA,_Z,_Z,_Z,2015-02,0.33
DATAFLOW,OECD.SDD.STES:DSD_KEI@DF_KEI(4.0),I,JPN,M,IRLT,PA,_Z,_Z,_Z,2015-01,0.275
DATAFLOW,OECD.SDD.STES:DSD_KEI@DF_KEI(4.0),I,JPN,M,IRLT,PA,_Z,_Z,_Z,2014-12,0.33
DATAFLOW,OECD.SDD.STES:DSD_KEI@DF_KEI(4.0),I,JPN,M,IRLT,PA,_Z,_Z,_Z,2014-11,0.42
DATAFLOW,OECD.SDD.STES:DSD_KEI@DF_KEI(4.0),I,JPN,M,IRLT,PA,_Z,_Z,_Z,2014-10,0.465
DATAFLOW,OECD.SDD.STES:DSD_KEI@DF_KEI(4.0),I,JPN,M,IRLT,PA,_Z,_Z,_Z,2014-09,0.497
DATAFLOW,OECD.SDD.STES:DSD_KEI@DF_KEI(4.0),I,JPN,M,IRLT,PA,_Z,_Z,_Z,2014-08,0.488
DATAFLOW,OECD.SDD.STES:DSD_KEI@DF_KEI(4.0),I,JPN,M,IRLT,PA,_Z,_Z,_Z,2014-07,0.527
DATAFLOW,OECD.SDD.STES:DSD_KEI@DF_KEI(4.0),I,JPN,M,IRLT,PA,_Z,_Z,_Z,2014-06,0.536
DATAFLOW,OECD.SDD.STES:DSD_KEI@DF_KEI(4.0),I,JPN,M,IRLT,PA,_Z,_Z,_Z,2014-05,0.566
