STRUCTURE,STRUCTURE_ID,ACTION,REF_AREA,FREQ,MEASURE,UNIT_MEASURE,ACTIVITY,ADJUSTMENT,TRANSFORMATION,TIME_PERIOD,OBS_VALUE
DATAFLOW,OECD.SDD.STES:DSD_KEI@DF_KEI(4.0),I,USA,M,UNEMP,PT_LF,_T,Y,_Z,2018-11,3.8
DATAFLOW,OECD.SDD.STES:DSD_KEI@DF_KEI(4.0),I,USA,M,UNEMP,PT_LF,_T,Y,_Z,2018-10,3.8
DATAFLOW,OECD.SDD.STES:DSD_KEI@DF_KEI(4.0),I,AUS,M,UNEMP,PT_LF,_T,Y,_Z,2023-04,3.7227337
DATAFLOW,OECD.SDD.STES:DSD_KEI@DF_KEI(4.0),I,AUS,M,UNEMP,PT_LF,_T,Y,_Z,2010-07,5.2879278
DATAFLOW,OECD.SDD.STES:DSD_KEI@DF_KEI(4.0),I,AUS,M,UNEMP,PT_LF,_T,Y,_Z,2010-06,5.1441574
DATAFLOW,OECD.SDD.STES:DSD_KEI@DF_KEI(4.0),I,USA,M,UNEMP,PT_LF,_T,Y,_Z,2020-02,3.5
DATAFLOW,OECD.SDD.STES:DSD_KEI@DF_KEI(4.0),I,USA,M,UNEMP,PT_LF,_T,Y,_Z,2020-01,3.6
DATAFLOW,OECD.SDD.STES:DSD_KEI@DF_KEI(4.0),I,USA,M,UNEMP,PT_LF,_T,Y,_Z,2019-12,3.6
DATAFLOW,OECD.SDD.STES:DSD_KEI@DF_KEI(4.0),I,AUS,M,UNEMP,PT_LF,_T,Y,_Z,2025-12,4.1048613
DATAFLOW,OECD.SDD.STES:DSD_KEI@DF_KEI(4.0),I,AUS,M,UNEMP,PT_LF,_T,Y,_Z,2025-11,4.3093863
DATAFLOW,OECD.SDD.STES:DSD_KEI@DF_KEI(4.0),I,AUS,M,UNEMP,PT_LF,_T,Y,_Z,2025-10,4.3258293
DATAFLOW,OECD.SDD.STES:DSD_KEI@DF_KEI(4.0),I,AUS,M,UNEMP,PT_LF,_T,Y,_Z,2025-09,4.4425105
DATAFLOW,OECD.SDD.STES:DSD_KEI@DF_KEI(4.0),I,AUS,M,UNEMP,PT_LF,_T,Y,_Z,2025-08,4.2501789
DATAFLOW,OECD.SDD.STES:DSD_KEI@DF_KEI(4.0),I,AUS,M,UNEMP,PT_LF,_T,Y,_Z,2024-03,3.8821345
DATAFLOW,OECD.SDD.STES:DSD_KEI@DF_KEI(4.0),I,AUS,M,UNEMP,PT_LF,_T,Y,_Z,2024-02,3.7405917
DATAFLOW,OECD.SDD.STES:DSD_KEI@DF_KEI(4.0),I,AUS,M,UNEMP,PT_LF,_T,Y,_Z,2024-01,4.0989635
DATAFLOW,OECD.SDD.STES:DSD_KEI@DF_KEI(4.0),I,AUS,M,UNEMP,PT_LF,_T,Y,_Z,2023-12,3.9803067
DATAFLOW,OECD.SDD.STES:DSD_KEI@DF_KEI(4.0),I,AUS,M,UNEMP,PT_LF,_T,Y,_Z,2023-11,3.9243844
DATAFLOW,OECD.SDD.STES:DSD_KEI@DF_KEI(4.0),I,AUS,M,UNEMP,PT_LF,_T,Y,_Z,2023-10,3.7755864
DATAFLOW,OECD.SDD.STES:DSD_KEI@DF_KEI(4.0),I,USA,M,UNEMP,PT_LF,_T,Y,_Z,2022-10,3.6
DATAFLOW,OECD.SDD.STES:DSD_KEI@DF_KEI(4.0),I,USA,M,UNEMP,PT_LF,_T,Y,_Z,2022-09,3.5
DATAFLOW,OECD.SDD.STES:DSD_KEI@DF_KEI(4.0),I,USA,M,UNEMP,PT_LF,_T,Y,_Z,2022-08,3.6
DATAFLOW,OECD.SDD.STES:DSD_KEI@DF_KEI(4.0),I,AUS,M,UNEMP,PT_LF,_T,Y,_Z,2009-02,5.302371
DATAFLOW,OECD.SDD.STES:DSD_KEI@DF_KEI(4.0),I,AUS,M,UNEMP,PT_LF,_T,Y,_Z,2009-01,4.9077156
DATAFLOW,OECD.SDD.STES:DSD_KEI@DF_KEI(4.0),I,AUS,M,UNEMP,PT_LF,_T,Y,_Z,2008-12,4.5700882
DATAFLOW,OECD.SDD.STES:DSD_KEI@DF_KEI(4.0),I,AUS,M,UNEMP,PT_LF,_T,Y,_Z,2008-11,4.4627486
DATAFLOW,OECD.SDD.STES:DSD_KEI@DF_KEI(4.0),I,AUS,M,UNEMP,PT_LF,_T,Y,_Z,2008-10,4.2902057
DATAFLOW,OECD.SDD.STES:DSD_KEI@DF_KEI(4.0),I,AUS,M,UNEMP,PT_LF,_T,Y,_Z,2008-09,4.2892481
DATAFLOW,OECD.SDD.STES:DSD_KEI@DF_KEI(4.0),I,AUS,M,UNEMP,PT_LF,_T,Y,_Z,2008-08,4.0153672
DATAFLOW,OECD.SDD.STES:DSD_KEI@DF_KEI(4.0),I,AUS,M,UNEMP,PT_LF,_T,Y,_Z,2008-07,4.2502842
DATAFLOW,OECD.SDD.STES:DSD_KEI@DF_KEI(4.0),I,AUS,M,UNEMP,PT_LF,_T,Y,_Z,2008-06,4.2435324
DATAFLOW,OECD.SDD.STES:DSD_KEI@DF_KEI(4.0),I,AUS,M,UNEMP,PT_LF,_T,Y,_Z,2008-05,4.2662997
DATAFLOW,OECD.SDD.STES:DSD_KEI@DF_KEI(4.0),I,AUS,M,UNEMP,PT_LF,_T,Y,_Z,2008-04,4.2654962
DATAFLOW,OECD.SDD.STES:DSD_KEI@DF_KEI(4.0),I,AUS,M,UNEMP,PT_LF,_T,Y,_Z,2008-03,4.0570492
DATAFLOW,OECD.SDD.STES:DSD_KEI@DF_KEI(4.0),I,AUS,M,UNEMP,PT_LF,_T,Y,_Z,2008-02,3.9790323
DATAFLOW,OECD.SDD.STES:DSD_KEI@DF_KEI(4.0),I,AUS,M,UNEMP,PT_LF,_T,Y,_Z,2008-01,4.2205411
DATAFLOW,OECD.SDD.STES:DSD_KEI@DF_KEI(4.0),I,AUS,M,UNEMP,PT_LF,_T,Y,_Z,2007-12,4.3083849
DATAFLOW,OECD.SDD.STES:DSD_KEI@DF_KEI(4.0),I,AUS,M,UNEMP,PT_LF,_T,Y,_Z,2007-11,4.4266924
DATAFLOW,OECD.SDD.STES:DSD_KEI@DF_KEI(4.0),I,AUS,M,UNEMP,PT_LF,_T,Y,_Z,2007-10,4.32628
DATAFLOW,OECD.SDD.STES:DSD_KEI@DF_KEI(4.0),I,AUS,M,UNEMP,PT_LF,_T,Y,_Z,2007-09,4.2133706
DATAFLOW,OECD.SDD.STES:DSD_KEI@DF_KEI(4.0),I,AUS,M,UNEMP,PT_LF,_T,Y,_Z,2007-08,4.2990007
DATAFLOW,OECD.SDD.STES:DSD_KEI@DF_KEI(4.0),I,AUS,M,UNEMP,PT_LF,_T,Y,_Z,2007-07,4.2532022
DATAFLOW,OECD.SDD.STES:DSD_KEI@DF_KEI(4.0),I,AUS,M,UNEMP,PT_LF,_T,Y,_Z,2007-06,4.3240992
DATAFLOW,OECD.SDD.STES:DSD_KEI@DF_KEI(4.0),I,AUS,M,UNEMP,PT_LF,_T,Y,_Z,2007-05,4.2643817
DATAFLOW,OECD.SDD.STES:DSD_KEI@DF_KEI(4.0),I,AUS,M,UNEMP,PT_LF,_T,Y,_Z,2007-04,4.3859532
DATAFLOW,OECD.SDD.STES:DSD_KEI@DF_KEI(4.0),I,AUS,M,UNEMP,PT_LF,_T,Y,_Z,2007-03,4.4596015
DATAFLOW,OECD.SDD.STES:DSD_KEI@DF_KEI(4.0),I,AUS,M,UNEMP,PT_LF,_T,Y,_Z,2007-02,4.6345006
DATAFLOW,OECD.SDD.STES:DSD_KEI@DF_KEI(4.0),I,AUS,M,UNEMP,PT_LF,_T,Y,_Z,2007-01,4.5549936
DATAFLOW,OECD.SDD.STES:DSD_KEI@DF_KEI(4.0),I,AUS,M,UNEMP,PT_LF,_T,Y,_Z,2010-05,5.2295969
DATAFLOW,OECD.SDD.STES:DSD_KEI@DF_KEI(4.0),I,AUS,M,UNEMP,PT_LF,_T,Y,_Z,2010-04,5.4987334
DATAFLOW,OECD.SDD.STES:DSD_KEI@DF_KEI(4.0),I,USA,M,UNEMP,PT_LF,_T,Y,_Z,2008-12,7.3
DATAFLOW,OECD.SDD.STES:DSD_KEI@DF_KEI(4.0),I,USA,M,UNEMP,PT_LF,_T,Y,_Z,2008-11,6.8
DATAFLOW,OECD.SDD.STES:DSD_KEI@DF_KEI(4.0),I,AUS,M,UNEMP,PT_LF,_T,Y,_Z,2016-12,5.8328798
DATAFLOW,OECD.SDD.STES:DSD_KEI@DF_KEI(4.0),I,AUS,M,UNEMP,PT_LF,_T,Y,_Z,2016-11,5.7672792
DATAFLOW,OECD.SDD.STES:DSD_KEI@DF_KEI(4.0),I,AUS,M,UNEMP,PT_LF,_T,Y,_Z,2016-10,5.5957442
DATAFLOW,OECD.SDD.STES:DSD_KEI@DF_KEI(4.0),I,AUS,M,UNEMP,PT_LF,_T,Y,_Z,2016-09,5.665145
DATAFLOW,OECD.SDD.STES:DSD_KEI@DF_KEI(4.0),I,AUS,M,UNEMP,PT_LF,_T,Y,_Z,2016-08,5.6155714
DATAFLOW,OECD.SDD.STES:DSD_KEI@DF_KEI(4.0),I,AUS,M,UNEMP,PT_LF,_T,Y,_Z,2016-07,5.6952088
DATAFLOW,OECD.SDD.STES:DSD_KEI@DF_KEI(4.0),I,AUS,M,UNEMP,PT_LF,_T,Y,_Z,2016-06,5.6953966
DATAFLOW,OECD.SDD.STES:DSD_KEI@DF_KEI(4.0),I,AUS,M,UNEMP,PT_LF,_T,Y,_Z,2016-05,5.7219373
DATAFLOW,OECD.SDD.STES:DSD_KEI@DF_KEI(4.0),I,AUS,M,UNEMP,PT_LF,_T,Y,_Z,2016-04,5.6455884
DATAFLOW,OECD.SDD.STES:DSD_KEI@DF_KEI(4.0),I,AUS,M,UNEMP,PT_LF,_T,Y,_Z,2016-03,5.6537802
DATAFLOW,OECD.SDD.STES:DSD_KEI@DF_KEI(4.0),I,AUS,M,UNEMP,PT_LF,_T,Y,_Z,2016-02,5.6948709
DATAFLOW,OECD.SDD.STES:DSD_KEI@DF_KEI(4.0),I,AUS,M,UNEMP,PT_LF,_T,Y,_Z,2016-01,6.0428095
DATAFLOW,OECD.SDD.STES:DSD_KEI@DF_KEI(4.0),I,AUS,M,UNEMP,PT_LF,_T,Y,_Z,2015-12,5.7386084
DATAFLOW,OECD.SDD.STES:DSD_KEI@DF_KEI(4.0),I,AUS,M,UNEMP,PT_LF,_T,Y,_Z,2015-11,5.8504506
DATAFLOW,OECD.SDD.STES:DSD_KEI@DF_KEI(4.0),I,AUS,M,UNEMP,PT_LF,_T,Y,_Z,2015-10,5.9115147
DATAFLOW,OECD.SDD.STES:DSD_KEI@DF_KEI(4.0),I,AUS,M,UNEMP,PT_LF,_T,Y,_Z,2015-09,6.1742583
DATAFLOW,OECD.SDD.STES:DSD_KEI@DF_KEI(4.0),I,AUS,M,UNEMP,PT_LF,_T,Y,_Z,2015-08,6.0879402
DATAFLOW,OECD.SDD.STES:DSD_KEI@DF_KEI(4.0),I,AUS,M,UNEMP,PT_LF,_T,Y,_Z,2015-07,6.2759087
DATAFLOW,OECD.SDD.STES:DSD_KEI@DF_KEI(4.0),I,AUS,M,UNEMP,PT_LF,_T,Y,_Z,2015-06,6.0075814
DATAFLOW,OECD.SDD.STES:DSD_KEI@DF_KEI(4.0),I,AUS,M,UNEMP,PT_LF,_T,Y,_Z,2015-05,5.9311742
DATAFLOW,OECD.SDD.STES:DSD_KEI@DF_KEI(4.0),I,AUS,M,UNEMP,PT_LF,_T,Y,_Z,2015-04,6.112684
DATAFLOW,OECD.SDD.STES:DSD_KEI@DF_KEI(4.0),I,AUS,M,UNEMP,PT_LF,_T,Y,_Z,2015-03,6.1035362
DATAFLOW,OECD.SDD.STES:DSD_KEI@DF_KEI(4.0),I,AUS,M,UNEMP,PT_LF,_T,Y,_Z,2015-02,6.1543716
DATAFLOW,OECD.SDD.STES:DSD_KEI@DF_KEI(4.0),I,AUS,M,UNEMP,PT_LF,_T,Y,_Z,2015-01,6.3523186
DATAFLOW,OECD.SDD.STES:DSD_KEI@DF_KEI(4.0),I,AUS,M,UNEMP,PT_LF,_T,Y,_Z,2014-12,6.1042556
DATAFLOW,OECD.SDD.STES:DSD_KEI@DF_KEI(4.0),I,AUS,M,UNEMP,PT_LF,_T,Y,_Z,2014-11,6.2967042
DATAFLOW,OECD.SDD.STES:DSD_KEI@DF_KEI(4.0),I,AUS,M,UNEMP,PT_LF,_T,Y,_Z,2014-10,6.3569436
DATAFLOW,OECD.SDD.STES:DSD_KEI@DF_KEI(4.0),I,AUS,M,UNEMP,PT_LF,_T,Y,_Z,2014-09,6.236625
DATAFLOW,OECD.SDD.STES:DSD_KEI@DF_KEI(4.0),I,AUS,M,UNEMP,PT_LF,_T,Y,_Z,2014-08,6.0999746
DATAFLOW,OECD.SDD.STES:DSD_KEI@DF_KEI(4.0),I,AUS,M,UNEMP,PT_LF,_T,Y,_Z,2014-07,6.1732974
DATAFLOW,OECD.SDD.STES:DSD_KEI@DF_KEI(4.0),I,AUS,M,UNEMP,PT_LF,_T,Y,_Z,2014-06,6.0484889
DATAFLOW,OECD.SDD.STES:DSD_KEI@DF_KEI(4.0),I,AUS,M,UNEMP,PT_LF,_T,Y,_Z,2014-05,5.9298711
DATAFLOW,OECD.SDD.STES:DSD_KEI@DF_KEI(4.0),I,AUS,M,UNEMP,PT_LF,_T,Y,_Z,2014-04,5.8045944
DATAFLOW,OECD.SDD.STES:DSD_KEI@DF_KEI(4.0),I,AUS,M,UNEMP,PT_LF,_T,Y,_Z,2014-03,5.8750774
DATAFLOW,OECD.SDD.STES:DSD_KEI@DF_KEI(4.0),I,AUS,M,UNEMP,PT_LF,_T,Y,_Z,2014-02,5.8753147
DATAFLOW,OECD.SDD.STES:DSD_KEI@DF_KEI(4.0),I,AUS,M,UNEMP,PT_LF,_T,Y,_Z,2014-01,5.9465562
DATAFLOW,OECD.SDD.STES:DSD_KEI@DF_KEI(4.0),I,AUS,M,UNEMP,PT_LF,_T,Y,_Z,2013-12,5.8999152
DATAFLOW,OECD.SDD.STES:DSD_KEI@DF_KEI(4.0),I,AUS,M,UNEMP,PT_LF,_T,Y,_Z,2013-11,5.7962584
DATAFLOW,OECD.SDD.STES:DSD_KEI@DF_KEI(4.0),I,AUS,M,UNEMP,PT_LF,_T,Y,_Z,2013-10,5.8228076
DATAFLOW,OECD.SDD.STES:DSD_KEI@DF_KEI(4.0),I,AUS,M,UNEMP,PT_LF,_T,Y,_Z,2025-07,4.2536263
DATAFLOW,OECD.SDD.STES:DSD_KEI@DF_KEI(4.0),I,AUS,M,UNEMP,PT_LF,_T,Y,_Z,2025-06,4.318931
DATAFLOW,OECD.SDD.STES:DSD_KEI@DF_KEI(4.0),I,AUS,M,UNEMP,PT_LF,_T,Y,_Z,2025-05,4.0979012
DATAFLOW,OECD.SDD.STES:DSD_KEI@DF_KEI(4.0),I,AUS,M,UNEMP,PT_LF,_T,Y,_Z,2025-04,4.0863554
DATAFLOW,OECD.SDD.STES:DSD_KEI@DF_KEI(4.0),I,AUS,M,UNEMP,PT_LF,_T,Y,_Z,2025-03,4.0611212
DATAFLOW,OECD.SDD.STES:DSD_KEI@DF_KEI(4.0),I,AUS,M,UNEMP,PT_LF,_T,Y,_Z,2025-02,4.0676862
DATAFLOW,OECD.SDD.STES:DSD_KEI@DF_KEI(4.0),I,AUS,M,UNEMP,PT_LF,_T,Y,_Z,2025-01,4.1237848
DATAFLOW,OECD.SDD.STES:DSD_KEI@DF_KEI(4.0),I,AUS,M,UNEMP,PT_LF,_T,Y,_Z,2024-12,3.9883689
DATAFLOW,OECD.SDD.STES:DSD_KEI@DF_KEI(4.0),I,AUS,M,UNEMP,PT_LF,_T,Y,_Z,2024-11,3.9272053
DATAFLOW,OECD.SDD.STES:DSD_KEI@DF_KEI(4.0),I,AUS,M,UNEMP,PT_LF,_T,Y,_Z,2024-10,4.0876151
DATAFLOW,OECD.SDD.STES:DSD_KEI@DF_KEI(4.0),I,AUS,M,UNEMP,PT_LF,_T,Y,_Z,2024-09,4.0183225
DATAFLOW,OECD.SDD.STES:DSD_KEI@DF_KEI(4.0),I,AUS,M,UNEMP,PT_LF,_T,Y,_Z,2024-08,4.1310202
DATAFLOW,OECD.SDD.STES:DSD_KEI@DF_KEI(4.0),I,AUS,M,UNEMP,PT_LF,_T,Y,_Z,2024-07,4.2055368
DATAFLOW,OECD.SDD.STES:DSD_KEI@DF_KEI(4.0),I,AUS,M,UNEMP,PT_LF,_T,Y,_Z,2024-06,4.0367717
DATAFLOW,OECD.SDD.STES:DSD_KEI@DF_KEI(4.0),I,AUS,M,UNEMP,PT_LF,_T,Y,_Z,2024-05,3.9999312
DATAFLOW,OECD.SDD.STES:DSD_KEI@DF_KEI(4.0),I,AUS,M,UNEMP,PT_LF,_T,Y,_Z,2024-04,4.1098344
DATAFLOW,OECD.SDD.STES:DSD_KEI@DF_KEI(4.0),I,AUS,M,UNEMP,PT_LF,_T,Y,_Z,2010-03,5.4225123
DATAFLOW,OECD.SDD.STES:DSD_KEI@DF_KEI(4.0),I,AUS,M,UNEMP,PT_LF,_T,Y,_Z,2023-09,3.5607895
DATAFLOW,OECD.SDD.STES:DSD_KEI@DF_KEI(4.0),I,AUS,M,UNEMP,PT_LF,_T,Y,_Z,2023-08,3.6827022
DATAFLOW,OECD.SDD.STES:DSD_KEI@DF_KEI(4.0),I,AUS,M,UNEMP,PT_LF,_T,Y,_Z,2023-07,3.7213016
DATAFLOW,OECD.SDD.STES:DSD_KEI@DF_KEI(4.0),I,AUS,M,UNEMP,PT_LF,_T,Y,_Z,2023-06,3.5214186
DATAFLOW,OECD.SDD.STES:DSD_KEI@DF_KEI(4.0),I,AUS,M,UNEMP,PT_LF,_T,Y,_Z,2023-05,3.5842663
DATAFLOW,OECD.SDD.STES:DSD_KEI@DF_KEI(4.0),I,AUS,M,UNEMP,PT_LF,_T,Y,_Z,2009-03,5.7112219
DATAFLOW,OECD.SDD.STES:DSD_KEI@DF_KEI(4.0),I,AUS,M,UNEMP,PT_LF,_T,Y,_Z,2011-08,5.2702674
DATAFLOW,OECD.SDD.STES:DSD_KEI@DF_KEI(4.0),I,AUS,M,UNEMP,PT_LF,_T,Y,_Z,2011-07,5.0924778
DATAFLOW,OECD.SDD.STES:DSD_KEI@DF_KEI(4.0),I,AUS,M,UNEMP,PT_LF,_T,Y,_Z,2011-06,4.9167129
DATAFLOW,OECD.SDD.STES:DSD_KEI@DF_KEI(4.0),I,AUS,M,UNEMP,PT_LF,_T,Y,_Z,2011-05,5.0132383
DATAFLOW,OECD.SDD.STES:DSD_KEI@DF_KEI(4.0),I,AUS,M,UNEMP,PT_LF,_T,Y,_Z,2011-04,4.959505
DATAFLOW,OECD.SDD.STES:DSD_KEI@DF_KEI(4.0),I,AUS,M,UNEMP,PT_LF,_T,Y,_Z,2011-03,4.9263338
DATAFLOW,OECD.SDD.STES:DSD_KEI@DF_KEI(4.0),I,AUS,M,UNEMP,PT_LF,_T,Y,_Z,2011-02,4.9714464
DATAFLOW,OECD.SDD.STES:DSD_KEI@DF_KEI(4.0),I,AUS,M,UNEMP,PT_LF,_T,Y,_Z,2011-01,5.0044878
DATAFLOW,OECD.SDD.STES:DSD_KEI@DF_KEI(4.0),I,AUS,M,UNEMP,PT_LF,_T,Y,_Z,2010-12,4.8769527
DATAFLOW,OECD.SDD.STES:DSD_KEI@DF_KEI(4.0),I,AUS,M,UNEMP,PT_LF,_T,Y,_Z,2010-11,5.1089485
DATAFLOW,OECD.SDD.STES:DSD_KEI@DF_KEI(4.0),I,AUS,M,UNEMP,PT_LF,_T,Y,_Z,2010-10,5.2847575
DATAFLOW,OECD.SDD.STES:DSD_KEI@DF_KEI(4.0),I,AUS,M,UNEMP,PT_LF,_T,Y,_Z,2010-09,5.0544516
DATAFLOW,OECD.SDD.STES:DSD_KEI@DF_KEI(4.0),I,CAN,M,UNEMP,PT_LF,_T,Y,_Z,2009-08,8.7
DATAFLOW,OECD.SDD.STES:DSD_KEI@DF_KEI(4.0),I,CAN,M,UNEMP,PT_LF,_T,Y,_Z,2009-05,8.7
DATAFLOW,OECD.SDD.STES:DSD_KEI@DF_KEI(4.0),I,CAN,M,UNEMP,PT_LF,_T,Y,_Z,2009-03,8.4
DATAFLOW,OECD.SDD.STES:DSD_KEI@DF_KEI(4.0),I,CAN,M,UNEMP,PT_LF,_T,Y,_Z,2021-03,7.7
DATAFLOW,OECD.SDD.STES:DSD_KEI@DF_KEI(4.0),I,CAN,M,UNEMP,PT_LF,_T,Y,_Z,2020-11,8.6
DATAFLOW,OECD.SDD.STES:DSD_KEI@DF_KEI(4.0),I,CAN,M,UNEMP,PT_LF,_T,Y,_Z,2020-09,9.1
DATAFLOW,OECD.SDD.STES:DSD_KEI@DF_KEI(4.0),I,CAN,M,UNEMP,PT_LF,_T,Y,_Z,2020-08,10.1
DATAFLOW,OECD.SDD.STES:DSD_KEI@DF_KEI(4.0),I,CAN,M,UNEMP,PT_LF,_T,Y,_Z,2020-07,10.9
DATAFLOW,OECD.SDD.STES:DSD_KEI@DF_KEI(4.0),I,CAN,M,UNEMP,PT_LF,_T,Y,_Z,2020-06,12.6
DATAFLOW,OECD.SDD.STES:DSD_KEI@DF_KEI(4.0),I,CAN,M,UNEMP,PT_LF,_T,Y,_Z,2020-05,14.2
DATAFLOW,OECD.SDD.STES:DSD_KEI@DF_KEI(4.0),I,CAN,M,UNEMP,PT_LF,_T,Y,_Z,2020-04,13.7
DATAFLOW,OECD.SDD.STES:DSD_KEI@DF_KEI(4.0),I,CAN,M,UNEMP,PT_LF,_T,Y,_Z,2020-03,8.5
DATAFLOW,OECD.SDD.STES:DSD_KEI@DF_KEI(4.0),I,CAN,M,UNEMP,PT_LF,_T,Y,_Z,2020-02,5.8
DATAFLOW,OECD.SDD.STES:DSD_KEI@DF_KEI(4.0),I,CAN,M,UNEMP,PT_LF,_T,Y,_Z,2019-08,5.7
DATAFLOW,OECD.SDD.STES:DSD_KEI@DF_KEI(4.0),I,CAN,M,UNEMP,PT_LF,_T,Y,_Z,2019-07,5.7
DATAFLOW,OECD.SDD.STES:DSD_KEI@DF_KEI(4.0),I,CAN,M,UNEMP,PT_LF,_T,Y,_Z,2019-05,5.5
DATAFLOW,OECD.SDD.STES:DSD_KEI@DF_KEI(4.0),I,CAN,M,UNEMP,PT_LF,_T,Y,_Z,2019-03,5.8
DATAFLOW,OECD.SDD.STES:DSD_KEI@DF_KEI(4.0),I,CAN,M,UNEMP,PT_LF,_T,Y,_Z,2018-12,5.6
DATAFLOW,OECD.SDD.STES:DSD_KEI@DF_KEI(4.0),I,CAN,M,UNEMP,PT_LF,_T,Y,_Z,2018-10,5.6
DATAFLOW,OECD.SDD.STES:DSD_KEI@DF_KEI(4.0),I,CAN,M,UNEMP,PT_LF,_T,Y,_Z,2017-11,6.2
DATAFLOW,OECD.SDD.STES:DSD_KEI@DF_KEI(4.0),I,CAN,M,UNEMP,PT_LF,_T,Y,_Z,2017-10,6.3
DATAFLOW,OECD.SDD.STES:DSD_KEI@DF_KEI(4.0),I,CAN,M,UNEMP,PT_LF,_T,Y,_Z,2017-01,6.9
DATAFLOW,OECD.SDD.STES:DSD_KEI@DF_KEI(4.0),I,CAN,M,UNEMP,PT_LF,_T,Y,_Z,2016-07,7.0
DATAFLOW,OECD.SDD.STES:DSD_KEI@DF_KEI(4.0),I,CAN,M,UNEMP,PT_LF,_T,Y,_Z,2016-06,7.0
DATAFLOW,OECD.SDD.STES:DSD_KEI@DF_KEI(4.0),I,CAN,M,UNEMP,PT_LF,_T,Y,_Z,2016-05,7.1
DATAFLOW,OECD.SDD.STES:DSD_KEI@DF_KEI(4.0),I,CAN,M,UNEMP,PT_LF,_T,Y,_Z,2016-01,7.2
DATAFLOW,OECD.SDD.STES:DSD_KEI@DF_KEI(4.0),I,CAN,M,UNEMP,PT_LF,_T,Y,_Z,2015-12,7.3
DATAFLOW,OECD.SDD.STES:DSD_KEI@DF_KEI(4.0),I,CAN,M,UNEMP,PT_LF,_T,Y,_Z,2015-08,7.1
DATAFLOW,OECD.SDD.STES:DSD_KEI@DF_KEI(4.0),I,CAN,M,UNEMP,PT_LF,_T,Y,_Z,2015-07,7.0
DATAFLOW,OECD.SDD.STES:DSD_KEI@DF_KEI(4.0),I,CAN,M,UNEMP,PT_LF,_T,Y,_Z,2015-05,6.9
DATAFLOW,OECD.SDD.STES:DSD_KEI@DF_KEI(4.0),I,CAN,M,UNEMP,PT_LF,_T,Y,_Z,2015-04,7.0
DATAFLOW,OECD.SDD.STES:DSD_KEI@DF_KEI(4.0),I,CAN,M,UNEMP,PT_LF,_T,Y,_Z,2015-03,6.9
DATAFLOW,OECD.SDD.STES:DSD_KEI@DF_KEI(4.0),I,CAN,M,UNEMP,PT_LF,_T,Y,_Z,2014-06,7.2
DATAFLOW,OECD.SDD.STES:DSD_KEI@DF_KEI(4.0),I,CAN,M,UNEMP,PT_LF,_T,Y,_Z,2014-02,7.3
DATAFLOW,OECD.SDD.STES:DSD_KEI@DF_KEI(4.0),I,CAN,M,UNEMP,PT_LF,_T,Y,_Z,2014-01,7.3
DATAFLOW,OECD.SDD.STES:DSD_KEI@DF_KEI(4.0),I,CAN,M,UNEMP,PT_LF,_T,Y,_Z,2013-10,7.3
DATAFLOW,OECD.SDD.STES:DSD_KEI@DF_KEI(4.0),I,CAN,M,UNEMP,PT_LF,_T,Y,_Z,2013-08,7.3
DATAFLOW,OECD.SDD.STES:DSD_KEI@DF_KEI(4.0),I,CAN,M,UNEMP,PT_LF,_T,Y,_Z,2013-05,7.1
DATAFLOW,OECD.SDD.STES:DSD_KEI@DF_KEI(4.0),I,CAN,M,UNEMP,PT_LF,_T,Y,_Z,2013-02,7.1
DATAFLOW,OECD.SDD.STES:DSD_KEI@DF_KEI(4.0),I,CAN,M,UNEMP,PT_LF,_T,Y,_Z,2012-12,7.3
DATAFLOW,OECD.SDD.STES:DSD_KEI@DF_KEI(4.0),I,CAN,M,UNEMP,PT_LF,_T,Y,_Z,2012-11,7.4
DATAFLOW,OECD.SDD.STES:DSD_KEI@DF_KEI(4.0),I,CAN,M,UNEMP,PT_LF,_T,Y,_Z,2012-05,7.6
DATAFLOW,OECD.SDD.STES:DSD_KEI@DF_KEI(4.0),I,CAN,M,UNEMP,PT_LF,_T,Y,_Z,2012-03,7.4
DATAFLOW,OECD.SDD.STES:DSD_KEI@DF_KEI(4.0),I,CAN,M,UNEMP,PT_LF,_T,Y,_Z,2011-09,7.5
DATAFLOW,OECD.SDD.STES:DSD_KEI@DF_KEI(4.0),I,CAN,M,UNEMP,PT_LF,_T,Y,_Z,2010-11,7.9
DATAFLOW,OECD.SDD.STES:DSD_KEI@DF_KEI(4.0),I,CAN,M,UNEMP,PT_LF,_T,Y,_Z,2010-05,8.2
DATAFLOW,OECD.SDD.STES:DSD_KEI@DF_KEI(4.0),I,CAN,M,UNEMP,PT_LF,_T,Y,_Z,2009-10,8.6
DATAFLOW,OECD.SDD.STES:DSD_KEI@DF_KEI(4.0),I,CAN,M,UNEMP,PT_LF,_T,Y,_Z,2026-01,6.5
DATAFLOW,OECD.SDD.STES:DSD_KEI@DF_KEI(4.0),I,CAN,M,UNEMP,PT_LF,_T,Y,_Z,2025-12,6.8
DATAFLOW,OECD.SDD.STES:DSD_KEI@DF_KEI(4.0),I,CAN,M,UNEMP,PT_LF,_T,Y,_Z,2025-11,6.6
DATAFLOW,OECD.SDD.STES:DSD_KEI@DF_KEI(4.0),I,CAN,M,UNEMP,PT_LF,_T,Y,_Z,2025-10,6.9
DATAFLOW,OECD.SDD.STES:DSD_KEI@DF_KEI(4.0),I,CAN,M,UNEMP,PT_LF,_T,Y,_Z,2025-09,7.1
DATAFLOW,OECD.SDD.STES:DSD_KEI@DF_KEI(4.0),I,CAN,M,UNEMP,PT_LF,_T,Y,_Z,2025-08,7.1
DATAFLOW,OECD.SDD.STES:DSD_KEI@DF_KEI(4.0),I,CAN,M,UNEMP,PT_LF,_T,Y,_Z,2025-07,6.9
DATAFLOW,OECD.SDD.STES:DSD_KEI@DF_KEI(4.0),I,CAN,M,UNEMP,PT_LF,_T,Y,_Z,2025-06,6.9
DATAFLOW,OECD.SDD.STES:DSD_KEI@DF_KEI(4.0),I,CAN,M,UNEMP,PT_LF,_T,Y,_Z,2025-05,7.0
DATAFLOW,OECD.SDD.STES:DSD_KEI@DF_KEI(4.0),I,CAN,M,UNEMP,PT_LF,_T,Y,_Z,2025-04,6.9
DATAFLOW,OECD.SDD.STES:DSD_KEI@DF_KEI(4.0),I,CAN,M,UNEMP,PT_LF,_T,Y,_Z,2025-03,6.8
DATAFLOW,OECD.SDD.STES:DSD_KEI@DF_KEI(4.0),I,CAN,M,UNEMP,PT_LF,_T,Y,_Z,2025-02,6.6
DATAFLOW,OECD.SDD.STES:DSD_KEI@DF_KEI(4.0),I,AUS,M,UNEMP,PT_LF,_T,Y,_Z,2022-08,3.5297133
DATAFLOW,OECD.SDD.STES:DSD_KEI@DF_KEI(4.0),I,AUS,M,UNEMP,PT_LF,_T,Y,_Z,2022-07,3.4532786
DATAFLOW,OECD.SDD.STES:DSD_KEI@DF_KEI(4.0),I,AUS,M,UNEMP,PT_LF,_T,Y,_Z,2022-06,3.6078442
DATAFLOW,OECD.SDD.STES:DSD_KEI@DF_KEI(4.0),I,AUS,M,UNEMP,PT_LF,_T,Y,_Z,2022-05,3.9364136
DATAFLOW,OECD.SDD.STES:DSD_KEI@DF_KEI(4.0),I,AUS,M,UNEMP,PT_LF,_T,Y,_Z,2022-04,3.8661439
DATAFLOW,OECD.SDD.STES:DSD_KEI@DF_KEI(4.0),I,AUS,M,UNEMP,PT_LF,_T,Y,_Z,2022-03,3.9771841
DATAFLOW,OECD.SDD.STES:DSD_KEI@DF_KEI(4.0),I,AUS,M,UNEMP,PT_LF,_T,Y,_Z,2022-02,4.0349459
DATAFLOW,OECD.SDD.STES:DSD_KEI@DF_KEI(4.0),I,AUS,M,UNEMP,PT_LF,_T,Y,_Z,2022-01,4.1670919
DATAFLOW,OECD.SDD.STES:DSD_KEI@DF_KEI(4.0),I,AUS,M,UNEMP,PT_LF,_T,Y,_Z,2021-12,4.1993174
DATAFLOW,OECD.SDD.STES:DSD_KEI@DF_KEI(4.0),I,AUS,M,UNEMP,PT_LF,_T,Y,_Z,2021-11,4.628323
DATAFLOW,OECD.SDD.STES:DSD_KEI@DF_KEI(4.0),I,AUS,M,UNEMP,PT_LF,_T,Y,_Z,2021-10,5.2330068
DATAFLOW,OECD.SDD.STES:DSD_KEI@DF_KEI(4.0),I,AUS,M,UNEMP,PT_LF,_T,Y,_Z,2021-09,4.7043318
DATAFLOW,OECD.SDD.STES:DSD_KEI@DF_KEI(4.0),I,AUS,M,UNEMP,PT_LF,_T,Y,_Z,2021-08,4.5755463
DATAFLOW,OECD.SDD.STES:DSD_KEI@DF_KEI(4.0),I,AUS,M,UNEMP,PT_LF,_T,Y,_Z,2021-07,4.7294857
DATAFLOW,OECD.SDD.STES:DSD_KEI@DF_KEI(4.0),I,AUS,M,UNEMP,PT_LF,_T,Y,_Z,2021-06,5.0247339
DATAFLOW,OECD.SDD.STES:DSD_KEI@DF_KEI(4.0),I,AUS,M,UNEMP,PT_LF,_T,Y,_Z,2021-05,5.1077974
DATAFLOW,OECD.SDD.STES:DSD_KEI@DF_KEI(4.0),I,AUS,M,UNEMP,PT_LF,_T,Y,_Z,2021-04,5.4786082
DATAFLOW,OECD.SDD.STES:DSD_KEI@DF_KEI(4.0),I,AUS,M,UNEMP,PT_LF,_T,Y,_Z,2021-03,5.6706667
DATAFLOW,OECD.SDD.STES:DSD_KEI@DF_KEI(4.0),I,AUS,M,UNEMP,PT_LF,_T,Y,_Z,2021-02,5.8490972
DATAFLOW,OECD.SDD.STES:DSD_KEI@DF_KEI(4.0),I,AUS,M,UNEMP,PT_LF,_T,Y,_Z,2021-01,6.2792171
DATAFLOW,OECD.SDD.STES:DSD_KEI@DF_KEI(4.0),I,AUS,M,UNEMP,PT_LF,_T,Y,_Z,2020-12,6.5446698
DATAFLOW,OECD.SDD.STES:DSD_KEI@DF_KEI(4.0),I,AUS,M,UNEMP,PT_LF,_T,Y,_Z,2020-11,6.8072366
DATAFLOW,OECD.SDD.STES:DSD_KEI@DF_KEI(4.0),I,AUS,M,UNEMP,PT_LF,_T,Y,_Z,2020-10,6.947007
DATAFLOW,OECD.SDD.STES:DSD_KEI@DF_KEI(4.0),I,AUS,M,UNEMP,PT_LF,_T,Y,_Z,2020-09,6.9272651
DATAFLOW,OECD.SDD.STES:DSD_KEI@DF_KEI(4.0),I,AUS,M,UNEMP,PT_LF,_T,Y,_Z,2020-08,6.7961039
DATAFLOW,OECD.SDD.STES:DSD_KEI@DF_KEI(4.0),I,AUS,M,UNEMP,PT_LF,_T,Y,_Z,2020-07,7.443364
DATAFLOW,OECD.SDD.STES:DSD_KEI@DF_KEI(4.0),I,AUS,M,UNEMP,PT_LF,_T,Y,_Z,2020-06,7.4245435
DATAFLOW,OECD.SDD.STES:DSD_KEI@DF_KEI(4.0),I,AUS,M,UNEMP,PT_LF,_T,Y,_Z,2020-05,6.9866216
DATAFLOW,OECD.SDD.STES:DSD_KEI@DF_KEI(4.0),I,AUS,M,UNEMP,PT_LF,_T,Y,_Z,2020-04,6.3073056
DATAFLOW,OECD.SDD.STES:DSD_KEI@DF_KEI(4.0),I,AUS,M,UNEMP,PT_LF,_T,Y,_Z,2020-03,5.2002608
DATAFLOW,OECD.SDD.STES:DSD_KEI@DF_KEI(4.0),I,AUS,M,UNEMP,PT_LF,_T,Y,_Z,2020-02,5.1109591
DATAFLOW,OECD.SDD.STES:DSD_KEI@DF_KEI(4.0),I,AUS,M,UNEMP,PT_LF,_T,Y,_Z,2020-01,5.2503979
DATAFLOW,OECD.SDD.STES:DSD_KEI@DF_KEI(4.0),I,AUS,M,UNEMP,PT_LF,_T,Y,_Z,2019-12,5.0304717
DATAFLOW,OECD.SDD.STES:DSD_KEI@DF_KEI(4.0),I,AUS,M,UNEMP,PT_LF,_T,Y,_Z,2019-11,5.1715945
DATAFLOW,OECD.SDD.STES:DSD_KEI@DF_KEI(4.0),I,AUS,M,UNEMP,PT_LF,_T,Y,_Z,2019-10,5.300969
DATAFLOW,OECD.SDD.STES:DSD_KEI@DF_KEI(4.0),I,AUS,M,UNEMP,PT_LF,_T,Y,_Z,2019-09,5.2280405
DATAFLOW,OECD.SDD.STES:DSD_KEI@DF_KEI(4.0),I,AUS,M,UNEMP,PT_LF,_T,Y,_Z,2019-08,5.2585543
DATAFLOW,OECD.SDD.STES:DSD_KEI@DF_KEI(4.0),I,AUS,M,UNEMP,PT_LF,_T,Y,_Z,2019-07,5.2795124
DATAFLOW,OECD.SDD.STES:DSD_KEI@DF_KEI(4.0),I,AUS,M,UNEMP,PT_LF,_T,Y,_Z,2019-06,5.260277
DATAFLOW,OECD.SDD.STES:DSD_KEI@DF_KEI(4.0),I,AUS,M,UNEMP,PT_LF,_T,Y,_Z,2019-05,5.1948819
DATAFLOW,OECD.SDD.STES:DSD_KEI@DF_KEI(4.0),I,AUS,M,UNEMP,PT_LF,_T,Y,_Z,2019-04,5.2222297
DATAFLOW,OECD.SDD.STES:DSD_KEI@DF_KEI(4.0),I,AUS,M,UNEMP,PT_LF,_T,Y,_Z,2019-03,5.0926154
DATAFLOW,OECD.SDD.STES:DSD_KEI@DF_KEI(4.0),I,AUS,M,UNEMP,PT_LF,_T,Y,_Z,2019-02,4.990817
DATAFLOW,OECD.SDD.STES:DSD_KEI@DF_KEI(4.0),I,AUS,M,UNEMP,PT_LF,_T,Y,_Z,2019-01,5.0487262
DATAFLOW,OECD.SDD.STES:DSD_KEI@DF_KEI(4.0),I,AUS,M,UNEMP,PT_LF,_T,Y,_Z,2018-12,5.0114076
DATAFLOW,OECD.SDD.STES:DSD_KEI@DF_KEI(4.0),I,AUS,M,UNEMP,PT_LF,_T,Y,_Z,2018-11,5.108704
DATAFLOW,OECD.SDD.STES:DSD_KEI@DF_KEI(4.0),I,AUS,M,UNEMP,PT_LF,_T,Y,_Z,2023-03,3.5843707
DATAFLOW,OECD.SDD.STES:DSD_KEI@DF_KEI(4.0),I,AUS,M,UNEMP,PT_LF,_T,Y,_Z,2023-02,3.6118515
DATAFLOW,OECD.SDD.STES:DSD_KEI@DF_KEI(4.0),I,AUS,M,UNEMP,PT_LF,_T,Y,_Z,2023-01,3.6660408
DATAFLOW,OECD.SDD.STES:DSD_KEI@DF_KEI(4.0),I,AUS,M,UNEMP,PT_LF,_T,Y,_Z,2022-12,3.5198861
DATAFLOW,OECD.SDD.STES:DSD_KEI@DF_KEI(4.0),I,AUS,M,UNEMP,PT_LF,_T,Y,_Z,2022-11,3.5100788
DATAFLOW,OECD.SDD.STES:DSD_KEI@DF_KEI(4.0),I,AUS,M,UNEMP,PT_LF,_T,Y,_Z,2022-10,3.4334478
DATAFLOW,OECD.SDD.STES:DSD_KEI@DF_KEI(4.0),I,AUS,M,UNEMP,PT_LF,_T,Y,_Z,2022-09,3.5999976
DATAFLOW,OECD.SDD.STES:DSD_KEI@DF_KEI(4.0),I,AUS,M,UNEMP,PT_LF,_T,Y,_Z,2017-03,5.8471371
DATAFLOW,OECD.SDD.STES:DSD_KEI@DF_KEI(4.0),I,AUS,M,UNEMP,PT_LF,_T,Y,_Z,2017-02,5.8931622
DATAFLOW,OECD.SDD.STES:DSD_KEI@DF_KEI(4.0),I,AUS,M,UNEMP,PT_LF,_T,Y,_Z,2017-01,5.6867291
DATAFLOW,OECD.SDD.STES:DSD_KEI@DF_KEI(4.0),I,CAN,M,UNEMP,PT_LF,_T,Y,_Z,2021-09,7.0
DATAFLOW,OECD.SDD.STES:DSD_KEI@DF_KEI(4.0),I,CAN,M,UNEMP,PT_LF,_T,Y,_Z,2021-08,7.1
DATAFLOW,OECD.SDD.STES:DSD_KEI@DF_KEI(4.0),I,CAN,M,UNEMP,PT_LF,_T,Y,_Z,2021-07,7.4
DATAFLOW,OECD.SDD.STES:DSD_KEI@DF_KEI(4.0),I,CAN,M,UNEMP,PT_LF,_T,Y,_Z,2021-06,7.9
DATAFLOW,OECD.SDD.STES:DSD_KEI@DF_KEI(4.0),I,CAN,M,UNEMP,PT_LF,_T,Y,_Z,2021-05,8.3
DATAFLOW,OECD.SDD.STES:DSD_KEI@DF_KEI(4.0),I,CAN,M,UNEMP,PT_LF,_T,Y,_Z,2007-08,6.0
DATAFLOW,OECD.SDD.STES:DSD_KEI@DF_KEI(4.0),I,CAN,M,UNEMP,PT_LF,_T,Y,_Z,2007-07,6.0
DATAFLOW,OECD.SDD.STES:DSD_KEI@DF_KEI(4.0),I,CAN,M,UNEMP,PT_LF,_T,Y,_Z,2007-06,6.1
DATAFLOW,OECD.SDD.STES:DSD_KEI@DF_KEI(4.0),I,CAN,M,UNEMP,PT_LF,_T,Y,_Z,2007-05,6.2
DATAFLOW,OECD.SDD.STES:DSD_KEI@DF_KEI(4.0),I,CAN,M,UNEMP,PT_LF,_T,Y,_Z,2007-04,6.3
DATAFLOW,OECD.SDD.STES:DSD_KEI@DF_KEI(4.0),I,CAN,M,UNEMP,PT_LF,_T,Y,_Z,2007-03,6.3
DATAFLOW,OECD.SDD.STES:DSD_KEI@DF_KEI(4.0),I,CAN,M,UNEMP,PT_LF,_T,Y,_Z,2007-02,6.3
DATAFLOW,OECD.SDD.STES:DSD_KEI@DF_KEI(4.0),I,CAN,M,UNEMP,PT_LF,_T,Y,_Z,2007-01,6.4
DATAFLOW,OECD.SDD.STES:DSD_KEI@DF_KEI(4.0),I,CAN,M,UNEMP,PT_LF,_T,Y,_Z,2023-12,5.8
DATAFLOW,OECD.SDD.STES:DSD_KEI@DF_KEI(4.0),I,CAN,M,UNEMP,PT_LF,_T,Y,_Z,2023-10,5.7
DATAFLOW,OECD.SDD.STES:DSD_KEI@DF_KEI(4.0),I,CAN,M,UNEMP,PT_LF,_T,Y,_Z,2023-06,5.4
DATAFLOW,OECD.SDD.STES:DSD_KEI@DF_KEI(4.0),I,CAN,M,UNEMP,PT_LF,_T,Y,_Z,2022-12,5.0
DATAFLOW,OECD.SDD.STES:DSD_KEI@DF_KEI(4.0),I,CAN,M,UNEMP,PT_LF,_T,Y,_Z,2022-05,5.2
DATAFLOW,OECD.SDD.STES:DSD_KEI@DF_KEI(4.0),I,CAN,M,UNEMP,PT_LF,_T,Y,_Z,2021-04,8.2
DATAFLOW,OECD.SDD.STES:DSD_KEI@DF_KEI(4.0),I,CAN,M,UNEMP,PT_LF,_T,Y,_Z,2021-02,8.5
DATAFLOW,OECD.SDD.STES:DSD_KEI@DF_KEI(4.0),I,CAN,M,UNEMP,PT_LF,_T,Y,_Z,2021-01,9.2
DATAFLOW,OECD.SDD.STES:DSD_KEI@DF_KEI(4.0),I,CAN,M,UNEMP,PT_LF,_T,Y,_Z,2020-12,8.9
DATAFLOW,OECD.SDD.STES:DSD_KEI@DF_KEI(4.0),I,CAN,M,UNEMP,PT_LF,_T,Y,_Z,2020-10,9.0
DATAFLOW,OECD.SDD.STES:DSD_KEI@DF_KEI(4.0),I,CAN,M,UNEMP,PT_LF,_T,Y,_Z,2020-01,5.5
DATAFLOW,OECD.SDD.STES:DSD_KEI@DF_KEI(4.0),I,CAN,M,UNEMP,PT_LF,_T,Y,_Z,2019-12,5.6
DATAFLOW,OECD.SDD.STES:DSD_KEI@DF_KEI(4.0),I,CAN,M,UNEMP,PT_LF,_T,Y,_Z,2019-11,5.9
DATAFLOW,OECD.SDD.STES:DSD_KEI@DF_KEI(4.0),I,CAN,M,UNEMP,PT_LF,_T,Y,_Z,2019-10,5.6
DATAFLOW,OECD.SDD.STES:DSD_KEI@DF_KEI(4.0),I,CAN,M,UNEMP,PT_LF,_T,Y,_Z,2019-09,5.6
DATAFLOW,OECD.SDD.STES:DSD_KEI@DF_KEI(4.0),I,CAN,M,UNEMP,PT_LF,_T,Y,_Z,2019-06,5.6
DATAFLOW,OECD.SDD.STES:DSD_KEI@DF_KEI(4.0),I,CAN,M,UNEMP,PT_LF,_T,Y,_Z,2019-04,5.7
DATAFLOW,OECD.SDD.STES:DSD_KEI@DF_KEI(4.0),I,CAN,M,UNEMP,PT_LF,_T,Y,_Z,2019-02,5.8
DATAFLOW,OECD.SDD.STES:DSD_KEI@DF_KEI(4.0),I,CAN,M,UNEMP,PT_LF,_T,Y,_Z,2019-01,5.7
DATAFLOW,OECD.SDD.STES:DSD_KEI@DF_KEI(4.0),I,CAN,M,UNEMP,PT_LF,_T,Y,_Z,2018-11,5.7
DATAFLOW,OECD.SDD.STES:DSD_KEI@DF_KEI(4.0),I,CAN,M,UNEMP,PT_LF,_T,Y,_Z,2018-09,5.8
DATAFLOW,OECD.SDD.STES:DSD_KEI@DF_KEI(4.0),I,CAN,M,UNEMP,PT_LF,_T,Y,_Z,2018-08,6.0
DATAFLOW,OECD.SDD.STES:DSD_KEI@DF_KEI(4.0),I,CAN,M,UNEMP,PT_LF,_T,Y,_Z,2018-07,5.9
DATAFLOW,OECD.SDD.STES:DSD_KEI@DF_KEI(4.0),I,CAN,M,UNEMP,PT_LF,_T,Y,_Z,2018-06,6.0
DATAFLOW,OECD.SDD.STES:DSD_KEI@DF_KEI(4.0),I,CAN,M,UNEMP,PT_LF,_T,Y,_Z,2018-05,5.9
DATAFLOW,OECD.SDD.STES:DSD_KEI@DF_KEI(4.0),I,CAN,M,UNEMP,PT_LF,_T,Y,_Z,2018-04,5.8
DATAFLOW,OECD.SDD.STES:DSD_KEI@DF_KEI(4.0),I,CAN,M,UNEMP,PT_LF,_T,Y,_Z,2018-03,5.8
DATAFLOW,OECD.SDD.STES:DSD_KEI@DF_KEI(4.0),I,CAN,M,UNEMP,PT_LF,_T,Y,_Z,2018-02,6.0
DATAFLOW,OECD.SDD.STES:DSD_KEI@DF_KEI(4.0),I,CAN,M,UNEMP,PT_LF,_T,Y,_Z,2018-01,5.9
DATAFLOW,OECD.SDD.STES:DSD_KEI@DF_KEI(4.0),I,CAN,M,UNEMP,PT_LF,_T,Y,_Z,2017-12,6.0
DATAFLOW,OECD.SDD.STES:DSD_KEI@DF_KEI(4.0),I,CAN,M,UNEMP,PT_LF,_T,Y,_Z,2017-09,6.2
DATAFLOW,OECD.SDD.STES:DSD_KEI@DF_KEI(4.0),I,CAN,M,UNEMP,PT_LF,_T,Y,_Z,2017-08,6.2
DATAFLOW,OECD.SDD.STES:DSD_KEI@DF_KEI(4.0),I,CAN,M,UNEMP,PT_LF,_T,Y,_Z,2017-07,6.3
DATAFLOW,OECD.SDD.STES:DSD_KEI@DF_KEI(4.0),I,CAN,M,UNEMP,PT_LF,_T,Y,_Z,2017-06,6.5
DATAFLOW,OECD.SDD.STES:DSD_KEI@DF_KEI(4.0),I,CAN,M,UNEMP,PT_LF,_T,Y,_Z,2017-05,6.6
DATAFLOW,OECD.SDD.STES:DSD_KEI@DF_KEI(4.0),I,CAN,M,UNEMP,PT_LF,_T,Y,_Z,2017-04,6.5
DATAFLOW,OECD.SDD.STES:DSD_KEI@DF_KEI(4.0),I,CAN,M,UNEMP,PT_LF,_T,Y,_Z,2017-03,6.7
DATAFLOW,OECD.SDD.STES:DSD_KEI@DF_KEI(4.0),I,CAN,M,UNEMP,PT_LF,_T,Y,_Z,2017-02,6.6
DATAFLOW,OECD.SDD.STES:DSD_KEI@DF_KEI(4.0),I,CAN,M,UNEMP,PT_LF,_T,Y,_Z,2016-12,6.9
DATAFLOW,OECD.SDD.STES:DSD_KEI@DF_KEI(4.0),I,CAN,M,UNEMP,PT_LF,_T,Y,_Z,2016-11,6.8
DATAFLOW,OECD.SDD.STES:DSD_KEI@DF_KEI(4.0),I,CAN,M,UNEMP,PT_LF,_T,Y,_Z,2016-10,6.9
DATAFLOW,OECD.SDD.STES:DSD_KEI@DF_KEI(4.0),I,CAN,M,UNEMP,PT_LF,_T,Y,_Z,2016-09,7.0
DATAFLOW,OECD.SDD.STES:DSD_KEI@DF_KEI(4.0),I,CAN,M,UNEMP,PT_LF,_T,Y,_Z,2016-08,6.9
DATAFLOW,OECD.SDD.STES:DSD_KEI@DF_KEI(4.0),I,CAN,M,UNEMP,PT_LF,_T,Y,_Z,2016-04,7.3
DATAFLOW,OECD.SDD.STES:DSD_KEI@DF_KEI(4.0),I,CAN,M,UNEMP,PT_LF,_T,Y,_Z,2016-03,7.2
DATAFLOW,OECD.SDD.STES:DSD_KEI@DF_KEI(4.0),I,CAN,M,UNEMP,PT_LF,_T,Y,_Z,2016-02,7.3
DATAFLOW,OECD.SDD.STES:DSD_KEI@DF_KEI(4.0),I,CAN,M,UNEMP,PT_LF,_T,Y,_Z,2015-11,7.1
DATAFLOW,OECD.SDD.STES:DSD_KEI@DF_KEI(4.0),I,CAN,M,UNEMP,PT_LF,_T,Y,_Z,2015-10,7.0
DATAFLOW,OECD.SDD.STES:DSD_KEI@DF_KEI(4.0),I,CAN,M,UNEMP,PT_LF,_T,Y,_Z,2015-09,7.1
DATAFLOW,OECD.SDD.STES:DSD_KEI@DF_KEI(4.0),I,CAN,M,UNEMP,PT_LF,_T,Y,_Z,2015-06,6.9
DATAFLOW,OECD.SDD.STES:DSD_KEI@DF_KEI(4.0),I,CAN,M,UNEMP,PT_LF,_T,Y,_Z,2015-02,6.9
DATAFLOW,OECD.SDD.STES:DSD_KEI@DF_KEI(4.0),I,CAN,M,UNEMP,PT_LF,_T,Y,_Z,2015-01,6.8
DATAFLOW,OECD.SDD.STES:DSD_KEI@DF_KEI(4.0),I,CAN,M,UNEMP,PT_LF,_T,Y,_Z,2014-12,6.7
DATAFLOW,OECD.SDD.STES:DSD_KEI@DF_KEI(4.0),I,CAN,M,UNEMP,PT_LF,_T,Y,_Z,2014-11,6.8
DATAFLOW,OECD.SDD.STES:DSD_KEI@DF_KEI(4.0),I,CAN,M,UNEMP,PT_LF,_T,Y,_Z,2014-10,6.8
DATAFLOW,OECD.SDD.STES:DSD_KEI@DF_KEI(4.0),I,CAN,M,UNEMP,PT_LF,_T,Y,_Z,2014-09,7.0
DATAFLOW,OECD.SDD.STES:DSD_KEI@DF_KEI(4.0),I,CAN,M,UNEMP,PT_LF,_T,Y,_Z,2014-08,7.0
DATAFLOW,OECD.SDD.STES:DSD_KEI@DF_KEI(4.0),I,CAN,M,UNEMP,PT_LF,_T,Y,_Z,2014-07,7.1
DATAFLOW,OECD.SDD.STES:DSD_KEI@DF_KEI(4.0),I,CAN,M,UNEMP,PT_LF,_T,Y,_Z,2014-05,7.3
DATAFLOW,OECD.SDD.STES:DSD_KEI@DF_KEI(4.0),I,CAN,M,UNEMP,PT_LF,_T,Y,_Z,2014-04,7.1
DATAFLOW,OECD.SDD.STES:DSD_KEI@DF_KEI(4.0),I,CAN,M,UNEMP,PT_LF,_T,Y,_Z,2014-03,7.1
DATAFLOW,OECD.SDD.STES:DSD_KEI@DF_KEI(4.0),I,CAN,M,UNEMP,PT_LF,_T,Y,_Z,2013-12,7.4
DATAFLOW,OECD.SDD.STES:DSD_KEI@DF_KEI(4.0),I,CAN,M,UNEMP,PT_LF,_T,Y,_Z,2013-11,7.1
DATAFLOW,OECD.SDD.STES:DSD_KEI@DF_KEI(4.0),I,CAN,M,UNEMP,PT_LF,_T,Y,_Z,2013-09,7.1
DATAFLOW,OECD.SDD.STES:DSD_KEI@DF_KEI(4.0),I,CAN,M,UNEMP,PT_LF,_T,Y,_Z,2013-07,7.3
DATAFLOW,OECD.SDD.STES:DSD_KEI@DF_KEI(4.0),I,CAN,M,UNEMP,PT_LF,_T,Y,_Z,2013-06,7.2
DATAFLOW,OECD.SDD.STES:DSD_KEI@DF_KEI(4.0),I,CAN,M,UNEMP,PT_LF,_T,Y,_Z,2013-04,7.2
DATAFLOW,OECD.SDD.STES:DSD_KEI@DF_KEI(4.0),I,CAN,M,UNEMP,PT_LF,_T,Y,_Z,2013-03,7.3
DATAFLOW,OECD.SDD.STES:DSD_KEI@DF_KEI(4.0),I,CAN,M,UNEMP,PT_LF,_T,Y,_Z,2013-01,7.1
DATAFLOW,OECD.SDD.STES:DSD_KEI@DF_KEI(4.0),I,CAN,M,UNEMP,PT_LF,_T,Y,_Z,2012-10,7.4
DATAFLOW,OECD.SDD.STES:DSD_KEI@DF_KEI(4.0),I,CAN,M,UNEMP,PT_LF,_T,Y,_Z,2012-09,7.4
DATAFLOW,OECD.SDD.STES:DSD_KEI@DF_KEI(4.0),I,CAN,M,UNEMP,PT_LF,_T,Y,_Z,2012-08,7.4
DATAFLOW,OECD.SDD.STES:DSD_KEI@DF_KEI(4.0),I,CAN,M,UNEMP,PT_LF,_T,Y,_Z,2012-07,7.3
DATAFLOW,OECD.SDD.STES:DSD_KEI@DF_KEI(4.0),I,CAN,M,UNEMP,PT_LF,_T,Y,_Z,2012-06,7.4
DATAFLOW,OECD.SDD.STES:DSD_KEI@DF_KEI(4.0),I,CAN,M,UNEMP,PT_LF,_T,Y,_Z,2012-04,7.4
DATAFLOW,OECD.SDD.STES:DSD_KEI@DF_KEI(4.0),I,CAN,M,UNEMP,PT_LF,_T,Y,_Z,2012-02,7.6
DATAFLOW,OECD.SDD.STES:DSD_KEI@DF_KEI(4.0),I,CAN,M,UNEMP,PT_LF,_T,Y,_Z,2012-01,7.7
DATAFLOW,OECD.SDD.STES:DSD_KEI@DF_KEI(4.0),I,CAN,M,UNEMP,PT_LF,_T,Y,_Z,2011-12,7.5
DATAFLOW,OECD.SDD.STES:DSD_KEI@DF_KEI(4.0),I,CAN,M,UNEMP,PT_LF,_T,Y,_Z,2011-11,7.6
DATAFLOW,OECD.SDD.STES:DSD_KEI@DF_KEI(4.0),I,CAN,M,UNEMP,PT_LF,_T,Y,_Z,2011-10,7.5
DATAFLOW,OECD.SDD.STES:DSD_KEI@DF_KEI(4.0),I,CAN,M,UNEMP,PT_LF,_T,Y,_Z,2011-08,7.4
DATAFLOW,OECD.SDD.STES:DSD_KEI@DF_KEI(4.0),I,CAN,M,UNEMP,PT_LF,_T,Y,_Z,2011-07,7.4
DATAFLOW,OECD.SDD.STES:DSD_KEI@DF_KEI(4.0),I,CAN,M,UNEMP,PT_LF,_T,Y,_Z,2011-06,7.7
DATAFLOW,OECD.SDD.STES:DSD_KEI@DF_KEI(4.0),I,CAN,M,UNEMP,PT_LF,_T,Y,_Z,2011-05,7.7
DATAFLOW,OECD.SDD.STES:DSD_KEI@DF_KEI(4.0),I,CAN,M,UNEMP,PT_LF,_T,Y,_Z,2011-04,7.8
DATAFLOW,OECD.SDD.STES:DSD_KEI@DF_KEI(4.0),I,CAN,M,UNEMP,PT_LF,_T,Y,_Z,2011-03,7.8
DATAFLOW,OECD.SDD.STES:DSD_KEI@DF_KEI(4.0),I,CAN,M,UNEMP,PT_LF,_T,Y,_Z,2011-02,7.8
DATAFLOW,OECD.SDD.STES:DSD_KEI@DF_KEI(4.0),I,CAN,M,UNEMP,PT_LF,_T,Y,_Z,2011-01,7.8
DATAFLOW,OECD.SDD.STES:DSD_KEI@DF_KEI(4.0),I,CAN,M,UNEMP,PT_LF,_T,Y,_Z,2010-12,7.8
DATAFLOW,OECD.SDD.STES:DSD_KEI@DF_KEI(4.0),I,CAN,M,UNEMP,PT_LF,_T,Y,_Z,2010-10,8.1
DATAFLOW,OECD.SDD.STES:DSD_KEI@DF_KEI(4.0),I,CAN,M,UNEMP,PT_LF,_T,Y,_Z,2010-09,8.2
DATAFLOW,OECD.SDD.STES:DSD_KEI@DF_KEI(4.0),I,CAN,M,UNEMP,PT_LF,_T,Y,_Z,2010-08,8.2
DATAFLOW,OECD.SDD.STES:DSD_KEI@DF_KEI(4.0),I,CAN,M,UNEMP,PT_LF,_T,Y,_Z,2010-07,8.2
DATAFLOW,OECD.SDD.STES:DSD_KEI@DF_KEI(4.0),I,CAN,M,UNEMP,PT_LF,_T,Y,_Z,2010-06,8.0
DATAFLOW,OECD.SDD.STES:DSD_KEI@DF_KEI(4.0),I,CAN,M,UNEMP,PT_LF,_T,Y,_Z,2010-04,8.2
DATAFLOW,OECD.SDD.STES:DSD_KEI@DF_KEI(4.0),I,CAN,M,UNEMP,PT_LF,_T,Y,_Z,2010-03,8.3
DATAFLOW,OECD.SDD.STES:DSD_KEI@DF_KEI(4.0),I,CAN,M,UNEMP,PT_LF,_T,Y,_Z,2010-02,8.4
DATAFLOW,OECD.SDD.STES:DSD_KEI@DF_KEI(4.0),I,CAN,M,UNEMP,PT_LF,_T,Y,_Z,2010-01,8.4
DATAFLOW,OECD.SDD.STES:DSD_KEI@DF_KEI(4.0),I,CAN,M,UNEMP,PT_LF,_T,Y,_Z,2009-12,8.6
DATAFLOW,OECD.SDD.STES:DSD_KEI@DF_KEI(4.0),I,CAN,M,UNEMP,PT_LF,_T,Y,_Z,2009-11,8.6
DATAFLOW,OECD.SDD.STES:DSD_KEI@DF_KEI(4.0),I,CAN,M,UNEMP,PT_LF,_T,Y,_Z,2009-09,8.5
DATAFLOW,OECD.SDD.STES:DSD_KEI@DF_KEI(4.0),I,CAN,M,UNEMP,PT_LF,_T,Y,_Z,2009-07,8.8
DATAFLOW,OECD.SDD.STES:DSD_KEI@DF_KEI(4.0),I,CAN,M,UNEMP,PT_LF,_T,Y,_Z,2009-06,8.8
DATAFLOW,OECD.SDD.STES:DSD_KEI@DF_KEI(4.0),I,CAN,M,UNEMP,PT_LF,_T,Y,_Z,2009-04,8.4
DATAFLOW,OECD.SDD.STES:DSD_KEI@DF_KEI(4.0),I,CAN,M,UNEMP,PT_LF,_T,Y,_Z,2009-02,8.1
DATAFLOW,OECD.SDD.STES:DSD_KEI@DF_KEI(4.0),I,CAN,M,UNEMP,PT_LF,_T,Y,_Z,2009-01,7.5
DATAFLOW,OECD.SDD.STES:DSD_KEI@DF_KEI(4.0),I,CAN,M,UNEMP,PT_LF,_T,Y,_Z,2008-12,7.0
DATAFLOW,OECD.SDD.STES:DSD_KEI@DF_KEI(4.0),I,CAN,M,UNEMP,PT_LF,_T,Y,_Z,2008-11,6.7
DATAFLOW,OECD.SDD.STES:DSD_KEI@DF_KEI(4.0),I,AUS,M,UNEMP,PT_LF,_T,Y,_Z,2010-02,5.297782
DATAFLOW,OECD.SDD.STES:DSD_KEI@DF_KEI(4.0),I,AUS,M,UNEMP,PT_LF,_T,Y,_Z,2010-01,5.2665279
DATAFLOW,OECD.SDD.STES:DSD_KEI@DF_KEI(4.0),I,AUS,M,UNEMP,PT_LF,_T,Y,_Z,2009-12,5.4912349
DATAFLOW,OECD.SDD.STES:DSD_KEI@DF_KEI(4.0),I,AUS,M,UNEMP,PT_LF,_T,Y,_Z,2009-11,5.5584094
DATAFLOW,OECD.SDD.STES:DSD_KEI@DF_KEI(4.0),I,AUS,M,UNEMP,PT_LF,_T,Y,_Z,2009-10,5.6237111
DATAFLOW,OECD.SDD.STES:DSD_KEI@DF_KEI(4.0),I,AUS,M,UNEMP,PT_LF,_T,Y,_Z,2009-09,5.6620114
DATAFLOW,OECD.SDD.STES:DSD_KEI@DF_KEI(4.0),I,AUS,M,UNEMP,PT_LF,_T,Y,_Z,2009-08,5.7148441
DATAFLOW,OECD.SDD.STES:DSD_KEI@DF_KEI(4.0),I,AUS,M,UNEMP,PT_LF,_T,Y,_Z,2009-07,5.6726152
DATAFLOW,OECD.SDD.STES:DSD_KEI@DF_KEI(4.0),I,AUS,M,UNEMP,PT_LF,_T,Y,_Z,2009-06,5.8615321
DATAFLOW,OECD.SDD.STES:DSD_KEI@DF_KEI(4.0),I,AUS,M,UNEMP,PT_LF,_T,Y,_Z,2009-05,5.8119661
DATAFLOW,OECD.SDD.STES:DSD_KEI@DF_KEI(4.0),I,AUS,M,UNEMP,PT_LF,_T,Y,_Z,2009-04,5.5131174
DATAFLOW,OECD.SDD.STES:DSD_KEI@DF_KEI(4.0),I,AUS,M,UNEMP,PT_LF,_T,Y,_Z,2012-02,5.1913351
DATAFLOW,OECD.SDD.STES:DSD_KEI@DF_KEI(4.0),I,AUS,M,UNEMP,PT_LF,_T,Y,_Z,2012-01,5.0497888
DATAFLOW,OECD.SDD.STES:DSD_KEI@DF_KEI(4.0),I,AUS,M,UNEMP,PT_LF,_T,Y,_Z,2011-12,5.1966453
DATAFLOW,OECD.SDD.STES:DSD_KEI@DF_KEI(4.0),I,AUS,M,UNEMP,PT_LF,_T,Y,_Z,2011-11,5.2309715
DATAFLOW,OECD.SDD.STES:DSD_KEI@DF_KEI(4.0),I,AUS,M,UNEMP,PT_LF,_T,Y,_Z,2011-10,5.1875936
DATAFLOW,OECD.SDD.STES:DSD_KEI@DF_KEI(4.0),I,AUS,M,UNEMP,PT_LF,_T,Y,_Z,2011-09,5.221909
DATAFLOW,OECD.SDD.STES:DSD_KEI@DF_KEI(4.0),I,FRA,M,UNEMP,PT_LF,_T,Y,_Z,2014-05,10.1
DATAFLOW,OECD.SDD.STES:DSD_KEI@DF_KEI(4.0),I,FRA,M,UNEMP,PT_LF,_T,Y,_Z,2014-04,10.1
DATAFLOW,OECD.SDD.STES:DSD_KEI@DF_KEI(4.0),I,FRA,M,UNEMP,PT_LF,_T,Y,_Z,2014-03,10.2
DATAFLOW,OECD.SDD.STES:DSD_KEI@DF_KEI(4.0),I,FRA,M,UNEMP,PT_LF,_T,Y,_Z,2014-02,10.2
DATAFLOW,OECD.SDD.STES:DSD_KEI@DF_KEI(4.0),I,FRA,M,UNEMP,PT_LF,_T,Y,_Z,2014-01,10.2
DATAFLOW,OECD.SDD.STES:DSD_KEI@DF_KEI(4.0),I,FRA,M,UNEMP,PT_LF,_T,Y,_Z,2013-12,10.2
DATAFLOW,OECD.SDD.STES:DSD_KEI@DF_KEI(4.0),I,FRA,M,UNEMP,PT_LF,_T,Y,_Z,2013-10,10.1
DATAFLOW,OECD.SDD.STES:DSD_KEI@DF_KEI(4.0),I,FRA,M,UNEMP,PT_LF,_T,Y,_Z,2013-08,10.1
DATAFLOW,OECD.SDD.STES:DSD_KEI@DF_KEI(4.0),I,FRA,M,UNEMP,PT_LF,_T,Y,_Z,2013-07,10.3
DATAFLOW,OECD.SDD.STES:DSD_KEI@DF_KEI(4.0),I,FRA,M,UNEMP,PT_LF,_T,Y,_Z,2013-06,10.4
DATAFLOW,OECD.SDD.STES:DSD_KEI@DF_KEI(4.0),I,FRA,M,UNEMP,PT_LF,_T,Y,_Z,2013-05,10.4
DATAFLOW,OECD.SDD.STES:DSD_KEI@DF_KEI(4.0),I,FRA,M,UNEMP,PT_LF,_T,Y,_Z,2013-04,10.5
DATAFLOW,OECD.SDD.STES:DSD_KEI@DF_KEI(4.0),I,FRA,M,UNEMP,PT_LF,_T,Y,_Z,2013-03,10.4
DATAFLOW,OECD.SDD.STES:DSD_KEI@DF_KEI(4.0),I,FRA,M,UNEMP,PT_LF,_T,Y,_Z,2013-02,10.4
DATAFLOW,OECD.SDD.STES:DSD_KEI@DF_KEI(4.0),I,FRA,M,UNEMP,PT_LF,_T,Y,_Z,2013-01,10.4
DATAFLOW,OECD.SDD.STES:DSD_KEI@DF_KEI(4.0),I,FRA,M,UNEMP,PT_LF,_T,Y,_Z,2012-12,10.3
DATAFLOW,OECD.SDD.STES:DSD_KEI@DF_KEI(4.0),I,FRA,M,UNEMP,PT_LF,_T,Y,_Z,2012-11,10.2
DATAFLOW,OECD.SDD.STES:DSD_KEI@DF_KEI(4.0),I,FRA,M,UNEMP,PT_LF,_T,Y,_Z,2012-09,9.8
DATAFLOW,OECD.SDD.STES:DSD_KEI@DF_KEI(4.0),I,FRA,M,UNEMP,PT_LF,_T,Y,_Z,2012-08,9.7
DATAFLOW,OECD.SDD.STES:DSD_KEI@DF_KEI(4.0),I,FRA,M,UNEMP,PT_LF,_T,Y,_Z,2012-07,9.7
DATAFLOW,OECD.SDD.STES:DSD_KEI@DF_KEI(4.0),I,FRA,M,UNEMP,PT_LF,_T,Y,_Z,2012-06,9.7
DATAFLOW,OECD.SDD.STES:DSD_KEI@DF_KEI(4.0),I,FRA,M,UNEMP,PT_LF,_T,Y,_Z,2012-05,9.7
DATAFLOW,OECD.SDD.STES:DSD_KEI@DF_KEI(4.0),I,FRA,M,UNEMP,PT_LF,_T,Y,_Z,2012-04,9.6
DATAFLOW,OECD.SDD.STES:DSD_KEI@DF_KEI(4.0),I,FRA,M,UNEMP,PT_LF,_T,Y,_Z,2012-02,9.5
DATAFLOW,OECD.SDD.STES:DSD_KEI@DF_KEI(4.0),I,FRA,M,UNEMP,PT_LF,_T,Y,_Z,2011-12,9.4
DATAFLOW,OECD.SDD.STES:DSD_KEI@DF_KEI(4.0),I,FRA,M,UNEMP,PT_LF,_T,Y,_Z,2011-10,9.3
DATAFLOW,OECD.SDD.STES:DSD_KEI@DF_KEI(4.0),I,FRA,M,UNEMP,PT_LF,_T,Y,_Z,2011-09,9.2
DATAFLOW,OECD.SDD.STES:DSD_KEI@DF_KEI(4.0),I,FRA,M,UNEMP,PT_LF,_T,Y,_Z,2011-08,9.2
DATAFLOW,OECD.SDD.STES:DSD_KEI@DF_KEI(4.0),I,FRA,M,UNEMP,PT_LF,_T,Y,_Z,2011-07,9.2
DATAFLOW,OECD.SDD.STES:DSD_KEI@DF_KEI(4.0),I,FRA,M,UNEMP,PT_LF,_T,Y,_Z,2011-05,9.1
DATAFLOW,OECD.SDD.STES:DSD_KEI@DF_KEI(4.0),I,FRA,M,UNEMP,PT_LF,_T,Y,_Z,2011-04,9.1
DATAFLOW,OECD.SDD.STES:DSD_KEI@DF_KEI(4.0),I,FRA,M,UNEMP,PT_LF,_T,Y,_Z,2011-03,9.1
DATAFLOW,OECD.SDD.STES:DSD_KEI@DF_KEI(4.0),I,FRA,M,UNEMP,PT_LF,_T,Y,_Z,2011-02,9.2
DATAFLOW,OECD.SDD.STES:DSD_KEI@DF_KEI(4.0),I,FRA,M,UNEMP,PT_LF,_T,Y,_Z,2011-01,9.2
DATAFLOW,OECD.SDD.STES:DSD_KEI@DF_KEI(4.0),I,FRA,M,UNEMP,PT_LF,_T,Y,_Z,2010-12,9.2
DATAFLOW,OECD.SDD.STES:DSD_KEI@DF_KEI(4.0),I,FRA,M,UNEMP,PT_LF,_T,Y,_Z,2010-11,9.2
DATAFLOW,OECD.SDD.STES:DSD_KEI@DF_KEI(4.0),I,FRA,M,UNEMP,PT_LF,_T,Y,_Z,2010-10,9.2
DATAFLOW,OECD.SDD.STES:DSD_KEI@DF_KEI(4.0),I,FRA,M,UNEMP,PT_LF,_T,Y,_Z,2010-09,9.2
DATAFLOW,OECD.SDD.STES:DSD_KEI@DF_KEI(4.0),I,FRA,M,UNEMP,PT_LF,_T,Y,_Z,2010-07,9.2
DATAFLOW,OECD.SDD.STES:DSD_KEI@DF_KEI(4.0),I,FRA,M,UNEMP,PT_LF,_T,Y,_Z,2010-06,9.2
DATAFLOW,OECD.SDD.STES:DSD_KEI@DF_KEI(4.0),I,FRA,M,UNEMP,PT_LF,_T,Y,_Z,2010-05,9.3
DATAFLOW,OECD.SDD.STES:DSD_KEI@DF_KEI(4.0),I,FRA,M,UNEMP,PT_LF,_T,Y,_Z,2010-04,9.3
DATAFLOW,OECD.SDD.STES:DSD_KEI@DF_KEI(4.0),I,FRA,M,UNEMP,PT_LF,_T,Y,_Z,2010-03,9.3
DATAFLOW,OECD.SDD.STES:DSD_KEI@DF_KEI(4.0),I,FRA,M,UNEMP,PT_LF,_T,Y,_Z,2010-02,9.4
DATAFLOW,OECD.SDD.STES:DSD_KEI@DF_KEI(4.0),I,FRA,M,UNEMP,PT_LF,_T,Y,_Z,2010-01,9.5
DATAFLOW,OECD.SDD.STES:DSD_KEI@DF_KEI(4.0),I,FRA,M,UNEMP,PT_LF,_T,Y,_Z,2009-12,9.5
DATAFLOW,OECD.SDD.STES:DSD_KEI@DF_KEI(4.0),I,FRA,M,UNEMP,PT_LF,_T,Y,_Z,2009-11,9.6
DATAFLOW,OECD.SDD.STES:DSD_KEI@DF_KEI(4.0),I,FRA,M,UNEMP,PT_LF,_T,Y,_Z,2009-10,9.5
DATAFLOW,OECD.SDD.STES:DSD_KEI@DF_KEI(4.0),I,FRA,M,UNEMP,PT_LF,_T,Y,_Z,2009-09,9.3
DATAFLOW,OECD.SDD.STES:DSD_KEI@DF_KEI(4.0),I,FRA,M,UNEMP,PT_LF,_T,Y,_Z,2009-08,9.2
DATAFLOW,OECD.SDD.STES:DSD_KEI@DF_KEI(4.0),I,FRA,M,UNEMP,PT_LF,_T,Y,_Z,2009-07,9.1
DATAFLOW,OECD.SDD.STES:DSD_KEI@DF_KEI(4.0),I,FRA,M,UNEMP,PT_LF,_T,Y,_Z,2009-05,9.2
DATAFLOW,OECD.SDD.STES:DSD_KEI@DF_KEI(4.0),I,FRA,M,UNEMP,PT_LF,_T,Y,_Z,2009-04,9.1
DATAFLOW,OECD.SDD.STES:DSD_KEI@DF_KEI(4.0),I,CAN,M,UNEMP,PT_LF,_T,Y,_Z,2008-02,6.1
DATAFLOW,OECD.SDD.STES:DSD_KEI@DF_KEI(4.0),I,CAN,M,UNEMP,PT_LF,_T,Y,_Z,2008-01,6.1
DATAFLOW,OECD.SDD.STES:DSD_KEI@DF_KEI(4.0),I,CAN,M,UNEMP,PT_LF,_T,Y,_Z,2007-12,6.2
DATAFLOW,OECD.SDD.STES:DSD_KEI@DF_KEI(4.0),I,CAN,M,UNEMP,PT_LF,_T,Y,_Z,2007-11,6.1
DATAFLOW,OECD.SDD.STES:DSD_KEI@DF_KEI(4.0),I,CAN,M,UNEMP,PT_LF,_T,Y,_Z,2007-10,6.0
DATAFLOW,OECD.SDD.STES:DSD_KEI@DF_KEI(4.0),I,CAN,M,UNEMP,PT_LF,_T,Y,_Z,2007-09,6.0
DATAFLOW,OECD.SDD.STES:DSD_KEI@DF_KEI(4.0),I,FRA,M,UNEMP,PT_LF,_T,Y,_Z,2019-04,8.5
DATAFLOW,OECD.SDD.STES:DSD_KEI@DF_KEI(4.0),I,FRA,M,UNEMP,PT_LF,_T,Y,_Z,2018-09,8.9
DATAFLOW,OECD.SDD.STES:DSD_KEI@DF_KEI(4.0),I,FRA,M,UNEMP,PT_LF,_T,Y,_Z,2018-06,9.0
DATAFLOW,OECD.SDD.STES:DSD_KEI@DF_KEI(4.0),I,FRA,M,UNEMP,PT_LF,_T,Y,_Z,2018-05,9.1
DATAFLOW,OECD.SDD.STES:DSD_KEI@DF_KEI(4.0),I,FRA,M,UNEMP,PT_LF,_T,Y,_Z,2017-05,9.5
DATAFLOW,OECD.SDD.STES:DSD_KEI@DF_KEI(4.0),I,FRA,M,UNEMP,PT_LF,_T,Y,_Z,2012-10,10.0
DATAFLOW,OECD.SDD.STES:DSD_KEI@DF_KEI(4.0),I,FRA,M,UNEMP,PT_LF,_T,Y,_Z,2012-01,9.5
DATAFLOW,OECD.SDD.STES:DSD_KEI@DF_KEI(4.0),I,FRA,M,UNEMP,PT_LF,_T,Y,_Z,2009-06,9.2
DATAFLOW,OECD.SDD.STES:DSD_KEI@DF_KEI(4.0),I,FRA,M,UNEMP,PT_LF,_T,Y,_Z,2025-10,7.7
DATAFLOW,OECD.SDD.STES:DSD_KEI@DF_KEI(4.0),I,FRA,M,UNEMP,PT_LF,_T,Y,_Z,2025-09,7.7
DATAFLOW,OECD.SDD.STES:DSD_KEI@DF_KEI(4.0),I,FRA,M,UNEMP,PT_LF,_T,Y,_Z,2025-08,7.7
DATAFLOW,OECD.SDD.STES:DSD_KEI@DF_KEI(4.0),I,FRA,M,UNEMP,PT_LF,_T,Y,_Z,2025-07,7.7
DATAFLOW,OECD.SDD.STES:DSD_KEI@DF_KEI(4.0),I,FRA,M,UNEMP,PT_LF,_T,Y,_Z,2025-06,7.6
DATAFLOW,OECD.SDD.STES:DSD_KEI@DF_KEI(4.0),I,FRA,M,UNEMP,PT_LF,_T,Y,_Z,2024-06,7.4
DATAFLOW,OECD.SDD.STES:DSD_KEI@DF_KEI(4.0),I,FRA,M,UNEMP,PT_LF,_T,Y,_Z,2021-08,7.8
DATAFLOW,OECD.SDD.STES:DSD_KEI@DF_KEI(4.0),I,FRA,M,UNEMP,PT_LF,_T,Y,_Z,2019-05,8.5
DATAFLOW,OECD.SDD.STES:DSD_KEI@DF_KEI(4.0),I,FRA,M,UNEMP,PT_LF,_T,Y,_Z,2013-11,10.2
DATAFLOW,OECD.SDD.STES:DSD_KEI@DF_KEI(4.0),I,FRA,M,UNEMP,PT_LF,_T,Y,_Z,2008-02,7.0
DATAFLOW,OECD.SDD.STES:DSD_KEI@DF_KEI(4.0),I,FRA,M,UNEMP,PT_LF,_T,Y,_Z,2025-01,7.3
DATAFLOW,OECD.SDD.STES:DSD_KEI@DF_KEI(4.0),I,FRA,M,UNEMP,PT_LF,_T,Y,_Z,2024-11,7.3
DATAFLOW,OECD.SDD.STES:DSD_KEI@DF_KEI(4.0),I,FRA,M,UNEMP,PT_LF,_T,Y,_Z,2024-09,7.4
DATAFLOW,OECD.SDD.STES:DSD_KEI@DF_KEI(4.0),I,FRA,M,UNEMP,PT_LF,_T,Y,_Z,2024-08,7.4
DATAFLOW,OECD.SDD.STES:DSD_KEI@DF_KEI(4.0),I,FRA,M,UNEMP,PT_LF,_T,Y,_Z,2023-12,7.6
DATAFLOW,OECD.SDD.STES:DSD_KEI@DF_KEI(4.0),I,FRA,M,UNEMP,PT_LF,_T,Y,_Z,2023-11,7.6
DATAFLOW,OECD.SDD.STES:DSD_KEI@DF_KEI(4.0),I,FRA,M,UNEMP,PT_LF,_T,Y,_Z,2023-06,7.3
DATAFLOW,OECD.SDD.STES:DSD_KEI@DF_KEI(4.0),I,FRA,M,UNEMP,PT_LF,_T,Y,_Z,2022-12,7.2
DATAFLOW,OECD.SDD.STES:DSD_KEI@DF_KEI(4.0),I,FRA,M,UNEMP,PT_LF,_T,Y,_Z,2022-05,7.5
DATAFLOW,OECD.SDD.STES:DSD_KEI@DF_KEI(4.0),I,FRA,M,UNEMP,PT_LF,_T,Y,_Z,2022-04,7.5
DATAFLOW,OECD.SDD.STES:DSD_KEI@DF_KEI(4.0),I,FRA,M,UNEMP,PT_LF,_T,Y,_Z,2021-06,7.9
DATAFLOW,OECD.SDD.STES:DSD_KEI@DF_KEI(4.0),I,FRA,M,UNEMP,PT_LF,_T,Y,_Z,2021-05,8.0
DATAFLOW,OECD.SDD.STES:DSD_KEI@DF_KEI(4.0),I,FRA,M,UNEMP,PT_LF,_T,Y,_Z,2021-04,8.2
DATAFLOW,OECD.SDD.STES:DSD_KEI@DF_KEI(4.0),I,FRA,M,UNEMP,PT_LF,_T,Y,_Z,2020-11,8.1
DATAFLOW,OECD.SDD.STES:DSD_KEI@DF_KEI(4.0),I,FRA,M,UNEMP,PT_LF,_T,Y,_Z,2020-10,8.3
DATAFLOW,OECD.SDD.STES:DSD_KEI@DF_KEI(4.0),I,FRA,M,UNEMP,PT_LF,_T,Y,_Z,2025-11,7.7
DATAFLOW,OECD.SDD.STES:DSD_KEI@DF_KEI(4.0),I,FRA,M,UNEMP,PT_LF,_T,Y,_Z,2025-05,7.6
DATAFLOW,OECD.SDD.STES:DSD_KEI@DF_KEI(4.0),I,FRA,M,UNEMP,PT_LF,_T,Y,_Z,2025-04,7.5
DATAFLOW,OECD.SDD.STES:DSD_KEI@DF_KEI(4.0),I,FRA,M,UNEMP,PT_LF,_T,Y,_Z,2025-03,7.6
DATAFLOW,OECD.SDD.STES:DSD_KEI@DF_KEI(4.0),I,FRA,M,UNEMP,PT_LF,_T,Y,_Z,2025-02,7.5
DATAFLOW,OECD.SDD.STES:DSD_KEI@DF_KEI(4.0),I,FRA,M,UNEMP,PT_LF,_T,Y,_Z,2024-12,7.3
DATAFLOW,OECD.SDD.STES:DSD_KEI@DF_KEI(4.0),I,FRA,M,UNEMP,PT_LF,_T,Y,_Z,2024-10,7.3
DATAFLOW,OECD.SDD.STES:DSD_KEI@DF_KEI(4.0),I,FRA,M,UNEMP,PT_LF,_T,Y,_Z,2024-07,7.4
DATAFLOW,OECD.SDD.STES:DSD_KEI@DF_KEI(4.0),I,FRA,M,UNEMP,PT_LF,_T,Y,_Z,2024-05,7.4
DATAFLOW,OECD.SDD.STES:DSD_KEI@DF_KEI(4.0),I,FRA,M,UNEMP,PT_LF,_T,Y,_Z,2024-04,7.3
DATAFLOW,OECD.SDD.STES:DSD_KEI@DF_KEI(4.0),I,FRA,M,UNEMP,PT_LF,_T,Y,_Z,2024-03,7.4
DATAFLOW,OECD.SDD.STES:DSD_KEI@DF_KEI(4.0),I,FRA,M,UNEMP,PT_LF,_T,Y,_Z,2024-02,7.4
DATAFLOW,OECD.SDD.STES:DSD_KEI@DF_KEI(4.0),I,FRA,M,UNEMP,PT_LF,_T,Y,_Z,2024-01,7.6
DATAFLOW,OECD.SDD.STES:DSD_KEI@DF_KEI(4.0),I,FRA,M,UNEMP,PT_LF,_T,Y,_Z,2023-10,7.5
DATAFLOW,OECD.SDD.STES:DSD_KEI@DF_KEI(4.0),I,FRA,M,UNEMP,PT_LF,_T,Y,_Z,2023-09,7.4
DATAFLOW,OECD.SDD.STES:DSD_KEI@DF_KEI(4.0),I,FRA,M,UNEMP,PT_LF,_T,Y,_Z,2023-05,7.3
DATAFLOW,OECD.SDD.STES:DSD_KEI@DF_KEI(4.0),I,FRA,M,UNEMP,PT_LF,_T,Y,_Z,2023-04,7.3
DATAFLOW,OECD.SDD.STES:DSD_KEI@DF_KEI(4.0),I,FRA,M,UNEMP,PT_LF,_T,Y,_Z,2023-02,7.1
DATAFLOW,OECD.SDD.STES:DSD_KEI@DF_KEI(4.0),I,FRA,M,UNEMP,PT_LF,_T,Y,_Z,2022-11,7.2
DATAFLOW,OECD.SDD.STES:DSD_KEI@DF_KEI(4.0),I,FRA,M,UNEMP,PT_LF,_T,Y,_Z,2022-09,7.1
DATAFLOW,OECD.SDD.STES:DSD_KEI@DF_KEI(4.0),I,FRA,M,UNEMP,PT_LF,_T,Y,_Z,2022-06,7.4
DATAFLOW,OECD.SDD.STES:DSD_KEI@DF_KEI(4.0),I,AUS,M,UNEMP,PT_LF,_T,Y,_Z,2018-10,5.0002175
DATAFLOW,OECD.SDD.STES:DSD_KEI@DF_KEI(4.0),I,AUS,M,UNEMP,PT_LF,_T,Y,_Z,2018-09,5.0193267
DATAFLOW,OECD.SDD.STES:DSD_KEI@DF_KEI(4.0),I,AUS,M,UNEMP,PT_LF,_T,Y,_Z,2018-08,5.2445944
DATAFLOW,OECD.SDD.STES:DSD_KEI@DF_KEI(4.0),I,AUS,M,UNEMP,PT_LF,_T,Y,_Z,2018-07,5.2975262
DATAFLOW,OECD.SDD.STES:DSD_KEI@DF_KEI(4.0),I,AUS,M,UNEMP,PT_LF,_T,Y,_Z,2018-06,5.3424028
DATAFLOW,OECD.SDD.STES:DSD_KEI@DF_KEI(4.0),I,AUS,M,UNEMP,PT_LF,_T,Y,_Z,2018-05,5.4354904
DATAFLOW,OECD.SDD.STES:DSD_KEI@DF_KEI(4.0),I,AUS,M,UNEMP,PT_LF,_T,Y,_Z,2018-04,5.5460119
DATAFLOW,OECD.SDD.STES:DSD_KEI@DF_KEI(4.0),I,AUS,M,UNEMP,PT_LF,_T,Y,_Z,2018-03,5.5326257
DATAFLOW,OECD.SDD.STES:DSD_KEI@DF_KEI(4.0),I,AUS,M,UNEMP,PT_LF,_T,Y,_Z,2018-02,5.5806537
DATAFLOW,OECD.SDD.STES:DSD_KEI@DF_KEI(4.0),I,AUS,M,UNEMP,PT_LF,_T,Y,_Z,2018-01,5.5278691
DATAFLOW,OECD.SDD.STES:DSD_KEI@DF_KEI(4.0),I,AUS,M,UNEMP,PT_LF,_T,Y,_Z,2017-12,5.6117951
DATAFLOW,OECD.SDD.STES:DSD_KEI@DF_KEI(4.0),I,AUS,M,UNEMP,PT_LF,_T,Y,_Z,2017-11,5.4542498
DATAFLOW,OECD.SDD.STES:DSD_KEI@DF_KEI(4.0),I,AUS,M,UNEMP,PT_LF,_T,Y,_Z,2017-10,5.4021179
DATAFLOW,OECD.SDD.STES:DSD_KEI@DF_KEI(4.0),I,AUS,M,UNEMP,PT_LF,_T,Y,_Z,2017-09,5.4636827
DATAFLOW,OECD.SDD.STES:DSD_KEI@DF_KEI(4.0),I,AUS,M,UNEMP,PT_LF,_T,Y,_Z,2017-08,5.5305159
DATAFLOW,OECD.SDD.STES:DSD_KEI@DF_KEI(4.0),I,AUS,M,UNEMP,PT_LF,_T,Y,_Z,2017-07,5.6077693
DATAFLOW,OECD.SDD.STES:DSD_KEI@DF_KEI(4.0),I,AUS,M,UNEMP,PT_LF,_T,Y,_Z,2017-06,5.6230744
DATAFLOW,OECD.SDD.STES:DSD_KEI@DF_KEI(4.0),I,AUS,M,UNEMP,PT_LF,_T,Y,_Z,2017-05,5.5475045
DATAFLOW,OECD.SDD.STES:DSD_KEI@DF_KEI(4.0),I,AUS,M,UNEMP,PT_LF,_T,Y,_Z,2017-04,5.6094523
DATAFLOW,OECD.SDD.STES:DSD_KEI@DF_KEI(4.0),I,CAN,M,UNEMP,PT_LF,_T,Y,_Z,2022-03,5.4
DATAFLOW,OECD.SDD.STES:DSD_KEI@DF_KEI(4.0),I,CAN,M,UNEMP,PT_LF,_T,Y,_Z,2022-02,5.5
DATAFLOW,OECD.SDD.STES:DSD_KEI@DF_KEI(4.0),I,CAN,M,UNEMP,PT_LF,_T,Y,_Z,2022-01,6.4
DATAFLOW,OECD.SDD.STES:DSD_KEI@DF_KEI(4.0),I,CAN,M,UNEMP,PT_LF,_T,Y,_Z,2021-12,5.9
DATAFLOW,OECD.SDD.STES:DSD_KEI@DF_KEI(4.0),I,CAN,M,UNEMP,PT_LF,_T,Y,_Z,2021-11,6.1
DATAFLOW,OECD.SDD.STES:DSD_KEI@DF_KEI(4.0),I,CAN,M,UNEMP,PT_LF,_T,Y,_Z,2021-10,6.5
DATAFLOW,OECD.SDD.STES:DSD_KEI@DF_KEI(4.0),I,DEU,M,UNEMP,PT_LF,_T,Y,_Z,2007-05,8.6
DATAFLOW,OECD.SDD.STES:DSD_KEI@DF_KEI(4.0),I,DEU,M,UNEMP,PT_LF,_T,Y,_Z,2007-03,8.9
DATAFLOW,OECD.SDD.STES:DSD_KEI@DF_KEI(4.0),I,DEU,M,UNEMP,PT_LF,_T,Y,_Z,2007-02,9.1
DATAFLOW,OECD.SDD.STES:DSD_KEI@DF_KEI(4.0),I,DEU,M,UNEMP,PT_LF,_T,Y,_Z,2007-01,9.2
DATAFLOW,OECD.SDD.STES:DSD_KEI@DF_KEI(4.0),I,DEU,M,UNEMP,PT_LF,_T,Y,_Z,2008-06,7.4
DATAFLOW,OECD.SDD.STES:DSD_KEI@DF_KEI(4.0),I,DEU,M,UNEMP,PT_LF,_T,Y,_Z,2008-04,7.7
DATAFLOW,OECD.SDD.STES:DSD_KEI@DF_KEI(4.0),I,DEU,M,UNEMP,PT_LF,_T,Y,_Z,2008-03,7.8
DATAFLOW,OECD.SDD.STES:DSD_KEI@DF_KEI(4.0),I,DEU,M,UNEMP,PT_LF,_T,Y,_Z,2008-02,7.9
DATAFLOW,OECD.SDD.STES:DSD_KEI@DF_KEI(4.0),I,DEU,M,UNEMP,PT_LF,_T,Y,_Z,2008-01,8.0
DATAFLOW,OECD.SDD.STES:DSD_KEI@DF_KEI(4.0),I,DEU,M,UNEMP,PT_LF,_T,Y,_Z,2007-12,8.1
DATAFLOW,OECD.SDD.STES:DSD_KEI@DF_KEI(4.0),I,DEU,M,UNEMP,PT_LF,_T,Y,_Z,2007-11,8.2
DATAFLOW,OECD.SDD.STES:DSD_KEI@DF_KEI(4.0),I,DEU,M,UNEMP,PT_LF,_T,Y,_Z,2022-08,3.1
DATAFLOW,OECD.SDD.STES:DSD_KEI@DF_KEI(4.0),I,DEU,M,UNEMP,PT_LF,_T,Y,_Z,2022-07,3.1
DATAFLOW,OECD.SDD.STES:DSD_KEI@DF_KEI(4.0),I,DEU,M,UNEMP,PT_LF,_T,Y,_Z,2022-06,3.1
DATAFLOW,OECD.SDD.STES:DSD_KEI@DF_KEI(4.0),I,DEU,M,UNEMP,PT_LF,_T,Y,_Z,2022-05,3.1
DATAFLOW,OECD.SDD.STES:DSD_KEI@DF_KEI(4.0),I,DEU,M,UNEMP,PT_LF,_T,Y,_Z,2022-04,3.1
DATAFLOW,OECD.SDD.STES:DSD_KEI@DF_KEI(4.0),I,DEU,M,UNEMP,PT_LF,_T,Y,_Z,2022-03,3.2
DATAFLOW,OECD.SDD.STES:DSD_KEI@DF_KEI(4.0),I,DEU,M,UNEMP,PT_LF,_T,Y,_Z,2022-02,3.2
DATAFLOW,OECD.SDD.STES:DSD_KEI@DF_KEI(4.0),I,DEU,M,UNEMP,PT_LF,_T,Y,_Z,2022-01,3.3
DATAFLOW,OECD.SDD.STES:DSD_KEI@DF_KEI(4.0),I,DEU,M,UNEMP,PT_LF,_T,Y,_Z,2021-12,3.4
DATAFLOW,OECD.SDD.STES:DSD_KEI@DF_KEI(4.0),I,DEU,M,UNEMP,PT_LF,_T,Y,_Z,2021-11,3.4
DATAFLOW,OECD.SDD.STES:DSD_KEI@DF_KEI(4.0),I,DEU,M,UNEMP,PT_LF,_T,Y,_Z,2021-10,3.4
DATAFLOW,OECD.SDD.STES:DSD_KEI@DF_KEI(4.0),I,DEU,M,UNEMP,PT_LF,_T,Y,_Z,2021-05,3.7
DATAFLOW,OECD.SDD.STES:DSD_KEI@DF_KEI(4.0),I,DEU,M,UNEMP,PT_LF,_T,Y,_Z,2020-12,3.8
DATAFLOW,OECD.SDD.STES:DSD_KEI@DF_KEI(4.0),I,DEU,M,UNEMP,PT_LF,_T,Y,_Z,2020-11,3.8
DATAFLOW,OECD.SDD.STES:DSD_KEI@DF_KEI(4.0),I,DEU,M,UNEMP,PT_LF,_T,Y,_Z,2020-10,3.8
DATAFLOW,OECD.SDD.STES:DSD_KEI@DF_KEI(4.0),I,DEU,M,UNEMP,PT_LF,_T,Y,_Z,2020-09,3.8
DATAFLOW,OECD.SDD.STES:DSD_KEI@DF_KEI(4.0),I,DEU,M,UNEMP,PT_LF,_T,Y,_Z,2020-06,3.8
DATAFLOW,OECD.SDD.STES:DSD_KEI@DF_KEI(4.0),I,DEU,M,UNEMP,PT_LF,_T,Y,_Z,2020-05,3.7
DATAFLOW,OECD.SDD.STES:DSD_KEI@DF_KEI(4.0),I,DEU,M,UNEMP,PT_LF,_T,Y,_Z,2019-11,3.0
DATAFLOW,OECD.SDD.STES:DSD_KEI@DF_KEI(4.0),I,DEU,M,UNEMP,PT_LF,_T,Y,_Z,2019-10,2.9
DATAFLOW,OECD.SDD.STES:DSD_KEI@DF_KEI(4.0),I,DEU,M,UNEMP,PT_LF,_T,Y,_Z,2019-04,2.9
DATAFLOW,OECD.SDD.STES:DSD_KEI@DF_KEI(4.0),I,DEU,M,UNEMP,PT_LF,_T,Y,_Z,2019-01,3.0
DATAFLOW,OECD.SDD.STES:DSD_KEI@DF_KEI(4.0),I,DEU,M,UNEMP,PT_LF,_T,Y,_Z,2018-09,3.1
DATAFLOW,OECD.SDD.STES:DSD_KEI@DF_KEI(4.0),I,DEU,M,UNEMP,PT_LF,_T,Y,_Z,2018-04,3.2
DATAFLOW,OECD.SDD.STES:DSD_KEI@DF_KEI(4.0),I,DEU,M,UNEMP,PT_LF,_T,Y,_Z,2017-10,3.4
DATAFLOW,OECD.SDD.STES:DSD_KEI@DF_KEI(4.0),I,DEU,M,UNEMP,PT_LF,_T,Y,_Z,2017-09,3.4
DATAFLOW,OECD.SDD.STES:DSD_KEI@DF_KEI(4.0),I,DEU,M,UNEMP,PT_LF,_T,Y,_Z,2017-06,3.5
DATAFLOW,OECD.SDD.STES:DSD_KEI@DF_KEI(4.0),I,DEU,M,UNEMP,PT_LF,_T,Y,_Z,2016-10,3.7
DATAFLOW,OECD.SDD.STES:DSD_KEI@DF_KEI(4.0),I,DEU,M,UNEMP,PT_LF,_T,Y,_Z,2016-03,4.0
DATAFLOW,OECD.SDD.STES:DSD_KEI@DF_KEI(4.0),I,DEU,M,UNEMP,PT_LF,_T,Y,_Z,2016-01,4.1
DATAFLOW,OECD.SDD.STES:DSD_KEI@DF_KEI(4.0),I,DEU,M,UNEMP,PT_LF,_T,Y,_Z,2015-10,4.2
DATAFLOW,OECD.SDD.STES:DSD_KEI@DF_KEI(4.0),I,DEU,M,UNEMP,PT_LF,_T,Y,_Z,2013-12,4.8
DATAFLOW,OECD.SDD.STES:DSD_KEI@DF_KEI(4.0),I,DEU,M,UNEMP,PT_LF,_T,Y,_Z,2010-09,6.4
DATAFLOW,OECD.SDD.STES:DSD_KEI@DF_KEI(4.0),I,DEU,M,UNEMP,PT_LF,_T,Y,_Z,2010-07,6.5
DATAFLOW,OECD.SDD.STES:DSD_KEI@DF_KEI(4.0),I,DEU,M,UNEMP,PT_LF,_T,Y,_Z,2010-06,6.6
DATAFLOW,OECD.SDD.STES:DSD_KEI@DF_KEI(4.0),I,DEU,M,UNEMP,PT_LF,_T,Y,_Z,2010-01,7.1
DATAFLOW,OECD.SDD.STES:DSD_KEI@DF_KEI(4.0),I,DEU,M,UNEMP,PT_LF,_T,Y,_Z,2009-12,7.2
DATAFLOW,OECD.SDD.STES:DSD_KEI@DF_KEI(4.0),I,DEU,M,UNEMP,PT_LF,_T,Y,_Z,2009-11,7.2
DATAFLOW,OECD.SDD.STES:DSD_KEI@DF_KEI(4.0),I,DEU,M,UNEMP,PT_LF,_T,Y,_Z,2009-10,7.4
DATAFLOW,OECD.SDD.STES:DSD_KEI@DF_KEI(4.0),I,DEU,M,UNEMP,PT_LF,_T,Y,_Z,2009-09,7.5
DATAFLOW,OECD.SDD.STES:DSD_KEI@DF_KEI(4.0),I,DEU,M,UNEMP,PT_LF,_T,Y,_Z,2009-08,7.5
DATAFLOW,OECD.SDD.STES:DSD_KEI@DF_KEI(4.0),I,DEU,M,UNEMP,PT_LF,_T,Y,_Z,2009-07,7.6
DATAFLOW,OECD.SDD.STES:DSD_KEI@DF_KEI(4.0),I,DEU,M,UNEMP,PT_LF,_T,Y,_Z,2009-06,7.5
DATAFLOW,OECD.SDD.STES:DSD_KEI@DF_KEI(4.0),I,DEU,M,UNEMP,PT_LF,_T,Y,_Z,2009-05,7.5
DATAFLOW,OECD.SDD.STES:DSD_KEI@DF_KEI(4.0),I,DEU,M,UNEMP,PT_LF,_T,Y,_Z,2009-04,7.4
DATAFLOW,OECD.SDD.STES:DSD_KEI@DF_KEI(4.0),I,DEU,M,UNEMP,PT_LF,_T,Y,_Z,2009-03,7.3
DATAFLOW,OECD.SDD.STES:DSD_KEI@DF_KEI(4.0),I,DEU,M,UNEMP,PT_LF,_T,Y,_Z,2009-02,7.2
DATAFLOW,OECD.SDD.STES:DSD_KEI@DF_KEI(4.0),I,DEU,M,UNEMP,PT_LF,_T,Y,_Z,2008-12,7.1
DATAFLOW,OECD.SDD.STES:DSD_KEI@DF_KEI(4.0),I,DEU,M,UNEMP,PT_LF,_T,Y,_Z,2008-05,7.5
DATAFLOW,OECD.SDD.STES:DSD_KEI@DF_KEI(4.0),I,DEU,M,UNEMP,PT_LF,_T,Y,_Z,2007-06,8.5
DATAFLOW,OECD.SDD.STES:DSD_KEI@DF_KEI(4.0),I,DEU,M,UNEMP,PT_LF,_T,Y,_Z,2007-04,8.7
DATAFLOW,OECD.SDD.STES:DSD_KEI@DF_KEI(4.0),I,DEU,M,UNEMP,PT_LF,_T,Y,_Z,2025-12,3.8
DATAFLOW,OECD.SDD.STES:DSD_KEI@DF_KEI(4.0),I,DEU,M,UNEMP,PT_LF,_T,Y,_Z,2024-11,3.5
DATAFLOW,OECD.SDD.STES:DSD_KEI@DF_KEI(4.0),I,DEU,M,UNEMP,PT_LF,_T,Y,_Z,2023-07,3.1
DATAFLOW,OECD.SDD.STES:DSD_KEI@DF_KEI(4.0),I,DEU,M,UNEMP,PT_LF,_T,Y,_Z,2022-09,3.2
DATAFLOW,OECD.SDD.STES:DSD_KEI@DF_KEI(4.0),I,FRA,M,UNEMP,PT_LF,_T,Y,_Z,2018-11,8.8
DATAFLOW,OECD.SDD.STES:DSD_KEI@DF_KEI(4.0),I,FRA,M,UNEMP,PT_LF,_T,Y,_Z,2014-09,10.4
DATAFLOW,OECD.SDD.STES:DSD_KEI@DF_KEI(4.0),I,FRA,M,UNEMP,PT_LF,_T,Y,_Z,2013-09,10.3
DATAFLOW,OECD.SDD.STES:DSD_KEI@DF_KEI(4.0),I,FRA,M,UNEMP,PT_LF,_T,Y,_Z,2012-03,9.5
DATAFLOW,OECD.SDD.STES:DSD_KEI@DF_KEI(4.0),I,FRA,M,UNEMP,PT_LF,_T,Y,_Z,2011-11,9.3
DATAFLOW,OECD.SDD.STES:DSD_KEI@DF_KEI(4.0),I,FRA,M,UNEMP,PT_LF,_T,Y,_Z,2011-06,9.2
DATAFLOW,OECD.SDD.STES:DSD_KEI@DF_KEI(4.0),I,FRA,M,UNEMP,PT_LF,_T,Y,_Z,2010-08,9.3
DATAFLOW,OECD.SDD.STES:DSD_KEI@DF_KEI(4.0),I,FRA,M,UNEMP,PT_LF,_T,Y,_Z,2009-01,8.3
DATAFLOW,OECD.SDD.STES:DSD_KEI@DF_KEI(4.0),I,FRA,M,UNEMP,PT_LF,_T,Y,_Z,2008-09,7.5
DATAFLOW,OECD.SDD.STES:DSD_KEI@DF_KEI(4.0),I,FRA,M,UNEMP,PT_LF,_T,Y,_Z,2008-04,7.3
DATAFLOW,OECD.SDD.STES:DSD_KEI@DF_KEI(4.0),I,FRA,M,UNEMP,PT_LF,_T,Y,_Z,2025-12,7.7
DATAFLOW,OECD.SDD.STES:DSD_KEI@DF_KEI(4.0),I,FRA,M,UNEMP,PT_LF,_T,Y,_Z,2016-06,10.0
DATAFLOW,OECD.SDD.STES:DSD_KEI@DF_KEI(4.0),I,FRA,M,UNEMP,PT_LF,_T,Y,_Z,2023-08,7.4
DATAFLOW,OECD.SDD.STES:DSD_KEI@DF_KEI(4.0),I,FRA,M,UNEMP,PT_LF,_T,Y,_Z,2023-07,7.4
DATAFLOW,OECD.SDD.STES:DSD_KEI@DF_KEI(4.0),I,FRA,M,UNEMP,PT_LF,_T,Y,_Z,2023-03,7.1
DATAFLOW,OECD.SDD.STES:DSD_KEI@DF_KEI(4.0),I,FRA,M,UNEMP,PT_LF,_T,Y,_Z,2023-01,7.1
DATAFLOW,OECD.SDD.STES:DSD_KEI@DF_KEI(4.0),I,FRA,M,UNEMP,PT_LF,_T,Y,_Z,2022-10,7.2
DATAFLOW,OECD.SDD.STES:DSD_KEI@DF_KEI(4.0),I,FRA,M,UNEMP,PT_LF,_T,Y,_Z,2022-08,7.2
DATAFLOW,OECD.SDD.STES:DSD_KEI@DF_KEI(4.0),I,FRA,M,UNEMP,PT_LF,_T,Y,_Z,2022-07,7.3
DATAFLOW,OECD.SDD.STES:DSD_KEI@DF_KEI(4.0),I,FRA,M,UNEMP,PT_LF,_T,Y,_Z,2022-03,7.4
DATAFLOW,OECD.SDD.STES:DSD_KEI@DF_KEI(4.0),I,FRA,M,UNEMP,PT_LF,_T,Y,_Z,2022-01,7.3
DATAFLOW,OECD.SDD.STES:DSD_KEI@DF_KEI(4.0),I,FRA,M,UNEMP,PT_LF,_T,Y,_Z,2021-12,7.4
DATAFLOW,OECD.SDD.STES:DSD_KEI@DF_KEI(4.0),I,FRA,M,UNEMP,PT_LF,_T,Y,_Z,2021-10,7.5
DATAFLOW,OECD.SDD.STES:DSD_KEI@DF_KEI(4.0),I,FRA,M,UNEMP,PT_LF,_T,Y,_Z,2021-09,7.7
DATAFLOW,OECD.SDD.STES:DSD_KEI@DF_KEI(4.0),I,FRA,M,UNEMP,PT_LF,_T,Y,_Z,2021-07,7.9
DATAFLOW,OECD.SDD.STES:DSD_KEI@DF_KEI(4.0),I,FRA,M,UNEMP,PT_LF,_T,Y,_Z,2021-03,8.2
DATAFLOW,OECD.SDD.STES:DSD_KEI@DF_KEI(4.0),I,FRA,M,UNEMP,PT_LF,_T,Y,_Z,2021-02,8.2
DATAFLOW,OECD.SDD.STES:DSD_KEI@DF_KEI(4.0),I,FRA,M,UNEMP,PT_LF,_T,Y,_Z,2020-12,7.9
DATAFLOW,OECD.SDD.STES:DSD_KEI@DF_KEI(4.0),I,FRA,M,UNEMP,PT_LF,_T,Y,_Z,2020-07,8.6
DATAFLOW,OECD.SDD.STES:DSD_KEI@DF_KEI(4.0),I,FRA,M,UNEMP,PT_LF,_T,Y,_Z,2020-04,7.6
DATAFLOW,OECD.SDD.STES:DSD_KEI@DF_KEI(4.0),I,FRA,M,UNEMP,PT_LF,_T,Y,_Z,2020-02,7.8
DATAFLOW,OECD.SDD.STES:DSD_KEI@DF_KEI(4.0),I,FRA,M,UNEMP,PT_LF,_T,Y,_Z,2020-01,8.2
DATAFLOW,OECD.SDD.STES:DSD_KEI@DF_KEI(4.0),I,FRA,M,UNEMP,PT_LF,_T,Y,_Z,2019-12,8.2
DATAFLOW,OECD.SDD.STES:DSD_KEI@DF_KEI(4.0),I,FRA,M,UNEMP,PT_LF,_T,Y,_Z,2019-11,8.2
DATAFLOW,OECD.SDD.STES:DSD_KEI@DF_KEI(4.0),I,FRA,M,UNEMP,PT_LF,_T,Y,_Z,2019-10,8.2
DATAFLOW,OECD.SDD.STES:DSD_KEI@DF_KEI(4.0),I,FRA,M,UNEMP,PT_LF,_T,Y,_Z,2019-07,8.4
DATAFLOW,OECD.SDD.STES:DSD_KEI@DF_KEI(4.0),I,FRA,M,UNEMP,PT_LF,_T,Y,_Z,2019-06,8.5
DATAFLOW,OECD.SDD.STES:DSD_KEI@DF_KEI(4.0),I,FRA,M,UNEMP,PT_LF,_T,Y,_Z,2019-03,8.7
DATAFLOW,OECD.SDD.STES:DSD_KEI@DF_KEI(4.0),I,FRA,M,UNEMP,PT_LF,_T,Y,_Z,2019-02,8.7
DATAFLOW,OECD.SDD.STES:DSD_KEI@DF_KEI(4.0),I,CAN,M,UNEMP,PT_LF,_T,Y,_Z,2008-10,6.4
DATAFLOW,OECD.SDD.STES:DSD_KEI@DF_KEI(4.0),I,CAN,M,UNEMP,PT_LF,_T,Y,_Z,2008-09,6.3
DATAFLOW,OECD.SDD.STES:DSD_KEI@DF_KEI(4.0),I,CAN,M,UNEMP,PT_LF,_T,Y,_Z,2008-08,6.2
DATAFLOW,OECD.SDD.STES:DSD_KEI@DF_KEI(4.0),I,CAN,M,UNEMP,PT_LF,_T,Y,_Z,2008-07,6.2
DATAFLOW,OECD.SDD.STES:DSD_KEI@DF_KEI(4.0),I,CAN,M,UNEMP,PT_LF,_T,Y,_Z,2008-06,6.1
DATAFLOW,OECD.SDD.STES:DSD_KEI@DF_KEI(4.0),I,CAN,M,UNEMP,PT_LF,_T,Y,_Z,2008-05,6.2
DATAFLOW,OECD.SDD.STES:DSD_KEI@DF_KEI(4.0),I,CAN,M,UNEMP,PT_LF,_T,Y,_Z,2008-04,6.2
DATAFLOW,OECD.SDD.STES:DSD_KEI@DF_KEI(4.0),I,CAN,M,UNEMP,PT_LF,_T,Y,_Z,2008-03,6.2
DATAFLOW,OECD.SDD.STES:DSD_KEI@DF_KEI(4.0),I,AUS,M,UNEMP,PT_LF,_T,Y,_Z,2013-09,5.7067705
DATAFLOW,OECD.SDD.STES:DSD_KEI@DF_KEI(4.0),I,AUS,M,UNEMP,PT_LF,_T,Y,_Z,2013-08,5.8440217
DATAFLOW,OECD.SDD.STES:DSD_KEI@DF_KEI(4.0),I,AUS,M,UNEMP,PT_LF,_T,Y,_Z,2013-07,5.6350841
DATAFLOW,OECD.SDD.STES:DSD_KEI@DF_KEI(4.0),I,AUS,M,UNEMP,PT_LF,_T,Y,_Z,2013-06,5.6951267
DATAFLOW,OECD.SDD.STES:DSD_KEI@DF_KEI(4.0),I,AUS,M,UNEMP,PT_LF,_T,Y,_Z,2013-05,5.609659
DATAFLOW,OECD.SDD.STES:DSD_KEI@DF_KEI(4.0),I,AUS,M,UNEMP,PT_LF,_T,Y,_Z,2013-04,5.5889388
DATAFLOW,OECD.SDD.STES:DSD_KEI@DF_KEI(4.0),I,AUS,M,UNEMP,PT_LF,_T,Y,_Z,2013-03,5.6402812
DATAFLOW,OECD.SDD.STES:DSD_KEI@DF_KEI(4.0),I,AUS,M,UNEMP,PT_LF,_T,Y,_Z,2013-02,5.3939373
DATAFLOW,OECD.SDD.STES:DSD_KEI@DF_KEI(4.0),I,AUS,M,UNEMP,PT_LF,_T,Y,_Z,2013-01,5.3930708
DATAFLOW,OECD.SDD.STES:DSD_KEI@DF_KEI(4.0),I,AUS,M,UNEMP,PT_LF,_T,Y,_Z,2012-12,5.4319635
DATAFLOW,OECD.SDD.STES:DSD_KEI@DF_KEI(4.0),I,AUS,M,UNEMP,PT_LF,_T,Y,_Z,2012-11,5.2566619
DATAFLOW,OECD.SDD.STES:DSD_KEI@DF_KEI(4.0),I,AUS,M,UNEMP,PT_LF,_T,Y,_Z,2012-10,5.4102407
DATAFLOW,OECD.SDD.STES:DSD_KEI@DF_KEI(4.0),I,AUS,M,UNEMP,PT_LF,_T,Y,_Z,2012-09,5.4885856
DATAFLOW,OECD.SDD.STES:DSD_KEI@DF_KEI(4.0),I,AUS,M,UNEMP,PT_LF,_T,Y,_Z,2012-08,5.1572587
DATAFLOW,OECD.SDD.STES:DSD_KEI@DF_KEI(4.0),I,AUS,M,UNEMP,PT_LF,_T,Y,_Z,2012-07,5.1817873
DATAFLOW,OECD.SDD.STES:DSD_KEI@DF_KEI(4.0),I,AUS,M,UNEMP,PT_LF,_T,Y,_Z,2012-06,5.162561
DATAFLOW,OECD.SDD.STES:DSD_KEI@DF_KEI(4.0),I,AUS,M,UNEMP,PT_LF,_T,Y,_Z,2012-05,5.200378
DATAFLOW,OECD.SDD.STES:DSD_KEI@DF_KEI(4.0),I,AUS,M,UNEMP,PT_LF,_T,Y,_Z,2012-04,4.9947518
DATAFLOW,OECD.SDD.STES:DSD_KEI@DF_KEI(4.0),I,AUS,M,UNEMP,PT_LF,_T,Y,_Z,2012-03,5.1830063
DATAFLOW,OECD.SDD.STES:DSD_KEI@DF_KEI(4.0),I,FRA,M,UNEMP,PT_LF,_T,Y,_Z,2014-12,10.5
DATAFLOW,OECD.SDD.STES:DSD_KEI@DF_KEI(4.0),I,FRA,M,UNEMP,PT_LF,_T,Y,_Z,2014-11,10.5
DATAFLOW,OECD.SDD.STES:DSD_KEI@DF_KEI(4.0),I,FRA,M,UNEMP,PT_LF,_T,Y,_Z,2014-10,10.4
DATAFLOW,OECD.SDD.STES:DSD_KEI@DF_KEI(4.0),I,FRA,M,UNEMP,PT_LF,_T,Y,_Z,2014-08,10.2
DATAFLOW,OECD.SDD.STES:DSD_KEI@DF_KEI(4.0),I,FRA,M,UNEMP,PT_LF,_T,Y,_Z,2014-07,10.2
DATAFLOW,OECD.SDD.STES:DSD_KEI@DF_KEI(4.0),I,FRA,M,UNEMP,PT_LF,_T,Y,_Z,2014-06,10.2
DATAFLOW,OECD.SDD.STES:DSD_KEI@DF_KEI(4.0),I,DEU,M,UNEMP,PT_LF,_T,Y,_Z,2020-04,3.5
DATAFLOW,OECD.SDD.STES:DSD_KEI@DF_KEI(4.0),I,DEU,M,UNEMP,PT_LF,_T,Y,_Z,2020-03,3.4
DATAFLOW,OECD.SDD.STES:DSD_KEI@DF_KEI(4.0),I,DEU,M,UNEMP,PT_LF,_T,Y,_Z,2020-02,3.3
DATAFLOW,OECD.SDD.STES:DSD_KEI@DF_KEI(4.0),I,DEU,M,UNEMP,PT_LF,_T,Y,_Z,2020-01,3.2
DATAFLOW,OECD.SDD.STES:DSD_KEI@DF_KEI(4.0),I,DEU,M,UNEMP,PT_LF,_T,Y,_Z,2019-12,3.1
DATAFLOW,OECD.SDD.STES:DSD_KEI@DF_KEI(4.0),I,DEU,M,UNEMP,PT_LF,_T,Y,_Z,2019-09,2.9
DATAFLOW,OECD.SDD.STES:DSD_KEI@DF_KEI(4.0),I,DEU,M,UNEMP,PT_LF,_T,Y,_Z,2019-08,2.9
DATAFLOW,OECD.SDD.STES:DSD_KEI@DF_KEI(4.0),I,DEU,M,UNEMP,PT_LF,_T,Y,_Z,2019-07,2.9
DATAFLOW,OECD.SDD.STES:DSD_KEI@DF_KEI(4.0),I,DEU,M,UNEMP,PT_LF,_T,Y,_Z,2019-06,2.9
DATAFLOW,OECD.SDD.STES:DSD_KEI@DF_KEI(4.0),I,DEU,M,UNEMP,PT_LF,_T,Y,_Z,2019-05,2.9
DATAFLOW,OECD.SDD.STES:DSD_KEI@DF_KEI(4.0),I,DEU,M,UNEMP,PT_LF,_T,Y,_Z,2019-03,3.0
DATAFLOW,OECD.SDD.STES:DSD_KEI@DF_KEI(4.0),I,DEU,M,UNEMP,PT_LF,_T,Y,_Z,2019-02,3.0
DATAFLOW,OECD.SDD.STES:DSD_KEI@DF_KEI(4.0),I,DEU,M,UNEMP,PT_LF,_T,Y,_Z,2018-12,3.1
DATAFLOW,OECD.SDD.STES:DSD_KEI@DF_KEI(4.0),I,DEU,M,UNEMP,PT_LF,_T,Y,_Z,2018-11,3.1
DATAFLOW,OECD.SDD.STES:DSD_KEI@DF_KEI(4.0),I,DEU,M,UNEMP,PT_LF,_T,Y,_Z,2018-10,3.1
DATAFLOW,OECD.SDD.STES:DSD_KEI@DF_KEI(4.0),I,DEU,M,UNEMP,PT_LF,_T,Y,_Z,2018-08,3.2
DATAFLOW,OECD.SDD.STES:DSD_KEI@DF_KEI(4.0),I,DEU,M,UNEMP,PT_LF,_T,Y,_Z,2018-07,3.2
DATAFLOW,OECD.SDD.STES:DSD_KEI@DF_KEI(4.0),I,DEU,M,UNEMP,PT_LF,_T,Y,_Z,2018-06,3.2
DATAFLOW,OECD.SDD.STES:DSD_KEI@DF_KEI(4.0),I,DEU,M,UNEMP,PT_LF,_T,Y,_Z,2018-05,3.2
DATAFLOW,OECD.SDD.STES:DSD_KEI@DF_KEI(4.0),I,DEU,M,UNEMP,PT_LF,_T,Y,_Z,2018-03,3.3
DATAFLOW,OECD.SDD.STES:DSD_KEI@DF_KEI(4.0),I,DEU,M,UNEMP,PT_LF,_T,Y,_Z,2018-02,3.3
DATAFLOW,OECD.SDD.STES:DSD_KEI@DF_KEI(4.0),I,DEU,M,UNEMP,PT_LF,_T,Y,_Z,2018-01,3.3
DATAFLOW,OECD.SDD.STES:DSD_KEI@DF_KEI(4.0),I,DEU,M,UNEMP,PT_LF,_T,Y,_Z,2017-12,3.4
DATAFLOW,OECD.SDD.STES:DSD_KEI@DF_KEI(4.0),I,DEU,M,UNEMP,PT_LF,_T,Y,_Z,2017-11,3.4
DATAFLOW,OECD.SDD.STES:DSD_KEI@DF_KEI(4.0),I,DEU,M,UNEMP,PT_LF,_T,Y,_Z,2017-08,3.5
DATAFLOW,OECD.SDD.STES:DSD_KEI@DF_KEI(4.0),I,DEU,M,UNEMP,PT_LF,_T,Y,_Z,2017-07,3.5
DATAFLOW,OECD.SDD.STES:DSD_KEI@DF_KEI(4.0),I,DEU,M,UNEMP,PT_LF,_T,Y,_Z,2017-05,3.6
DATAFLOW,OECD.SDD.STES:DSD_KEI@DF_KEI(4.0),I,DEU,M,UNEMP,PT_LF,_T,Y,_Z,2017-04,3.6
DATAFLOW,OECD.SDD.STES:DSD_KEI@DF_KEI(4.0),I,DEU,M,UNEMP,PT_LF,_T,Y,_Z,2017-01,3.7
DATAFLOW,OECD.SDD.STES:DSD_KEI@DF_KEI(4.0),I,DEU,M,UNEMP,PT_LF,_T,Y,_Z,2016-12,3.7
DATAFLOW,OECD.SDD.STES:DSD_KEI@DF_KEI(4.0),I,DEU,M,UNEMP,PT_LF,_T,Y,_Z,2016-11,3.7
DATAFLOW,OECD.SDD.STES:DSD_KEI@DF_KEI(4.0),I,DEU,M,UNEMP,PT_LF,_T,Y,_Z,2016-09,3.8
DATAFLOW,OECD.SDD.STES:DSD_KEI@DF_KEI(4.0),I,DEU,M,UNEMP,PT_LF,_T,Y,_Z,2016-08,3.9
DATAFLOW,OECD.SDD.STES:DSD_KEI@DF_KEI(4.0),I,DEU,M,UNEMP,PT_LF,_T,Y,_Z,2016-07,3.9
DATAFLOW,OECD.SDD.STES:DSD_KEI@DF_KEI(4.0),I,DEU,M,UNEMP,PT_LF,_T,Y,_Z,2016-06,4.0
DATAFLOW,OECD.SDD.STES:DSD_KEI@DF_KEI(4.0),I,DEU,M,UNEMP,PT_LF,_T,Y,_Z,2016-05,4.0
DATAFLOW,OECD.SDD.STES:DSD_KEI@DF_KEI(4.0),I,DEU,M,UNEMP,PT_LF,_T,Y,_Z,2016-04,4.0
DATAFLOW,OECD.SDD.STES:DSD_KEI@DF_KEI(4.0),I,DEU,M,UNEMP,PT_LF,_T,Y,_Z,2016-02,4.1
DATAFLOW,OECD.SDD.STES:DSD_KEI@DF_KEI(4.0),I,DEU,M,UNEMP,PT_LF,_T,Y,_Z,2015-12,4.2
DATAFLOW,OECD.SDD.STES:DSD_KEI@DF_KEI(4.0),I,DEU,M,UNEMP,PT_LF,_T,Y,_Z,2015-11,4.2
DATAFLOW,OECD.SDD.STES:DSD_KEI@DF_KEI(4.0),I,DEU,M,UNEMP,PT_LF,_T,Y,_Z,2015-09,4.3
DATAFLOW,OECD.SDD.STES:DSD_KEI@DF_KEI(4.0),I,DEU,M,UNEMP,PT_LF,_T,Y,_Z,2015-08,4.3
DATAFLOW,OECD.SDD.STES:DSD_KEI@DF_KEI(4.0),I,DEU,M,UNEMP,PT_LF,_T,Y,_Z,2015-07,4.3
DATAFLOW,OECD.SDD.STES:DSD_KEI@DF_KEI(4.0),I,DEU,M,UNEMP,PT_LF,_T,Y,_Z,2015-06,4.4
DATAFLOW,OECD.SDD.STES:DSD_KEI@DF_KEI(4.0),I,DEU,M,UNEMP,PT_LF,_T,Y,_Z,2015-05,4.4
DATAFLOW,OECD.SDD.STES:DSD_KEI@DF_KEI(4.0),I,DEU,M,UNEMP,PT_LF,_T,Y,_Z,2015-04,4.4
DATAFLOW,OECD.SDD.STES:DSD_KEI@DF_KEI(4.0),I,DEU,M,UNEMP,PT_LF,_T,Y,_Z,2015-03,4.5
DATAFLOW,OECD.SDD.STES:DSD_KEI@DF_KEI(4.0),I,DEU,M,UNEMP,PT_LF,_T,Y,_Z,2015-02,4.5
DATAFLOW,OECD.SDD.STES:DSD_KEI@DF_KEI(4.0),I,DEU,M,UNEMP,PT_LF,_T,Y,_Z,2015-01,4.5
DATAFLOW,OECD.SDD.STES:DSD_KEI@DF_KEI(4.0),I,DEU,M,UNEMP,PT_LF,_T,Y,_Z,2014-12,4.6
DATAFLOW,OECD.SDD.STES:DSD_KEI@DF_KEI(4.0),I,DEU,M,UNEMP,PT_LF,_T,Y,_Z,2014-11,4.6
DATAFLOW,OECD.SDD.STES:DSD_KEI@DF_KEI(4.0),I,DEU,M,UNEMP,PT_LF,_T,Y,_Z,2014-10,4.7
DATAFLOW,OECD.SDD.STES:DSD_KEI@DF_KEI(4.0),I,DEU,M,UNEMP,PT_LF,_T,Y,_Z,2014-09,4.7
DATAFLOW,OECD.SDD.STES:DSD_KEI@DF_KEI(4.0),I,DEU,M,UNEMP,PT_LF,_T,Y,_Z,2014-08,4.7
DATAFLOW,OECD.SDD.STES:DSD_KEI@DF_KEI(4.0),I,DEU,M,UNEMP,PT_LF,_T,Y,_Z,2014-07,4.7
DATAFLOW,OECD.SDD.STES:DSD_KEI@DF_KEI(4.0),I,DEU,M,UNEMP,PT_LF,_T,Y,_Z,2014-06,4.7
DATAFLOW,OECD.SDD.STES:DSD_KEI@DF_KEI(4.0),I,DEU,M,UNEMP,PT_LF,_T,Y,_Z,2014-05,4.7
DATAFLOW,OECD.SDD.STES:DSD_KEI@DF_KEI(4.0),I,DEU,M,UNEMP,PT_LF,_T,Y,_Z,2014-04,4.8
DATAFLOW,OECD.SDD.STES:DSD_KEI@DF_KEI(4.0),I,DEU,M,UNEMP,PT_LF,_T,Y,_Z,2014-03,4.8
DATAFLOW,OECD.SDD.STES:DSD_KEI@DF_KEI(4.0),I,DEU,M,UNEMP,PT_LF,_T,Y,_Z,2014-02,4.8
DATAFLOW,OECD.SDD.STES:DSD_KEI@DF_KEI(4.0),I,DEU,M,UNEMP,PT_LF,_T,Y,_Z,2014-01,4.8
DATAFLOW,OECD.SDD.STES:DSD_KEI@DF_KEI(4.0),I,DEU,M,UNEMP,PT_LF,_T,Y,_Z,2013-11,4.8
DATAFLOW,OECD.SDD.STES:DSD_KEI@DF_KEI(4.0),I,DEU,M,UNEMP,PT_LF,_T,Y,_Z,2013-10,4.8
DATAFLOW,OECD.SDD.STES:DSD_KEI@DF_KEI(4.0),I,DEU,M,UNEMP,PT_LF,_T,Y,_Z,2013-09,4.9
DATAFLOW,OECD.SDD.STES:DSD_KEI@DF_KEI(4.0),I,DEU,M,UNEMP,PT_LF,_T,Y,_Z,2013-08,4.9
DATAFLOW,OECD.SDD.STES:DSD_KEI@DF_KEI(4.0),I,DEU,M,UNEMP,PT_LF,_T,Y,_Z,2013-07,4.9
DATAFLOW,OECD.SDD.STES:DSD_KEI@DF_KEI(4.0),I,DEU,M,UNEMP,PT_LF,_T,Y,_Z,2013-06,4.9
DATAFLOW,OECD.SDD.STES:DSD_KEI@DF_KEI(4.0),I,DEU,M,UNEMP,PT_LF,_T,Y,_Z,2013-05,5.0
DATAFLOW,OECD.SDD.STES:DSD_KEI@DF_KEI(4.0),I,DEU,M,UNEMP,PT_LF,_T,Y,_Z,2013-04,5.0
DATAFLOW,OECD.SDD.STES:DSD_KEI@DF_KEI(4.0),I,DEU,M,UNEMP,PT_LF,_T,Y,_Z,2013-03,5.0
DATAFLOW,OECD.SDD.STES:DSD_KEI@DF_KEI(4.0),I,DEU,M,UNEMP,PT_LF,_T,Y,_Z,2013-02,5.1
DATAFLOW,OECD.SDD.STES:DSD_KEI@DF_KEI(4.0),I,DEU,M,UNEMP,PT_LF,_T,Y,_Z,2013-01,5.1
DATAFLOW,OECD.SDD.STES:DSD_KEI@DF_KEI(4.0),I,DEU,M,UNEMP,PT_LF,_T,Y,_Z,2012-12,5.0
DATAFLOW,OECD.SDD.STES:DSD_KEI@DF_KEI(4.0),I,DEU,M,UNEMP,PT_LF,_T,Y,_Z,2012-11,5.0
DATAFLOW,OECD.SDD.STES:DSD_KEI@DF_KEI(4.0),I,DEU,M,UNEMP,PT_LF,_T,Y,_Z,2012-10,5.0
DATAFLOW,OECD.SDD.STES:DSD_KEI@DF_KEI(4.0),I,DEU,M,UNEMP,PT_LF,_T,Y,_Z,2012-09,5.0
DATAFLOW,OECD.SDD.STES:DSD_KEI@DF_KEI(4.0),I,DEU,M,UNEMP,PT_LF,_T,Y,_Z,2012-08,5.0
DATAFLOW,OECD.SDD.STES:DSD_KEI@DF_KEI(4.0),I,DEU,M,UNEMP,PT_LF,_T,Y,_Z,2012-07,5.1
DATAFLOW,OECD.SDD.STES:DSD_KEI@DF_KEI(4.0),I,DEU,M,UNEMP,PT_LF,_T,Y,_Z,2012-06,5.1
DATAFLOW,OECD.SDD.STES:DSD_KEI@DF_KEI(4.0),I,DEU,M,UNEMP,PT_LF,_T,Y,_Z,2012-05,5.1
DATAFLOW,OECD.SDD.STES:DSD_KEI@DF_KEI(4.0),I,DEU,M,UNEMP,PT_LF,_T,Y,_Z,2012-04,5.1
DATAFLOW,OECD.SDD.STES:DSD_KEI@DF_KEI(4.0),I,DEU,M,UNEMP,PT_LF,_T,Y,_Z,2012-03,5.1
DATAFLOW,OECD.SDD.STES:DSD_KEI@DF_KEI(4.0),I,DEU,M,UNEMP,PT_LF,_T,Y,_Z,2012-02,5.1
DATAFLOW,OECD.SDD.STES:DSD_KEI@DF_KEI(4.0),I,DEU,M,UNEMP,PT_LF,_T,Y,_Z,2012-01,5.1
DATAFLOW,OECD.SDD.STES:DSD_KEI@DF_KEI(4.0),I,DEU,M,UNEMP,PT_LF,_T,Y,_Z,2011-12,5.2
DATAFLOW,OECD.SDD.STES:DSD_KEI@DF_KEI(4.0),I,DEU,M,UNEMP,PT_LF,_T,Y,_Z,2011-11,5.2
DATAFLOW,OECD.SDD.STES:DSD_KEI@DF_KEI(4.0),I,DEU,M,UNEMP,PT_LF,_T,Y,_Z,2011-10,5.3
DATAFLOW,OECD.SDD.STES:DSD_KEI@DF_KEI(4.0),I,DEU,M,UNEMP,PT_LF,_T,Y,_Z,2011-09,5.4
DATAFLOW,OECD.SDD.STES:DSD_KEI@DF_KEI(4.0),I,DEU,M,UNEMP,PT_LF,_T,Y,_Z,2011-08,5.4
DATAFLOW,OECD.SDD.STES:DSD_KEI@DF_KEI(4.0),I,DEU,M,UNEMP,PT_LF,_T,Y,_Z,2011-07,5.5
DATAFLOW,OECD.SDD.STES:DSD_KEI@DF_KEI(4.0),I,DEU,M,UNEMP,PT_LF,_T,Y,_Z,2011-06,5.5
DATAFLOW,OECD.SDD.STES:DSD_KEI@DF_KEI(4.0),I,DEU,M,UNEMP,PT_LF,_T,Y,_Z,2011-05,5.6
DATAFLOW,OECD.SDD.STES:DSD_KEI@DF_KEI(4.0),I,DEU,M,UNEMP,PT_LF,_T,Y,_Z,2011-04,5.6
DATAFLOW,OECD.SDD.STES:DSD_KEI@DF_KEI(4.0),I,DEU,M,UNEMP,PT_LF,_T,Y,_Z,2011-03,5.7
DATAFLOW,OECD.SDD.STES:DSD_KEI@DF_KEI(4.0),I,DEU,M,UNEMP,PT_LF,_T,Y,_Z,2011-02,5.9
DATAFLOW,OECD.SDD.STES:DSD_KEI@DF_KEI(4.0),I,DEU,M,UNEMP,PT_LF,_T,Y,_Z,2011-01,6.0
DATAFLOW,OECD.SDD.STES:DSD_KEI@DF_KEI(4.0),I,DEU,M,UNEMP,PT_LF,_T,Y,_Z,2010-12,6.1
DATAFLOW,OECD.SDD.STES:DSD_KEI@DF_KEI(4.0),I,FRA,M,UNEMP,PT_LF,_T,Y,_Z,2022-02,7.3
DATAFLOW,OECD.SDD.STES:DSD_KEI@DF_KEI(4.0),I,FRA,M,UNEMP,PT_LF,_T,Y,_Z,2021-11,7.5
DATAFLOW,OECD.SDD.STES:DSD_KEI@DF_KEI(4.0),I,FRA,M,UNEMP,PT_LF,_T,Y,_Z,2021-01,8.1
DATAFLOW,OECD.SDD.STES:DSD_KEI@DF_KEI(4.0),I,FRA,M,UNEMP,PT_LF,_T,Y,_Z,2020-08,9.0
DATAFLOW,OECD.SDD.STES:DSD_KEI@DF_KEI(4.0),I,FRA,M,UNEMP,PT_LF,_T,Y,_Z,2020-06,7.3
DATAFLOW,OECD.SDD.STES:DSD_KEI@DF_KEI(4.0),I,FRA,M,UNEMP,PT_LF,_T,Y,_Z,2020-03,7.6
DATAFLOW,OECD.SDD.STES:DSD_KEI@DF_KEI(4.0),I,CAN,M,UNEMP,PT_LF,_T,Y,_Z,2025-01,6.7
DATAFLOW,OECD.SDD.STES:DSD_KEI@DF_KEI(4.0),I,CAN,M,UNEMP,PT_LF,_T,Y,_Z,2024-12,6.7
DATAFLOW,OECD.SDD.STES:DSD_KEI@DF_KEI(4.0),I,CAN,M,UNEMP,PT_LF,_T,Y,_Z,2024-11,7.0
DATAFLOW,OECD.SDD.STES:DSD_KEI@DF_KEI(4.0),I,CAN,M,UNEMP,PT_LF,_T,Y,_Z,2024-10,6.6
DATAFLOW,OECD.SDD.STES:DSD_KEI@DF_KEI(4.0),I,CAN,M,UNEMP,PT_LF,_T,Y,_Z,2024-09,6.5
DATAFLOW,OECD.SDD.STES:DSD_KEI@DF_KEI(4.0),I,CAN,M,UNEMP,PT_LF,_T,Y,_Z,2024-08,6.6
DATAFLOW,OECD.SDD.STES:DSD_KEI@DF_KEI(4.0),I,CAN,M,UNEMP,PT_LF,_T,Y,_Z,2024-07,6.4
DATAFLOW,OECD.SDD.STES:DSD_KEI@DF_KEI(4.0),I,CAN,M,UNEMP,PT_LF,_T,Y,_Z,2024-06,6.4
DATAFLOW,OECD.SDD.STES:DSD_KEI@DF_KEI(4.0),I,CAN,M,UNEMP,PT_LF,_T,Y,_Z,2024-05,6.3
DATAFLOW,OECD.SDD.STES:DSD_KEI@DF_KEI(4.0),I,CAN,M,UNEMP,PT_LF,_T,Y,_Z,2024-04,6.2
DATAFLOW,OECD.SDD.STES:DSD_KEI@DF_KEI(4.0),I,CAN,M,UNEMP,PT_LF,_T,Y,_Z,2024-03,6.1
DATAFLOW,OECD.SDD.STES:DSD_KEI@DF_KEI(4.0),I,CAN,M,UNEMP,PT_LF,_T,Y,_Z,2024-02,5.9
DATAFLOW,OECD.SDD.STES:DSD_KEI@DF_KEI(4.0),I,CAN,M,UNEMP,PT_LF,_T,Y,_Z,2024-01,5.7
DATAFLOW,OECD.SDD.STES:DSD_KEI@DF_KEI(4.0),I,CAN,M,UNEMP,PT_LF,_T,Y,_Z,2023-11,5.8
DATAFLOW,OECD.SDD.STES:DSD_KEI@DF_KEI(4.0),I,CAN,M,UNEMP,PT_LF,_T,Y,_Z,2023-09,5.5
DATAFLOW,OECD.SDD.STES:DSD_KEI@DF_KEI(4.0),I,CAN,M,UNEMP,PT_LF,_T,Y,_Z,2023-08,5.4
DATAFLOW,OECD.SDD.STES:DSD_KEI@DF_KEI(4.0),I,CAN,M,UNEMP,PT_LF,_T,Y,_Z,2023-07,5.4
DATAFLOW,OECD.SDD.STES:DSD_KEI@DF_KEI(4.0),I,CAN,M,UNEMP,PT_LF,_T,Y,_Z,2023-05,5.2
DATAFLOW,OECD.SDD.STES:DSD_KEI@DF_KEI(4.0),I,CAN,M,UNEMP,PT_LF,_T,Y,_Z,2023-04,5.1
DATAFLOW,OECD.SDD.STES:DSD_KEI@DF_KEI(4.0),I,CAN,M,UNEMP,PT_LF,_T,Y,_Z,2023-03,5.1
DATAFLOW,OECD.SDD.STES:DSD_KEI@DF_KEI(4.0),I,CAN,M,UNEMP,PT_LF,_T,Y,_Z,2023-02,5.2
DATAFLOW,OECD.SDD.STES:DSD_KEI@DF_KEI(4.0),I,CAN,M,UNEMP,PT_LF,_T,Y,_Z,2023-01,5.1
DATAFLOW,OECD.SDD.STES:DSD_KEI@DF_KEI(4.0),I,CAN,M,UNEMP,PT_LF,_T,Y,_Z,2022-11,5.0
DATAFLOW,OECD.SDD.STES:DSD_KEI@DF_KEI(4.0),I,CAN,M,UNEMP,PT_LF,_T,Y,_Z,2022-10,5.1
DATAFLOW,OECD.SDD.STES:DSD_KEI@DF_KEI(4.0),I,CAN,M,UNEMP,PT_LF,_T,Y,_Z,2022-09,5.1
DATAFLOW,OECD.SDD.STES:DSD_KEI@DF_KEI(4.0),I,CAN,M,UNEMP,PT_LF,_T,Y,_Z,2022-08,5.2
DATAFLOW,OECD.SDD.STES:DSD_KEI@DF_KEI(4.0),I,CAN,M,UNEMP,PT_LF,_T,Y,_Z,2022-07,4.8
DATAFLOW,OECD.SDD.STES:DSD_KEI@DF_KEI(4.0),I,CAN,M,UNEMP,PT_LF,_T,Y,_Z,2022-06,4.9
DATAFLOW,OECD.SDD.STES:DSD_KEI@DF_KEI(4.0),I,CAN,M,UNEMP,PT_LF,_T,Y,_Z,2022-04,5.4
DATAFLOW,OECD.SDD.STES:DSD_KEI@DF_KEI(4.0),I,DEU,M,UNEMP,PT_LF,_T,Y,_Z,2022-11,3.1
DATAFLOW,OECD.SDD.STES:DSD_KEI@DF_KEI(4.0),I,DEU,M,UNEMP,PT_LF,_T,Y,_Z,2022-10,3.1
DATAFLOW,OECD.SDD.STES:DSD_KEI@DF_KEI(4.0),I,DEU,M,UNEMP,PT_LF,_T,Y,_Z,2007-10,8.3
DATAFLOW,OECD.SDD.STES:DSD_KEI@DF_KEI(4.0),I,DEU,M,UNEMP,PT_LF,_T,Y,_Z,2007-09,8.4
DATAFLOW,OECD.SDD.STES:DSD_KEI@DF_KEI(4.0),I,DEU,M,UNEMP,PT_LF,_T,Y,_Z,2007-08,8.4
DATAFLOW,OECD.SDD.STES:DSD_KEI@DF_KEI(4.0),I,DEU,M,UNEMP,PT_LF,_T,Y,_Z,2007-07,8.5
DATAFLOW,OECD.SDD.STES:DSD_KEI@DF_KEI(4.0),I,ITA,M,UNEMP,PT_LF,_T,Y,_Z,2016-09,11.9
DATAFLOW,OECD.SDD.STES:DSD_KEI@DF_KEI(4.0),I,ITA,M,UNEMP,PT_LF,_T,Y,_Z,2016-08,11.6
DATAFLOW,OECD.SDD.STES:DSD_KEI@DF_KEI(4.0),I,ITA,M,UNEMP,PT_LF,_T,Y,_Z,2016-02,11.7
DATAFLOW,OECD.SDD.STES:DSD_KEI@DF_KEI(4.0),I,ITA,M,UNEMP,PT_LF,_T,Y,_Z,2015-03,12.6
DATAFLOW,OECD.SDD.STES:DSD_KEI@DF_KEI(4.0),I,ITA,M,UNEMP,PT_LF,_T,Y,_Z,2015-02,12.4
DATAFLOW,OECD.SDD.STES:DSD_KEI@DF_KEI(4.0),I,ITA,M,UNEMP,PT_LF,_T,Y,_Z,2015-01,12.4
DATAFLOW,OECD.SDD.STES:DSD_KEI@DF_KEI(4.0),I,ITA,M,UNEMP,PT_LF,_T,Y,_Z,2014-11,13.3
DATAFLOW,OECD.SDD.STES:DSD_KEI@DF_KEI(4.0),I,ITA,M,UNEMP,PT_LF,_T,Y,_Z,2014-05,12.7
DATAFLOW,OECD.SDD.STES:DSD_KEI@DF_KEI(4.0),I,ITA,M,UNEMP,PT_LF,_T,Y,_Z,2014-02,12.9
DATAFLOW,OECD.SDD.STES:DSD_KEI@DF_KEI(4.0),I,ITA,M,UNEMP,PT_LF,_T,Y,_Z,2014-01,13.0
DATAFLOW,OECD.SDD.STES:DSD_KEI@DF_KEI(4.0),I,ITA,M,UNEMP,PT_LF,_T,Y,_Z,2013-12,12.6
DATAFLOW,OECD.SDD.STES:DSD_KEI@DF_KEI(4.0),I,ITA,M,UNEMP,PT_LF,_T,Y,_Z,2013-08,12.5
DATAFLOW,OECD.SDD.STES:DSD_KEI@DF_KEI(4.0),I,ITA,M,UNEMP,PT_LF,_T,Y,_Z,2013-05,12.4
DATAFLOW,OECD.SDD.STES:DSD_KEI@DF_KEI(4.0),I,ITA,M,UNEMP,PT_LF,_T,Y,_Z,2012-12,11.6
DATAFLOW,OECD.SDD.STES:DSD_KEI@DF_KEI(4.0),I,ITA,M,UNEMP,PT_LF,_T,Y,_Z,2012-10,11.7
DATAFLOW,OECD.SDD.STES:DSD_KEI@DF_KEI(4.0),I,ITA,M,UNEMP,PT_LF,_T,Y,_Z,2012-08,10.9
DATAFLOW,OECD.SDD.STES:DSD_KEI@DF_KEI(4.0),I,ITA,M,UNEMP,PT_LF,_T,Y,_Z,2012-05,10.6
DATAFLOW,OECD.SDD.STES:DSD_KEI@DF_KEI(4.0),I,ITA,M,UNEMP,PT_LF,_T,Y,_Z,2012-03,10.7
DATAFLOW,OECD.SDD.STES:DSD_KEI@DF_KEI(4.0),I,ITA,M,UNEMP,PT_LF,_T,Y,_Z,2012-02,10.2
DATAFLOW,OECD.SDD.STES:DSD_KEI@DF_KEI(4.0),I,ITA,M,UNEMP,PT_LF,_T,Y,_Z,2012-01,9.7
DATAFLOW,OECD.SDD.STES:DSD_KEI@DF_KEI(4.0),I,ITA,M,UNEMP,PT_LF,_T,Y,_Z,2011-06,8.2
DATAFLOW,OECD.SDD.STES:DSD_KEI@DF_KEI(4.0),I,ITA,M,UNEMP,PT_LF,_T,Y,_Z,2011-05,8.3
DATAFLOW,OECD.SDD.STES:DSD_KEI@DF_KEI(4.0),I,ITA,M,UNEMP,PT_LF,_T,Y,_Z,2011-04,8.0
DATAFLOW,OECD.SDD.STES:DSD_KEI@DF_KEI(4.0),I,ITA,M,UNEMP,PT_LF,_T,Y,_Z,2011-03,8.1
DATAFLOW,OECD.SDD.STES:DSD_KEI@DF_KEI(4.0),I,ITA,M,UNEMP,PT_LF,_T,Y,_Z,2010-08,8.2
DATAFLOW,OECD.SDD.STES:DSD_KEI@DF_KEI(4.0),I,ITA,M,UNEMP,PT_LF,_T,Y,_Z,2010-07,8.5
DATAFLOW,OECD.SDD.STES:DSD_KEI@DF_KEI(4.0),I,ITA,M,UNEMP,PT_LF,_T,Y,_Z,2010-03,8.5
DATAFLOW,OECD.SDD.STES:DSD_KEI@DF_KEI(4.0),I,ITA,M,UNEMP,PT_LF,_T,Y,_Z,2009-04,7.5
DATAFLOW,OECD.SDD.STES:DSD_KEI@DF_KEI(4.0),I,ITA,M,UNEMP,PT_LF,_T,Y,_Z,2008-10,7.0
DATAFLOW,OECD.SDD.STES:DSD_KEI@DF_KEI(4.0),I,ITA,M,UNEMP,PT_LF,_T,Y,_Z,2008-07,6.6
DATAFLOW,OECD.SDD.STES:DSD_KEI@DF_KEI(4.0),I,ITA,M,UNEMP,PT_LF,_T,Y,_Z,2008-06,6.9
DATAFLOW,OECD.SDD.STES:DSD_KEI@DF_KEI(4.0),I,ITA,M,UNEMP,PT_LF,_T,Y,_Z,2008-04,6.8
DATAFLOW,OECD.SDD.STES:DSD_KEI@DF_KEI(4.0),I,ITA,M,UNEMP,PT_LF,_T,Y,_Z,2008-01,6.7
DATAFLOW,OECD.SDD.STES:DSD_KEI@DF_KEI(4.0),I,ITA,M,UNEMP,PT_LF,_T,Y,_Z,2007-12,6.7
DATAFLOW,OECD.SDD.STES:DSD_KEI@DF_KEI(4.0),I,ITA,M,UNEMP,PT_LF,_T,Y,_Z,2007-08,6.2
DATAFLOW,OECD.SDD.STES:DSD_KEI@DF_KEI(4.0),I,ITA,M,UNEMP,PT_LF,_T,Y,_Z,2007-06,6.0
DATAFLOW,OECD.SDD.STES:DSD_KEI@DF_KEI(4.0),I,ITA,M,UNEMP,PT_LF,_T,Y,_Z,2025-12,5.6
DATAFLOW,OECD.SDD.STES:DSD_KEI@DF_KEI(4.0),I,ITA,M,UNEMP,PT_LF,_T,Y,_Z,2025-11,5.6
DATAFLOW,OECD.SDD.STES:DSD_KEI@DF_KEI(4.0),I,ITA,M,UNEMP,PT_LF,_T,Y,_Z,2025-09,6.0
DATAFLOW,OECD.SDD.STES:DSD_KEI@DF_KEI(4.0),I,ITA,M,UNEMP,PT_LF,_T,Y,_Z,2025-08,5.9
DATAFLOW,OECD.SDD.STES:DSD_KEI@DF_KEI(4.0),I,ITA,M,UNEMP,PT_LF,_T,Y,_Z,2025-07,6.0
DATAFLOW,OECD.SDD.STES:DSD_KEI@DF_KEI(4.0),I,ITA,M,UNEMP,PT_LF,_T,Y,_Z,2024-05,6.5
DATAFLOW,OECD.SDD.STES:DSD_KEI@DF_KEI(4.0),I,ITA,M,UNEMP,PT_LF,_T,Y,_Z,2021-04,10.3
DATAFLOW,OECD.SDD.STES:DSD_KEI@DF_KEI(4.0),I,ITA,M,UNEMP,PT_LF,_T,Y,_Z,2020-12,9.7
DATAFLOW,OECD.SDD.STES:DSD_KEI@DF_KEI(4.0),I,ITA,M,UNEMP,PT_LF,_T,Y,_Z,2015-06,12.4
DATAFLOW,OECD.SDD.STES:DSD_KEI@DF_KEI(4.0),I,ITA,M,UNEMP,PT_LF,_T,Y,_Z,2010-04,8.8
DATAFLOW,OECD.SDD.STES:DSD_KEI@DF_KEI(4.0),I,ITA,M,UNEMP,PT_LF,_T,Y,_Z,2007-05,6.2
DATAFLOW,OECD.SDD.STES:DSD_KEI@DF_KEI(4.0),I,ITA,M,UNEMP,PT_LF,_T,Y,_Z,2007-04,5.8
DATAFLOW,OECD.SDD.STES:DSD_KEI@DF_KEI(4.0),I,DEU,M,UNEMP,PT_LF,_T,Y,_Z,2025-11,3.8
DATAFLOW,OECD.SDD.STES:DSD_KEI@DF_KEI(4.0),I,DEU,M,UNEMP,PT_LF,_T,Y,_Z,2025-08,3.8
DATAFLOW,OECD.SDD.STES:DSD_KEI@DF_KEI(4.0),I,DEU,M,UNEMP,PT_LF,_T,Y,_Z,2025-07,3.8
DATAFLOW,OECD.SDD.STES:DSD_KEI@DF_KEI(4.0),I,DEU,M,UNEMP,PT_LF,_T,Y,_Z,2025-05,3.7
DATAFLOW,OECD.SDD.STES:DSD_KEI@DF_KEI(4.0),I,DEU,M,UNEMP,PT_LF,_T,Y,_Z,2025-04,3.7
DATAFLOW,OECD.SDD.STES:DSD_KEI@DF_KEI(4.0),I,DEU,M,UNEMP,PT_LF,_T,Y,_Z,2024-10,3.4
DATAFLOW,OECD.SDD.STES:DSD_KEI@DF_KEI(4.0),I,DEU,M,UNEMP,PT_LF,_T,Y,_Z,2024-09,3.4
DATAFLOW,OECD.SDD.STES:DSD_KEI@DF_KEI(4.0),I,DEU,M,UNEMP,PT_LF,_T,Y,_Z,2024-08,3.4
DATAFLOW,OECD.SDD.STES:DSD_KEI@DF_KEI(4.0),I,DEU,M,UNEMP,PT_LF,_T,Y,_Z,2024-07,3.4
DATAFLOW,OECD.SDD.STES:DSD_KEI@DF_KEI(4.0),I,DEU,M,UNEMP,PT_LF,_T,Y,_Z,2024-06,3.4
DATAFLOW,OECD.SDD.STES:DSD_KEI@DF_KEI(4.0),I,DEU,M,UNEMP,PT_LF,_T,Y,_Z,2024-05,3.4
DATAFLOW,OECD.SDD.STES:DSD_KEI@DF_KEI(4.0),I,DEU,M,UNEMP,PT_LF,_T,Y,_Z,2024-04,3.4
DATAFLOW,OECD.SDD.STES:DSD_KEI@DF_KEI(4.0),I,DEU,M,UNEMP,PT_LF,_T,Y,_Z,2024-03,3.3
DATAFLOW,OECD.SDD.STES:DSD_KEI@DF_KEI(4.0),I,DEU,M,UNEMP,PT_LF,_T,Y,_Z,2024-02,3.3
DATAFLOW,OECD.SDD.STES:DSD_KEI@DF_KEI(4.0),I,DEU,M,UNEMP,PT_LF,_T,Y,_Z,2024-01,3.2
DATAFLOW,OECD.SDD.STES:DSD_KEI@DF_KEI(4.0),I,DEU,M,UNEMP,PT_LF,_T,Y,_Z,2023-12,3.2
DATAFLOW,OECD.SDD.STES:DSD_KEI@DF_KEI(4.0),I,DEU,M,UNEMP,PT_LF,_T,Y,_Z,2023-11,3.2
DATAFLOW,OECD.SDD.STES:DSD_KEI@DF_KEI(4.0),I,DEU,M,UNEMP,PT_LF,_T,Y,_Z,2023-08,3.1
DATAFLOW,OECD.SDD.STES:DSD_KEI@DF_KEI(4.0),I,DEU,M,UNEMP,PT_LF,_T,Y,_Z,2023-05,3.0
DATAFLOW,OECD.SDD.STES:DSD_KEI@DF_KEI(4.0),I,DEU,M,UNEMP,PT_LF,_T,Y,_Z,2023-04,3.0
DATAFLOW,OECD.SDD.STES:DSD_KEI@DF_KEI(4.0),I,ITA,M,UNEMP,PT_LF,_T,Y,_Z,2008-02,6.7
DATAFLOW,OECD.SDD.STES:DSD_KEI@DF_KEI(4.0),I,ITA,M,UNEMP,PT_LF,_T,Y,_Z,2007-11,6.3
DATAFLOW,OECD.SDD.STES:DSD_KEI@DF_KEI(4.0),I,ITA,M,UNEMP,PT_LF,_T,Y,_Z,2007-10,6.3
DATAFLOW,OECD.SDD.STES:DSD_KEI@DF_KEI(4.0),I,ITA,M,UNEMP,PT_LF,_T,Y,_Z,2007-09,6.2
DATAFLOW,OECD.SDD.STES:DSD_KEI@DF_KEI(4.0),I,ITA,M,UNEMP,PT_LF,_T,Y,_Z,2007-07,6.3
DATAFLOW,OECD.SDD.STES:DSD_KEI@DF_KEI(4.0),I,ITA,M,UNEMP,PT_LF,_T,Y,_Z,2007-03,6.1
DATAFLOW,OECD.SDD.STES:DSD_KEI@DF_KEI(4.0),I,ITA,M,UNEMP,PT_LF,_T,Y,_Z,2007-02,6.1
DATAFLOW,OECD.SDD.STES:DSD_KEI@DF_KEI(4.0),I,ITA,M,UNEMP,PT_LF,_T,Y,_Z,2007-01,6.3
DATAFLOW,OECD.SDD.STES:DSD_KEI@DF_KEI(4.0),I,ITA,M,UNEMP,PT_LF,_T,Y,_Z,2011-02,8.1
DATAFLOW,OECD.SDD.STES:DSD_KEI@DF_KEI(4.0),I,ITA,M,UNEMP,PT_LF,_T,Y,_Z,2011-01,8.2
DATAFLOW,OECD.SDD.STES:DSD_KEI@DF_KEI(4.0),I,ITA,M,UNEMP,PT_LF,_T,Y,_Z,2010-12,8.2
DATAFLOW,OECD.SDD.STES:DSD_KEI@DF_KEI(4.0),I,ITA,M,UNEMP,PT_LF,_T,Y,_Z,2010-11,8.4
DATAFLOW,OECD.SDD.STES:DSD_KEI@DF_KEI(4.0),I,ITA,M,UNEMP,PT_LF,_T,Y,_Z,2010-10,8.6
DATAFLOW,OECD.SDD.STES:DSD_KEI@DF_KEI(4.0),I,ITA,M,UNEMP,PT_LF,_T,Y,_Z,2010-09,8.4
DATAFLOW,OECD.SDD.STES:DSD_KEI@DF_KEI(4.0),I,ITA,M,UNEMP,PT_LF,_T,Y,_Z,2010-06,8.5
DATAFLOW,OECD.SDD.STES:DSD_KEI@DF_KEI(4.0),I,ITA,M,UNEMP,PT_LF,_T,Y,_Z,2010-05,8.7
DATAFLOW,OECD.SDD.STES:DSD_KEI@DF_KEI(4.0),I,ITA,M,UNEMP,PT_LF,_T,Y,_Z,2009-12,8.5
DATAFLOW,OECD.SDD.STES:DSD_KEI@DF_KEI(4.0),I,ITA,M,UNEMP,PT_LF,_T,Y,_Z,2009-11,8.4
DATAFLOW,OECD.SDD.STES:DSD_KEI@DF_KEI(4.0),I,ITA,M,UNEMP,PT_LF,_T,Y,_Z,2009-10,8.3
DATAFLOW,OECD.SDD.STES:DSD_KEI@DF_KEI(4.0),I,ITA,M,UNEMP,PT_LF,_T,Y,_Z,2009-09,8.3
DATAFLOW,OECD.SDD.STES:DSD_KEI@DF_KEI(4.0),I,ITA,M,UNEMP,PT_LF,_T,Y,_Z,2009-06,7.8
DATAFLOW,OECD.SDD.STES:DSD_KEI@DF_KEI(4.0),I,FRA,M,UNEMP,PT_LF,_T,Y,_Z,2019-01,8.8
DATAFLOW,OECD.SDD.STES:DSD_KEI@DF_KEI(4.0),I,FRA,M,UNEMP,PT_LF,_T,Y,_Z,2018-12,8.8
DATAFLOW,OECD.SDD.STES:DSD_KEI@DF_KEI(4.0),I,FRA,M,UNEMP,PT_LF,_T,Y,_Z,2018-10,8.8
DATAFLOW,OECD.SDD.STES:DSD_KEI@DF_KEI(4.0),I,FRA,M,UNEMP,PT_LF,_T,Y,_Z,2018-08,8.9
DATAFLOW,OECD.SDD.STES:DSD_KEI@DF_KEI(4.0),I,FRA,M,UNEMP,PT_LF,_T,Y,_Z,2018-07,9.0
DATAFLOW,OECD.SDD.STES:DSD_KEI@DF_KEI(4.0),I,FRA,M,UNEMP,PT_LF,_T,Y,_Z,2018-04,9.2
DATAFLOW,OECD.SDD.STES:DSD_KEI@DF_KEI(4.0),I,FRA,M,UNEMP,PT_LF,_T,Y,_Z,2018-03,9.3
DATAFLOW,OECD.SDD.STES:DSD_KEI@DF_KEI(4.0),I,FRA,M,UNEMP,PT_LF,_T,Y,_Z,2018-02,9.3
DATAFLOW,OECD.SDD.STES:DSD_KEI@DF_KEI(4.0),I,FRA,M,UNEMP,PT_LF,_T,Y,_Z,2018-01,9.2
DATAFLOW,OECD.SDD.STES:DSD_KEI@DF_KEI(4.0),I,FRA,M,UNEMP,PT_LF,_T,Y,_Z,2017-12,9.0
DATAFLOW,OECD.SDD.STES:DSD_KEI@DF_KEI(4.0),I,FRA,M,UNEMP,PT_LF,_T,Y,_Z,2017-11,9.0
DATAFLOW,OECD.SDD.STES:DSD_KEI@DF_KEI(4.0),I,FRA,M,UNEMP,PT_LF,_T,Y,_Z,2017-10,9.1
DATAFLOW,OECD.SDD.STES:DSD_KEI@DF_KEI(4.0),I,FRA,M,UNEMP,PT_LF,_T,Y,_Z,2017-09,9.3
DATAFLOW,OECD.SDD.STES:DSD_KEI@DF_KEI(4.0),I,FRA,M,UNEMP,PT_LF,_T,Y,_Z,2017-08,9.5
DATAFLOW,OECD.SDD.STES:DSD_KEI@DF_KEI(4.0),I,FRA,M,UNEMP,PT_LF,_T,Y,_Z,2017-07,9.6
DATAFLOW,OECD.SDD.STES:DSD_KEI@DF_KEI(4.0),I,FRA,M,UNEMP,PT_LF,_T,Y,_Z,2017-06,9.5
DATAFLOW,OECD.SDD.STES:DSD_KEI@DF_KEI(4.0),I,FRA,M,UNEMP,PT_LF,_T,Y,_Z,2017-04,9.5
DATAFLOW,OECD.SDD.STES:DSD_KEI@DF_KEI(4.0),I,FRA,M,UNEMP,PT_LF,_T,Y,_Z,2017-03,9.6
DATAFLOW,OECD.SDD.STES:DSD_KEI@DF_KEI(4.0),I,FRA,M,UNEMP,PT_LF,_T,Y,_Z,2017-02,9.6
DATAFLOW,OECD.SDD.STES:DSD_KEI@DF_KEI(4.0),I,FRA,M,UNEMP,PT_LF,_T,Y,_Z,2017-01,9.7
DATAFLOW,OECD.SDD.STES:DSD_KEI@DF_KEI(4.0),I,FRA,M,UNEMP,PT_LF,_T,Y,_Z,2016-12,10.0
DATAFLOW,OECD.SDD.STES:DSD_KEI@DF_KEI(4.0),I,FRA,M,UNEMP,PT_LF,_T,Y,_Z,2016-11,10.1
DATAFLOW,OECD.SDD.STES:DSD_KEI@DF_KEI(4.0),I,FRA,M,UNEMP,PT_LF,_T,Y,_Z,2016-10,10.1
DATAFLOW,OECD.SDD.STES:DSD_KEI@DF_KEI(4.0),I,FRA,M,UNEMP,PT_LF,_T,Y,_Z,2016-09,9.9
DATAFLOW,OECD.SDD.STES:DSD_KEI@DF_KEI(4.0),I,FRA,M,UNEMP,PT_LF,_T,Y,_Z,2016-08,9.9
DATAFLOW,OECD.SDD.STES:DSD_KEI@DF_KEI(4.0),I,FRA,M,UNEMP,PT_LF,_T,Y,_Z,2016-07,9.8
DATAFLOW,OECD.SDD.STES:DSD_KEI@DF_KEI(4.0),I,FRA,M,UNEMP,PT_LF,_T,Y,_Z,2016-05,10.0
DATAFLOW,OECD.SDD.STES:DSD_KEI@DF_KEI(4.0),I,FRA,M,UNEMP,PT_LF,_T,Y,_Z,2016-04,10.1
DATAFLOW,OECD.SDD.STES:DSD_KEI@DF_KEI(4.0),I,FRA,M,UNEMP,PT_LF,_T,Y,_Z,2016-03,10.2
DATAFLOW,OECD.SDD.STES:DSD_KEI@DF_KEI(4.0),I,FRA,M,UNEMP,PT_LF,_T,Y,_Z,2016-02,10.4
DATAFLOW,OECD.SDD.STES:DSD_KEI@DF_KEI(4.0),I,FRA,M,UNEMP,PT_LF,_T,Y,_Z,2016-01,10.3
DATAFLOW,OECD.SDD.STES:DSD_KEI@DF_KEI(4.0),I,FRA,M,UNEMP,PT_LF,_T,Y,_Z,2015-12,10.2
DATAFLOW,OECD.SDD.STES:DSD_KEI@DF_KEI(4.0),I,FRA,M,UNEMP,PT_LF,_T,Y,_Z,2015-11,10.3
DATAFLOW,OECD.SDD.STES:DSD_KEI@DF_KEI(4.0),I,FRA,M,UNEMP,PT_LF,_T,Y,_Z,2015-10,10.3
DATAFLOW,OECD.SDD.STES:DSD_KEI@DF_KEI(4.0),I,FRA,M,UNEMP,PT_LF,_T,Y,_Z,2015-09,10.3
DATAFLOW,OECD.SDD.STES:DSD_KEI@DF_KEI(4.0),I,FRA,M,UNEMP,PT_LF,_T,Y,_Z,2015-08,10.3
DATAFLOW,OECD.SDD.STES:DSD_KEI@DF_KEI(4.0),I,FRA,M,UNEMP,PT_LF,_T,Y,_Z,2015-07,10.3
DATAFLOW,OECD.SDD.STES:DSD_KEI@DF_KEI(4.0),I,FRA,M,UNEMP,PT_LF,_T,Y,_Z,2015-06,10.4
DATAFLOW,OECD.SDD.STES:DSD_KEI@DF_KEI(4.0),I,FRA,M,UNEMP,PT_LF,_T,Y,_Z,2015-05,10.5
DATAFLOW,OECD.SDD.STES:DSD_KEI@DF_KEI(4.0),I,FRA,M,UNEMP,PT_LF,_T,Y,_Z,2015-04,10.4
DATAFLOW,OECD.SDD.STES:DSD_KEI@DF_KEI(4.0),I,FRA,M,UNEMP,PT_LF,_T,Y,_Z,2015-03,10.4
DATAFLOW,OECD.SDD.STES:DSD_KEI@DF_KEI(4.0),I,FRA,M,UNEMP,PT_LF,_T,Y,_Z,2015-02,10.3
DATAFLOW,OECD.SDD.STES:DSD_KEI@DF_KEI(4.0),I,FRA,M,UNEMP,PT_LF,_T,Y,_Z,2015-01,10.4
DATAFLOW,OECD.SDD.STES:DSD_KEI@DF_KEI(4.0),I,DEU,M,UNEMP,PT_LF,_T,Y,_Z,2021-04,3.8
DATAFLOW,OECD.SDD.STES:DSD_KEI@DF_KEI(4.0),I,DEU,M,UNEMP,PT_LF,_T,Y,_Z,2021-03,3.9
DATAFLOW,OECD.SDD.STES:DSD_KEI@DF_KEI(4.0),I,DEU,M,UNEMP,PT_LF,_T,Y,_Z,2021-02,3.9
DATAFLOW,OECD.SDD.STES:DSD_KEI@DF_KEI(4.0),I,DEU,M,UNEMP,PT_LF,_T,Y,_Z,2021-01,3.9
DATAFLOW,OECD.SDD.STES:DSD_KEI@DF_KEI(4.0),I,DEU,M,UNEMP,PT_LF,_T,Y,_Z,2020-08,3.9
DATAFLOW,OECD.SDD.STES:DSD_KEI@DF_KEI(4.0),I,DEU,M,UNEMP,PT_LF,_T,Y,_Z,2020-07,3.8
DATAFLOW,OECD.SDD.STES:DSD_KEI@DF_KEI(4.0),I,JPN,M,UNEMP,PT_LF,_T,Y,_Z,2018-11,2.5
DATAFLOW,OECD.SDD.STES:DSD_KEI@DF_KEI(4.0),I,JPN,M,UNEMP,PT_LF,_T,Y,_Z,2018-10,2.4
DATAFLOW,OECD.SDD.STES:DSD_KEI@DF_KEI(4.0),I,JPN,M,UNEMP,PT_LF,_T,Y,_Z,2018-09,2.3
DATAFLOW,OECD.SDD.STES:DSD_KEI@DF_KEI(4.0),I,JPN,M,UNEMP,PT_LF,_T,Y,_Z,2018-08,2.5
DATAFLOW,OECD.SDD.STES:DSD_KEI@DF_KEI(4.0),I,JPN,M,UNEMP,PT_LF,_T,Y,_Z,2018-07,2.5
DATAFLOW,OECD.SDD.STES:DSD_KEI@DF_KEI(4.0),I,JPN,M,UNEMP,PT_LF,_T,Y,_Z,2018-06,2.4
DATAFLOW,OECD.SDD.STES:DSD_KEI@DF_KEI(4.0),I,JPN,M,UNEMP,PT_LF,_T,Y,_Z,2018-05,2.2
DATAFLOW,OECD.SDD.STES:DSD_KEI@DF_KEI(4.0),I,JPN,M,UNEMP,PT_LF,_T,Y,_Z,2018-04,2.5
DATAFLOW,OECD.SDD.STES:DSD_KEI@DF_KEI(4.0),I,JPN,M,UNEMP,PT_LF,_T,Y,_Z,2018-03,2.5
DATAFLOW,OECD.SDD.STES:DSD_KEI@DF_KEI(4.0),I,JPN,M,UNEMP,PT_LF,_T,Y,_Z,2018-02,2.5
DATAFLOW,OECD.SDD.STES:DSD_KEI@DF_KEI(4.0),I,JPN,M,UNEMP,PT_LF,_T,Y,_Z,2025-10,2.6
DATAFLOW,OECD.SDD.STES:DSD_KEI@DF_KEI(4.0),I,JPN,M,UNEMP,PT_LF,_T,Y,_Z,2025-01,2.5
DATAFLOW,OECD.SDD.STES:DSD_KEI@DF_KEI(4.0),I,JPN,M,UNEMP,PT_LF,_T,Y,_Z,2024-12,2.5
DATAFLOW,OECD.SDD.STES:DSD_KEI@DF_KEI(4.0),I,JPN,M,UNEMP,PT_LF,_T,Y,_Z,2024-07,2.6
DATAFLOW,OECD.SDD.STES:DSD_KEI@DF_KEI(4.0),I,JPN,M,UNEMP,PT_LF,_T,Y,_Z,2024-01,2.5
DATAFLOW,OECD.SDD.STES:DSD_KEI@DF_KEI(4.0),I,JPN,M,UNEMP,PT_LF,_T,Y,_Z,2023-11,2.6
DATAFLOW,OECD.SDD.STES:DSD_KEI@DF_KEI(4.0),I,JPN,M,UNEMP,PT_LF,_T,Y,_Z,2023-10,2.6
DATAFLOW,OECD.SDD.STES:DSD_KEI@DF_KEI(4.0),I,JPN,M,UNEMP,PT_LF,_T,Y,_Z,2023-05,2.5
DATAFLOW,OECD.SDD.STES:DSD_KEI@DF_KEI(4.0),I,JPN,M,UNEMP,PT_LF,_T,Y,_Z,2025-11,2.6
DATAFLOW,OECD.SDD.STES:DSD_KEI@DF_KEI(4.0),I,JPN,M,UNEMP,PT_LF,_T,Y,_Z,2025-09,2.6
DATAFLOW,OECD.SDD.STES:DSD_KEI@DF_KEI(4.0),I,JPN,M,UNEMP,PT_LF,_T,Y,_Z,2025-08,2.6
DATAFLOW,OECD.SDD.STES:DSD_KEI@DF_KEI(4.0),I,JPN,M,UNEMP,PT_LF,_T,Y,_Z,2025-07,2.3
DATAFLOW,OECD.SDD.STES:DSD_KEI@DF_KEI(4.0),I,JPN,M,UNEMP,PT_LF,_T,Y,_Z,2025-06,2.5
DATAFLOW,OECD.SDD.STES:DSD_KEI@DF_KEI(4.0),I,JPN,M,UNEMP,PT_LF,_T,Y,_Z,2025-05,2.5
DATAFLOW,OECD.SDD.STES:DSD_KEI@DF_KEI(4.0),I,JPN,M,UNEMP,PT_LF,_T,Y,_Z,2025-04,2.5
DATAFLOW,OECD.SDD.STES:DSD_KEI@DF_KEI(4.0),I,JPN,M,UNEMP,PT_LF,_T,Y,_Z,2025-03,2.5
DATAFLOW,OECD.SDD.STES:DSD_KEI@DF_KEI(4.0),I,JPN,M,UNEMP,PT_LF,_T,Y,_Z,2025-02,2.4
DATAFLOW,OECD.SDD.STES:DSD_KEI@DF_KEI(4.0),I,JPN,M,UNEMP,PT_LF,_T,Y,_Z,2024-11,2.5
DATAFLOW,OECD.SDD.STES:DSD_KEI@DF_KEI(4.0),I,JPN,M,UNEMP,PT_LF,_T,Y,_Z,2024-10,2.5
DATAFLOW,OECD.SDD.STES:DSD_KEI@DF_KEI(4.0),I,JPN,M,UNEMP,PT_LF,_T,Y,_Z,2024-09,2.4
DATAFLOW,OECD.SDD.STES:DSD_KEI@DF_KEI(4.0),I,JPN,M,UNEMP,PT_LF,_T,Y,_Z,2024-08,2.5
DATAFLOW,OECD.SDD.STES:DSD_KEI@DF_KEI(4.0),I,JPN,M,UNEMP,PT_LF,_T,Y,_Z,2024-06,2.5
DATAFLOW,OECD.SDD.STES:DSD_KEI@DF_KEI(4.0),I,JPN,M,UNEMP,PT_LF,_T,Y,_Z,2024-05,2.6
DATAFLOW,OECD.SDD.STES:DSD_KEI@DF_KEI(4.0),I,JPN,M,UNEMP,PT_LF,_T,Y,_Z,2024-04,2.6
DATAFLOW,OECD.SDD.STES:DSD_KEI@DF_KEI(4.0),I,JPN,M,UNEMP,PT_LF,_T,Y,_Z,2024-03,2.6
DATAFLOW,OECD.SDD.STES:DSD_KEI@DF_KEI(4.0),I,JPN,M,UNEMP,PT_LF,_T,Y,_Z,2024-02,2.6
DATAFLOW,OECD.SDD.STES:DSD_KEI@DF_KEI(4.0),I,JPN,M,UNEMP,PT_LF,_T,Y,_Z,2023-12,2.5
DATAFLOW,OECD.SDD.STES:DSD_KEI@DF_KEI(4.0),I,JPN,M,UNEMP,PT_LF,_T,Y,_Z,2023-08,2.6
DATAFLOW,OECD.SDD.STES:DSD_KEI@DF_KEI(4.0),I,JPN,M,UNEMP,PT_LF,_T,Y,_Z,2023-07,2.6
DATAFLOW,OECD.SDD.STES:DSD_KEI@DF_KEI(4.0),I,JPN,M,UNEMP,PT_LF,_T,Y,_Z,2023-03,2.7
DATAFLOW,OECD.SDD.STES:DSD_KEI@DF_KEI(4.0),I,JPN,M,UNEMP,PT_LF,_T,Y,_Z,2023-01,2.5
DATAFLOW,OECD.SDD.STES:DSD_KEI@DF_KEI(4.0),I,JPN,M,UNEMP,PT_LF,_T,Y,_Z,2022-07,2.5
DATAFLOW,OECD.SDD.STES:DSD_KEI@DF_KEI(4.0),I,JPN,M,UNEMP,PT_LF,_T,Y,_Z,2022-01,2.8
DATAFLOW,OECD.SDD.STES:DSD_KEI@DF_KEI(4.0),I,JPN,M,UNEMP,PT_LF,_T,Y,_Z,2021-01,3.0
DATAFLOW,OECD.SDD.STES:DSD_KEI@DF_KEI(4.0),I,JPN,M,UNEMP,PT_LF,_T,Y,_Z,2020-12,3.1
DATAFLOW,OECD.SDD.STES:DSD_KEI@DF_KEI(4.0),I,JPN,M,UNEMP,PT_LF,_T,Y,_Z,2020-11,3.0
DATAFLOW,OECD.SDD.STES:DSD_KEI@DF_KEI(4.0),I,JPN,M,UNEMP,PT_LF,_T,Y,_Z,2025-12,2.6
DATAFLOW,OECD.SDD.STES:DSD_KEI@DF_KEI(4.0),I,ITA,M,UNEMP,PT_LF,_T,Y,_Z,2022-12,7.9
DATAFLOW,OECD.SDD.STES:DSD_KEI@DF_KEI(4.0),I,ITA,M,UNEMP,PT_LF,_T,Y,_Z,2022-09,8.0
DATAFLOW,OECD.SDD.STES:DSD_KEI@DF_KEI(4.0),I,ITA,M,UNEMP,PT_LF,_T,Y,_Z,2022-05,8.1
DATAFLOW,OECD.SDD.STES:DSD_KEI@DF_KEI(4.0),I,ITA,M,UNEMP,PT_LF,_T,Y,_Z,2022-03,8.3
DATAFLOW,OECD.SDD.STES:DSD_KEI@DF_KEI(4.0),I,ITA,M,UNEMP,PT_LF,_T,Y,_Z,2022-02,8.4
DATAFLOW,OECD.SDD.STES:DSD_KEI@DF_KEI(4.0),I,ITA,M,UNEMP,PT_LF,_T,Y,_Z,2022-01,8.6
DATAFLOW,OECD.SDD.STES:DSD_KEI@DF_KEI(4.0),I,ITA,M,UNEMP,PT_LF,_T,Y,_Z,2021-12,8.8
DATAFLOW,OECD.SDD.STES:DSD_KEI@DF_KEI(4.0),I,ITA,M,UNEMP,PT_LF,_T,Y,_Z,2021-08,9.1
DATAFLOW,OECD.SDD.STES:DSD_KEI@DF_KEI(4.0),I,ITA,M,UNEMP,PT_LF,_T,Y,_Z,2021-07,9.1
DATAFLOW,OECD.SDD.STES:DSD_KEI@DF_KEI(4.0),I,ITA,M,UNEMP,PT_LF,_T,Y,_Z,2021-05,9.9
DATAFLOW,OECD.SDD.STES:DSD_KEI@DF_KEI(4.0),I,ITA,M,UNEMP,PT_LF,_T,Y,_Z,2020-05,8.7
DATAFLOW,OECD.SDD.STES:DSD_KEI@DF_KEI(4.0),I,ITA,M,UNEMP,PT_LF,_T,Y,_Z,2020-03,7.7
DATAFLOW,OECD.SDD.STES:DSD_KEI@DF_KEI(4.0),I,ITA,M,UNEMP,PT_LF,_T,Y,_Z,2020-02,9.5
DATAFLOW,OECD.SDD.STES:DSD_KEI@DF_KEI(4.0),I,ITA,M,UNEMP,PT_LF,_T,Y,_Z,2019-11,9.8
DATAFLOW,OECD.SDD.STES:DSD_KEI@DF_KEI(4.0),I,ITA,M,UNEMP,PT_LF,_T,Y,_Z,2019-10,9.5
DATAFLOW,OECD.SDD.STES:DSD_KEI@DF_KEI(4.0),I,ITA,M,UNEMP,PT_LF,_T,Y,_Z,2022-07,7.9
DATAFLOW,OECD.SDD.STES:DSD_KEI@DF_KEI(4.0),I,ITA,M,UNEMP,PT_LF,_T,Y,_Z,2013-03,12.1
DATAFLOW,OECD.SDD.STES:DSD_KEI@DF_KEI(4.0),I,ITA,M,UNEMP,PT_LF,_T,Y,_Z,2023-06,7.4
DATAFLOW,OECD.SDD.STES:DSD_KEI@DF_KEI(4.0),I,ITA,M,UNEMP,PT_LF,_T,Y,_Z,2021-11,9.0
DATAFLOW,OECD.SDD.STES:DSD_KEI@DF_KEI(4.0),I,ITA,M,UNEMP,PT_LF,_T,Y,_Z,2021-06,9.4
DATAFLOW,OECD.SDD.STES:DSD_KEI@DF_KEI(4.0),I,ITA,M,UNEMP,PT_LF,_T,Y,_Z,2020-10,10.0
DATAFLOW,OECD.SDD.STES:DSD_KEI@DF_KEI(4.0),I,ITA,M,UNEMP,PT_LF,_T,Y,_Z,2019-08,9.4
DATAFLOW,OECD.SDD.STES:DSD_KEI@DF_KEI(4.0),I,ITA,M,UNEMP,PT_LF,_T,Y,_Z,2019-03,10.3
DATAFLOW,OECD.SDD.STES:DSD_KEI@DF_KEI(4.0),I,ITA,M,UNEMP,PT_LF,_T,Y,_Z,2019-02,10.5
DATAFLOW,OECD.SDD.STES:DSD_KEI@DF_KEI(4.0),I,ITA,M,UNEMP,PT_LF,_T,Y,_Z,2018-08,10.1
DATAFLOW,OECD.SDD.STES:DSD_KEI@DF_KEI(4.0),I,ITA,M,UNEMP,PT_LF,_T,Y,_Z,2017-05,11.5
DATAFLOW,OECD.SDD.STES:DSD_KEI@DF_KEI(4.0),I,ITA,M,UNEMP,PT_LF,_T,Y,_Z,2016-05,11.5
DATAFLOW,OECD.SDD.STES:DSD_KEI@DF_KEI(4.0),I,ITA,M,UNEMP,PT_LF,_T,Y,_Z,2016-04,11.9
DATAFLOW,OECD.SDD.STES:DSD_KEI@DF_KEI(4.0),I,ITA,M,UNEMP,PT_LF,_T,Y,_Z,2015-10,11.8
DATAFLOW,OECD.SDD.STES:DSD_KEI@DF_KEI(4.0),I,ITA,M,UNEMP,PT_LF,_T,Y,_Z,2015-08,11.6
DATAFLOW,OECD.SDD.STES:DSD_KEI@DF_KEI(4.0),I,ITA,M,UNEMP,PT_LF,_T,Y,_Z,2015-05,12.4
DATAFLOW,OECD.SDD.STES:DSD_KEI@DF_KEI(4.0),I,ITA,M,UNEMP,PT_LF,_T,Y,_Z,2014-06,12.2
DATAFLOW,OECD.SDD.STES:DSD_KEI@DF_KEI(4.0),I,ITA,M,UNEMP,PT_LF,_T,Y,_Z,2014-04,12.8
DATAFLOW,OECD.SDD.STES:DSD_KEI@DF_KEI(4.0),I,ITA,M,UNEMP,PT_LF,_T,Y,_Z,2014-03,12.8
DATAFLOW,OECD.SDD.STES:DSD_KEI@DF_KEI(4.0),I,ITA,M,UNEMP,PT_LF,_T,Y,_Z,2013-11,12.6
DATAFLOW,OECD.SDD.STES:DSD_KEI@DF_KEI(4.0),I,DEU,M,UNEMP,PT_LF,_T,Y,_Z,2010-11,6.2
DATAFLOW,OECD.SDD.STES:DSD_KEI@DF_KEI(4.0),I,DEU,M,UNEMP,PT_LF,_T,Y,_Z,2010-10,6.3
DATAFLOW,OECD.SDD.STES:DSD_KEI@DF_KEI(4.0),I,DEU,M,UNEMP,PT_LF,_T,Y,_Z,2010-08,6.4
DATAFLOW,OECD.SDD.STES:DSD_KEI@DF_KEI(4.0),I,DEU,M,UNEMP,PT_LF,_T,Y,_Z,2010-05,6.7
DATAFLOW,OECD.SDD.STES:DSD_KEI@DF_KEI(4.0),I,DEU,M,UNEMP,PT_LF,_T,Y,_Z,2010-04,6.8
DATAFLOW,OECD.SDD.STES:DSD_KEI@DF_KEI(4.0),I,DEU,M,UNEMP,PT_LF,_T,Y,_Z,2010-03,6.9
DATAFLOW,OECD.SDD.STES:DSD_KEI@DF_KEI(4.0),I,DEU,M,UNEMP,PT_LF,_T,Y,_Z,2010-02,7.0
DATAFLOW,OECD.SDD.STES:DSD_KEI@DF_KEI(4.0),I,DEU,M,UNEMP,PT_LF,_T,Y,_Z,2008-11,7.0
DATAFLOW,OECD.SDD.STES:DSD_KEI@DF_KEI(4.0),I,DEU,M,UNEMP,PT_LF,_T,Y,_Z,2008-10,7.0
DATAFLOW,OECD.SDD.STES:DSD_KEI@DF_KEI(4.0),I,DEU,M,UNEMP,PT_LF,_T,Y,_Z,2008-09,7.0
DATAFLOW,OECD.SDD.STES:DSD_KEI@DF_KEI(4.0),I,DEU,M,UNEMP,PT_LF,_T,Y,_Z,2008-08,7.1
DATAFLOW,OECD.SDD.STES:DSD_KEI@DF_KEI(4.0),I,DEU,M,UNEMP,PT_LF,_T,Y,_Z,2008-07,7.3
DATAFLOW,OECD.SDD.STES:DSD_KEI@DF_KEI(4.0),I,DEU,M,UNEMP,PT_LF,_T,Y,_Z,2025-10,3.8
DATAFLOW,OECD.SDD.STES:DSD_KEI@DF_KEI(4.0),I,DEU,M,UNEMP,PT_LF,_T,Y,_Z,2025-09,3.8
DATAFLOW,OECD.SDD.STES:DSD_KEI@DF_KEI(4.0),I,DEU,M,UNEMP,PT_LF,_T,Y,_Z,2025-06,3.7
DATAFLOW,OECD.SDD.STES:DSD_KEI@DF_KEI(4.0),I,DEU,M,UNEMP,PT_LF,_T,Y,_Z,2023-10,3.2
DATAFLOW,OECD.SDD.STES:DSD_KEI@DF_KEI(4.0),I,DEU,M,UNEMP,PT_LF,_T,Y,_Z,2025-01,3.5
DATAFLOW,OECD.SDD.STES:DSD_KEI@DF_KEI(4.0),I,DEU,M,UNEMP,PT_LF,_T,Y,_Z,2024-12,3.5
DATAFLOW,OECD.SDD.STES:DSD_KEI@DF_KEI(4.0),I,DEU,M,UNEMP,PT_LF,_T,Y,_Z,2025-03,3.6
DATAFLOW,OECD.SDD.STES:DSD_KEI@DF_KEI(4.0),I,DEU,M,UNEMP,PT_LF,_T,Y,_Z,2025-02,3.6
DATAFLOW,OECD.SDD.STES:DSD_KEI@DF_KEI(4.0),I,DEU,M,UNEMP,PT_LF,_T,Y,_Z,2017-03,3.6
DATAFLOW,OECD.SDD.STES:DSD_KEI@DF_KEI(4.0),I,DEU,M,UNEMP,PT_LF,_T,Y,_Z,2017-02,3.6
DATAFLOW,OECD.SDD.STES:DSD_KEI@DF_KEI(4.0),I,FRA,M,UNEMP,PT_LF,_T,Y,_Z,2009-03,8.9
DATAFLOW,OECD.SDD.STES:DSD_KEI@DF_KEI(4.0),I,FRA,M,UNEMP,PT_LF,_T,Y,_Z,2009-02,8.6
DATAFLOW,OECD.SDD.STES:DSD_KEI@DF_KEI(4.0),I,FRA,M,UNEMP,PT_LF,_T,Y,_Z,2008-12,8.0
DATAFLOW,OECD.SDD.STES:DSD_KEI@DF_KEI(4.0),I,FRA,M,UNEMP,PT_LF,_T,Y,_Z,2008-11,7.8
DATAFLOW,OECD.SDD.STES:DSD_KEI@DF_KEI(4.0),I,FRA,M,UNEMP,PT_LF,_T,Y,_Z,2008-10,7.6
DATAFLOW,OECD.SDD.STES:DSD_KEI@DF_KEI(4.0),I,FRA,M,UNEMP,PT_LF,_T,Y,_Z,2008-08,7.5
DATAFLOW,OECD.SDD.STES:DSD_KEI@DF_KEI(4.0),I,FRA,M,UNEMP,PT_LF,_T,Y,_Z,2008-07,7.5
DATAFLOW,OECD.SDD.STES:DSD_KEI@DF_KEI(4.0),I,FRA,M,UNEMP,PT_LF,_T,Y,_Z,2008-06,7.4
DATAFLOW,OECD.SDD.STES:DSD_KEI@DF_KEI(4.0),I,FRA,M,UNEMP,PT_LF,_T,Y,_Z,2008-05,7.3
DATAFLOW,OECD.SDD.STES:DSD_KEI@DF_KEI(4.0),I,FRA,M,UNEMP,PT_LF,_T,Y,_Z,2008-03,7.1
DATAFLOW,OECD.SDD.STES:DSD_KEI@DF_KEI(4.0),I,FRA,M,UNEMP,PT_LF,_T,Y,_Z,2008-01,7.2
DATAFLOW,OECD.SDD.STES:DSD_KEI@DF_KEI(4.0),I,FRA,M,UNEMP,PT_LF,_T,Y,_Z,2007-12,7.3
DATAFLOW,OECD.SDD.STES:DSD_KEI@DF_KEI(4.0),I,FRA,M,UNEMP,PT_LF,_T,Y,_Z,2007-11,7.5
DATAFLOW,OECD.SDD.STES:DSD_KEI@DF_KEI(4.0),I,FRA,M,UNEMP,PT_LF,_T,Y,_Z,2007-10,7.7
DATAFLOW,OECD.SDD.STES:DSD_KEI@DF_KEI(4.0),I,FRA,M,UNEMP,PT_LF,_T,Y,_Z,2007-09,7.9
DATAFLOW,OECD.SDD.STES:DSD_KEI@DF_KEI(4.0),I,FRA,M,UNEMP,PT_LF,_T,Y,_Z,2007-08,8.0
DATAFLOW,OECD.SDD.STES:DSD_KEI@DF_KEI(4.0),I,FRA,M,UNEMP,PT_LF,_T,Y,_Z,2007-07,8.1
DATAFLOW,OECD.SDD.STES:DSD_KEI@DF_KEI(4.0),I,FRA,M,UNEMP,PT_LF,_T,Y,_Z,2007-06,8.0
DATAFLOW,OECD.SDD.STES:DSD_KEI@DF_KEI(4.0),I,FRA,M,UNEMP,PT_LF,_T,Y,_Z,2007-05,8.1
DATAFLOW,OECD.SDD.STES:DSD_KEI@DF_KEI(4.0),I,FRA,M,UNEMP,PT_LF,_T,Y,_Z,2007-04,8.2
DATAFLOW,OECD.SDD.STES:DSD_KEI@DF_KEI(4.0),I,FRA,M,UNEMP,PT_LF,_T,Y,_Z,2007-03,8.4
DATAFLOW,OECD.SDD.STES:DSD_KEI@DF_KEI(4.0),I,FRA,M,UNEMP,PT_LF,_T,Y,_Z,2007-02,8.5
DATAFLOW,OECD.SDD.STES:DSD_KEI@DF_KEI(4.0),I,FRA,M,UNEMP,PT_LF,_T,Y,_Z,2007-01,8.5
DATAFLOW,OECD.SDD.STES:DSD_KEI@DF_KEI(4.0),I,FRA,M,UNEMP,PT_LF,_T,Y,_Z,2020-09,9.0
DATAFLOW,OECD.SDD.STES:DSD_KEI@DF_KEI(4.0),I,FRA,M,UNEMP,PT_LF,_T,Y,_Z,2020-05,6.9
DATAFLOW,OECD.SDD.STES:DSD_KEI@DF_KEI(4.0),I,FRA,M,UNEMP,PT_LF,_T,Y,_Z,2019-09,8.2
DATAFLOW,OECD.SDD.STES:DSD_KEI@DF_KEI(4.0),I,DEU,M,UNEMP,PT_LF,_T,Y,_Z,2023-02,3.0
DATAFLOW,OECD.SDD.STES:DSD_KEI@DF_KEI(4.0),I,DEU,M,UNEMP,PT_LF,_T,Y,_Z,2022-12,3.1
DATAFLOW,OECD.SDD.STES:DSD_KEI@DF_KEI(4.0),I,ITA,M,UNEMP,PT_LF,_T,Y,_Z,2017-11,11.0
DATAFLOW,OECD.SDD.STES:DSD_KEI@DF_KEI(4.0),I,ITA,M,UNEMP,PT_LF,_T,Y,_Z,2017-08,11.3
DATAFLOW,OECD.SDD.STES:DSD_KEI@DF_KEI(4.0),I,ITA,M,UNEMP,PT_LF,_T,Y,_Z,2017-07,11.4
DATAFLOW,OECD.SDD.STES:DSD_KEI@DF_KEI(4.0),I,ITA,M,UNEMP,PT_LF,_T,Y,_Z,2017-06,11.1
DATAFLOW,OECD.SDD.STES:DSD_KEI@DF_KEI(4.0),I,ITA,M,UNEMP,PT_LF,_T,Y,_Z,2017-03,11.6
DATAFLOW,OECD.SDD.STES:DSD_KEI@DF_KEI(4.0),I,ITA,M,UNEMP,PT_LF,_T,Y,_Z,2017-02,11.5
DATAFLOW,OECD.SDD.STES:DSD_KEI@DF_KEI(4.0),I,ITA,M,UNEMP,PT_LF,_T,Y,_Z,2016-12,11.8
DATAFLOW,OECD.SDD.STES:DSD_KEI@DF_KEI(4.0),I,JPN,M,UNEMP,PT_LF,_T,Y,_Z,2016-05,3.2
DATAFLOW,OECD.SDD.STES:DSD_KEI@DF_KEI(4.0),I,JPN,M,UNEMP,PT_LF,_T,Y,_Z,2016-04,3.2
DATAFLOW,OECD.SDD.STES:DSD_KEI@DF_KEI(4.0),I,JPN,M,UNEMP,PT_LF,_T,Y,_Z,2016-03,3.2
DATAFLOW,OECD.SDD.STES:DSD_KEI@DF_KEI(4.0),I,JPN,M,UNEMP,PT_LF,_T,Y,_Z,2016-02,3.3
DATAFLOW,OECD.SDD.STES:DSD_KEI@DF_KEI(4.0),I,JPN,M,UNEMP,PT_LF,_T,Y,_Z,2016-01,3.2
DATAFLOW,OECD.SDD.STES:DSD_KEI@DF_KEI(4.0),I,JPN,M,UNEMP,PT_LF,_T,Y,_Z,2015-12,3.3
DATAFLOW,OECD.SDD.STES:DSD_KEI@DF_KEI(4.0),I,JPN,M,UNEMP,PT_LF,_T,Y,_Z,2015-11,3.3
DATAFLOW,OECD.SDD.STES:DSD_KEI@DF_KEI(4.0),I,JPN,M,UNEMP,PT_LF,_T,Y,_Z,2015-10,3.2
DATAFLOW,OECD.SDD.STES:DSD_KEI@DF_KEI(4.0),I,JPN,M,UNEMP,PT_LF,_T,Y,_Z,2015-09,3.4
DATAFLOW,OECD.SDD.STES:DSD_KEI@DF_KEI(4.0),I,JPN,M,UNEMP,PT_LF,_T,Y,_Z,2015-08,3.4
DATAFLOW,OECD.SDD.STES:DSD_KEI@DF_KEI(4.0),I,JPN,M,UNEMP,PT_LF,_T,Y,_Z,2015-07,3.3
DATAFLOW,OECD.SDD.STES:DSD_KEI@DF_KEI(4.0),I,JPN,M,UNEMP,PT_LF,_T,Y,_Z,2015-06,3.4
DATAFLOW,OECD.SDD.STES:DSD_KEI@DF_KEI(4.0),I,JPN,M,UNEMP,PT_LF,_T,Y,_Z,2015-05,3.3
DATAFLOW,OECD.SDD.STES:DSD_KEI@DF_KEI(4.0),I,JPN,M,UNEMP,PT_LF,_T,Y,_Z,2015-04,3.4
DATAFLOW,OECD.SDD.STES:DSD_KEI@DF_KEI(4.0),I,JPN,M,UNEMP,PT_LF,_T,Y,_Z,2015-03,3.4
DATAFLOW,OECD.SDD.STES:DSD_KEI@DF_KEI(4.0),I,JPN,M,UNEMP,PT_LF,_T,Y,_Z,2015-02,3.5
DATAFLOW,OECD.SDD.STES:DSD_KEI@DF_KEI(4.0),I,JPN,M,UNEMP,PT_LF,_T,Y,_Z,2015-01,3.6
DATAFLOW,OECD.SDD.STES:DSD_KEI@DF_KEI(4.0),I,JPN,M,UNEMP,PT_LF,_T,Y,_Z,2014-12,3.4
DATAFLOW,OECD.SDD.STES:DSD_KEI@DF_KEI(4.0),I,JPN,M,UNEMP,PT_LF,_T,Y,_Z,2014-11,3.4
DATAFLOW,OECD.SDD.STES:DSD_KEI@DF_KEI(4.0),I,JPN,M,UNEMP,PT_LF,_T,Y,_Z,2014-10,3.6
DATAFLOW,OECD.SDD.STES:DSD_KEI@DF_KEI(4.0),I,JPN,M,UNEMP,PT_LF,_T,Y,_Z,2014-09,3.5
DATAFLOW,OECD.SDD.STES:DSD_KEI@DF_KEI(4.0),I,JPN,M,UNEMP,PT_LF,_T,Y,_Z,2014-08,3.5
DATAFLOW,OECD.SDD.STES:DSD_KEI@DF_KEI(4.0),I,JPN,M,UNEMP,PT_LF,_T,Y,_Z,2014-07,3.7
DATAFLOW,OECD.SDD.STES:DSD_KEI@DF_KEI(4.0),I,JPN,M,UNEMP,PT_LF,_T,Y,_Z,2014-06,3.7
DATAFLOW,OECD.SDD.STES:DSD_KEI@DF_KEI(4.0),I,JPN,M,UNEMP,PT_LF,_T,Y,_Z,2014-05,3.6
DATAFLOW,OECD.SDD.STES:DSD_KEI@DF_KEI(4.0),I,JPN,M,UNEMP,PT_LF,_T,Y,_Z,2014-04,3.6
DATAFLOW,OECD.SDD.STES:DSD_KEI@DF_KEI(4.0),I,JPN,M,UNEMP,PT_LF,_T,Y,_Z,2014-03,3.7
DATAFLOW,OECD.SDD.STES:DSD_KEI@DF_KEI(4.0),I,JPN,M,UNEMP,PT_LF,_T,Y,_Z,2014-02,3.6
DATAFLOW,OECD.SDD.STES:DSD_KEI@DF_KEI(4.0),I,JPN,M,UNEMP,PT_LF,_T,Y,_Z,2014-01,3.7
DATAFLOW,OECD.SDD.STES:DSD_KEI@DF_KEI(4.0),I,JPN,M,UNEMP,PT_LF,_T,Y,_Z,2013-12,3.7
DATAFLOW,OECD.SDD.STES:DSD_KEI@DF_KEI(4.0),I,JPN,M,UNEMP,PT_LF,_T,Y,_Z,2013-11,3.9
DATAFLOW,OECD.SDD.STES:DSD_KEI@DF_KEI(4.0),I,JPN,M,UNEMP,PT_LF,_T,Y,_Z,2013-10,4.0
DATAFLOW,OECD.SDD.STES:DSD_KEI@DF_KEI(4.0),I,JPN,M,UNEMP,PT_LF,_T,Y,_Z,2013-09,3.9
DATAFLOW,OECD.SDD.STES:DSD_KEI@DF_KEI(4.0),I,JPN,M,UNEMP,PT_LF,_T,Y,_Z,2013-08,4.1
DATAFLOW,OECD.SDD.STES:DSD_KEI@DF_KEI(4.0),I,JPN,M,UNEMP,PT_LF,_T,Y,_Z,2013-07,3.8
DATAFLOW,OECD.SDD.STES:DSD_KEI@DF_KEI(4.0),I,JPN,M,UNEMP,PT_LF,_T,Y,_Z,2013-06,3.9
DATAFLOW,OECD.SDD.STES:DSD_KEI@DF_KEI(4.0),I,JPN,M,UNEMP,PT_LF,_T,Y,_Z,2013-05,4.1
DATAFLOW,OECD.SDD.STES:DSD_KEI@DF_KEI(4.0),I,JPN,M,UNEMP,PT_LF,_T,Y,_Z,2013-04,4.1
DATAFLOW,OECD.SDD.STES:DSD_KEI@DF_KEI(4.0),I,JPN,M,UNEMP,PT_LF,_T,Y,_Z,2013-03,4.1
DATAFLOW,OECD.SDD.STES:DSD_KEI@DF_KEI(4.0),I,JPN,M,UNEMP,PT_LF,_T,Y,_Z,2013-02,4.3
DATAFLOW,OECD.SDD.STES:DSD_KEI@DF_KEI(4.0),I,JPN,M,UNEMP,PT_LF,_T,Y,_Z,2013-01,4.2
DATAFLOW,OECD.SDD.STES:DSD_KEI@DF_KEI(4.0),I,JPN,M,UNEMP,PT_LF,_T,Y,_Z,2012-12,4.3
DATAFLOW,OECD.SDD.STES:DSD_KEI@DF_KEI(4.0),I,JPN,M,UNEMP,PT_LF,_T,Y,_Z,2012-11,4.1
DATAFLOW,OECD.SDD.STES:DSD_KEI@DF_KEI(4.0),I,JPN,M,UNEMP,PT_LF,_T,Y,_Z,2012-10,4.1
DATAFLOW,OECD.SDD.STES:DSD_KEI@DF_KEI(4.0),I,JPN,M,UNEMP,PT_LF,_T,Y,_Z,2012-09,4.2
DATAFLOW,OECD.SDD.STES:DSD_KEI@DF_KEI(4.0),I,JPN,M,UNEMP,PT_LF,_T,Y,_Z,2012-08,4.2
DATAFLOW,OECD.SDD.STES:DSD_KEI@DF_KEI(4.0),I,JPN,M,UNEMP,PT_LF,_T,Y,_Z,2012-07,4.3
DATAFLOW,OECD.SDD.STES:DSD_KEI@DF_KEI(4.0),I,JPN,M,UNEMP,PT_LF,_T,Y,_Z,2012-06,4.3
DATAFLOW,OECD.SDD.STES:DSD_KEI@DF_KEI(4.0),I,JPN,M,UNEMP,PT_LF,_T,Y,_Z,2012-05,4.4
DATAFLOW,OECD.SDD.STES:DSD_KEI@DF_KEI(4.0),I,JPN,M,UNEMP,PT_LF,_T,Y,_Z,2012-04,4.5
DATAFLOW,OECD.SDD.STES:DSD_KEI@DF_KEI(4.0),I,JPN,M,UNEMP,PT_LF,_T,Y,_Z,2012-03,4.5
DATAFLOW,OECD.SDD.STES:DSD_KEI@DF_KEI(4.0),I,JPN,M,UNEMP,PT_LF,_T,Y,_Z,2012-02,4.5
DATAFLOW,OECD.SDD.STES:DSD_KEI@DF_KEI(4.0),I,JPN,M,UNEMP,PT_LF,_T,Y,_Z,2012-01,4.5
DATAFLOW,OECD.SDD.STES:DSD_KEI@DF_KEI(4.0),I,JPN,M,UNEMP,PT_LF,_T,Y,_Z,2011-12,4.5
DATAFLOW,OECD.SDD.STES:DSD_KEI@DF_KEI(4.0),I,JPN,M,UNEMP,PT_LF,_T,Y,_Z,2011-11,4.5
DATAFLOW,OECD.SDD.STES:DSD_KEI@DF_KEI(4.0),I,JPN,M,UNEMP,PT_LF,_T,Y,_Z,2011-10,4.4
DATAFLOW,OECD.SDD.STES:DSD_KEI@DF_KEI(4.0),I,JPN,M,UNEMP,PT_LF,_T,Y,_Z,2011-09,4.2
DATAFLOW,OECD.SDD.STES:DSD_KEI@DF_KEI(4.0),I,JPN,M,UNEMP,PT_LF,_T,Y,_Z,2011-08,4.5
DATAFLOW,OECD.SDD.STES:DSD_KEI@DF_KEI(4.0),I,JPN,M,UNEMP,PT_LF,_T,Y,_Z,2011-07,4.7
DATAFLOW,OECD.SDD.STES:DSD_KEI@DF_KEI(4.0),I,JPN,M,UNEMP,PT_LF,_T,Y,_Z,2011-06,4.7
DATAFLOW,OECD.SDD.STES:DSD_KEI@DF_KEI(4.0),I,JPN,M,UNEMP,PT_LF,_T,Y,_Z,2011-05,4.6
DATAFLOW,OECD.SDD.STES:DSD_KEI@DF_KEI(4.0),I,JPN,M,UNEMP,PT_LF,_T,Y,_Z,2011-04,4.7
DATAFLOW,OECD.SDD.STES:DSD_KEI@DF_KEI(4.0),I,JPN,M,UNEMP,PT_LF,_T,Y,_Z,2011-03,4.7
DATAFLOW,OECD.SDD.STES:DSD_KEI@DF_KEI(4.0),I,JPN,M,UNEMP,PT_LF,_T,Y,_Z,2011-02,4.7
DATAFLOW,OECD.SDD.STES:DSD_KEI@DF_KEI(4.0),I,JPN,M,UNEMP,PT_LF,_T,Y,_Z,2011-01,4.8
DATAFLOW,OECD.SDD.STES:DSD_KEI@DF_KEI(4.0),I,JPN,M,UNEMP,PT_LF,_T,Y,_Z,2010-12,4.9
DATAFLOW,OECD.SDD.STES:DSD_KEI@DF_KEI(4.0),I,JPN,M,UNEMP,PT_LF,_T,Y,_Z,2010-11,5.0
DATAFLOW,OECD.SDD.STES:DSD_KEI@DF_KEI(4.0),I,JPN,M,UNEMP,PT_LF,_T,Y,_Z,2010-10,5.1
DATAFLOW,OECD.SDD.STES:DSD_KEI@DF_KEI(4.0),I,JPN,M,UNEMP,PT_LF,_T,Y,_Z,2010-09,5.1
DATAFLOW,OECD.SDD.STES:DSD_KEI@DF_KEI(4.0),I,JPN,M,UNEMP,PT_LF,_T,Y,_Z,2010-08,5.1
DATAFLOW,OECD.SDD.STES:DSD_KEI@DF_KEI(4.0),I,JPN,M,UNEMP,PT_LF,_T,Y,_Z,2010-07,5.0
DATAFLOW,OECD.SDD.STES:DSD_KEI@DF_KEI(4.0),I,JPN,M,UNEMP,PT_LF,_T,Y,_Z,2010-06,5.2
DATAFLOW,OECD.SDD.STES:DSD_KEI@DF_KEI(4.0),I,JPN,M,UNEMP,PT_LF,_T,Y,_Z,2010-05,5.1
DATAFLOW,OECD.SDD.STES:DSD_KEI@DF_KEI(4.0),I,JPN,M,UNEMP,PT_LF,_T,Y,_Z,2010-04,5.1
DATAFLOW,OECD.SDD.STES:DSD_KEI@DF_KEI(4.0),I,JPN,M,UNEMP,PT_LF,_T,Y,_Z,2010-03,5.1
DATAFLOW,OECD.SDD.STES:DSD_KEI@DF_KEI(4.0),I,ITA,M,UNEMP,PT_LF,_T,Y,_Z,2009-05,7.5
DATAFLOW,OECD.SDD.STES:DSD_KEI@DF_KEI(4.0),I,ITA,M,UNEMP,PT_LF,_T,Y,_Z,2009-02,7.4
DATAFLOW,OECD.SDD.STES:DSD_KEI@DF_KEI(4.0),I,ITA,M,UNEMP,PT_LF,_T,Y,_Z,2008-11,7.1
DATAFLOW,OECD.SDD.STES:DSD_KEI@DF_KEI(4.0),I,ITA,M,UNEMP,PT_LF,_T,Y,_Z,2008-09,6.8
DATAFLOW,OECD.SDD.STES:DSD_KEI@DF_KEI(4.0),I,ITA,M,UNEMP,PT_LF,_T,Y,_Z,2008-08,6.8
DATAFLOW,OECD.SDD.STES:DSD_KEI@DF_KEI(4.0),I,ITA,M,UNEMP,PT_LF,_T,Y,_Z,2008-05,6.8
DATAFLOW,OECD.SDD.STES:DSD_KEI@DF_KEI(4.0),I,ITA,M,UNEMP,PT_LF,_T,Y,_Z,2008-03,6.4
DATAFLOW,OECD.SDD.STES:DSD_KEI@DF_KEI(4.0),I,ITA,M,UNEMP,PT_LF,_T,Y,_Z,2019-07,9.6
DATAFLOW,OECD.SDD.STES:DSD_KEI@DF_KEI(4.0),I,ITA,M,UNEMP,PT_LF,_T,Y,_Z,2019-05,10.0
DATAFLOW,OECD.SDD.STES:DSD_KEI@DF_KEI(4.0),I,ITA,M,UNEMP,PT_LF,_T,Y,_Z,2019-04,10.3
DATAFLOW,OECD.SDD.STES:DSD_KEI@DF_KEI(4.0),I,ITA,M,UNEMP,PT_LF,_T,Y,_Z,2019-01,10.4
DATAFLOW,OECD.SDD.STES:DSD_KEI@DF_KEI(4.0),I,ITA,M,UNEMP,PT_LF,_T,Y,_Z,2018-12,10.3
DATAFLOW,OECD.SDD.STES:DSD_KEI@DF_KEI(4.0),I,ITA,M,UNEMP,PT_LF,_T,Y,_Z,2018-11,10.5
DATAFLOW,OECD.SDD.STES:DSD_KEI@DF_KEI(4.0),I,ITA,M,UNEMP,PT_LF,_T,Y,_Z,2018-05,10.6
DATAFLOW,OECD.SDD.STES:DSD_KEI@DF_KEI(4.0),I,ITA,M,UNEMP,PT_LF,_T,Y,_Z,2018-04,11.0
DATAFLOW,OECD.SDD.STES:DSD_KEI@DF_KEI(4.0),I,ITA,M,UNEMP,PT_LF,_T,Y,_Z,2018-02,10.8
DATAFLOW,OECD.SDD.STES:DSD_KEI@DF_KEI(4.0),I,ITA,M,UNEMP,PT_LF,_T,Y,_Z,2017-12,10.9
DATAFLOW,OECD.SDD.STES:DSD_KEI@DF_KEI(4.0),I,ITA,M,UNEMP,PT_LF,_T,Y,_Z,2017-10,11.1
DATAFLOW,OECD.SDD.STES:DSD_KEI@DF_KEI(4.0),I,ITA,M,UNEMP,PT_LF,_T,Y,_Z,2017-09,11.2
DATAFLOW,OECD.SDD.STES:DSD_KEI@DF_KEI(4.0),I,ITA,M,UNEMP,PT_LF,_T,Y,_Z,2017-04,11.2
DATAFLOW,OECD.SDD.STES:DSD_KEI@DF_KEI(4.0),I,ITA,M,UNEMP,PT_LF,_T,Y,_Z,2017-01,11.7
DATAFLOW,OECD.SDD.STES:DSD_KEI@DF_KEI(4.0),I,ITA,M,UNEMP,PT_LF,_T,Y,_Z,2016-11,12.0
DATAFLOW,OECD.SDD.STES:DSD_KEI@DF_KEI(4.0),I,ITA,M,UNEMP,PT_LF,_T,Y,_Z,2016-10,11.7
DATAFLOW,OECD.SDD.STES:DSD_KEI@DF_KEI(4.0),I,ITA,M,UNEMP,PT_LF,_T,Y,_Z,2016-07,11.6
DATAFLOW,OECD.SDD.STES:DSD_KEI@DF_KEI(4.0),I,ITA,M,UNEMP,PT_LF,_T,Y,_Z,2016-06,11.7
DATAFLOW,OECD.SDD.STES:DSD_KEI@DF_KEI(4.0),I,ITA,M,UNEMP,PT_LF,_T,Y,_Z,2016-03,11.6
DATAFLOW,OECD.SDD.STES:DSD_KEI@DF_KEI(4.0),I,ITA,M,UNEMP,PT_LF,_T,Y,_Z,2016-01,11.6
DATAFLOW,OECD.SDD.STES:DSD_KEI@DF_KEI(4.0),I,ITA,M,UNEMP,PT_LF,_T,Y,_Z,2015-12,11.7
DATAFLOW,OECD.SDD.STES:DSD_KEI@DF_KEI(4.0),I,ITA,M,UNEMP,PT_LF,_T,Y,_Z,2015-11,11.5
DATAFLOW,OECD.SDD.STES:DSD_KEI@DF_KEI(4.0),I,ITA,M,UNEMP,PT_LF,_T,Y,_Z,2015-09,11.6
DATAFLOW,OECD.SDD.STES:DSD_KEI@DF_KEI(4.0),I,ITA,M,UNEMP,PT_LF,_T,Y,_Z,2015-07,11.7
DATAFLOW,OECD.SDD.STES:DSD_KEI@DF_KEI(4.0),I,ITA,M,UNEMP,PT_LF,_T,Y,_Z,2015-04,12.2
DATAFLOW,OECD.SDD.STES:DSD_KEI@DF_KEI(4.0),I,ITA,M,UNEMP,PT_LF,_T,Y,_Z,2014-12,12.4
DATAFLOW,OECD.SDD.STES:DSD_KEI@DF_KEI(4.0),I,ITA,M,UNEMP,PT_LF,_T,Y,_Z,2014-10,13.0
DATAFLOW,OECD.SDD.STES:DSD_KEI@DF_KEI(4.0),I,ITA,M,UNEMP,PT_LF,_T,Y,_Z,2014-09,12.9
DATAFLOW,OECD.SDD.STES:DSD_KEI@DF_KEI(4.0),I,ITA,M,UNEMP,PT_LF,_T,Y,_Z,2014-08,12.5
DATAFLOW,OECD.SDD.STES:DSD_KEI@DF_KEI(4.0),I,ITA,M,UNEMP,PT_LF,_T,Y,_Z,2014-07,12.9
DATAFLOW,OECD.SDD.STES:DSD_KEI@DF_KEI(4.0),I,ITA,M,UNEMP,PT_LF,_T,Y,_Z,2013-10,12.6
DATAFLOW,OECD.SDD.STES:DSD_KEI@DF_KEI(4.0),I,ITA,M,UNEMP,PT_LF,_T,Y,_Z,2013-09,12.6
DATAFLOW,OECD.SDD.STES:DSD_KEI@DF_KEI(4.0),I,ITA,M,UNEMP,PT_LF,_T,Y,_Z,2013-07,12.2
DATAFLOW,OECD.SDD.STES:DSD_KEI@DF_KEI(4.0),I,ITA,M,UNEMP,PT_LF,_T,Y,_Z,2013-06,12.4
DATAFLOW,OECD.SDD.STES:DSD_KEI@DF_KEI(4.0),I,ITA,M,UNEMP,PT_LF,_T,Y,_Z,2013-01,12.1
DATAFLOW,OECD.SDD.STES:DSD_KEI@DF_KEI(4.0),I,ITA,M,UNEMP,PT_LF,_T,Y,_Z,2012-11,11.6
DATAFLOW,OECD.SDD.STES:DSD_KEI@DF_KEI(4.0),I,ITA,M,UNEMP,PT_LF,_T,Y,_Z,2012-09,11.2
DATAFLOW,OECD.SDD.STES:DSD_KEI@DF_KEI(4.0),I,ITA,M,UNEMP,PT_LF,_T,Y,_Z,2012-06,10.9
DATAFLOW,OECD.SDD.STES:DSD_KEI@DF_KEI(4.0),I,ITA,M,UNEMP,PT_LF,_T,Y,_Z,2012-04,10.7
DATAFLOW,OECD.SDD.STES:DSD_KEI@DF_KEI(4.0),I,ITA,M,UNEMP,PT_LF,_T,Y,_Z,2011-12,9.7
DATAFLOW,OECD.SDD.STES:DSD_KEI@DF_KEI(4.0),I,ITA,M,UNEMP,PT_LF,_T,Y,_Z,2011-11,9.5
DATAFLOW,OECD.SDD.STES:DSD_KEI@DF_KEI(4.0),I,ITA,M,UNEMP,PT_LF,_T,Y,_Z,2011-10,8.9
DATAFLOW,OECD.SDD.STES:DSD_KEI@DF_KEI(4.0),I,ITA,M,UNEMP,PT_LF,_T,Y,_Z,2011-09,9.0
DATAFLOW,OECD.SDD.STES:DSD_KEI@DF_KEI(4.0),I,ITA,M,UNEMP,PT_LF,_T,Y,_Z,2011-07,8.4
DATAFLOW,OECD.SDD.STES:DSD_KEI@DF_KEI(4.0),I,DEU,M,UNEMP,PT_LF,_T,Y,_Z,2023-09,3.1
DATAFLOW,OECD.SDD.STES:DSD_KEI@DF_KEI(4.0),I,DEU,M,UNEMP,PT_LF,_T,Y,_Z,2023-06,3.0
DATAFLOW,OECD.SDD.STES:DSD_KEI@DF_KEI(4.0),I,DEU,M,UNEMP,PT_LF,_T,Y,_Z,2023-01,3.0
DATAFLOW,OECD.SDD.STES:DSD_KEI@DF_KEI(4.0),I,DEU,M,UNEMP,PT_LF,_T,Y,_Z,2021-09,3.4
DATAFLOW,OECD.SDD.STES:DSD_KEI@DF_KEI(4.0),I,DEU,M,UNEMP,PT_LF,_T,Y,_Z,2021-08,3.4
DATAFLOW,OECD.SDD.STES:DSD_KEI@DF_KEI(4.0),I,DEU,M,UNEMP,PT_LF,_T,Y,_Z,2021-07,3.5
DATAFLOW,OECD.SDD.STES:DSD_KEI@DF_KEI(4.0),I,DEU,M,UNEMP,PT_LF,_T,Y,_Z,2021-06,3.6
DATAFLOW,OECD.SDD.STES:DSD_KEI@DF_KEI(4.0),I,JPN,M,UNEMP,PT_LF,_T,Y,_Z,2019-06,2.3
DATAFLOW,OECD.SDD.STES:DSD_KEI@DF_KEI(4.0),I,JPN,M,UNEMP,PT_LF,_T,Y,_Z,2019-05,2.3
DATAFLOW,OECD.SDD.STES:DSD_KEI@DF_KEI(4.0),I,JPN,M,UNEMP,PT_LF,_T,Y,_Z,2019-04,2.4
DATAFLOW,OECD.SDD.STES:DSD_KEI@DF_KEI(4.0),I,JPN,M,UNEMP,PT_LF,_T,Y,_Z,2019-03,2.5
DATAFLOW,OECD.SDD.STES:DSD_KEI@DF_KEI(4.0),I,JPN,M,UNEMP,PT_LF,_T,Y,_Z,2019-02,2.4
DATAFLOW,OECD.SDD.STES:DSD_KEI@DF_KEI(4.0),I,JPN,M,UNEMP,PT_LF,_T,Y,_Z,2019-01,2.5
DATAFLOW,OECD.SDD.STES:DSD_KEI@DF_KEI(4.0),I,JPN,M,UNEMP,PT_LF,_T,Y,_Z,2018-12,2.5
DATAFLOW,OECD.SDD.STES:DSD_KEI@DF_KEI(4.0),I,KOR,M,UNEMP,PT_LF,_T,Y,_Z,2024-10,2.8
DATAFLOW,OECD.SDD.STES:DSD_KEI@DF_KEI(4.0),I,KOR,M,UNEMP,PT_LF,_T,Y,_Z,2024-09,2.6
DATAFLOW,OECD.SDD.STES:DSD_KEI@DF_KEI(4.0),I,KOR,M,UNEMP,PT_LF,_T,Y,_Z,2024-08,2.6
DATAFLOW,OECD.SDD.STES:DSD_KEI@DF_KEI(4.0),I,KOR,M,UNEMP,PT_LF,_T,Y,_Z,2024-07,2.7
DATAFLOW,OECD.SDD.STES:DSD_KEI@DF_KEI(4.0),I,KOR,M,UNEMP,PT_LF,_T,Y,_Z,2024-06,2.8
DATAFLOW,OECD.SDD.STES:DSD_KEI@DF_KEI(4.0),I,KOR,M,UNEMP,PT_LF,_T,Y,_Z,2024-05,2.8
DATAFLOW,OECD.SDD.STES:DSD_KEI@DF_KEI(4.0),I,KOR,M,UNEMP,PT_LF,_T,Y,_Z,2024-04,2.8
DATAFLOW,OECD.SDD.STES:DSD_KEI@DF_KEI(4.0),I,KOR,M,UNEMP,PT_LF,_T,Y,_Z,2024-03,2.8
DATAFLOW,OECD.SDD.STES:DSD_KEI@DF_KEI(4.0),I,KOR,M,UNEMP,PT_LF,_T,Y,_Z,2024-02,2.7
DATAFLOW,OECD.SDD.STES:DSD_KEI@DF_KEI(4.0),I,KOR,M,UNEMP,PT_LF,_T,Y,_Z,2024-01,2.8
DATAFLOW,OECD.SDD.STES:DSD_KEI@DF_KEI(4.0),I,KOR,M,UNEMP,PT_LF,_T,Y,_Z,2023-12,2.8
DATAFLOW,OECD.SDD.STES:DSD_KEI@DF_KEI(4.0),I,KOR,M,UNEMP,PT_LF,_T,Y,_Z,2023-10,2.6
DATAFLOW,OECD.SDD.STES:DSD_KEI@DF_KEI(4.0),I,KOR,M,UNEMP,PT_LF,_T,Y,_Z,2023-09,2.8
DATAFLOW,OECD.SDD.STES:DSD_KEI@DF_KEI(4.0),I,KOR,M,UNEMP,PT_LF,_T,Y,_Z,2023-08,2.7
DATAFLOW,OECD.SDD.STES:DSD_KEI@DF_KEI(4.0),I,KOR,M,UNEMP,PT_LF,_T,Y,_Z,2023-07,2.9
DATAFLOW,OECD.SDD.STES:DSD_KEI@DF_KEI(4.0),I,KOR,M,UNEMP,PT_LF,_T,Y,_Z,2023-05,2.5
DATAFLOW,OECD.SDD.STES:DSD_KEI@DF_KEI(4.0),I,KOR,M,UNEMP,PT_LF,_T,Y,_Z,2023-03,2.7
DATAFLOW,OECD.SDD.STES:DSD_KEI@DF_KEI(4.0),I,KOR,M,UNEMP,PT_LF,_T,Y,_Z,2023-02,2.7
DATAFLOW,OECD.SDD.STES:DSD_KEI@DF_KEI(4.0),I,KOR,M,UNEMP,PT_LF,_T,Y,_Z,2023-01,2.7
DATAFLOW,OECD.SDD.STES:DSD_KEI@DF_KEI(4.0),I,KOR,M,UNEMP,PT_LF,_T,Y,_Z,2022-12,2.7
DATAFLOW,OECD.SDD.STES:DSD_KEI@DF_KEI(4.0),I,KOR,M,UNEMP,PT_LF,_T,Y,_Z,2022-11,2.8
DATAFLOW,OECD.SDD.STES:DSD_KEI@DF_KEI(4.0),I,KOR,M,UNEMP,PT_LF,_T,Y,_Z,2022-10,2.9
DATAFLOW,OECD.SDD.STES:DSD_KEI@DF_KEI(4.0),I,KOR,M,UNEMP,PT_LF,_T,Y,_Z,2022-09,2.9
DATAFLOW,OECD.SDD.STES:DSD_KEI@DF_KEI(4.0),I,GBR,M,UNEMP,PT_LF,_T,Y,_Z,2023-06,4.3
DATAFLOW,OECD.SDD.STES:DSD_KEI@DF_KEI(4.0),I,GBR,M,UNEMP,PT_LF,_T,Y,_Z,2023-05,4.2
DATAFLOW,OECD.SDD.STES:DSD_KEI@DF_KEI(4.0),I,GBR,M,UNEMP,PT_LF,_T,Y,_Z,2023-03,3.9
DATAFLOW,OECD.SDD.STES:DSD_KEI@DF_KEI(4.0),I,JPN,M,UNEMP,PT_LF,_T,Y,_Z,2021-06,2.9
DATAFLOW,OECD.SDD.STES:DSD_KEI@DF_KEI(4.0),I,JPN,M,UNEMP,PT_LF,_T,Y,_Z,2021-05,2.9
DATAFLOW,OECD.SDD.STES:DSD_KEI@DF_KEI(4.0),I,KOR,M,UNEMP,PT_LF,_T,Y,_Z,2010-02,4.0
DATAFLOW,OECD.SDD.STES:DSD_KEI@DF_KEI(4.0),I,KOR,M,UNEMP,PT_LF,_T,Y,_Z,2009-12,3.6
DATAFLOW,OECD.SDD.STES:DSD_KEI@DF_KEI(4.0),I,KOR,M,UNEMP,PT_LF,_T,Y,_Z,2009-11,3.7
DATAFLOW,OECD.SDD.STES:DSD_KEI@DF_KEI(4.0),I,KOR,M,UNEMP,PT_LF,_T,Y,_Z,2009-10,3.6
DATAFLOW,OECD.SDD.STES:DSD_KEI@DF_KEI(4.0),I,KOR,M,UNEMP,PT_LF,_T,Y,_Z,2009-07,3.8
DATAFLOW,OECD.SDD.STES:DSD_KEI@DF_KEI(4.0),I,KOR,M,UNEMP,PT_LF,_T,Y,_Z,2009-06,3.9
DATAFLOW,OECD.SDD.STES:DSD_KEI@DF_KEI(4.0),I,KOR,M,UNEMP,PT_LF,_T,Y,_Z,2009-05,3.9
DATAFLOW,OECD.SDD.STES:DSD_KEI@DF_KEI(4.0),I,KOR,M,UNEMP,PT_LF,_T,Y,_Z,2009-04,3.7
DATAFLOW,OECD.SDD.STES:DSD_KEI@DF_KEI(4.0),I,KOR,M,UNEMP,PT_LF,_T,Y,_Z,2012-11,3.2
DATAFLOW,OECD.SDD.STES:DSD_KEI@DF_KEI(4.0),I,KOR,M,UNEMP,PT_LF,_T,Y,_Z,2012-10,3.1
DATAFLOW,OECD.SDD.STES:DSD_KEI@DF_KEI(4.0),I,KOR,M,UNEMP,PT_LF,_T,Y,_Z,2012-09,3.2
DATAFLOW,OECD.SDD.STES:DSD_KEI@DF_KEI(4.0),I,KOR,M,UNEMP,PT_LF,_T,Y,_Z,2012-08,3.2
DATAFLOW,OECD.SDD.STES:DSD_KEI@DF_KEI(4.0),I,KOR,M,UNEMP,PT_LF,_T,Y,_Z,2012-06,3.2
DATAFLOW,OECD.SDD.STES:DSD_KEI@DF_KEI(4.0),I,KOR,M,UNEMP,PT_LF,_T,Y,_Z,2012-04,3.3
DATAFLOW,OECD.SDD.STES:DSD_KEI@DF_KEI(4.0),I,KOR,M,UNEMP,PT_LF,_T,Y,_Z,2012-03,3.3
DATAFLOW,OECD.SDD.STES:DSD_KEI@DF_KEI(4.0),I,KOR,M,UNEMP,PT_LF,_T,Y,_Z,2011-12,3.2
DATAFLOW,OECD.SDD.STES:DSD_KEI@DF_KEI(4.0),I,KOR,M,UNEMP,PT_LF,_T,Y,_Z,2011-11,3.3
DATAFLOW,OECD.SDD.STES:DSD_KEI@DF_KEI(4.0),I,KOR,M,UNEMP,PT_LF,_T,Y,_Z,2011-09,3.3
DATAFLOW,OECD.SDD.STES:DSD_KEI@DF_KEI(4.0),I,KOR,M,UNEMP,PT_LF,_T,Y,_Z,2011-08,3.2
DATAFLOW,OECD.SDD.STES:DSD_KEI@DF_KEI(4.0),I,KOR,M,UNEMP,PT_LF,_T,Y,_Z,2011-06,3.3
DATAFLOW,OECD.SDD.STES:DSD_KEI@DF_KEI(4.0),I,KOR,M,UNEMP,PT_LF,_T,Y,_Z,2011-04,3.5
DATAFLOW,OECD.SDD.STES:DSD_KEI@DF_KEI(4.0),I,KOR,M,UNEMP,PT_LF,_T,Y,_Z,2010-12,3.7
DATAFLOW,OECD.SDD.STES:DSD_KEI@DF_KEI(4.0),I,KOR,M,UNEMP,PT_LF,_T,Y,_Z,2010-11,3.3
DATAFLOW,OECD.SDD.STES:DSD_KEI@DF_KEI(4.0),I,KOR,M,UNEMP,PT_LF,_T,Y,_Z,2010-10,3.7
DATAFLOW,OECD.SDD.STES:DSD_KEI@DF_KEI(4.0),I,KOR,M,UNEMP,PT_LF,_T,Y,_Z,2010-08,3.5
DATAFLOW,OECD.SDD.STES:DSD_KEI@DF_KEI(4.0),I,KOR,M,UNEMP,PT_LF,_T,Y,_Z,2010-07,3.8
DATAFLOW,OECD.SDD.STES:DSD_KEI@DF_KEI(4.0),I,KOR,M,UNEMP,PT_LF,_T,Y,_Z,2010-06,3.5
DATAFLOW,OECD.SDD.STES:DSD_KEI@DF_KEI(4.0),I,KOR,M,UNEMP,PT_LF,_T,Y,_Z,2010-04,3.6
DATAFLOW,OECD.SDD.STES:DSD_KEI@DF_KEI(4.0),I,KOR,M,UNEMP,PT_LF,_T,Y,_Z,2021-04,3.8
DATAFLOW,OECD.SDD.STES:DSD_KEI@DF_KEI(4.0),I,KOR,M,UNEMP,PT_LF,_T,Y,_Z,2020-06,4.2
DATAFLOW,OECD.SDD.STES:DSD_KEI@DF_KEI(4.0),I,KOR,M,UNEMP,PT_LF,_T,Y,_Z,2020-04,3.9
DATAFLOW,OECD.SDD.STES:DSD_KEI@DF_KEI(4.0),I,KOR,M,UNEMP,PT_LF,_T,Y,_Z,2020-02,3.4
DATAFLOW,OECD.SDD.STES:DSD_KEI@DF_KEI(4.0),I,KOR,M,UNEMP,PT_LF,_T,Y,_Z,2019-12,3.5
DATAFLOW,OECD.SDD.STES:DSD_KEI@DF_KEI(4.0),I,KOR,M,UNEMP,PT_LF,_T,Y,_Z,2019-10,3.5
DATAFLOW,OECD.SDD.STES:DSD_KEI@DF_KEI(4.0),I,KOR,M,UNEMP,PT_LF,_T,Y,_Z,2019-06,3.9
DATAFLOW,OECD.SDD.STES:DSD_KEI@DF_KEI(4.0),I,KOR,M,UNEMP,PT_LF,_T,Y,_Z,2019-01,3.9
DATAFLOW,OECD.SDD.STES:DSD_KEI@DF_KEI(4.0),I,KOR,M,UNEMP,PT_LF,_T,Y,_Z,2018-10,4.0
DATAFLOW,OECD.SDD.STES:DSD_KEI@DF_KEI(4.0),I,KOR,M,UNEMP,PT_LF,_T,Y,_Z,2018-09,4.1
DATAFLOW,OECD.SDD.STES:DSD_KEI@DF_KEI(4.0),I,ITA,M,UNEMP,PT_LF,_T,Y,_Z,2013-04,12.2
DATAFLOW,OECD.SDD.STES:DSD_KEI@DF_KEI(4.0),I,ITA,M,UNEMP,PT_LF,_T,Y,_Z,2013-02,12.1
DATAFLOW,OECD.SDD.STES:DSD_KEI@DF_KEI(4.0),I,ITA,M,UNEMP,PT_LF,_T,Y,_Z,2012-07,11.0
DATAFLOW,OECD.SDD.STES:DSD_KEI@DF_KEI(4.0),I,ITA,M,UNEMP,PT_LF,_T,Y,_Z,2011-08,8.5
DATAFLOW,OECD.SDD.STES:DSD_KEI@DF_KEI(4.0),I,ITA,M,UNEMP,PT_LF,_T,Y,_Z,2010-02,8.7
DATAFLOW,OECD.SDD.STES:DSD_KEI@DF_KEI(4.0),I,ITA,M,UNEMP,PT_LF,_T,Y,_Z,2010-01,8.6
DATAFLOW,OECD.SDD.STES:DSD_KEI@DF_KEI(4.0),I,ITA,M,UNEMP,PT_LF,_T,Y,_Z,2009-08,7.9
DATAFLOW,OECD.SDD.STES:DSD_KEI@DF_KEI(4.0),I,ITA,M,UNEMP,PT_LF,_T,Y,_Z,2009-07,7.9
DATAFLOW,OECD.SDD.STES:DSD_KEI@DF_KEI(4.0),I,ITA,M,UNEMP,PT_LF,_T,Y,_Z,2009-03,7.7
DATAFLOW,OECD.SDD.STES:DSD_KEI@DF_KEI(4.0),I,ITA,M,UNEMP,PT_LF,_T,Y,_Z,2009-01,7.3
DATAFLOW,OECD.SDD.STES:DSD_KEI@DF_KEI(4.0),I,ITA,M,UNEMP,PT_LF,_T,Y,_Z,2008-12,6.8
DATAFLOW,OECD.SDD.STES:DSD_KEI@DF_KEI(4.0),I,ITA,M,UNEMP,PT_LF,_T,Y,_Z,2025-10,5.8
DATAFLOW,OECD.SDD.STES:DSD_KEI@DF_KEI(4.0),I,ITA,M,UNEMP,PT_LF,_T,Y,_Z,2025-06,6.2
DATAFLOW,OECD.SDD.STES:DSD_KEI@DF_KEI(4.0),I,ITA,M,UNEMP,PT_LF,_T,Y,_Z,2025-05,6.5
DATAFLOW,OECD.SDD.STES:DSD_KEI@DF_KEI(4.0),I,ITA,M,UNEMP,PT_LF,_T,Y,_Z,2025-04,6.1
DATAFLOW,OECD.SDD.STES:DSD_KEI@DF_KEI(4.0),I,ITA,M,UNEMP,PT_LF,_T,Y,_Z,2025-03,6.3
DATAFLOW,OECD.SDD.STES:DSD_KEI@DF_KEI(4.0),I,ITA,M,UNEMP,PT_LF,_T,Y,_Z,2025-02,6.1
DATAFLOW,OECD.SDD.STES:DSD_KEI@DF_KEI(4.0),I,ITA,M,UNEMP,PT_LF,_T,Y,_Z,2025-01,6.4
DATAFLOW,OECD.SDD.STES:DSD_KEI@DF_KEI(4.0),I,ITA,M,UNEMP,PT_LF,_T,Y,_Z,2024-12,6.4
DATAFLOW,OECD.SDD.STES:DSD_KEI@DF_KEI(4.0),I,ITA,M,UNEMP,PT_LF,_T,Y,_Z,2024-11,6.2
DATAFLOW,OECD.SDD.STES:DSD_KEI@DF_KEI(4.0),I,ITA,M,UNEMP,PT_LF,_T,Y,_Z,2024-10,6.1
DATAFLOW,OECD.SDD.STES:DSD_KEI@DF_KEI(4.0),I,ITA,M,UNEMP,PT_LF,_T,Y,_Z,2024-09,6.1
DATAFLOW,OECD.SDD.STES:DSD_KEI@DF_KEI(4.0),I,ITA,M,UNEMP,PT_LF,_T,Y,_Z,2024-08,6.3
DATAFLOW,OECD.SDD.STES:DSD_KEI@DF_KEI(4.0),I,ITA,M,UNEMP,PT_LF,_T,Y,_Z,2024-07,6.4
DATAFLOW,OECD.SDD.STES:DSD_KEI@DF_KEI(4.0),I,ITA,M,UNEMP,PT_LF,_T,Y,_Z,2024-06,6.7
DATAFLOW,OECD.SDD.STES:DSD_KEI@DF_KEI(4.0),I,ITA,M,UNEMP,PT_LF,_T,Y,_Z,2024-04,6.8
DATAFLOW,OECD.SDD.STES:DSD_KEI@DF_KEI(4.0),I,ITA,M,UNEMP,PT_LF,_T,Y,_Z,2024-03,6.9
DATAFLOW,OECD.SDD.STES:DSD_KEI@DF_KEI(4.0),I,ITA,M,UNEMP,PT_LF,_T,Y,_Z,2024-02,7.3
DATAFLOW,OECD.SDD.STES:DSD_KEI@DF_KEI(4.0),I,ITA,M,UNEMP,PT_LF,_T,Y,_Z,2024-01,7.1
DATAFLOW,OECD.SDD.STES:DSD_KEI@DF_KEI(4.0),I,ITA,M,UNEMP,PT_LF,_T,Y,_Z,2023-12,7.1
DATAFLOW,OECD.SDD.STES:DSD_KEI@DF_KEI(4.0),I,ITA,M,UNEMP,PT_LF,_T,Y,_Z,2023-11,7.5
DATAFLOW,OECD.SDD.STES:DSD_KEI@DF_KEI(4.0),I,ITA,M,UNEMP,PT_LF,_T,Y,_Z,2023-10,7.8
DATAFLOW,OECD.SDD.STES:DSD_KEI@DF_KEI(4.0),I,ITA,M,UNEMP,PT_LF,_T,Y,_Z,2023-09,7.7
DATAFLOW,OECD.SDD.STES:DSD_KEI@DF_KEI(4.0),I,ITA,M,UNEMP,PT_LF,_T,Y,_Z,2023-08,7.6
DATAFLOW,OECD.SDD.STES:DSD_KEI@DF_KEI(4.0),I,ITA,M,UNEMP,PT_LF,_T,Y,_Z,2023-07,7.8
DATAFLOW,OECD.SDD.STES:DSD_KEI@DF_KEI(4.0),I,ITA,M,UNEMP,PT_LF,_T,Y,_Z,2023-05,7.8
DATAFLOW,OECD.SDD.STES:DSD_KEI@DF_KEI(4.0),I,ITA,M,UNEMP,PT_LF,_T,Y,_Z,2023-04,7.9
DATAFLOW,OECD.SDD.STES:DSD_KEI@DF_KEI(4.0),I,ITA,M,UNEMP,PT_LF,_T,Y,_Z,2023-03,7.9
DATAFLOW,OECD.SDD.STES:DSD_KEI@DF_KEI(4.0),I,ITA,M,UNEMP,PT_LF,_T,Y,_Z,2023-02,7.8
DATAFLOW,OECD.SDD.STES:DSD_KEI@DF_KEI(4.0),I,ITA,M,UNEMP,PT_LF,_T,Y,_Z,2023-01,7.9
DATAFLOW,OECD.SDD.STES:DSD_KEI@DF_KEI(4.0),I,ITA,M,UNEMP,PT_LF,_T,Y,_Z,2022-11,7.8
DATAFLOW,OECD.SDD.STES:DSD_KEI@DF_KEI(4.0),I,ITA,M,UNEMP,PT_LF,_T,Y,_Z,2022-10,7.8
DATAFLOW,OECD.SDD.STES:DSD_KEI@DF_KEI(4.0),I,ITA,M,UNEMP,PT_LF,_T,Y,_Z,2022-08,8.2
DATAFLOW,OECD.SDD.STES:DSD_KEI@DF_KEI(4.0),I,ITA,M,UNEMP,PT_LF,_T,Y,_Z,2022-06,8.2
DATAFLOW,OECD.SDD.STES:DSD_KEI@DF_KEI(4.0),I,ITA,M,UNEMP,PT_LF,_T,Y,_Z,2022-04,8.1
DATAFLOW,OECD.SDD.STES:DSD_KEI@DF_KEI(4.0),I,ITA,M,UNEMP,PT_LF,_T,Y,_Z,2021-10,9.1
DATAFLOW,OECD.SDD.STES:DSD_KEI@DF_KEI(4.0),I,ITA,M,UNEMP,PT_LF,_T,Y,_Z,2021-09,9.1
DATAFLOW,OECD.SDD.STES:DSD_KEI@DF_KEI(4.0),I,ITA,M,UNEMP,PT_LF,_T,Y,_Z,2021-03,10.2
DATAFLOW,OECD.SDD.STES:DSD_KEI@DF_KEI(4.0),I,ITA,M,UNEMP,PT_LF,_T,Y,_Z,2021-02,10.1
DATAFLOW,OECD.SDD.STES:DSD_KEI@DF_KEI(4.0),I,ITA,M,UNEMP,PT_LF,_T,Y,_Z,2021-01,10.2
DATAFLOW,OECD.SDD.STES:DSD_KEI@DF_KEI(4.0),I,ITA,M,UNEMP,PT_LF,_T,Y,_Z,2020-11,9.5
DATAFLOW,OECD.SDD.STES:DSD_KEI@DF_KEI(4.0),I,ITA,M,UNEMP,PT_LF,_T,Y,_Z,2020-09,10.0
DATAFLOW,OECD.SDD.STES:DSD_KEI@DF_KEI(4.0),I,ITA,M,UNEMP,PT_LF,_T,Y,_Z,2020-08,10.1
DATAFLOW,OECD.SDD.STES:DSD_KEI@DF_KEI(4.0),I,ITA,M,UNEMP,PT_LF,_T,Y,_Z,2020-07,10.3
DATAFLOW,OECD.SDD.STES:DSD_KEI@DF_KEI(4.0),I,ITA,M,UNEMP,PT_LF,_T,Y,_Z,2020-06,9.6
DATAFLOW,OECD.SDD.STES:DSD_KEI@DF_KEI(4.0),I,ITA,M,UNEMP,PT_LF,_T,Y,_Z,2020-04,7.4
DATAFLOW,OECD.SDD.STES:DSD_KEI@DF_KEI(4.0),I,ITA,M,UNEMP,PT_LF,_T,Y,_Z,2020-01,9.6
DATAFLOW,OECD.SDD.STES:DSD_KEI@DF_KEI(4.0),I,ITA,M,UNEMP,PT_LF,_T,Y,_Z,2019-12,9.8
DATAFLOW,OECD.SDD.STES:DSD_KEI@DF_KEI(4.0),I,ITA,M,UNEMP,PT_LF,_T,Y,_Z,2019-09,9.7
DATAFLOW,OECD.SDD.STES:DSD_KEI@DF_KEI(4.0),I,ITA,M,UNEMP,PT_LF,_T,Y,_Z,2019-06,9.6
DATAFLOW,OECD.SDD.STES:DSD_KEI@DF_KEI(4.0),I,ITA,M,UNEMP,PT_LF,_T,Y,_Z,2018-10,10.7
DATAFLOW,OECD.SDD.STES:DSD_KEI@DF_KEI(4.0),I,ITA,M,UNEMP,PT_LF,_T,Y,_Z,2018-09,10.3
DATAFLOW,OECD.SDD.STES:DSD_KEI@DF_KEI(4.0),I,ITA,M,UNEMP,PT_LF,_T,Y,_Z,2018-07,10.3
DATAFLOW,OECD.SDD.STES:DSD_KEI@DF_KEI(4.0),I,ITA,M,UNEMP,PT_LF,_T,Y,_Z,2018-06,10.7
DATAFLOW,OECD.SDD.STES:DSD_KEI@DF_KEI(4.0),I,ITA,M,UNEMP,PT_LF,_T,Y,_Z,2018-03,10.9
DATAFLOW,OECD.SDD.STES:DSD_KEI@DF_KEI(4.0),I,ITA,M,UNEMP,PT_LF,_T,Y,_Z,2018-01,11.0
DATAFLOW,OECD.SDD.STES:DSD_KEI@DF_KEI(4.0),I,JPN,M,UNEMP,PT_LF,_T,Y,_Z,2016-11,3.0
DATAFLOW,OECD.SDD.STES:DSD_KEI@DF_KEI(4.0),I,JPN,M,UNEMP,PT_LF,_T,Y,_Z,2016-10,3.0
DATAFLOW,OECD.SDD.STES:DSD_KEI@DF_KEI(4.0),I,JPN,M,UNEMP,PT_LF,_T,Y,_Z,2016-09,3.0
DATAFLOW,OECD.SDD.STES:DSD_KEI@DF_KEI(4.0),I,JPN,M,UNEMP,PT_LF,_T,Y,_Z,2016-08,3.1
DATAFLOW,OECD.SDD.STES:DSD_KEI@DF_KEI(4.0),I,JPN,M,UNEMP,PT_LF,_T,Y,_Z,2016-07,3.0
DATAFLOW,OECD.SDD.STES:DSD_KEI@DF_KEI(4.0),I,JPN,M,UNEMP,PT_LF,_T,Y,_Z,2016-06,3.1
DATAFLOW,OECD.SDD.STES:DSD_KEI@DF_KEI(4.0),I,GBR,M,UNEMP,PT_LF,_T,Y,_Z,2011-10,8.5
DATAFLOW,OECD.SDD.STES:DSD_KEI@DF_KEI(4.0),I,GBR,M,UNEMP,PT_LF,_T,Y,_Z,2011-09,8.4
DATAFLOW,OECD.SDD.STES:DSD_KEI@DF_KEI(4.0),I,GBR,M,UNEMP,PT_LF,_T,Y,_Z,2011-08,8.3
DATAFLOW,OECD.SDD.STES:DSD_KEI@DF_KEI(4.0),I,GBR,M,UNEMP,PT_LF,_T,Y,_Z,2011-07,8.2
DATAFLOW,OECD.SDD.STES:DSD_KEI@DF_KEI(4.0),I,GBR,M,UNEMP,PT_LF,_T,Y,_Z,2011-06,8.0
DATAFLOW,OECD.SDD.STES:DSD_KEI@DF_KEI(4.0),I,GBR,M,UNEMP,PT_LF,_T,Y,_Z,2011-05,7.9
DATAFLOW,OECD.SDD.STES:DSD_KEI@DF_KEI(4.0),I,GBR,M,UNEMP,PT_LF,_T,Y,_Z,2011-04,7.8
DATAFLOW,OECD.SDD.STES:DSD_KEI@DF_KEI(4.0),I,GBR,M,UNEMP,PT_LF,_T,Y,_Z,2011-03,7.7
DATAFLOW,OECD.SDD.STES:DSD_KEI@DF_KEI(4.0),I,GBR,M,UNEMP,PT_LF,_T,Y,_Z,2011-02,7.8
DATAFLOW,OECD.SDD.STES:DSD_KEI@DF_KEI(4.0),I,GBR,M,UNEMP,PT_LF,_T,Y,_Z,2011-01,7.8
DATAFLOW,OECD.SDD.STES:DSD_KEI@DF_KEI(4.0),I,GBR,M,UNEMP,PT_LF,_T,Y,_Z,2010-12,7.9
DATAFLOW,OECD.SDD.STES:DSD_KEI@DF_KEI(4.0),I,GBR,M,UNEMP,PT_LF,_T,Y,_Z,2010-11,7.9
DATAFLOW,OECD.SDD.STES:DSD_KEI@DF_KEI(4.0),I,GBR,M,UNEMP,PT_LF,_T,Y,_Z,2010-10,7.9
DATAFLOW,OECD.SDD.STES:DSD_KEI@DF_KEI(4.0),I,GBR,M,UNEMP,PT_LF,_T,Y,_Z,2010-09,7.9
DATAFLOW,OECD.SDD.STES:DSD_KEI@DF_KEI(4.0),I,GBR,M,UNEMP,PT_LF,_T,Y,_Z,2010-08,7.8
DATAFLOW,OECD.SDD.STES:DSD_KEI@DF_KEI(4.0),I,GBR,M,UNEMP,PT_LF,_T,Y,_Z,2010-07,7.8
DATAFLOW,OECD.SDD.STES:DSD_KEI@DF_KEI(4.0),I,GBR,M,UNEMP,PT_LF,_T,Y,_Z,2010-06,7.8
DATAFLOW,OECD.SDD.STES:DSD_KEI@DF_KEI(4.0),I,GBR,M,UNEMP,PT_LF,_T,Y,_Z,2010-05,7.9
DATAFLOW,OECD.SDD.STES:DSD_KEI@DF_KEI(4.0),I,GBR,M,UNEMP,PT_LF,_T,Y,_Z,2010-04,7.9
DATAFLOW,OECD.SDD.STES:DSD_KEI@DF_KEI(4.0),I,GBR,M,UNEMP,PT_LF,_T,Y,_Z,2010-03,8.0
DATAFLOW,OECD.SDD.STES:DSD_KEI@DF_KEI(4.0),I,GBR,M,UNEMP,PT_LF,_T,Y,_Z,2010-02,8.0
DATAFLOW,OECD.SDD.STES:DSD_KEI@DF_KEI(4.0),I,GBR,M,UNEMP,PT_LF,_T,Y,_Z,2010-01,7.9
DATAFLOW,OECD.SDD.STES:DSD_KEI@DF_KEI(4.0),I,GBR,M,UNEMP,PT_LF,_T,Y,_Z,2009-12,7.7
DATAFLOW,OECD.SDD.STES:DSD_KEI@DF_KEI(4.0),I,GBR,M,UNEMP,PT_LF,_T,Y,_Z,2009-11,7.8
DATAFLOW,OECD.SDD.STES:DSD_KEI@DF_KEI(4.0),I,GBR,M,UNEMP,PT_LF,_T,Y,_Z,2009-10,7.8
DATAFLOW,OECD.SDD.STES:DSD_KEI@DF_KEI(4.0),I,GBR,M,UNEMP,PT_LF,_T,Y,_Z,2009-09,7.9
DATAFLOW,OECD.SDD.STES:DSD_KEI@DF_KEI(4.0),I,GBR,M,UNEMP,PT_LF,_T,Y,_Z,2009-08,7.8
DATAFLOW,OECD.SDD.STES:DSD_KEI@DF_KEI(4.0),I,GBR,M,UNEMP,PT_LF,_T,Y,_Z,2009-07,7.9
DATAFLOW,OECD.SDD.STES:DSD_KEI@DF_KEI(4.0),I,GBR,M,UNEMP,PT_LF,_T,Y,_Z,2009-06,7.9
DATAFLOW,OECD.SDD.STES:DSD_KEI@DF_KEI(4.0),I,GBR,M,UNEMP,PT_LF,_T,Y,_Z,2009-05,7.8
DATAFLOW,OECD.SDD.STES:DSD_KEI@DF_KEI(4.0),I,GBR,M,UNEMP,PT_LF,_T,Y,_Z,2009-04,7.6
DATAFLOW,OECD.SDD.STES:DSD_KEI@DF_KEI(4.0),I,GBR,M,UNEMP,PT_LF,_T,Y,_Z,2009-03,7.3
DATAFLOW,OECD.SDD.STES:DSD_KEI@DF_KEI(4.0),I,GBR,M,UNEMP,PT_LF,_T,Y,_Z,2009-02,7.1
DATAFLOW,OECD.SDD.STES:DSD_KEI@DF_KEI(4.0),I,GBR,M,UNEMP,PT_LF,_T,Y,_Z,2009-01,6.7
DATAFLOW,OECD.SDD.STES:DSD_KEI@DF_KEI(4.0),I,GBR,M,UNEMP,PT_LF,_T,Y,_Z,2008-12,6.5
DATAFLOW,OECD.SDD.STES:DSD_KEI@DF_KEI(4.0),I,GBR,M,UNEMP,PT_LF,_T,Y,_Z,2008-11,6.4
DATAFLOW,OECD.SDD.STES:DSD_KEI@DF_KEI(4.0),I,GBR,M,UNEMP,PT_LF,_T,Y,_Z,2008-10,6.2
DATAFLOW,OECD.SDD.STES:DSD_KEI@DF_KEI(4.0),I,GBR,M,UNEMP,PT_LF,_T,Y,_Z,2008-09,6.0
DATAFLOW,OECD.SDD.STES:DSD_KEI@DF_KEI(4.0),I,GBR,M,UNEMP,PT_LF,_T,Y,_Z,2008-08,5.9
DATAFLOW,OECD.SDD.STES:DSD_KEI@DF_KEI(4.0),I,GBR,M,UNEMP,PT_LF,_T,Y,_Z,2008-07,5.7
DATAFLOW,OECD.SDD.STES:DSD_KEI@DF_KEI(4.0),I,GBR,M,UNEMP,PT_LF,_T,Y,_Z,2008-06,5.5
DATAFLOW,OECD.SDD.STES:DSD_KEI@DF_KEI(4.0),I,GBR,M,UNEMP,PT_LF,_T,Y,_Z,2008-05,5.4
DATAFLOW,OECD.SDD.STES:DSD_KEI@DF_KEI(4.0),I,GBR,M,UNEMP,PT_LF,_T,Y,_Z,2008-04,5.2
DATAFLOW,OECD.SDD.STES:DSD_KEI@DF_KEI(4.0),I,GBR,M,UNEMP,PT_LF,_T,Y,_Z,2008-03,5.3
DATAFLOW,OECD.SDD.STES:DSD_KEI@DF_KEI(4.0),I,GBR,M,UNEMP,PT_LF,_T,Y,_Z,2008-02,5.2
DATAFLOW,OECD.SDD.STES:DSD_KEI@DF_KEI(4.0),I,GBR,M,UNEMP,PT_LF,_T,Y,_Z,2008-01,5.2
DATAFLOW,OECD.SDD.STES:DSD_KEI@DF_KEI(4.0),I,GBR,M,UNEMP,PT_LF,_T,Y,_Z,2007-12,5.2
DATAFLOW,OECD.SDD.STES:DSD_KEI@DF_KEI(4.0),I,GBR,M,UNEMP,PT_LF,_T,Y,_Z,2007-11,5.2
DATAFLOW,OECD.SDD.STES:DSD_KEI@DF_KEI(4.0),I,GBR,M,UNEMP,PT_LF,_T,Y,_Z,2007-10,5.2
DATAFLOW,OECD.SDD.STES:DSD_KEI@DF_KEI(4.0),I,GBR,M,UNEMP,PT_LF,_T,Y,_Z,2007-09,5.2
DATAFLOW,OECD.SDD.STES:DSD_KEI@DF_KEI(4.0),I,GBR,M,UNEMP,PT_LF,_T,Y,_Z,2007-08,5.3
DATAFLOW,OECD.SDD.STES:DSD_KEI@DF_KEI(4.0),I,GBR,M,UNEMP,PT_LF,_T,Y,_Z,2007-07,5.3
DATAFLOW,OECD.SDD.STES:DSD_KEI@DF_KEI(4.0),I,GBR,M,UNEMP,PT_LF,_T,Y,_Z,2007-06,5.3
DATAFLOW,OECD.SDD.STES:DSD_KEI@DF_KEI(4.0),I,GBR,M,UNEMP,PT_LF,_T,Y,_Z,2007-05,5.4
DATAFLOW,OECD.SDD.STES:DSD_KEI@DF_KEI(4.0),I,GBR,M,UNEMP,PT_LF,_T,Y,_Z,2007-04,5.4
DATAFLOW,OECD.SDD.STES:DSD_KEI@DF_KEI(4.0),I,GBR,M,UNEMP,PT_LF,_T,Y,_Z,2007-03,5.5
DATAFLOW,OECD.SDD.STES:DSD_KEI@DF_KEI(4.0),I,GBR,M,UNEMP,PT_LF,_T,Y,_Z,2007-02,5.5
DATAFLOW,OECD.SDD.STES:DSD_KEI@DF_KEI(4.0),I,GBR,M,UNEMP,PT_LF,_T,Y,_Z,2007-01,5.5
DATAFLOW,OECD.SDD.STES:DSD_KEI@DF_KEI(4.0),I,KOR,M,UNEMP,PT_LF,_T,Y,_Z,2022-03,2.8
DATAFLOW,OECD.SDD.STES:DSD_KEI@DF_KEI(4.0),I,JPN,M,UNEMP,PT_LF,_T,Y,_Z,2010-02,5.0
DATAFLOW,OECD.SDD.STES:DSD_KEI@DF_KEI(4.0),I,JPN,M,UNEMP,PT_LF,_T,Y,_Z,2010-01,5.0
DATAFLOW,OECD.SDD.STES:DSD_KEI@DF_KEI(4.0),I,JPN,M,UNEMP,PT_LF,_T,Y,_Z,2009-12,5.2
DATAFLOW,OECD.SDD.STES:DSD_KEI@DF_KEI(4.0),I,JPN,M,UNEMP,PT_LF,_T,Y,_Z,2009-11,5.2
DATAFLOW,OECD.SDD.STES:DSD_KEI@DF_KEI(4.0),I,JPN,M,UNEMP,PT_LF,_T,Y,_Z,2009-10,5.2
DATAFLOW,OECD.SDD.STES:DSD_KEI@DF_KEI(4.0),I,JPN,M,UNEMP,PT_LF,_T,Y,_Z,2009-09,5.4
DATAFLOW,OECD.SDD.STES:DSD_KEI@DF_KEI(4.0),I,JPN,M,UNEMP,PT_LF,_T,Y,_Z,2009-08,5.4
DATAFLOW,OECD.SDD.STES:DSD_KEI@DF_KEI(4.0),I,JPN,M,UNEMP,PT_LF,_T,Y,_Z,2009-07,5.5
DATAFLOW,OECD.SDD.STES:DSD_KEI@DF_KEI(4.0),I,JPN,M,UNEMP,PT_LF,_T,Y,_Z,2009-06,5.2
DATAFLOW,OECD.SDD.STES:DSD_KEI@DF_KEI(4.0),I,JPN,M,UNEMP,PT_LF,_T,Y,_Z,2009-05,5.1
DATAFLOW,OECD.SDD.STES:DSD_KEI@DF_KEI(4.0),I,JPN,M,UNEMP,PT_LF,_T,Y,_Z,2009-04,5.0
DATAFLOW,OECD.SDD.STES:DSD_KEI@DF_KEI(4.0),I,JPN,M,UNEMP,PT_LF,_T,Y,_Z,2009-03,4.8
DATAFLOW,OECD.SDD.STES:DSD_KEI@DF_KEI(4.0),I,JPN,M,UNEMP,PT_LF,_T,Y,_Z,2009-02,4.6
DATAFLOW,OECD.SDD.STES:DSD_KEI@DF_KEI(4.0),I,JPN,M,UNEMP,PT_LF,_T,Y,_Z,2009-01,4.3
DATAFLOW,OECD.SDD.STES:DSD_KEI@DF_KEI(4.0),I,JPN,M,UNEMP,PT_LF,_T,Y,_Z,2008-12,4.4
DATAFLOW,OECD.SDD.STES:DSD_KEI@DF_KEI(4.0),I,JPN,M,UNEMP,PT_LF,_T,Y,_Z,2008-11,4.0
DATAFLOW,OECD.SDD.STES:DSD_KEI@DF_KEI(4.0),I,JPN,M,UNEMP,PT_LF,_T,Y,_Z,2008-10,3.8
DATAFLOW,OECD.SDD.STES:DSD_KEI@DF_KEI(4.0),I,JPN,M,UNEMP,PT_LF,_T,Y,_Z,2008-09,4.0
DATAFLOW,OECD.SDD.STES:DSD_KEI@DF_KEI(4.0),I,JPN,M,UNEMP,PT_LF,_T,Y,_Z,2008-08,4.1
DATAFLOW,OECD.SDD.STES:DSD_KEI@DF_KEI(4.0),I,JPN,M,UNEMP,PT_LF,_T,Y,_Z,2008-07,3.9
DATAFLOW,OECD.SDD.STES:DSD_KEI@DF_KEI(4.0),I,JPN,M,UNEMP,PT_LF,_T,Y,_Z,2008-06,4.0
DATAFLOW,OECD.SDD.STES:DSD_KEI@DF_KEI(4.0),I,JPN,M,UNEMP,PT_LF,_T,Y,_Z,2008-05,4.0
DATAFLOW,OECD.SDD.STES:DSD_KEI@DF_KEI(4.0),I,JPN,M,UNEMP,PT_LF,_T,Y,_Z,2008-04,3.9
DATAFLOW,OECD.SDD.STES:DSD_KEI@DF_KEI(4.0),I,JPN,M,UNEMP,PT_LF,_T,Y,_Z,2008-03,3.8
DATAFLOW,OECD.SDD.STES:DSD_KEI@DF_KEI(4.0),I,JPN,M,UNEMP,PT_LF,_T,Y,_Z,2008-02,4.0
DATAFLOW,OECD.SDD.STES:DSD_KEI@DF_KEI(4.0),I,JPN,M,UNEMP,PT_LF,_T,Y,_Z,2008-01,3.9
DATAFLOW,OECD.SDD.STES:DSD_KEI@DF_KEI(4.0),I,JPN,M,UNEMP,PT_LF,_T,Y,_Z,2007-12,3.7
DATAFLOW,OECD.SDD.STES:DSD_KEI@DF_KEI(4.0),I,JPN,M,UNEMP,PT_LF,_T,Y,_Z,2007-11,3.8
DATAFLOW,OECD.SDD.STES:DSD_KEI@DF_KEI(4.0),I,JPN,M,UNEMP,PT_LF,_T,Y,_Z,2007-10,4.0
DATAFLOW,OECD.SDD.STES:DSD_KEI@DF_KEI(4.0),I,JPN,M,UNEMP,PT_LF,_T,Y,_Z,2007-09,3.9
DATAFLOW,OECD.SDD.STES:DSD_KEI@DF_KEI(4.0),I,JPN,M,UNEMP,PT_LF,_T,Y,_Z,2007-08,3.7
DATAFLOW,OECD.SDD.STES:DSD_KEI@DF_KEI(4.0),I,JPN,M,UNEMP,PT_LF,_T,Y,_Z,2007-07,3.6
DATAFLOW,OECD.SDD.STES:DSD_KEI@DF_KEI(4.0),I,JPN,M,UNEMP,PT_LF,_T,Y,_Z,2007-06,3.7
DATAFLOW,OECD.SDD.STES:DSD_KEI@DF_KEI(4.0),I,JPN,M,UNEMP,PT_LF,_T,Y,_Z,2007-05,3.8
DATAFLOW,OECD.SDD.STES:DSD_KEI@DF_KEI(4.0),I,JPN,M,UNEMP,PT_LF,_T,Y,_Z,2007-04,3.8
DATAFLOW,OECD.SDD.STES:DSD_KEI@DF_KEI(4.0),I,JPN,M,UNEMP,PT_LF,_T,Y,_Z,2007-03,4.0
DATAFLOW,OECD.SDD.STES:DSD_KEI@DF_KEI(4.0),I,JPN,M,UNEMP,PT_LF,_T,Y,_Z,2007-02,4.0
DATAFLOW,OECD.SDD.STES:DSD_KEI@DF_KEI(4.0),I,JPN,M,UNEMP,PT_LF,_T,Y,_Z,2007-01,4.0
DATAFLOW,OECD.SDD.STES:DSD_KEI@DF_KEI(4.0),I,JPN,M,UNEMP,PT_LF,_T,Y,_Z,2023-09,2.6
DATAFLOW,OECD.SDD.STES:DSD_KEI@DF_KEI(4.0),I,JPN,M,UNEMP,PT_LF,_T,Y,_Z,2023-06,2.5
DATAFLOW,OECD.SDD.STES:DSD_KEI@DF_KEI(4.0),I,JPN,M,UNEMP,PT_LF,_T,Y,_Z,2023-04,2.6
DATAFLOW,OECD.SDD.STES:DSD_KEI@DF_KEI(4.0),I,JPN,M,UNEMP,PT_LF,_T,Y,_Z,2023-02,2.6
DATAFLOW,OECD.SDD.STES:DSD_KEI@DF_KEI(4.0),I,JPN,M,UNEMP,PT_LF,_T,Y,_Z,2022-12,2.5
DATAFLOW,OECD.SDD.STES:DSD_KEI@DF_KEI(4.0),I,JPN,M,UNEMP,PT_LF,_T,Y,_Z,2022-11,2.5
DATAFLOW,OECD.SDD.STES:DSD_KEI@DF_KEI(4.0),I,JPN,M,UNEMP,PT_LF,_T,Y,_Z,2022-10,2.6
DATAFLOW,OECD.SDD.STES:DSD_KEI@DF_KEI(4.0),I,JPN,M,UNEMP,PT_LF,_T,Y,_Z,2022-09,2.6
DATAFLOW,OECD.SDD.STES:DSD_KEI@DF_KEI(4.0),I,JPN,M,UNEMP,PT_LF,_T,Y,_Z,2022-08,2.5
DATAFLOW,OECD.SDD.STES:DSD_KEI@DF_KEI(4.0),I,JPN,M,UNEMP,PT_LF,_T,Y,_Z,2022-06,2.6
DATAFLOW,OECD.SDD.STES:DSD_KEI@DF_KEI(4.0),I,JPN,M,UNEMP,PT_LF,_T,Y,_Z,2022-05,2.6
DATAFLOW,OECD.SDD.STES:DSD_KEI@DF_KEI(4.0),I,JPN,M,UNEMP,PT_LF,_T,Y,_Z,2022-04,2.6
DATAFLOW,OECD.SDD.STES:DSD_KEI@DF_KEI(4.0),I,JPN,M,UNEMP,PT_LF,_T,Y,_Z,2022-03,2.6
DATAFLOW,OECD.SDD.STES:DSD_KEI@DF_KEI(4.0),I,JPN,M,UNEMP,PT_LF,_T,Y,_Z,2022-02,2.7
DATAFLOW,OECD.SDD.STES:DSD_KEI@DF_KEI(4.0),I,JPN,M,UNEMP,PT_LF,_T,Y,_Z,2021-12,2.7
DATAFLOW,OECD.SDD.STES:DSD_KEI@DF_KEI(4.0),I,JPN,M,UNEMP,PT_LF,_T,Y,_Z,2021-11,2.8
DATAFLOW,OECD.SDD.STES:DSD_KEI@DF_KEI(4.0),I,JPN,M,UNEMP,PT_LF,_T,Y,_Z,2021-10,2.7
DATAFLOW,OECD.SDD.STES:DSD_KEI@DF_KEI(4.0),I,JPN,M,UNEMP,PT_LF,_T,Y,_Z,2021-09,2.7
DATAFLOW,OECD.SDD.STES:DSD_KEI@DF_KEI(4.0),I,JPN,M,UNEMP,PT_LF,_T,Y,_Z,2021-08,2.8
DATAFLOW,OECD.SDD.STES:DSD_KEI@DF_KEI(4.0),I,JPN,M,UNEMP,PT_LF,_T,Y,_Z,2021-07,2.8
DATAFLOW,OECD.SDD.STES:DSD_KEI@DF_KEI(4.0),I,JPN,M,UNEMP,PT_LF,_T,Y,_Z,2021-03,2.7
DATAFLOW,OECD.SDD.STES:DSD_KEI@DF_KEI(4.0),I,JPN,M,UNEMP,PT_LF,_T,Y,_Z,2021-02,2.9
DATAFLOW,OECD.SDD.STES:DSD_KEI@DF_KEI(4.0),I,JPN,M,UNEMP,PT_LF,_T,Y,_Z,2020-10,3.1
DATAFLOW,OECD.SDD.STES:DSD_KEI@DF_KEI(4.0),I,JPN,M,UNEMP,PT_LF,_T,Y,_Z,2020-09,3.0
DATAFLOW,OECD.SDD.STES:DSD_KEI@DF_KEI(4.0),I,JPN,M,UNEMP,PT_LF,_T,Y,_Z,2020-08,3.0
DATAFLOW,OECD.SDD.STES:DSD_KEI@DF_KEI(4.0),I,JPN,M,UNEMP,PT_LF,_T,Y,_Z,2020-07,2.9
DATAFLOW,OECD.SDD.STES:DSD_KEI@DF_KEI(4.0),I,JPN,M,UNEMP,PT_LF,_T,Y,_Z,2020-06,2.8
DATAFLOW,OECD.SDD.STES:DSD_KEI@DF_KEI(4.0),I,JPN,M,UNEMP,PT_LF,_T,Y,_Z,2020-05,2.8
DATAFLOW,OECD.SDD.STES:DSD_KEI@DF_KEI(4.0),I,JPN,M,UNEMP,PT_LF,_T,Y,_Z,2020-04,2.6
DATAFLOW,OECD.SDD.STES:DSD_KEI@DF_KEI(4.0),I,JPN,M,UNEMP,PT_LF,_T,Y,_Z,2020-03,2.5
DATAFLOW,OECD.SDD.STES:DSD_KEI@DF_KEI(4.0),I,JPN,M,UNEMP,PT_LF,_T,Y,_Z,2020-02,2.4
DATAFLOW,OECD.SDD.STES:DSD_KEI@DF_KEI(4.0),I,JPN,M,UNEMP,PT_LF,_T,Y,_Z,2020-01,2.4
DATAFLOW,OECD.SDD.STES:DSD_KEI@DF_KEI(4.0),I,JPN,M,UNEMP,PT_LF,_T,Y,_Z,2019-12,2.2
DATAFLOW,OECD.SDD.STES:DSD_KEI@DF_KEI(4.0),I,JPN,M,UNEMP,PT_LF,_T,Y,_Z,2019-11,2.3
DATAFLOW,OECD.SDD.STES:DSD_KEI@DF_KEI(4.0),I,JPN,M,UNEMP,PT_LF,_T,Y,_Z,2019-10,2.4
DATAFLOW,OECD.SDD.STES:DSD_KEI@DF_KEI(4.0),I,JPN,M,UNEMP,PT_LF,_T,Y,_Z,2019-09,2.4
DATAFLOW,OECD.SDD.STES:DSD_KEI@DF_KEI(4.0),I,JPN,M,UNEMP,PT_LF,_T,Y,_Z,2019-08,2.3
DATAFLOW,OECD.SDD.STES:DSD_KEI@DF_KEI(4.0),I,JPN,M,UNEMP,PT_LF,_T,Y,_Z,2019-07,2.3
DATAFLOW,OECD.SDD.STES:DSD_KEI@DF_KEI(4.0),I,KOR,M,UNEMP,PT_LF,_T,Y,_Z,2025-03,2.8
DATAFLOW,OECD.SDD.STES:DSD_KEI@DF_KEI(4.0),I,KOR,M,UNEMP,PT_LF,_T,Y,_Z,2025-02,2.8
DATAFLOW,OECD.SDD.STES:DSD_KEI@DF_KEI(4.0),I,KOR,M,UNEMP,PT_LF,_T,Y,_Z,2025-01,2.8
DATAFLOW,OECD.SDD.STES:DSD_KEI@DF_KEI(4.0),I,KOR,M,UNEMP,PT_LF,_T,Y,_Z,2024-12,3.1
DATAFLOW,OECD.SDD.STES:DSD_KEI@DF_KEI(4.0),I,KOR,M,UNEMP,PT_LF,_T,Y,_Z,2024-11,2.8
DATAFLOW,OECD.SDD.STES:DSD_KEI@DF_KEI(4.0),I,GBR,M,UNEMP,PT_LF,_T,Y,_Z,2021-04,4.8
DATAFLOW,OECD.SDD.STES:DSD_KEI@DF_KEI(4.0),I,GBR,M,UNEMP,PT_LF,_T,Y,_Z,2021-03,4.8
DATAFLOW,OECD.SDD.STES:DSD_KEI@DF_KEI(4.0),I,GBR,M,UNEMP,PT_LF,_T,Y,_Z,2021-02,4.9
DATAFLOW,OECD.SDD.STES:DSD_KEI@DF_KEI(4.0),I,GBR,M,UNEMP,PT_LF,_T,Y,_Z,2021-01,5.0
DATAFLOW,OECD.SDD.STES:DSD_KEI@DF_KEI(4.0),I,GBR,M,UNEMP,PT_LF,_T,Y,_Z,2020-12,5.2
DATAFLOW,OECD.SDD.STES:DSD_KEI@DF_KEI(4.0),I,GBR,M,UNEMP,PT_LF,_T,Y,_Z,2020-07,4.6
DATAFLOW,OECD.SDD.STES:DSD_KEI@DF_KEI(4.0),I,GBR,M,UNEMP,PT_LF,_T,Y,_Z,2020-05,4.1
DATAFLOW,OECD.SDD.STES:DSD_KEI@DF_KEI(4.0),I,GBR,M,UNEMP,PT_LF,_T,Y,_Z,2020-04,4.1
DATAFLOW,OECD.SDD.STES:DSD_KEI@DF_KEI(4.0),I,GBR,M,UNEMP,PT_LF,_T,Y,_Z,2020-03,4.1
DATAFLOW,OECD.SDD.STES:DSD_KEI@DF_KEI(4.0),I,GBR,M,UNEMP,PT_LF,_T,Y,_Z,2020-01,3.9
DATAFLOW,OECD.SDD.STES:DSD_KEI@DF_KEI(4.0),I,GBR,M,UNEMP,PT_LF,_T,Y,_Z,2019-12,3.9
DATAFLOW,OECD.SDD.STES:DSD_KEI@DF_KEI(4.0),I,GBR,M,UNEMP,PT_LF,_T,Y,_Z,2019-11,3.7
DATAFLOW,OECD.SDD.STES:DSD_KEI@DF_KEI(4.0),I,GBR,M,UNEMP,PT_LF,_T,Y,_Z,2019-10,3.8
DATAFLOW,OECD.SDD.STES:DSD_KEI@DF_KEI(4.0),I,GBR,M,UNEMP,PT_LF,_T,Y,_Z,2019-09,3.8
DATAFLOW,OECD.SDD.STES:DSD_KEI@DF_KEI(4.0),I,GBR,M,UNEMP,PT_LF,_T,Y,_Z,2019-07,3.9
DATAFLOW,OECD.SDD.STES:DSD_KEI@DF_KEI(4.0),I,GBR,M,UNEMP,PT_LF,_T,Y,_Z,2019-05,3.9
DATAFLOW,OECD.SDD.STES:DSD_KEI@DF_KEI(4.0),I,GBR,M,UNEMP,PT_LF,_T,Y,_Z,2019-04,3.8
DATAFLOW,OECD.SDD.STES:DSD_KEI@DF_KEI(4.0),I,GBR,M,UNEMP,PT_LF,_T,Y,_Z,2019-03,3.8
DATAFLOW,OECD.SDD.STES:DSD_KEI@DF_KEI(4.0),I,GBR,M,UNEMP,PT_LF,_T,Y,_Z,2019-02,3.8
DATAFLOW,OECD.SDD.STES:DSD_KEI@DF_KEI(4.0),I,GBR,M,UNEMP,PT_LF,_T,Y,_Z,2018-12,3.9
DATAFLOW,OECD.SDD.STES:DSD_KEI@DF_KEI(4.0),I,GBR,M,UNEMP,PT_LF,_T,Y,_Z,2018-11,4.0
DATAFLOW,OECD.SDD.STES:DSD_KEI@DF_KEI(4.0),I,GBR,M,UNEMP,PT_LF,_T,Y,_Z,2018-10,4.0
DATAFLOW,OECD.SDD.STES:DSD_KEI@DF_KEI(4.0),I,GBR,M,UNEMP,PT_LF,_T,Y,_Z,2018-08,4.1
DATAFLOW,OECD.SDD.STES:DSD_KEI@DF_KEI(4.0),I,GBR,M,UNEMP,PT_LF,_T,Y,_Z,2018-07,4.0
DATAFLOW,OECD.SDD.STES:DSD_KEI@DF_KEI(4.0),I,GBR,M,UNEMP,PT_LF,_T,Y,_Z,2018-06,4.0
DATAFLOW,OECD.SDD.STES:DSD_KEI@DF_KEI(4.0),I,GBR,M,UNEMP,PT_LF,_T,Y,_Z,2018-05,4.0
DATAFLOW,OECD.SDD.STES:DSD_KEI@DF_KEI(4.0),I,GBR,M,UNEMP,PT_LF,_T,Y,_Z,2018-03,4.2
DATAFLOW,OECD.SDD.STES:DSD_KEI@DF_KEI(4.0),I,GBR,M,UNEMP,PT_LF,_T,Y,_Z,2018-02,4.2
DATAFLOW,OECD.SDD.STES:DSD_KEI@DF_KEI(4.0),I,GBR,M,UNEMP,PT_LF,_T,Y,_Z,2018-01,4.2
DATAFLOW,OECD.SDD.STES:DSD_KEI@DF_KEI(4.0),I,GBR,M,UNEMP,PT_LF,_T,Y,_Z,2017-12,4.3
DATAFLOW,OECD.SDD.STES:DSD_KEI@DF_KEI(4.0),I,GBR,M,UNEMP,PT_LF,_T,Y,_Z,2017-09,4.2
DATAFLOW,OECD.SDD.STES:DSD_KEI@DF_KEI(4.0),I,GBR,M,UNEMP,PT_LF,_T,Y,_Z,2017-07,4.3
DATAFLOW,OECD.SDD.STES:DSD_KEI@DF_KEI(4.0),I,GBR,M,UNEMP,PT_LF,_T,Y,_Z,2017-06,4.3
DATAFLOW,OECD.SDD.STES:DSD_KEI@DF_KEI(4.0),I,GBR,M,UNEMP,PT_LF,_T,Y,_Z,2017-05,4.4
DATAFLOW,OECD.SDD.STES:DSD_KEI@DF_KEI(4.0),I,GBR,M,UNEMP,PT_LF,_T,Y,_Z,2017-04,4.4
DATAFLOW,OECD.SDD.STES:DSD_KEI@DF_KEI(4.0),I,GBR,M,UNEMP,PT_LF,_T,Y,_Z,2017-03,4.5
DATAFLOW,OECD.SDD.STES:DSD_KEI@DF_KEI(4.0),I,GBR,M,UNEMP,PT_LF,_T,Y,_Z,2017-01,4.6
DATAFLOW,OECD.SDD.STES:DSD_KEI@DF_KEI(4.0),I,GBR,M,UNEMP,PT_LF,_T,Y,_Z,2016-12,4.7
DATAFLOW,OECD.SDD.STES:DSD_KEI@DF_KEI(4.0),I,GBR,M,UNEMP,PT_LF,_T,Y,_Z,2016-11,4.7
DATAFLOW,OECD.SDD.STES:DSD_KEI@DF_KEI(4.0),I,GBR,M,UNEMP,PT_LF,_T,Y,_Z,2016-10,4.8
DATAFLOW,OECD.SDD.STES:DSD_KEI@DF_KEI(4.0),I,GBR,M,UNEMP,PT_LF,_T,Y,_Z,2016-09,4.8
DATAFLOW,OECD.SDD.STES:DSD_KEI@DF_KEI(4.0),I,GBR,M,UNEMP,PT_LF,_T,Y,_Z,2016-08,4.8
DATAFLOW,OECD.SDD.STES:DSD_KEI@DF_KEI(4.0),I,GBR,M,UNEMP,PT_LF,_T,Y,_Z,2016-05,4.9
DATAFLOW,OECD.SDD.STES:DSD_KEI@DF_KEI(4.0),I,GBR,M,UNEMP,PT_LF,_T,Y,_Z,2016-04,4.9
DATAFLOW,OECD.SDD.STES:DSD_KEI@DF_KEI(4.0),I,GBR,M,UNEMP,PT_LF,_T,Y,_Z,2016-03,5.0
DATAFLOW,OECD.SDD.STES:DSD_KEI@DF_KEI(4.0),I,GBR,M,UNEMP,PT_LF,_T,Y,_Z,2016-01,5.1
DATAFLOW,OECD.SDD.STES:DSD_KEI@DF_KEI(4.0),I,GBR,M,UNEMP,PT_LF,_T,Y,_Z,2015-08,5.3
DATAFLOW,OECD.SDD.STES:DSD_KEI@DF_KEI(4.0),I,GBR,M,UNEMP,PT_LF,_T,Y,_Z,2015-06,5.5
DATAFLOW,OECD.SDD.STES:DSD_KEI@DF_KEI(4.0),I,GBR,M,UNEMP,PT_LF,_T,Y,_Z,2015-04,5.6
DATAFLOW,OECD.SDD.STES:DSD_KEI@DF_KEI(4.0),I,GBR,M,UNEMP,PT_LF,_T,Y,_Z,2015-02,5.5
DATAFLOW,OECD.SDD.STES:DSD_KEI@DF_KEI(4.0),I,GBR,M,UNEMP,PT_LF,_T,Y,_Z,2014-12,5.6
DATAFLOW,OECD.SDD.STES:DSD_KEI@DF_KEI(4.0),I,KOR,M,UNEMP,PT_LF,_T,Y,_Z,2018-08,4.6
DATAFLOW,OECD.SDD.STES:DSD_KEI@DF_KEI(4.0),I,KOR,M,UNEMP,PT_LF,_T,Y,_Z,2018-07,3.8
DATAFLOW,OECD.SDD.STES:DSD_KEI@DF_KEI(4.0),I,KOR,M,UNEMP,PT_LF,_T,Y,_Z,2018-06,3.6
DATAFLOW,OECD.SDD.STES:DSD_KEI@DF_KEI(4.0),I,KOR,M,UNEMP,PT_LF,_T,Y,_Z,2018-05,3.8
DATAFLOW,OECD.SDD.STES:DSD_KEI@DF_KEI(4.0),I,KOR,M,UNEMP,PT_LF,_T,Y,_Z,2018-04,3.8
DATAFLOW,OECD.SDD.STES:DSD_KEI@DF_KEI(4.0),I,KOR,M,UNEMP,PT_LF,_T,Y,_Z,2017-11,3.7
DATAFLOW,OECD.SDD.STES:DSD_KEI@DF_KEI(4.0),I,KOR,M,UNEMP,PT_LF,_T,Y,_Z,2017-10,3.7
DATAFLOW,OECD.SDD.STES:DSD_KEI@DF_KEI(4.0),I,KOR,M,UNEMP,PT_LF,_T,Y,_Z,2017-09,3.7
DATAFLOW,OECD.SDD.STES:DSD_KEI@DF_KEI(4.0),I,KOR,M,UNEMP,PT_LF,_T,Y,_Z,2017-08,4.0
DATAFLOW,OECD.SDD.STES:DSD_KEI@DF_KEI(4.0),I,KOR,M,UNEMP,PT_LF,_T,Y,_Z,2017-06,3.7
DATAFLOW,OECD.SDD.STES:DSD_KEI@DF_KEI(4.0),I,KOR,M,UNEMP,PT_LF,_T,Y,_Z,2016-10,3.8
DATAFLOW,OECD.SDD.STES:DSD_KEI@DF_KEI(4.0),I,KOR,M,UNEMP,PT_LF,_T,Y,_Z,2016-07,3.6
DATAFLOW,OECD.SDD.STES:DSD_KEI@DF_KEI(4.0),I,KOR,M,UNEMP,PT_LF,_T,Y,_Z,2016-04,3.6
DATAFLOW,OECD.SDD.STES:DSD_KEI@DF_KEI(4.0),I,KOR,M,UNEMP,PT_LF,_T,Y,_Z,2015-12,3.5
DATAFLOW,OECD.SDD.STES:DSD_KEI@DF_KEI(4.0),I,KOR,M,UNEMP,PT_LF,_T,Y,_Z,2015-11,3.6
DATAFLOW,OECD.SDD.STES:DSD_KEI@DF_KEI(4.0),I,KOR,M,UNEMP,PT_LF,_T,Y,_Z,2015-10,3.5
DATAFLOW,OECD.SDD.STES:DSD_KEI@DF_KEI(4.0),I,KOR,M,UNEMP,PT_LF,_T,Y,_Z,2015-09,3.5
DATAFLOW,OECD.SDD.STES:DSD_KEI@DF_KEI(4.0),I,KOR,M,UNEMP,PT_LF,_T,Y,_Z,2015-06,3.8
DATAFLOW,OECD.SDD.STES:DSD_KEI@DF_KEI(4.0),I,KOR,M,UNEMP,PT_LF,_T,Y,_Z,2015-04,3.6
DATAFLOW,OECD.SDD.STES:DSD_KEI@DF_KEI(4.0),I,KOR,M,UNEMP,PT_LF,_T,Y,_Z,2015-03,3.5
DATAFLOW,OECD.SDD.STES:DSD_KEI@DF_KEI(4.0),I,KOR,M,UNEMP,PT_LF,_T,Y,_Z,2014-10,3.6
DATAFLOW,OECD.SDD.STES:DSD_KEI@DF_KEI(4.0),I,KOR,M,UNEMP,PT_LF,_T,Y,_Z,2014-09,3.5
DATAFLOW,OECD.SDD.STES:DSD_KEI@DF_KEI(4.0),I,KOR,M,UNEMP,PT_LF,_T,Y,_Z,2014-07,3.5
DATAFLOW,OECD.SDD.STES:DSD_KEI@DF_KEI(4.0),I,KOR,M,UNEMP,PT_LF,_T,Y,_Z,2014-06,3.5
DATAFLOW,OECD.SDD.STES:DSD_KEI@DF_KEI(4.0),I,KOR,M,UNEMP,PT_LF,_T,Y,_Z,2014-05,3.5
DATAFLOW,OECD.SDD.STES:DSD_KEI@DF_KEI(4.0),I,KOR,M,UNEMP,PT_LF,_T,Y,_Z,2014-04,3.6
DATAFLOW,OECD.SDD.STES:DSD_KEI@DF_KEI(4.0),I,KOR,M,UNEMP,PT_LF,_T,Y,_Z,2014-03,3.4
DATAFLOW,OECD.SDD.STES:DSD_KEI@DF_KEI(4.0),I,KOR,M,UNEMP,PT_LF,_T,Y,_Z,2013-11,3.1
DATAFLOW,OECD.SDD.STES:DSD_KEI@DF_KEI(4.0),I,KOR,M,UNEMP,PT_LF,_T,Y,_Z,2013-10,3.1
DATAFLOW,OECD.SDD.STES:DSD_KEI@DF_KEI(4.0),I,KOR,M,UNEMP,PT_LF,_T,Y,_Z,2013-09,3.0
DATAFLOW,OECD.SDD.STES:DSD_KEI@DF_KEI(4.0),I,KOR,M,UNEMP,PT_LF,_T,Y,_Z,2013-08,3.2
DATAFLOW,OECD.SDD.STES:DSD_KEI@DF_KEI(4.0),I,KOR,M,UNEMP,PT_LF,_T,Y,_Z,2013-07,3.2
DATAFLOW,OECD.SDD.STES:DSD_KEI@DF_KEI(4.0),I,KOR,M,UNEMP,PT_LF,_T,Y,_Z,2013-06,3.1
DATAFLOW,OECD.SDD.STES:DSD_KEI@DF_KEI(4.0),I,KOR,M,UNEMP,PT_LF,_T,Y,_Z,2013-04,3.0
DATAFLOW,OECD.SDD.STES:DSD_KEI@DF_KEI(4.0),I,KOR,M,UNEMP,PT_LF,_T,Y,_Z,2019-09,3.6
DATAFLOW,OECD.SDD.STES:DSD_KEI@DF_KEI(4.0),I,KOR,M,UNEMP,PT_LF,_T,Y,_Z,2019-08,3.6
DATAFLOW,OECD.SDD.STES:DSD_KEI@DF_KEI(4.0),I,KOR,M,UNEMP,PT_LF,_T,Y,_Z,2017-12,3.6
DATAFLOW,OECD.SDD.STES:DSD_KEI@DF_KEI(4.0),I,KOR,M,UNEMP,PT_LF,_T,Y,_Z,2017-07,3.6
DATAFLOW,OECD.SDD.STES:DSD_KEI@DF_KEI(4.0),I,KOR,M,UNEMP,PT_LF,_T,Y,_Z,2017-03,3.6
DATAFLOW,OECD.SDD.STES:DSD_KEI@DF_KEI(4.0),I,KOR,M,UNEMP,PT_LF,_T,Y,_Z,2016-06,3.6
DATAFLOW,OECD.SDD.STES:DSD_KEI@DF_KEI(4.0),I,KOR,M,UNEMP,PT_LF,_T,Y,_Z,2016-01,3.6
DATAFLOW,OECD.SDD.STES:DSD_KEI@DF_KEI(4.0),I,KOR,M,UNEMP,PT_LF,_T,Y,_Z,2015-08,3.6
DATAFLOW,OECD.SDD.STES:DSD_KEI@DF_KEI(4.0),I,KOR,M,UNEMP,PT_LF,_T,Y,_Z,2015-05,3.6
DATAFLOW,OECD.SDD.STES:DSD_KEI@DF_KEI(4.0),I,KOR,M,UNEMP,PT_LF,_T,Y,_Z,2015-01,3.6
DATAFLOW,OECD.SDD.STES:DSD_KEI@DF_KEI(4.0),I,KOR,M,UNEMP,PT_LF,_T,Y,_Z,2014-11,3.6
DATAFLOW,OECD.SDD.STES:DSD_KEI@DF_KEI(4.0),I,KOR,M,UNEMP,PT_LF,_T,Y,_Z,2011-02,3.6
DATAFLOW,OECD.SDD.STES:DSD_KEI@DF_KEI(4.0),I,KOR,M,UNEMP,PT_LF,_T,Y,_Z,2011-01,3.6
DATAFLOW,OECD.SDD.STES:DSD_KEI@DF_KEI(4.0),I,KOR,M,UNEMP,PT_LF,_T,Y,_Z,2010-03,3.6
DATAFLOW,OECD.SDD.STES:DSD_KEI@DF_KEI(4.0),I,KOR,M,UNEMP,PT_LF,_T,Y,_Z,2009-09,3.6
DATAFLOW,OECD.SDD.STES:DSD_KEI@DF_KEI(4.0),I,KOR,M,UNEMP,PT_LF,_T,Y,_Z,2009-02,3.3
DATAFLOW,OECD.SDD.STES:DSD_KEI@DF_KEI(4.0),I,KOR,M,UNEMP,PT_LF,_T,Y,_Z,2009-01,3.3
DATAFLOW,OECD.SDD.STES:DSD_KEI@DF_KEI(4.0),I,KOR,M,UNEMP,PT_LF,_T,Y,_Z,2008-12,3.4
DATAFLOW,OECD.SDD.STES:DSD_KEI@DF_KEI(4.0),I,KOR,M,UNEMP,PT_LF,_T,Y,_Z,2008-11,3.4
DATAFLOW,OECD.SDD.STES:DSD_KEI@DF_KEI(4.0),I,KOR,M,UNEMP,PT_LF,_T,Y,_Z,2008-10,3.3
DATAFLOW,OECD.SDD.STES:DSD_KEI@DF_KEI(4.0),I,KOR,M,UNEMP,PT_LF,_T,Y,_Z,2008-09,3.2
DATAFLOW,OECD.SDD.STES:DSD_KEI@DF_KEI(4.0),I,KOR,M,UNEMP,PT_LF,_T,Y,_Z,2008-08,3.3
DATAFLOW,OECD.SDD.STES:DSD_KEI@DF_KEI(4.0),I,KOR,M,UNEMP,PT_LF,_T,Y,_Z,2008-04,3.1
DATAFLOW,OECD.SDD.STES:DSD_KEI@DF_KEI(4.0),I,KOR,M,UNEMP,PT_LF,_T,Y,_Z,2008-03,3.0
DATAFLOW,OECD.SDD.STES:DSD_KEI@DF_KEI(4.0),I,KOR,M,UNEMP,PT_LF,_T,Y,_Z,2008-01,3.0
DATAFLOW,OECD.SDD.STES:DSD_KEI@DF_KEI(4.0),I,KOR,M,UNEMP,PT_LF,_T,Y,_Z,2007-11,3.3
DATAFLOW,OECD.SDD.STES:DSD_KEI@DF_KEI(4.0),I,KOR,M,UNEMP,PT_LF,_T,Y,_Z,2007-07,3.3
DATAFLOW,OECD.SDD.STES:DSD_KEI@DF_KEI(4.0),I,KOR,M,UNEMP,PT_LF,_T,Y,_Z,2007-05,3.3
DATAFLOW,OECD.SDD.STES:DSD_KEI@DF_KEI(4.0),I,KOR,M,UNEMP,PT_LF,_T,Y,_Z,2007-04,3.3
DATAFLOW,OECD.SDD.STES:DSD_KEI@DF_KEI(4.0),I,KOR,M,UNEMP,PT_LF,_T,Y,_Z,2007-03,3.2
DATAFLOW,OECD.SDD.STES:DSD_KEI@DF_KEI(4.0),I,KOR,M,UNEMP,PT_LF,_T,Y,_Z,2023-11,2.8
DATAFLOW,OECD.SDD.STES:DSD_KEI@DF_KEI(4.0),I,KOR,M,UNEMP,PT_LF,_T,Y,_Z,2023-06,2.6
DATAFLOW,OECD.SDD.STES:DSD_KEI@DF_KEI(4.0),I,KOR,M,UNEMP,PT_LF,_T,Y,_Z,2023-04,2.6
DATAFLOW,OECD.SDD.STES:DSD_KEI@DF_KEI(4.0),I,KOR,M,UNEMP,PT_LF,_T,Y,_Z,2022-06,2.9
DATAFLOW,OECD.SDD.STES:DSD_KEI@DF_KEI(4.0),I,KOR,M,UNEMP,PT_LF,_T,Y,_Z,2022-05,2.9
DATAFLOW,OECD.SDD.STES:DSD_KEI@DF_KEI(4.0),I,KOR,M,UNEMP,PT_LF,_T,Y,_Z,2022-04,2.8
DATAFLOW,OECD.SDD.STES:DSD_KEI@DF_KEI(4.0),I,JPN,M,UNEMP,PT_LF,_T,Y,_Z,2018-01,2.4
DATAFLOW,OECD.SDD.STES:DSD_KEI@DF_KEI(4.0),I,JPN,M,UNEMP,PT_LF,_T,Y,_Z,2017-12,2.7
DATAFLOW,OECD.SDD.STES:DSD_KEI@DF_KEI(4.0),I,JPN,M,UNEMP,PT_LF,_T,Y,_Z,2017-11,2.7
DATAFLOW,OECD.SDD.STES:DSD_KEI@DF_KEI(4.0),I,JPN,M,UNEMP,PT_LF,_T,Y,_Z,2017-10,2.7
DATAFLOW,OECD.SDD.STES:DSD_KEI@DF_KEI(4.0),I,JPN,M,UNEMP,PT_LF,_T,Y,_Z,2017-09,2.8
DATAFLOW,OECD.SDD.STES:DSD_KEI@DF_KEI(4.0),I,JPN,M,UNEMP,PT_LF,_T,Y,_Z,2017-08,2.8
DATAFLOW,OECD.SDD.STES:DSD_KEI@DF_KEI(4.0),I,JPN,M,UNEMP,PT_LF,_T,Y,_Z,2017-07,2.8
DATAFLOW,OECD.SDD.STES:DSD_KEI@DF_KEI(4.0),I,JPN,M,UNEMP,PT_LF,_T,Y,_Z,2017-06,2.8
DATAFLOW,OECD.SDD.STES:DSD_KEI@DF_KEI(4.0),I,JPN,M,UNEMP,PT_LF,_T,Y,_Z,2017-05,3.0
DATAFLOW,OECD.SDD.STES:DSD_KEI@DF_KEI(4.0),I,JPN,M,UNEMP,PT_LF,_T,Y,_Z,2017-04,2.8
DATAFLOW,OECD.SDD.STES:DSD_KEI@DF_KEI(4.0),I,JPN,M,UNEMP,PT_LF,_T,Y,_Z,2017-03,2.8
DATAFLOW,OECD.SDD.STES:DSD_KEI@DF_KEI(4.0),I,JPN,M,UNEMP,PT_LF,_T,Y,_Z,2017-02,2.9
DATAFLOW,OECD.SDD.STES:DSD_KEI@DF_KEI(4.0),I,JPN,M,UNEMP,PT_LF,_T,Y,_Z,2017-01,3.0
DATAFLOW,OECD.SDD.STES:DSD_KEI@DF_KEI(4.0),I,JPN,M,UNEMP,PT_LF,_T,Y,_Z,2016-12,3.0
DATAFLOW,OECD.SDD.STES:DSD_KEI@DF_KEI(4.0),I,GBR,M,UNEMP,PT_LF,_T,Y,_Z,2012-02,8.2
DATAFLOW,OECD.SDD.STES:DSD_KEI@DF_KEI(4.0),I,GBR,M,UNEMP,PT_LF,_T,Y,_Z,2012-01,8.3
DATAFLOW,OECD.SDD.STES:DSD_KEI@DF_KEI(4.0),I,GBR,M,UNEMP,PT_LF,_T,Y,_Z,2011-11,8.4
DATAFLOW,OECD.SDD.STES:DSD_KEI@DF_KEI(4.0),I,USA,M,UNEMP,PT_LF,_T,Y,_Z,2022-05,3.6
DATAFLOW,OECD.SDD.STES:DSD_KEI@DF_KEI(4.0),I,USA,M,UNEMP,PT_LF,_T,Y,_Z,2022-04,3.7
DATAFLOW,OECD.SDD.STES:DSD_KEI@DF_KEI(4.0),I,USA,M,UNEMP,PT_LF,_T,Y,_Z,2022-01,4.0
DATAFLOW,OECD.SDD.STES:DSD_KEI@DF_KEI(4.0),I,USA,M,UNEMP,PT_LF,_T,Y,_Z,2021-12,3.9
DATAFLOW,OECD.SDD.STES:DSD_KEI@DF_KEI(4.0),I,USA,M,UNEMP,PT_LF,_T,Y,_Z,2021-10,4.5
DATAFLOW,OECD.SDD.STES:DSD_KEI@DF_KEI(4.0),I,USA,M,UNEMP,PT_LF,_T,Y,_Z,2021-09,4.7
DATAFLOW,OECD.SDD.STES:DSD_KEI@DF_KEI(4.0),I,USA,M,UNEMP,PT_LF,_T,Y,_Z,2021-08,5.1
DATAFLOW,OECD.SDD.STES:DSD_KEI@DF_KEI(4.0),I,USA,M,UNEMP,PT_LF,_T,Y,_Z,2021-07,5.4
DATAFLOW,OECD.SDD.STES:DSD_KEI@DF_KEI(4.0),I,USA,M,UNEMP,PT_LF,_T,Y,_Z,2021-06,5.9
DATAFLOW,OECD.SDD.STES:DSD_KEI@DF_KEI(4.0),I,USA,M,UNEMP,PT_LF,_T,Y,_Z,2021-05,5.8
DATAFLOW,OECD.SDD.STES:DSD_KEI@DF_KEI(4.0),I,USA,M,UNEMP,PT_LF,_T,Y,_Z,2021-04,6.1
DATAFLOW,OECD.SDD.STES:DSD_KEI@DF_KEI(4.0),I,USA,M,UNEMP,PT_LF,_T,Y,_Z,2021-03,6.1
DATAFLOW,OECD.SDD.STES:DSD_KEI@DF_KEI(4.0),I,USA,M,UNEMP,PT_LF,_T,Y,_Z,2008-10,6.5
DATAFLOW,OECD.SDD.STES:DSD_KEI@DF_KEI(4.0),I,AUS,M,UNEMP,PT_LF,_T,Y,_Z,2010-08,5.0322968
DATAFLOW,OECD.SDD.STES:DSD_KEI@DF_KEI(4.0),I,FRA,M,UNEMP,PT_LF,_T,Y,_Z,2019-08,8.3
DATAFLOW,OECD.SDD.STES:DSD_KEI@DF_KEI(4.0),I,DEU,M,UNEMP,PT_LF,_T,Y,_Z,2023-03,3.0
DATAFLOW,OECD.SDD.STES:DSD_KEI@DF_KEI(4.0),I,JPN,M,UNEMP,PT_LF,_T,Y,_Z,2021-04,2.9
DATAFLOW,OECD.SDD.STES:DSD_KEI@DF_KEI(4.0),I,GBR,M,UNEMP,PT_LF,_T,Y,_Z,2023-08,4.1
DATAFLOW,OECD.SDD.STES:DSD_KEI@DF_KEI(4.0),I,USA,M,UNEMP,PT_LF,_T,Y,_Z,2016-10,4.9
DATAFLOW,OECD.SDD.STES:DSD_KEI@DF_KEI(4.0),I,USA,M,UNEMP,PT_LF,_T,Y,_Z,2008-09,6.1
DATAFLOW,OECD.SDD.STES:DSD_KEI@DF_KEI(4.0),I,USA,M,UNEMP,PT_LF,_T,Y,_Z,2008-08,6.1
DATAFLOW,OECD.SDD.STES:DSD_KEI@DF_KEI(4.0),I,USA,M,UNEMP,PT_LF,_T,Y,_Z,2008-07,5.8
DATAFLOW,OECD.SDD.STES:DSD_KEI@DF_KEI(4.0),I,USA,M,UNEMP,PT_LF,_T,Y,_Z,2008-06,5.6
DATAFLOW,OECD.SDD.STES:DSD_KEI@DF_KEI(4.0),I,USA,M,UNEMP,PT_LF,_T,Y,_Z,2008-05,5.4
DATAFLOW,OECD.SDD.STES:DSD_KEI@DF_KEI(4.0),I,USA,M,UNEMP,PT_LF,_T,Y,_Z,2008-04,5.0
DATAFLOW,OECD.SDD.STES:DSD_KEI@DF_KEI(4.0),I,USA,M,UNEMP,PT_LF,_T,Y,_Z,2008-03,5.1
DATAFLOW,OECD.SDD.STES:DSD_KEI@DF_KEI(4.0),I,USA,M,UNEMP,PT_LF,_T,Y,_Z,2008-02,4.9
DATAFLOW,OECD.SDD.STES:DSD_KEI@DF_KEI(4.0),I,USA,M,UNEMP,PT_LF,_T,Y,_Z,2008-01,5.0
DATAFLOW,OECD.SDD.STES:DSD_KEI@DF_KEI(4.0),I,USA,M,UNEMP,PT_LF,_T,Y,_Z,2007-12,5.0
DATAFLOW,OECD.SDD.STES:DSD_KEI@DF_KEI(4.0),I,USA,M,UNEMP,PT_LF,_T,Y,_Z,2007-11,4.7
DATAFLOW,OECD.SDD.STES:DSD_KEI@DF_KEI(4.0),I,USA,M,UNEMP,PT_LF,_T,Y,_Z,2007-10,4.7
DATAFLOW,OECD.SDD.STES:DSD_KEI@DF_KEI(4.0),I,USA,M,UNEMP,PT_LF,_T,Y,_Z,2007-09,4.7
DATAFLOW,OECD.SDD.STES:DSD_KEI@DF_KEI(4.0),I,USA,M,UNEMP,PT_LF,_T,Y,_Z,2007-08,4.6
DATAFLOW,OECD.SDD.STES:DSD_KEI@DF_KEI(4.0),I,USA,M,UNEMP,PT_LF,_T,Y,_Z,2007-07,4.7
DATAFLOW,OECD.SDD.STES:DSD_KEI@DF_KEI(4.0),I,USA,M,UNEMP,PT_LF,_T,Y,_Z,2007-06,4.6
DATAFLOW,OECD.SDD.STES:DSD_KEI@DF_KEI(4.0),I,USA,M,UNEMP,PT_LF,_T,Y,_Z,2007-05,4.4
DATAFLOW,OECD.SDD.STES:DSD_KEI@DF_KEI(4.0),I,USA,M,UNEMP,PT_LF,_T,Y,_Z,2007-04,4.5
DATAFLOW,OECD.SDD.STES:DSD_KEI@DF_KEI(4.0),I,USA,M,UNEMP,PT_LF,_T,Y,_Z,2007-03,4.4
DATAFLOW,OECD.SDD.STES:DSD_KEI@DF_KEI(4.0),I,USA,M,UNEMP,PT_LF,_T,Y,_Z,2007-02,4.5
DATAFLOW,OECD.SDD.STES:DSD_KEI@DF_KEI(4.0),I,USA,M,UNEMP,PT_LF,_T,Y,_Z,2007-01,4.6
DATAFLOW,OECD.SDD.STES:DSD_KEI@DF_KEI(4.0),I,USA,M,UNEMP,PT_LF,_T,Y,_Z,2023-11,3.7
DATAFLOW,OECD.SDD.STES:DSD_KEI@DF_KEI(4.0),I,USA,M,UNEMP,PT_LF,_T,Y,_Z,2023-07,3.5
DATAFLOW,OECD.SDD.STES:DSD_KEI@DF_KEI(4.0),I,USA,M,UNEMP,PT_LF,_T,Y,_Z,2023-06,3.6
DATAFLOW,OECD.SDD.STES:DSD_KEI@DF_KEI(4.0),I,KOR,M,UNEMP,PT_LF,_T,Y,_Z,2021-11,3.1
DATAFLOW,OECD.SDD.STES:DSD_KEI@DF_KEI(4.0),I,KOR,M,UNEMP,PT_LF,_T,Y,_Z,2021-07,3.3
DATAFLOW,OECD.SDD.STES:DSD_KEI@DF_KEI(4.0),I,KOR,M,UNEMP,PT_LF,_T,Y,_Z,2021-06,3.7
DATAFLOW,OECD.SDD.STES:DSD_KEI@DF_KEI(4.0),I,KOR,M,UNEMP,PT_LF,_T,Y,_Z,2021-05,3.8
DATAFLOW,OECD.SDD.STES:DSD_KEI@DF_KEI(4.0),I,KOR,M,UNEMP,PT_LF,_T,Y,_Z,2022-08,2.8
DATAFLOW,OECD.SDD.STES:DSD_KEI@DF_KEI(4.0),I,KOR,M,UNEMP,PT_LF,_T,Y,_Z,2022-07,3.0
DATAFLOW,OECD.SDD.STES:DSD_KEI@DF_KEI(4.0),I,KOR,M,UNEMP,PT_LF,_T,Y,_Z,2022-02,2.9
DATAFLOW,OECD.SDD.STES:DSD_KEI@DF_KEI(4.0),I,KOR,M,UNEMP,PT_LF,_T,Y,_Z,2022-01,3.2
DATAFLOW,OECD.SDD.STES:DSD_KEI@DF_KEI(4.0),I,KOR,M,UNEMP,PT_LF,_T,Y,_Z,2021-12,3.2
DATAFLOW,OECD.SDD.STES:DSD_KEI@DF_KEI(4.0),I,KOR,M,UNEMP,PT_LF,_T,Y,_Z,2021-10,3.3
DATAFLOW,OECD.SDD.STES:DSD_KEI@DF_KEI(4.0),I,KOR,M,UNEMP,PT_LF,_T,Y,_Z,2021-09,3.1
DATAFLOW,OECD.SDD.STES:DSD_KEI@DF_KEI(4.0),I,KOR,M,UNEMP,PT_LF,_T,Y,_Z,2021-08,3.4
DATAFLOW,OECD.SDD.STES:DSD_KEI@DF_KEI(4.0),I,KOR,M,UNEMP,PT_LF,_T,Y,_Z,2021-03,4.0
DATAFLOW,OECD.SDD.STES:DSD_KEI@DF_KEI(4.0),I,KOR,M,UNEMP,PT_LF,_T,Y,_Z,2021-02,4.1
DATAFLOW,OECD.SDD.STES:DSD_KEI@DF_KEI(4.0),I,KOR,M,UNEMP,PT_LF,_T,Y,_Z,2021-01,4.6
DATAFLOW,OECD.SDD.STES:DSD_KEI@DF_KEI(4.0),I,KOR,M,UNEMP,PT_LF,_T,Y,_Z,2020-12,4.1
DATAFLOW,OECD.SDD.STES:DSD_KEI@DF_KEI(4.0),I,KOR,M,UNEMP,PT_LF,_T,Y,_Z,2020-11,4.1
DATAFLOW,OECD.SDD.STES:DSD_KEI@DF_KEI(4.0),I,KOR,M,UNEMP,PT_LF,_T,Y,_Z,2020-10,4.3
DATAFLOW,OECD.SDD.STES:DSD_KEI@DF_KEI(4.0),I,KOR,M,UNEMP,PT_LF,_T,Y,_Z,2020-09,4.2
DATAFLOW,OECD.SDD.STES:DSD_KEI@DF_KEI(4.0),I,KOR,M,UNEMP,PT_LF,_T,Y,_Z,2020-08,3.9
DATAFLOW,OECD.SDD.STES:DSD_KEI@DF_KEI(4.0),I,KOR,M,UNEMP,PT_LF,_T,Y,_Z,2020-07,4.2
DATAFLOW,OECD.SDD.STES:DSD_KEI@DF_KEI(4.0),I,KOR,M,UNEMP,PT_LF,_T,Y,_Z,2020-05,4.3
DATAFLOW,OECD.SDD.STES:DSD_KEI@DF_KEI(4.0),I,KOR,M,UNEMP,PT_LF,_T,Y,_Z,2020-03,3.9
DATAFLOW,OECD.SDD.STES:DSD_KEI@DF_KEI(4.0),I,KOR,M,UNEMP,PT_LF,_T,Y,_Z,2020-01,3.4
DATAFLOW,OECD.SDD.STES:DSD_KEI@DF_KEI(4.0),I,KOR,M,UNEMP,PT_LF,_T,Y,_Z,2019-11,3.7
DATAFLOW,OECD.SDD.STES:DSD_KEI@DF_KEI(4.0),I,KOR,M,UNEMP,PT_LF,_T,Y,_Z,2019-07,4.0
DATAFLOW,OECD.SDD.STES:DSD_KEI@DF_KEI(4.0),I,KOR,M,UNEMP,PT_LF,_T,Y,_Z,2019-05,3.8
DATAFLOW,OECD.SDD.STES:DSD_KEI@DF_KEI(4.0),I,KOR,M,UNEMP,PT_LF,_T,Y,_Z,2019-04,4.0
DATAFLOW,OECD.SDD.STES:DSD_KEI@DF_KEI(4.0),I,KOR,M,UNEMP,PT_LF,_T,Y,_Z,2019-03,3.8
DATAFLOW,OECD.SDD.STES:DSD_KEI@DF_KEI(4.0),I,KOR,M,UNEMP,PT_LF,_T,Y,_Z,2019-02,3.8
DATAFLOW,OECD.SDD.STES:DSD_KEI@DF_KEI(4.0),I,KOR,M,UNEMP,PT_LF,_T,Y,_Z,2018-12,3.7
DATAFLOW,OECD.SDD.STES:DSD_KEI@DF_KEI(4.0),I,KOR,M,UNEMP,PT_LF,_T,Y,_Z,2018-11,3.9
DATAFLOW,OECD.SDD.STES:DSD_KEI@DF_KEI(4.0),I,KOR,M,UNEMP,PT_LF,_T,Y,_Z,2018-03,4.0
DATAFLOW,OECD.SDD.STES:DSD_KEI@DF_KEI(4.0),I,KOR,M,UNEMP,PT_LF,_T,Y,_Z,2018-02,3.7
DATAFLOW,OECD.SDD.STES:DSD_KEI@DF_KEI(4.0),I,KOR,M,UNEMP,PT_LF,_T,Y,_Z,2018-01,3.4
DATAFLOW,OECD.SDD.STES:DSD_KEI@DF_KEI(4.0),I,KOR,M,UNEMP,PT_LF,_T,Y,_Z,2017-05,3.5
DATAFLOW,OECD.SDD.STES:DSD_KEI@DF_KEI(4.0),I,KOR,M,UNEMP,PT_LF,_T,Y,_Z,2017-04,3.8
DATAFLOW,OECD.SDD.STES:DSD_KEI@DF_KEI(4.0),I,KOR,M,UNEMP,PT_LF,_T,Y,_Z,2017-02,3.9
DATAFLOW,OECD.SDD.STES:DSD_KEI@DF_KEI(4.0),I,KOR,M,UNEMP,PT_LF,_T,Y,_Z,2017-01,3.5
DATAFLOW,OECD.SDD.STES:DSD_KEI@DF_KEI(4.0),I,KOR,M,UNEMP,PT_LF,_T,Y,_Z,2016-12,3.5
DATAFLOW,OECD.SDD.STES:DSD_KEI@DF_KEI(4.0),I,KOR,M,UNEMP,PT_LF,_T,Y,_Z,2016-11,3.7
DATAFLOW,OECD.SDD.STES:DSD_KEI@DF_KEI(4.0),I,KOR,M,UNEMP,PT_LF,_T,Y,_Z,2016-09,3.9
DATAFLOW,OECD.SDD.STES:DSD_KEI@DF_KEI(4.0),I,KOR,M,UNEMP,PT_LF,_T,Y,_Z,2016-08,3.9
DATAFLOW,OECD.SDD.STES:DSD_KEI@DF_KEI(4.0),I,KOR,M,UNEMP,PT_LF,_T,Y,_Z,2016-05,3.5
DATAFLOW,OECD.SDD.STES:DSD_KEI@DF_KEI(4.0),I,KOR,M,UNEMP,PT_LF,_T,Y,_Z,2016-03,3.7
DATAFLOW,OECD.SDD.STES:DSD_KEI@DF_KEI(4.0),I,KOR,M,UNEMP,PT_LF,_T,Y,_Z,2016-02,3.8
DATAFLOW,OECD.SDD.STES:DSD_KEI@DF_KEI(4.0),I,KOR,M,UNEMP,PT_LF,_T,Y,_Z,2015-07,3.8
DATAFLOW,OECD.SDD.STES:DSD_KEI@DF_KEI(4.0),I,KOR,M,UNEMP,PT_LF,_T,Y,_Z,2015-02,3.5
DATAFLOW,OECD.SDD.STES:DSD_KEI@DF_KEI(4.0),I,KOR,M,UNEMP,PT_LF,_T,Y,_Z,2014-12,3.7
DATAFLOW,OECD.SDD.STES:DSD_KEI@DF_KEI(4.0),I,KOR,M,UNEMP,PT_LF,_T,Y,_Z,2014-08,3.5
DATAFLOW,OECD.SDD.STES:DSD_KEI@DF_KEI(4.0),I,KOR,M,UNEMP,PT_LF,_T,Y,_Z,2014-02,3.5
DATAFLOW,OECD.SDD.STES:DSD_KEI@DF_KEI(4.0),I,KOR,M,UNEMP,PT_LF,_T,Y,_Z,2014-01,3.3
DATAFLOW,OECD.SDD.STES:DSD_KEI@DF_KEI(4.0),I,KOR,M,UNEMP,PT_LF,_T,Y,_Z,2013-12,3.3
DATAFLOW,OECD.SDD.STES:DSD_KEI@DF_KEI(4.0),I,KOR,M,UNEMP,PT_LF,_T,Y,_Z,2013-05,3.1
DATAFLOW,OECD.SDD.STES:DSD_KEI@DF_KEI(4.0),I,KOR,M,UNEMP,PT_LF,_T,Y,_Z,2013-03,3.0
DATAFLOW,OECD.SDD.STES:DSD_KEI@DF_KEI(4.0),I,KOR,M,UNEMP,PT_LF,_T,Y,_Z,2013-02,3.1
DATAFLOW,OECD.SDD.STES:DSD_KEI@DF_KEI(4.0),I,KOR,M,UNEMP,PT_LF,_T,Y,_Z,2013-01,3.2
DATAFLOW,OECD.SDD.STES:DSD_KEI@DF_KEI(4.0),I,KOR,M,UNEMP,PT_LF,_T,Y,_Z,2012-12,3.2
DATAFLOW,OECD.SDD.STES:DSD_KEI@DF_KEI(4.0),I,KOR,M,UNEMP,PT_LF,_T,Y,_Z,2012-07,3.2
DATAFLOW,OECD.SDD.STES:DSD_KEI@DF_KEI(4.0),I,KOR,M,UNEMP,PT_LF,_T,Y,_Z,2012-05,3.2
DATAFLOW,OECD.SDD.STES:DSD_KEI@DF_KEI(4.0),I,KOR,M,UNEMP,PT_LF,_T,Y,_Z,2012-02,3.3
DATAFLOW,OECD.SDD.STES:DSD_KEI@DF_KEI(4.0),I,KOR,M,UNEMP,PT_LF,_T,Y,_Z,2012-01,3.3
DATAFLOW,OECD.SDD.STES:DSD_KEI@DF_KEI(4.0),I,KOR,M,UNEMP,PT_LF,_T,Y,_Z,2011-10,3.3
DATAFLOW,OECD.SDD.STES:DSD_KEI@DF_KEI(4.0),I,KOR,M,UNEMP,PT_LF,_T,Y,_Z,2011-07,3.4
DATAFLOW,OECD.SDD.STES:DSD_KEI@DF_KEI(4.0),I,KOR,M,UNEMP,PT_LF,_T,Y,_Z,2011-05,3.3
DATAFLOW,OECD.SDD.STES:DSD_KEI@DF_KEI(4.0),I,KOR,M,UNEMP,PT_LF,_T,Y,_Z,2011-03,3.7
DATAFLOW,OECD.SDD.STES:DSD_KEI@DF_KEI(4.0),I,KOR,M,UNEMP,PT_LF,_T,Y,_Z,2010-09,3.7
DATAFLOW,OECD.SDD.STES:DSD_KEI@DF_KEI(4.0),I,KOR,M,UNEMP,PT_LF,_T,Y,_Z,2010-05,3.3
DATAFLOW,OECD.SDD.STES:DSD_KEI@DF_KEI(4.0),I,KOR,M,UNEMP,PT_LF,_T,Y,_Z,2010-01,4.7
DATAFLOW,OECD.SDD.STES:DSD_KEI@DF_KEI(4.0),I,KOR,M,UNEMP,PT_LF,_T,Y,_Z,2009-08,3.9
DATAFLOW,OECD.SDD.STES:DSD_KEI@DF_KEI(4.0),I,KOR,M,UNEMP,PT_LF,_T,Y,_Z,2009-03,3.5
DATAFLOW,OECD.SDD.STES:DSD_KEI@DF_KEI(4.0),I,KOR,M,UNEMP,PT_LF,_T,Y,_Z,2008-07,3.1
DATAFLOW,OECD.SDD.STES:DSD_KEI@DF_KEI(4.0),I,KOR,M,UNEMP,PT_LF,_T,Y,_Z,2008-06,3.1
DATAFLOW,OECD.SDD.STES:DSD_KEI@DF_KEI(4.0),I,KOR,M,UNEMP,PT_LF,_T,Y,_Z,2008-05,3.2
DATAFLOW,OECD.SDD.STES:DSD_KEI@DF_KEI(4.0),I,KOR,M,UNEMP,PT_LF,_T,Y,_Z,2008-02,3.0
DATAFLOW,OECD.SDD.STES:DSD_KEI@DF_KEI(4.0),I,KOR,M,UNEMP,PT_LF,_T,Y,_Z,2007-12,3.1
DATAFLOW,OECD.SDD.STES:DSD_KEI@DF_KEI(4.0),I,KOR,M,UNEMP,PT_LF,_T,Y,_Z,2007-10,3.2
DATAFLOW,OECD.SDD.STES:DSD_KEI@DF_KEI(4.0),I,KOR,M,UNEMP,PT_LF,_T,Y,_Z,2007-09,3.2
DATAFLOW,OECD.SDD.STES:DSD_KEI@DF_KEI(4.0),I,KOR,M,UNEMP,PT_LF,_T,Y,_Z,2007-08,3.2
DATAFLOW,OECD.SDD.STES:DSD_KEI@DF_KEI(4.0),I,KOR,M,UNEMP,PT_LF,_T,Y,_Z,2007-06,3.2
DATAFLOW,OECD.SDD.STES:DSD_KEI@DF_KEI(4.0),I,KOR,M,UNEMP,PT_LF,_T,Y,_Z,2007-02,3.2
DATAFLOW,OECD.SDD.STES:DSD_KEI@DF_KEI(4.0),I,KOR,M,UNEMP,PT_LF,_T,Y,_Z,2007-01,3.4
DATAFLOW,OECD.SDD.STES:DSD_KEI@DF_KEI(4.0),I,KOR,M,UNEMP,PT_LF,_T,Y,_Z,2026-01,3.0
DATAFLOW,OECD.SDD.STES:DSD_KEI@DF_KEI(4.0),I,KOR,M,UNEMP,PT_LF,_T,Y,_Z,2025-12,3.3
DATAFLOW,OECD.SDD.STES:DSD_KEI@DF_KEI(4.0),I,KOR,M,UNEMP,PT_LF,_T,Y,_Z,2025-11,2.8
DATAFLOW,OECD.SDD.STES:DSD_KEI@DF_KEI(4.0),I,KOR,M,UNEMP,PT_LF,_T,Y,_Z,2025-10,2.7
DATAFLOW,OECD.SDD.STES:DSD_KEI@DF_KEI(4.0),I,KOR,M,UNEMP,PT_LF,_T,Y,_Z,2025-09,2.7
DATAFLOW,OECD.SDD.STES:DSD_KEI@DF_KEI(4.0),I,KOR,M,UNEMP,PT_LF,_T,Y,_Z,2025-08,2.8
DATAFLOW,OECD.SDD.STES:DSD_KEI@DF_KEI(4.0),I,KOR,M,UNEMP,PT_LF,_T,Y,_Z,2025-07,2.7
DATAFLOW,OECD.SDD.STES:DSD_KEI@DF_KEI(4.0),I,KOR,M,UNEMP,PT_LF,_T,Y,_Z,2025-06,2.7
DATAFLOW,OECD.SDD.STES:DSD_KEI@DF_KEI(4.0),I,KOR,M,UNEMP,PT_LF,_T,Y,_Z,2025-05,2.7
DATAFLOW,OECD.SDD.STES:DSD_KEI@DF_KEI(4.0),I,KOR,M,UNEMP,PT_LF,_T,Y,_Z,2025-04,2.7
DATAFLOW,OECD.SDD.STES:DSD_KEI@DF_KEI(4.0),I,GBR,M,UNEMP,PT_LF,_T,Y,_Z,2021-07,4.5
DATAFLOW,OECD.SDD.STES:DSD_KEI@DF_KEI(4.0),I,GBR,M,UNEMP,PT_LF,_T,Y,_Z,2021-06,4.6
DATAFLOW,OECD.SDD.STES:DSD_KEI@DF_KEI(4.0),I,GBR,M,UNEMP,PT_LF,_T,Y,_Z,2021-05,4.7
DATAFLOW,OECD.SDD.STES:DSD_KEI@DF_KEI(4.0),I,USA,M,UNEMP,PT_LF,_T,Y,_Z,2025-11,4.5
DATAFLOW,OECD.SDD.STES:DSD_KEI@DF_KEI(4.0),I,USA,M,UNEMP,PT_LF,_T,Y,_Z,2025-09,4.4
DATAFLOW,OECD.SDD.STES:DSD_KEI@DF_KEI(4.0),I,USA,M,UNEMP,PT_LF,_T,Y,_Z,2025-08,4.3
DATAFLOW,OECD.SDD.STES:DSD_KEI@DF_KEI(4.0),I,USA,M,UNEMP,PT_LF,_T,Y,_Z,2025-07,4.3
DATAFLOW,OECD.SDD.STES:DSD_KEI@DF_KEI(4.0),I,USA,M,UNEMP,PT_LF,_T,Y,_Z,2025-06,4.1
DATAFLOW,OECD.SDD.STES:DSD_KEI@DF_KEI(4.0),I,USA,M,UNEMP,PT_LF,_T,Y,_Z,2025-05,4.3
DATAFLOW,OECD.SDD.STES:DSD_KEI@DF_KEI(4.0),I,USA,M,UNEMP,PT_LF,_T,Y,_Z,2025-04,4.2
DATAFLOW,OECD.SDD.STES:DSD_KEI@DF_KEI(4.0),I,USA,M,UNEMP,PT_LF,_T,Y,_Z,2025-03,4.2
DATAFLOW,OECD.SDD.STES:DSD_KEI@DF_KEI(4.0),I,USA,M,UNEMP,PT_LF,_T,Y,_Z,2025-02,4.2
DATAFLOW,OECD.SDD.STES:DSD_KEI@DF_KEI(4.0),I,USA,M,UNEMP,PT_LF,_T,Y,_Z,2025-01,4.0
DATAFLOW,OECD.SDD.STES:DSD_KEI@DF_KEI(4.0),I,USA,M,UNEMP,PT_LF,_T,Y,_Z,2024-12,4.1
DATAFLOW,OECD.SDD.STES:DSD_KEI@DF_KEI(4.0),I,USA,M,UNEMP,PT_LF,_T,Y,_Z,2024-11,4.2
DATAFLOW,OECD.SDD.STES:DSD_KEI@DF_KEI(4.0),I,USA,M,UNEMP,PT_LF,_T,Y,_Z,2024-10,4.1
DATAFLOW,OECD.SDD.STES:DSD_KEI@DF_KEI(4.0),I,USA,M,UNEMP,PT_LF,_T,Y,_Z,2024-09,4.1
DATAFLOW,OECD.SDD.STES:DSD_KEI@DF_KEI(4.0),I,USA,M,UNEMP,PT_LF,_T,Y,_Z,2024-08,4.2
DATAFLOW,OECD.SDD.STES:DSD_KEI@DF_KEI(4.0),I,USA,M,UNEMP,PT_LF,_T,Y,_Z,2024-07,4.2
DATAFLOW,OECD.SDD.STES:DSD_KEI@DF_KEI(4.0),I,USA,M,UNEMP,PT_LF,_T,Y,_Z,2024-06,4.1
DATAFLOW,OECD.SDD.STES:DSD_KEI@DF_KEI(4.0),I,USA,M,UNEMP,PT_LF,_T,Y,_Z,2024-05,3.9
DATAFLOW,OECD.SDD.STES:DSD_KEI@DF_KEI(4.0),I,USA,M,UNEMP,PT_LF,_T,Y,_Z,2024-04,3.9
DATAFLOW,OECD.SDD.STES:DSD_KEI@DF_KEI(4.0),I,USA,M,UNEMP,PT_LF,_T,Y,_Z,2024-03,3.9
DATAFLOW,OECD.SDD.STES:DSD_KEI@DF_KEI(4.0),I,USA,M,UNEMP,PT_LF,_T,Y,_Z,2024-02,3.9
DATAFLOW,OECD.SDD.STES:DSD_KEI@DF_KEI(4.0),I,USA,M,UNEMP,PT_LF,_T,Y,_Z,2024-01,3.7
DATAFLOW,OECD.SDD.STES:DSD_KEI@DF_KEI(4.0),I,USA,M,UNEMP,PT_LF,_T,Y,_Z,2023-12,3.8
DATAFLOW,OECD.SDD.STES:DSD_KEI@DF_KEI(4.0),I,USA,M,UNEMP,PT_LF,_T,Y,_Z,2023-10,3.9
DATAFLOW,OECD.SDD.STES:DSD_KEI@DF_KEI(4.0),I,USA,M,UNEMP,PT_LF,_T,Y,_Z,2023-09,3.7
DATAFLOW,OECD.SDD.STES:DSD_KEI@DF_KEI(4.0),I,USA,M,UNEMP,PT_LF,_T,Y,_Z,2023-08,3.7
DATAFLOW,OECD.SDD.STES:DSD_KEI@DF_KEI(4.0),I,USA,M,UNEMP,PT_LF,_T,Y,_Z,2023-05,3.6
DATAFLOW,OECD.SDD.STES:DSD_KEI@DF_KEI(4.0),I,USA,M,UNEMP,PT_LF,_T,Y,_Z,2023-01,3.5
DATAFLOW,OECD.SDD.STES:DSD_KEI@DF_KEI(4.0),I,USA,M,UNEMP,PT_LF,_T,Y,_Z,2022-03,3.7
DATAFLOW,OECD.SDD.STES:DSD_KEI@DF_KEI(4.0),I,USA,M,UNEMP,PT_LF,_T,Y,_Z,2022-02,3.9
DATAFLOW,OECD.SDD.STES:DSD_KEI@DF_KEI(4.0),I,USA,M,UNEMP,PT_LF,_T,Y,_Z,2021-11,4.1
DATAFLOW,OECD.SDD.STES:DSD_KEI@DF_KEI(4.0),I,USA,M,UNEMP,PT_LF,_T,Y,_Z,2020-10,6.9
DATAFLOW,OECD.SDD.STES:DSD_KEI@DF_KEI(4.0),I,USA,M,UNEMP,PT_LF,_T,Y,_Z,2020-05,13.2
DATAFLOW,OECD.SDD.STES:DSD_KEI@DF_KEI(4.0),I,USA,M,UNEMP,PT_LF,_T,Y,_Z,2020-04,14.8
DATAFLOW,OECD.SDD.STES:DSD_KEI@DF_KEI(4.0),I,USA,M,UNEMP,PT_LF,_T,Y,_Z,2020-03,4.4
DATAFLOW,OECD.SDD.STES:DSD_KEI@DF_KEI(4.0),I,GBR,M,UNEMP,PT_LF,_T,Y,_Z,2014-09,5.9
DATAFLOW,OECD.SDD.STES:DSD_KEI@DF_KEI(4.0),I,GBR,M,UNEMP,PT_LF,_T,Y,_Z,2014-06,6.1
DATAFLOW,OECD.SDD.STES:DSD_KEI@DF_KEI(4.0),I,GBR,M,UNEMP,PT_LF,_T,Y,_Z,2014-04,6.4
DATAFLOW,OECD.SDD.STES:DSD_KEI@DF_KEI(4.0),I,GBR,M,UNEMP,PT_LF,_T,Y,_Z,2014-02,6.7
DATAFLOW,OECD.SDD.STES:DSD_KEI@DF_KEI(4.0),I,GBR,M,UNEMP,PT_LF,_T,Y,_Z,2013-12,7.1
DATAFLOW,OECD.SDD.STES:DSD_KEI@DF_KEI(4.0),I,GBR,M,UNEMP,PT_LF,_T,Y,_Z,2013-05,7.7
DATAFLOW,OECD.SDD.STES:DSD_KEI@DF_KEI(4.0),I,GBR,M,UNEMP,PT_LF,_T,Y,_Z,2013-04,7.7
DATAFLOW,OECD.SDD.STES:DSD_KEI@DF_KEI(4.0),I,GBR,M,UNEMP,PT_LF,_T,Y,_Z,2013-02,7.8
DATAFLOW,OECD.SDD.STES:DSD_KEI@DF_KEI(4.0),I,GBR,M,UNEMP,PT_LF,_T,Y,_Z,2012-09,7.8
DATAFLOW,OECD.SDD.STES:DSD_KEI@DF_KEI(4.0),I,GBR,M,UNEMP,PT_LF,_T,Y,_Z,2012-08,7.8
DATAFLOW,OECD.SDD.STES:DSD_KEI@DF_KEI(4.0),I,GBR,M,UNEMP,PT_LF,_T,Y,_Z,2011-12,8.3
DATAFLOW,OECD.SDD.STES:DSD_KEI@DF_KEI(4.0),I,GBR,M,UNEMP,PT_LF,_T,Y,_Z,2025-11,5.2
DATAFLOW,OECD.SDD.STES:DSD_KEI@DF_KEI(4.0),I,GBR,M,UNEMP,PT_LF,_T,Y,_Z,2025-10,5.1
DATAFLOW,OECD.SDD.STES:DSD_KEI@DF_KEI(4.0),I,GBR,M,UNEMP,PT_LF,_T,Y,_Z,2025-09,5.1
DATAFLOW,OECD.SDD.STES:DSD_KEI@DF_KEI(4.0),I,GBR,M,UNEMP,PT_LF,_T,Y,_Z,2025-08,5.0
DATAFLOW,OECD.SDD.STES:DSD_KEI@DF_KEI(4.0),I,GBR,M,UNEMP,PT_LF,_T,Y,_Z,2025-07,4.8
DATAFLOW,OECD.SDD.STES:DSD_KEI@DF_KEI(4.0),I,GBR,M,UNEMP,PT_LF,_T,Y,_Z,2025-06,4.7
DATAFLOW,OECD.SDD.STES:DSD_KEI@DF_KEI(4.0),I,GBR,M,UNEMP,PT_LF,_T,Y,_Z,2025-05,4.7
DATAFLOW,OECD.SDD.STES:DSD_KEI@DF_KEI(4.0),I,GBR,M,UNEMP,PT_LF,_T,Y,_Z,2025-04,4.7
DATAFLOW,OECD.SDD.STES:DSD_KEI@DF_KEI(4.0),I,GBR,M,UNEMP,PT_LF,_T,Y,_Z,2025-03,4.6
DATAFLOW,OECD.SDD.STES:DSD_KEI@DF_KEI(4.0),I,GBR,M,UNEMP,PT_LF,_T,Y,_Z,2025-02,4.5
DATAFLOW,OECD.SDD.STES:DSD_KEI@DF_KEI(4.0),I,GBR,M,UNEMP,PT_LF,_T,Y,_Z,2025-01,4.4
DATAFLOW,OECD.SDD.STES:DSD_KEI@DF_KEI(4.0),I,GBR,M,UNEMP,PT_LF,_T,Y,_Z,2024-12,4.4
DATAFLOW,OECD.SDD.STES:DSD_KEI@DF_KEI(4.0),I,USA,M,UNEMP,PT_LF,_T,Y,_Z,2022-11,3.6
DATAFLOW,OECD.SDD.STES:DSD_KEI@DF_KEI(4.0),I,GBR,M,UNEMP,PT_LF,_T,Y,_Z,2024-11,4.4
DATAFLOW,OECD.SDD.STES:DSD_KEI@DF_KEI(4.0),I,GBR,M,UNEMP,PT_LF,_T,Y,_Z,2024-10,4.4
DATAFLOW,OECD.SDD.STES:DSD_KEI@DF_KEI(4.0),I,GBR,M,UNEMP,PT_LF,_T,Y,_Z,2024-08,4.3
DATAFLOW,OECD.SDD.STES:DSD_KEI@DF_KEI(4.0),I,GBR,M,UNEMP,PT_LF,_T,Y,_Z,2024-05,4.2
DATAFLOW,OECD.SDD.STES:DSD_KEI@DF_KEI(4.0),I,GBR,M,UNEMP,PT_LF,_T,Y,_Z,2024-04,4.4
DATAFLOW,OECD.SDD.STES:DSD_KEI@DF_KEI(4.0),I,GBR,M,UNEMP,PT_LF,_T,Y,_Z,2024-03,4.4
DATAFLOW,OECD.SDD.STES:DSD_KEI@DF_KEI(4.0),I,GBR,M,UNEMP,PT_LF,_T,Y,_Z,2024-02,4.3
DATAFLOW,OECD.SDD.STES:DSD_KEI@DF_KEI(4.0),I,GBR,M,UNEMP,PT_LF,_T,Y,_Z,2024-01,4.2
DATAFLOW,OECD.SDD.STES:DSD_KEI@DF_KEI(4.0),I,GBR,M,UNEMP,PT_LF,_T,Y,_Z,2023-09,4.0
DATAFLOW,OECD.SDD.STES:DSD_KEI@DF_KEI(4.0),I,USA,M,UNEMP,PT_LF,_T,Y,_Z,2016-09,5.0
DATAFLOW,OECD.SDD.STES:DSD_KEI@DF_KEI(4.0),I,USA,M,UNEMP,PT_LF,_T,Y,_Z,2016-08,4.9
DATAFLOW,OECD.SDD.STES:DSD_KEI@DF_KEI(4.0),I,USA,M,UNEMP,PT_LF,_T,Y,_Z,2016-07,4.8
DATAFLOW,OECD.SDD.STES:DSD_KEI@DF_KEI(4.0),I,USA,M,UNEMP,PT_LF,_T,Y,_Z,2016-06,4.9
DATAFLOW,OECD.SDD.STES:DSD_KEI@DF_KEI(4.0),I,USA,M,UNEMP,PT_LF,_T,Y,_Z,2021-02,6.2
DATAFLOW,OECD.SDD.STES:DSD_KEI@DF_KEI(4.0),I,USA,M,UNEMP,PT_LF,_T,Y,_Z,2021-01,6.4
DATAFLOW,OECD.SDD.STES:DSD_KEI@DF_KEI(4.0),I,USA,M,UNEMP,PT_LF,_T,Y,_Z,2020-12,6.7
DATAFLOW,OECD.SDD.STES:DSD_KEI@DF_KEI(4.0),I,USA,M,UNEMP,PT_LF,_T,Y,_Z,2020-11,6.7
DATAFLOW,OECD.SDD.STES:DSD_KEI@DF_KEI(4.0),I,USA,M,UNEMP,PT_LF,_T,Y,_Z,2020-09,7.8
DATAFLOW,OECD.SDD.STES:DSD_KEI@DF_KEI(4.0),I,USA,M,UNEMP,PT_LF,_T,Y,_Z,2020-08,8.4
DATAFLOW,OECD.SDD.STES:DSD_KEI@DF_KEI(4.0),I,GBR,M,UNEMP,PT_LF,_T,Y,_Z,2023-02,4.0
DATAFLOW,OECD.SDD.STES:DSD_KEI@DF_KEI(4.0),I,GBR,M,UNEMP,PT_LF,_T,Y,_Z,2013-10,7.2
DATAFLOW,OECD.SDD.STES:DSD_KEI@DF_KEI(4.0),I,GBR,M,UNEMP,PT_LF,_T,Y,_Z,2013-09,7.4
DATAFLOW,OECD.SDD.STES:DSD_KEI@DF_KEI(4.0),I,GBR,M,UNEMP,PT_LF,_T,Y,_Z,2013-08,7.6
DATAFLOW,OECD.SDD.STES:DSD_KEI@DF_KEI(4.0),I,GBR,M,UNEMP,PT_LF,_T,Y,_Z,2013-07,7.7
DATAFLOW,OECD.SDD.STES:DSD_KEI@DF_KEI(4.0),I,GBR,M,UNEMP,PT_LF,_T,Y,_Z,2013-06,7.7
DATAFLOW,OECD.SDD.STES:DSD_KEI@DF_KEI(4.0),I,GBR,M,UNEMP,PT_LF,_T,Y,_Z,2013-03,7.8
DATAFLOW,OECD.SDD.STES:DSD_KEI@DF_KEI(4.0),I,GBR,M,UNEMP,PT_LF,_T,Y,_Z,2013-01,8.0
DATAFLOW,OECD.SDD.STES:DSD_KEI@DF_KEI(4.0),I,GBR,M,UNEMP,PT_LF,_T,Y,_Z,2012-12,7.8
DATAFLOW,OECD.SDD.STES:DSD_KEI@DF_KEI(4.0),I,GBR,M,UNEMP,PT_LF,_T,Y,_Z,2017-02,4.6
DATAFLOW,OECD.SDD.STES:DSD_KEI@DF_KEI(4.0),I,GBR,M,UNEMP,PT_LF,_T,Y,_Z,2016-07,5.0
DATAFLOW,OECD.SDD.STES:DSD_KEI@DF_KEI(4.0),I,GBR,M,UNEMP,PT_LF,_T,Y,_Z,2016-06,4.9
DATAFLOW,OECD.SDD.STES:DSD_KEI@DF_KEI(4.0),I,GBR,M,UNEMP,PT_LF,_T,Y,_Z,2016-02,5.1
DATAFLOW,OECD.SDD.STES:DSD_KEI@DF_KEI(4.0),I,GBR,M,UNEMP,PT_LF,_T,Y,_Z,2015-12,5.1
DATAFLOW,OECD.SDD.STES:DSD_KEI@DF_KEI(4.0),I,GBR,M,UNEMP,PT_LF,_T,Y,_Z,2015-11,5.1
DATAFLOW,OECD.SDD.STES:DSD_KEI@DF_KEI(4.0),I,GBR,M,UNEMP,PT_LF,_T,Y,_Z,2015-10,5.1
DATAFLOW,OECD.SDD.STES:DSD_KEI@DF_KEI(4.0),I,GBR,M,UNEMP,PT_LF,_T,Y,_Z,2015-09,5.2
DATAFLOW,OECD.SDD.STES:DSD_KEI@DF_KEI(4.0),I,GBR,M,UNEMP,PT_LF,_T,Y,_Z,2015-07,5.4
DATAFLOW,OECD.SDD.STES:DSD_KEI@DF_KEI(4.0),I,GBR,M,UNEMP,PT_LF,_T,Y,_Z,2015-05,5.6
DATAFLOW,OECD.SDD.STES:DSD_KEI@DF_KEI(4.0),I,GBR,M,UNEMP,PT_LF,_T,Y,_Z,2015-03,5.5
DATAFLOW,OECD.SDD.STES:DSD_KEI@DF_KEI(4.0),I,GBR,M,UNEMP,PT_LF,_T,Y,_Z,2015-01,5.6
DATAFLOW,OECD.SDD.STES:DSD_KEI@DF_KEI(4.0),I,GBR,M,UNEMP,PT_LF,_T,Y,_Z,2014-11,5.7
DATAFLOW,OECD.SDD.STES:DSD_KEI@DF_KEI(4.0),I,GBR,M,UNEMP,PT_LF,_T,Y,_Z,2014-10,5.9
DATAFLOW,OECD.SDD.STES:DSD_KEI@DF_KEI(4.0),I,GBR,M,UNEMP,PT_LF,_T,Y,_Z,2014-08,6.0
DATAFLOW,OECD.SDD.STES:DSD_KEI@DF_KEI(4.0),I,GBR,M,UNEMP,PT_LF,_T,Y,_Z,2014-07,6.0
DATAFLOW,OECD.SDD.STES:DSD_KEI@DF_KEI(4.0),I,GBR,M,UNEMP,PT_LF,_T,Y,_Z,2014-05,6.3
DATAFLOW,OECD.SDD.STES:DSD_KEI@DF_KEI(4.0),I,GBR,M,UNEMP,PT_LF,_T,Y,_Z,2014-03,6.6
DATAFLOW,OECD.SDD.STES:DSD_KEI@DF_KEI(4.0),I,GBR,M,UNEMP,PT_LF,_T,Y,_Z,2014-01,6.9
DATAFLOW,OECD.SDD.STES:DSD_KEI@DF_KEI(4.0),I,GBR,M,UNEMP,PT_LF,_T,Y,_Z,2013-11,7.2
DATAFLOW,OECD.SDD.STES:DSD_KEI@DF_KEI(4.0),I,GBR,M,UNEMP,PT_LF,_T,Y,_Z,2023-04,4.0
DATAFLOW,OECD.SDD.STES:DSD_KEI@DF_KEI(4.0),I,GBR,M,UNEMP,PT_LF,_T,Y,_Z,2018-09,4.1
DATAFLOW,OECD.SDD.STES:DSD_KEI@DF_KEI(4.0),I,GBR,M,UNEMP,PT_LF,_T,Y,_Z,2018-04,4.2
DATAFLOW,OECD.SDD.STES:DSD_KEI@DF_KEI(4.0),I,GBR,M,UNEMP,PT_LF,_T,Y,_Z,2017-11,4.4
DATAFLOW,OECD.SDD.STES:DSD_KEI@DF_KEI(4.0),I,GBR,M,UNEMP,PT_LF,_T,Y,_Z,2017-10,4.3
DATAFLOW,OECD.SDD.STES:DSD_KEI@DF_KEI(4.0),I,GBR,M,UNEMP,PT_LF,_T,Y,_Z,2017-08,4.3
DATAFLOW,OECD.SDD.STES:DSD_KEI@DF_KEI(4.0),I,GBR,M,UNEMP,PT_LF,_T,Y,_Z,2022-11,3.9
DATAFLOW,OECD.SDD.STES:DSD_KEI@DF_KEI(4.0),I,GBR,M,UNEMP,PT_LF,_T,Y,_Z,2022-07,3.6
DATAFLOW,OECD.SDD.STES:DSD_KEI@DF_KEI(4.0),I,GBR,M,UNEMP,PT_LF,_T,Y,_Z,2021-12,4.1
DATAFLOW,OECD.SDD.STES:DSD_KEI@DF_KEI(4.0),I,GBR,M,UNEMP,PT_LF,_T,Y,_Z,2021-11,4.2
DATAFLOW,OECD.SDD.STES:DSD_KEI@DF_KEI(4.0),I,GBR,M,UNEMP,PT_LF,_T,Y,_Z,2021-10,4.2
DATAFLOW,OECD.SDD.STES:DSD_KEI@DF_KEI(4.0),I,GBR,M,UNEMP,PT_LF,_T,Y,_Z,2021-09,4.3
DATAFLOW,OECD.SDD.STES:DSD_KEI@DF_KEI(4.0),I,GBR,M,UNEMP,PT_LF,_T,Y,_Z,2021-08,4.4
DATAFLOW,OECD.SDD.STES:DSD_KEI@DF_KEI(4.0),I,GBR,M,UNEMP,PT_LF,_T,Y,_Z,2020-11,5.3
DATAFLOW,OECD.SDD.STES:DSD_KEI@DF_KEI(4.0),I,GBR,M,UNEMP,PT_LF,_T,Y,_Z,2020-10,5.2
DATAFLOW,OECD.SDD.STES:DSD_KEI@DF_KEI(4.0),I,GBR,M,UNEMP,PT_LF,_T,Y,_Z,2020-09,5.2
DATAFLOW,OECD.SDD.STES:DSD_KEI@DF_KEI(4.0),I,GBR,M,UNEMP,PT_LF,_T,Y,_Z,2020-08,5.0
DATAFLOW,OECD.SDD.STES:DSD_KEI@DF_KEI(4.0),I,GBR,M,UNEMP,PT_LF,_T,Y,_Z,2020-06,4.4
DATAFLOW,OECD.SDD.STES:DSD_KEI@DF_KEI(4.0),I,GBR,M,UNEMP,PT_LF,_T,Y,_Z,2020-02,4.1
DATAFLOW,OECD.SDD.STES:DSD_KEI@DF_KEI(4.0),I,GBR,M,UNEMP,PT_LF,_T,Y,_Z,2019-08,3.9
DATAFLOW,OECD.SDD.STES:DSD_KEI@DF_KEI(4.0),I,GBR,M,UNEMP,PT_LF,_T,Y,_Z,2019-06,3.9
DATAFLOW,OECD.SDD.STES:DSD_KEI@DF_KEI(4.0),I,GBR,M,UNEMP,PT_LF,_T,Y,_Z,2019-01,4.0
DATAFLOW,OECD.SDD.STES:DSD_KEI@DF_KEI(4.0),I,GBR,M,UNEMP,PT_LF,_T,Y,_Z,2012-11,7.8
DATAFLOW,OECD.SDD.STES:DSD_KEI@DF_KEI(4.0),I,GBR,M,UNEMP,PT_LF,_T,Y,_Z,2012-10,7.8
DATAFLOW,OECD.SDD.STES:DSD_KEI@DF_KEI(4.0),I,GBR,M,UNEMP,PT_LF,_T,Y,_Z,2012-07,7.9
DATAFLOW,OECD.SDD.STES:DSD_KEI@DF_KEI(4.0),I,GBR,M,UNEMP,PT_LF,_T,Y,_Z,2012-06,8.0
DATAFLOW,OECD.SDD.STES:DSD_KEI@DF_KEI(4.0),I,GBR,M,UNEMP,PT_LF,_T,Y,_Z,2012-05,8.0
DATAFLOW,OECD.SDD.STES:DSD_KEI@DF_KEI(4.0),I,GBR,M,UNEMP,PT_LF,_T,Y,_Z,2012-04,8.1
DATAFLOW,OECD.SDD.STES:DSD_KEI@DF_KEI(4.0),I,GBR,M,UNEMP,PT_LF,_T,Y,_Z,2012-03,8.2
DATAFLOW,OECD.SDD.STES:DSD_KEI@DF_KEI(4.0),I,USA,M,UNEMP,PT_LF,_T,Y,_Z,2022-07,3.5
DATAFLOW,OECD.SDD.STES:DSD_KEI@DF_KEI(4.0),I,USA,M,UNEMP,PT_LF,_T,Y,_Z,2022-06,3.6
DATAFLOW,OECD.SDD.STES:DSD_KEI@DF_KEI(4.0),I,USA,M,UNEMP,PT_LF,_T,Y,_Z,2018-09,3.7
DATAFLOW,OECD.SDD.STES:DSD_KEI@DF_KEI(4.0),I,USA,M,UNEMP,PT_LF,_T,Y,_Z,2018-08,3.8
DATAFLOW,OECD.SDD.STES:DSD_KEI@DF_KEI(4.0),I,USA,M,UNEMP,PT_LF,_T,Y,_Z,2018-07,3.8
DATAFLOW,OECD.SDD.STES:DSD_KEI@DF_KEI(4.0),I,USA,M,UNEMP,PT_LF,_T,Y,_Z,2018-06,4.0
DATAFLOW,OECD.SDD.STES:DSD_KEI@DF_KEI(4.0),I,USA,M,UNEMP,PT_LF,_T,Y,_Z,2018-05,3.8
DATAFLOW,OECD.SDD.STES:DSD_KEI@DF_KEI(4.0),I,USA,M,UNEMP,PT_LF,_T,Y,_Z,2018-04,4.0
DATAFLOW,OECD.SDD.STES:DSD_KEI@DF_KEI(4.0),I,USA,M,UNEMP,PT_LF,_T,Y,_Z,2018-03,4.0
DATAFLOW,OECD.SDD.STES:DSD_KEI@DF_KEI(4.0),I,USA,M,UNEMP,PT_LF,_T,Y,_Z,2018-02,4.1
DATAFLOW,OECD.SDD.STES:DSD_KEI@DF_KEI(4.0),I,USA,M,UNEMP,PT_LF,_T,Y,_Z,2018-01,4.0
DATAFLOW,OECD.SDD.STES:DSD_KEI@DF_KEI(4.0),I,USA,M,UNEMP,PT_LF,_T,Y,_Z,2017-12,4.1
DATAFLOW,OECD.SDD.STES:DSD_KEI@DF_KEI(4.0),I,USA,M,UNEMP,PT_LF,_T,Y,_Z,2017-11,4.2
DATAFLOW,OECD.SDD.STES:DSD_KEI@DF_KEI(4.0),I,USA,M,UNEMP,PT_LF,_T,Y,_Z,2017-10,4.2
DATAFLOW,OECD.SDD.STES:DSD_KEI@DF_KEI(4.0),I,USA,M,UNEMP,PT_LF,_T,Y,_Z,2017-09,4.3
DATAFLOW,OECD.SDD.STES:DSD_KEI@DF_KEI(4.0),I,USA,M,UNEMP,PT_LF,_T,Y,_Z,2017-08,4.4
DATAFLOW,OECD.SDD.STES:DSD_KEI@DF_KEI(4.0),I,USA,M,UNEMP,PT_LF,_T,Y,_Z,2017-07,4.3
DATAFLOW,OECD.SDD.STES:DSD_KEI@DF_KEI(4.0),I,USA,M,UNEMP,PT_LF,_T,Y,_Z,2017-06,4.3
DATAFLOW,OECD.SDD.STES:DSD_KEI@DF_KEI(4.0),I,USA,M,UNEMP,PT_LF,_T,Y,_Z,2017-05,4.4
DATAFLOW,OECD.SDD.STES:DSD_KEI@DF_KEI(4.0),I,USA,M,UNEMP,PT_LF,_T,Y,_Z,2017-04,4.4
DATAFLOW,OECD.SDD.STES:DSD_KEI@DF_KEI(4.0),I,USA,M,UNEMP,PT_LF,_T,Y,_Z,2017-03,4.4
DATAFLOW,OECD.SDD.STES:DSD_KEI@DF_KEI(4.0),I,USA,M,UNEMP,PT_LF,_T,Y,_Z,2017-02,4.6
DATAFLOW,OECD.SDD.STES:DSD_KEI@DF_KEI(4.0),I,USA,M,UNEMP,PT_LF,_T,Y,_Z,2017-01,4.7
DATAFLOW,OECD.SDD.STES:DSD_KEI@DF_KEI(4.0),I,USA,M,UNEMP,PT_LF,_T,Y,_Z,2016-12,4.7
DATAFLOW,OECD.SDD.STES:DSD_KEI@DF_KEI(4.0),I,USA,M,UNEMP,PT_LF,_T,Y,_Z,2016-11,4.7
DATAFLOW,OECD.SDD.STES:DSD_KEI@DF_KEI(4.0),I,USA,M,UNEMP,PT_LF,_T,Y,_Z,2020-07,10.2
DATAFLOW,OECD.SDD.STES:DSD_KEI@DF_KEI(4.0),I,USA,M,UNEMP,PT_LF,_T,Y,_Z,2020-06,11.0
DATAFLOW,OECD.SDD.STES:DSD_KEI@DF_KEI(4.0),I,USA,M,UNEMP,PT_LF,_T,Y,_Z,2023-02,3.6
DATAFLOW,OECD.SDD.STES:DSD_KEI@DF_KEI(4.0),I,USA,M,UNEMP,PT_LF,_T,Y,_Z,2022-12,3.5
DATAFLOW,OECD.SDD.STES:DSD_KEI@DF_KEI(4.0),I,USA,M,UNEMP,PT_LF,_T,Y,_Z,2023-04,3.4
DATAFLOW,OECD.SDD.STES:DSD_KEI@DF_KEI(4.0),I,USA,M,UNEMP,PT_LF,_T,Y,_Z,2023-03,3.5
DATAFLOW,OECD.SDD.STES:DSD_KEI@DF_KEI(4.0),I,USA,M,UNEMP,PT_LF,_T,Y,_Z,2016-05,4.8
DATAFLOW,OECD.SDD.STES:DSD_KEI@DF_KEI(4.0),I,USA,M,UNEMP,PT_LF,_T,Y,_Z,2016-04,5.1
DATAFLOW,OECD.SDD.STES:DSD_KEI@DF_KEI(4.0),I,USA,M,UNEMP,PT_LF,_T,Y,_Z,2016-03,5.0
DATAFLOW,OECD.SDD.STES:DSD_KEI@DF_KEI(4.0),I,USA,M,UNEMP,PT_LF,_T,Y,_Z,2016-02,4.9
DATAFLOW,OECD.SDD.STES:DSD_KEI@DF_KEI(4.0),I,USA,M,UNEMP,PT_LF,_T,Y,_Z,2016-01,4.8
DATAFLOW,OECD.SDD.STES:DSD_KEI@DF_KEI(4.0),I,USA,M,UNEMP,PT_LF,_T,Y,_Z,2015-12,5.0
DATAFLOW,OECD.SDD.STES:DSD_KEI@DF_KEI(4.0),I,USA,M,UNEMP,PT_LF,_T,Y,_Z,2015-11,5.1
DATAFLOW,OECD.SDD.STES:DSD_KEI@DF_KEI(4.0),I,USA,M,UNEMP,PT_LF,_T,Y,_Z,2015-10,5.0
DATAFLOW,OECD.SDD.STES:DSD_KEI@DF_KEI(4.0),I,USA,M,UNEMP,PT_LF,_T,Y,_Z,2015-09,5.0
DATAFLOW,OECD.SDD.STES:DSD_KEI@DF_KEI(4.0),I,USA,M,UNEMP,PT_LF,_T,Y,_Z,2015-08,5.1
DATAFLOW,OECD.SDD.STES:DSD_KEI@DF_KEI(4.0),I,USA,M,UNEMP,PT_LF,_T,Y,_Z,2015-07,5.2
DATAFLOW,OECD.SDD.STES:DSD_KEI@DF_KEI(4.0),I,USA,M,UNEMP,PT_LF,_T,Y,_Z,2015-06,5.3
DATAFLOW,OECD.SDD.STES:DSD_KEI@DF_KEI(4.0),I,USA,M,UNEMP,PT_LF,_T,Y,_Z,2015-05,5.6
DATAFLOW,OECD.SDD.STES:DSD_KEI@DF_KEI(4.0),I,USA,M,UNEMP,PT_LF,_T,Y,_Z,2015-04,5.4
DATAFLOW,OECD.SDD.STES:DSD_KEI@DF_KEI(4.0),I,USA,M,UNEMP,PT_LF,_T,Y,_Z,2015-03,5.4
DATAFLOW,OECD.SDD.STES:DSD_KEI@DF_KEI(4.0),I,USA,M,UNEMP,PT_LF,_T,Y,_Z,2015-02,5.5
DATAFLOW,OECD.SDD.STES:DSD_KEI@DF_KEI(4.0),I,USA,M,UNEMP,PT_LF,_T,Y,_Z,2015-01,5.7
DATAFLOW,OECD.SDD.STES:DSD_KEI@DF_KEI(4.0),I,USA,M,UNEMP,PT_LF,_T,Y,_Z,2014-12,5.6
DATAFLOW,OECD.SDD.STES:DSD_KEI@DF_KEI(4.0),I,USA,M,UNEMP,PT_LF,_T,Y,_Z,2014-11,5.8
DATAFLOW,OECD.SDD.STES:DSD_KEI@DF_KEI(4.0),I,USA,M,UNEMP,PT_LF,_T,Y,_Z,2014-10,5.7
DATAFLOW,OECD.SDD.STES:DSD_KEI@DF_KEI(4.0),I,USA,M,UNEMP,PT_LF,_T,Y,_Z,2014-09,5.9
DATAFLOW,OECD.SDD.STES:DSD_KEI@DF_KEI(4.0),I,USA,M,UNEMP,PT_LF,_T,Y,_Z,2014-08,6.1
DATAFLOW,OECD.SDD.STES:DSD_KEI@DF_KEI(4.0),I,USA,M,UNEMP,PT_LF,_T,Y,_Z,2014-07,6.2
DATAFLOW,OECD.SDD.STES:DSD_KEI@DF_KEI(4.0),I,USA,M,UNEMP,PT_LF,_T,Y,_Z,2014-06,6.1
DATAFLOW,OECD.SDD.STES:DSD_KEI@DF_KEI(4.0),I,USA,M,UNEMP,PT_LF,_T,Y,_Z,2014-05,6.3
DATAFLOW,OECD.SDD.STES:DSD_KEI@DF_KEI(4.0),I,USA,M,UNEMP,PT_LF,_T,Y,_Z,2014-04,6.2
DATAFLOW,OECD.SDD.STES:DSD_KEI@DF_KEI(4.0),I,USA,M,UNEMP,PT_LF,_T,Y,_Z,2014-03,6.7
DATAFLOW,OECD.SDD.STES:DSD_KEI@DF_KEI(4.0),I,USA,M,UNEMP,PT_LF,_T,Y,_Z,2014-02,6.7
DATAFLOW,OECD.SDD.STES:DSD_KEI@DF_KEI(4.0),I,USA,M,UNEMP,PT_LF,_T,Y,_Z,2014-01,6.6
DATAFLOW,OECD.SDD.STES:DSD_KEI@DF_KEI(4.0),I,USA,M,UNEMP,PT_LF,_T,Y,_Z,2013-12,6.7
DATAFLOW,OECD.SDD.STES:DSD_KEI@DF_KEI(4.0),I,USA,M,UNEMP,PT_LF,_T,Y,_Z,2013-11,6.9
DATAFLOW,OECD.SDD.STES:DSD_KEI@DF_KEI(4.0),I,USA,M,UNEMP,PT_LF,_T,Y,_Z,2013-10,7.2
DATAFLOW,OECD.SDD.STES:DSD_KEI@DF_KEI(4.0),I,USA,M,UNEMP,PT_LF,_T,Y,_Z,2013-09,7.2
DATAFLOW,OECD.SDD.STES:DSD_KEI@DF_KEI(4.0),I,USA,M,UNEMP,PT_LF,_T,Y,_Z,2013-08,7.2
DATAFLOW,OECD.SDD.STES:DSD_KEI@DF_KEI(4.0),I,USA,M,UNEMP,PT_LF,_T,Y,_Z,2013-07,7.3
DATAFLOW,OECD.SDD.STES:DSD_KEI@DF_KEI(4.0),I,USA,M,UNEMP,PT_LF,_T,Y,_Z,2013-06,7.5
DATAFLOW,OECD.SDD.STES:DSD_KEI@DF_KEI(4.0),I,USA,M,UNEMP,PT_LF,_T,Y,_Z,2013-05,7.5
DATAFLOW,OECD.SDD.STES:DSD_KEI@DF_KEI(4.0),I,USA,M,UNEMP,PT_LF,_T,Y,_Z,2013-04,7.6
DATAFLOW,OECD.SDD.STES:DSD_KEI@DF_KEI(4.0),I,USA,M,UNEMP,PT_LF,_T,Y,_Z,2013-03,7.5
DATAFLOW,OECD.SDD.STES:DSD_KEI@DF_KEI(4.0),I,USA,M,UNEMP,PT_LF,_T,Y,_Z,2013-02,7.7
DATAFLOW,OECD.SDD.STES:DSD_KEI@DF_KEI(4.0),I,USA,M,UNEMP,PT_LF,_T,Y,_Z,2013-01,8.0
DATAFLOW,OECD.SDD.STES:DSD_KEI@DF_KEI(4.0),I,USA,M,UNEMP,PT_LF,_T,Y,_Z,2012-12,7.9
DATAFLOW,OECD.SDD.STES:DSD_KEI@DF_KEI(4.0),I,USA,M,UNEMP,PT_LF,_T,Y,_Z,2012-11,7.7
DATAFLOW,OECD.SDD.STES:DSD_KEI@DF_KEI(4.0),I,USA,M,UNEMP,PT_LF,_T,Y,_Z,2012-10,7.8
DATAFLOW,OECD.SDD.STES:DSD_KEI@DF_KEI(4.0),I,USA,M,UNEMP,PT_LF,_T,Y,_Z,2012-09,7.8
DATAFLOW,OECD.SDD.STES:DSD_KEI@DF_KEI(4.0),I,USA,M,UNEMP,PT_LF,_T,Y,_Z,2012-08,8.1
DATAFLOW,OECD.SDD.STES:DSD_KEI@DF_KEI(4.0),I,USA,M,UNEMP,PT_LF,_T,Y,_Z,2012-07,8.2
DATAFLOW,OECD.SDD.STES:DSD_KEI@DF_KEI(4.0),I,USA,M,UNEMP,PT_LF,_T,Y,_Z,2012-06,8.2
DATAFLOW,OECD.SDD.STES:DSD_KEI@DF_KEI(4.0),I,USA,M,UNEMP,PT_LF,_T,Y,_Z,2012-05,8.2
DATAFLOW,OECD.SDD.STES:DSD_KEI@DF_KEI(4.0),I,USA,M,UNEMP,PT_LF,_T,Y,_Z,2012-04,8.2
DATAFLOW,OECD.SDD.STES:DSD_KEI@DF_KEI(4.0),I,USA,M,UNEMP,PT_LF,_T,Y,_Z,2012-03,8.2
DATAFLOW,OECD.SDD.STES:DSD_KEI@DF_KEI(4.0),I,USA,M,UNEMP,PT_LF,_T,Y,_Z,2012-02,8.3
DATAFLOW,OECD.SDD.STES:DSD_KEI@DF_KEI(4.0),I,USA,M,UNEMP,PT_LF,_T,Y,_Z,2012-01,8.3
DATAFLOW,OECD.SDD.STES:DSD_KEI@DF_KEI(4.0),I,USA,M,UNEMP,PT_LF,_T,Y,_Z,2011-12,8.5
DATAFLOW,OECD.SDD.STES:DSD_KEI@DF_KEI(4.0),I,USA,M,UNEMP,PT_LF,_T,Y,_Z,2011-11,8.6
DATAFLOW,OECD.SDD.STES:DSD_KEI@DF_KEI(4.0),I,USA,M,UNEMP,PT_LF,_T,Y,_Z,2011-10,8.8
DATAFLOW,OECD.SDD.STES:DSD_KEI@DF_KEI(4.0),I,USA,M,UNEMP,PT_LF,_T,Y,_Z,2011-09,9.0
DATAFLOW,OECD.SDD.STES:DSD_KEI@DF_KEI(4.0),I,USA,M,UNEMP,PT_LF,_T,Y,_Z,2011-08,9.0
DATAFLOW,OECD.SDD.STES:DSD_KEI@DF_KEI(4.0),I,USA,M,UNEMP,PT_LF,_T,Y,_Z,2011-07,9.0
DATAFLOW,OECD.SDD.STES:DSD_KEI@DF_KEI(4.0),I,USA,M,UNEMP,PT_LF,_T,Y,_Z,2011-06,9.1
DATAFLOW,OECD.SDD.STES:DSD_KEI@DF_KEI(4.0),I,USA,M,UNEMP,PT_LF,_T,Y,_Z,2011-05,9.0
DATAFLOW,OECD.SDD.STES:DSD_KEI@DF_KEI(4.0),I,USA,M,UNEMP,PT_LF,_T,Y,_Z,2011-04,9.1
DATAFLOW,OECD.SDD.STES:DSD_KEI@DF_KEI(4.0),I,USA,M,UNEMP,PT_LF,_T,Y,_Z,2011-03,9.0
DATAFLOW,OECD.SDD.STES:DSD_KEI@DF_KEI(4.0),I,USA,M,UNEMP,PT_LF,_T,Y,_Z,2011-02,9.0
DATAFLOW,OECD.SDD.STES:DSD_KEI@DF_KEI(4.0),I,USA,M,UNEMP,PT_LF,_T,Y,_Z,2011-01,9.1
DATAFLOW,OECD.SDD.STES:DSD_KEI@DF_KEI(4.0),I,USA,M,UNEMP,PT_LF,_T,Y,_Z,2010-12,9.3
DATAFLOW,OECD.SDD.STES:DSD_KEI@DF_KEI(4.0),I,USA,M,UNEMP,PT_LF,_T,Y,_Z,2010-11,9.8
DATAFLOW,OECD.SDD.STES:DSD_KEI@DF_KEI(4.0),I,USA,M,UNEMP,PT_LF,_T,Y,_Z,2010-10,9.4
DATAFLOW,OECD.SDD.STES:DSD_KEI@DF_KEI(4.0),I,USA,M,UNEMP,PT_LF,_T,Y,_Z,2010-09,9.5
DATAFLOW,OECD.SDD.STES:DSD_KEI@DF_KEI(4.0),I,USA,M,UNEMP,PT_LF,_T,Y,_Z,2010-08,9.5
DATAFLOW,OECD.SDD.STES:DSD_KEI@DF_KEI(4.0),I,USA,M,UNEMP,PT_LF,_T,Y,_Z,2010-07,9.4
DATAFLOW,OECD.SDD.STES:DSD_KEI@DF_KEI(4.0),I,USA,M,UNEMP,PT_LF,_T,Y,_Z,2010-06,9.4
DATAFLOW,OECD.SDD.STES:DSD_KEI@DF_KEI(4.0),I,USA,M,UNEMP,PT_LF,_T,Y,_Z,2010-05,9.6
DATAFLOW,OECD.SDD.STES:DSD_KEI@DF_KEI(4.0),I,USA,M,UNEMP,PT_LF,_T,Y,_Z,2010-04,9.9
DATAFLOW,OECD.SDD.STES:DSD_KEI@DF_KEI(4.0),I,USA,M,UNEMP,PT_LF,_T,Y,_Z,2010-03,9.9
DATAFLOW,OECD.SDD.STES:DSD_KEI@DF_KEI(4.0),I,USA,M,UNEMP,PT_LF,_T,Y,_Z,2010-02,9.8
DATAFLOW,OECD.SDD.STES:DSD_KEI@DF_KEI(4.0),I,USA,M,UNEMP,PT_LF,_T,Y,_Z,2010-01,9.8
DATAFLOW,OECD.SDD.STES:DSD_KEI@DF_KEI(4.0),I,USA,M,UNEMP,PT_LF,_T,Y,_Z,2009-12,9.9
DATAFLOW,OECD.SDD.STES:DSD_KEI@DF_KEI(4.0),I,USA,M,UNEMP,PT_LF,_T,Y,_Z,2009-11,9.9
DATAFLOW,OECD.SDD.STES:DSD_KEI@DF_KEI(4.0),I,USA,M,UNEMP,PT_LF,_T,Y,_Z,2009-10,10.0
DATAFLOW,OECD.SDD.STES:DSD_KEI@DF_KEI(4.0),I,USA,M,UNEMP,PT_LF,_T,Y,_Z,2009-09,9.8
DATAFLOW,OECD.SDD.STES:DSD_KEI@DF_KEI(4.0),I,USA,M,UNEMP,PT_LF,_T,Y,_Z,2009-08,9.6
DATAFLOW,OECD.SDD.STES:DSD_KEI@DF_KEI(4.0),I,USA,M,UNEMP,PT_LF,_T,Y,_Z,2009-07,9.5
DATAFLOW,OECD.SDD.STES:DSD_KEI@DF_KEI(4.0),I,USA,M,UNEMP,PT_LF,_T,Y,_Z,2009-06,9.5
DATAFLOW,OECD.SDD.STES:DSD_KEI@DF_KEI(4.0),I,USA,M,UNEMP,PT_LF,_T,Y,_Z,2009-05,9.4
DATAFLOW,OECD.SDD.STES:DSD_KEI@DF_KEI(4.0),I,USA,M,UNEMP,PT_LF,_T,Y,_Z,2009-04,9.0
DATAFLOW,OECD.SDD.STES:DSD_KEI@DF_KEI(4.0),I,USA,M,UNEMP,PT_LF,_T,Y,_Z,2009-03,8.7
DATAFLOW,OECD.SDD.STES:DSD_KEI@DF_KEI(4.0),I,USA,M,UNEMP,PT_LF,_T,Y,_Z,2009-02,8.3
DATAFLOW,OECD.SDD.STES:DSD_KEI@DF_KEI(4.0),I,USA,M,UNEMP,PT_LF,_T,Y,_Z,2009-01,7.8
DATAFLOW,OECD.SDD.STES:DSD_KEI@DF_KEI(4.0),I,GBR,M,UNEMP,PT_LF,_T,Y,_Z,2024-09,4.3
DATAFLOW,OECD.SDD.STES:DSD_KEI@DF_KEI(4.0),I,GBR,M,UNEMP,PT_LF,_T,Y,_Z,2024-07,4.1
DATAFLOW,OECD.SDD.STES:DSD_KEI@DF_KEI(4.0),I,GBR,M,UNEMP,PT_LF,_T,Y,_Z,2024-06,4.2
DATAFLOW,OECD.SDD.STES:DSD_KEI@DF_KEI(4.0),I,GBR,M,UNEMP,PT_LF,_T,Y,_Z,2023-12,4.1
DATAFLOW,OECD.SDD.STES:DSD_KEI@DF_KEI(4.0),I,GBR,M,UNEMP,PT_LF,_T,Y,_Z,2023-11,3.9
DATAFLOW,OECD.SDD.STES:DSD_KEI@DF_KEI(4.0),I,GBR,M,UNEMP,PT_LF,_T,Y,_Z,2023-10,4.0
DATAFLOW,OECD.SDD.STES:DSD_KEI@DF_KEI(4.0),I,GBR,M,UNEMP,PT_LF,_T,Y,_Z,2023-07,4.3
DATAFLOW,OECD.SDD.STES:DSD_KEI@DF_KEI(4.0),I,GBR,M,UNEMP,PT_LF,_T,Y,_Z,2023-01,4.0
DATAFLOW,OECD.SDD.STES:DSD_KEI@DF_KEI(4.0),I,GBR,M,UNEMP,PT_LF,_T,Y,_Z,2022-12,3.9
DATAFLOW,OECD.SDD.STES:DSD_KEI@DF_KEI(4.0),I,GBR,M,UNEMP,PT_LF,_T,Y,_Z,2022-10,3.9
DATAFLOW,OECD.SDD.STES:DSD_KEI@DF_KEI(4.0),I,GBR,M,UNEMP,PT_LF,_T,Y,_Z,2022-09,3.8
DATAFLOW,OECD.SDD.STES:DSD_KEI@DF_KEI(4.0),I,GBR,M,UNEMP,PT_LF,_T,Y,_Z,2022-08,3.7
DATAFLOW,OECD.SDD.STES:DSD_KEI@DF_KEI(4.0),I,GBR,M,UNEMP,PT_LF,_T,Y,_Z,2022-06,3.6
DATAFLOW,OECD.SDD.STES:DSD_KEI@DF_KEI(4.0),I,GBR,M,UNEMP,PT_LF,_T,Y,_Z,2022-05,3.8
DATAFLOW,OECD.SDD.STES:DSD_KEI@DF_KEI(4.0),I,GBR,M,UNEMP,PT_LF,_T,Y,_Z,2022-04,3.7
DATAFLOW,OECD.SDD.STES:DSD_KEI@DF_KEI(4.0),I,GBR,M,UNEMP,PT_LF,_T,Y,_Z,2022-03,3.8
DATAFLOW,OECD.SDD.STES:DSD_KEI@DF_KEI(4.0),I,GBR,M,UNEMP,PT_LF,_T,Y,_Z,2022-02,3.8
DATAFLOW,OECD.SDD.STES:DSD_KEI@DF_KEI(4.0),I,GBR,M,UNEMP,PT_LF,_T,Y,_Z,2022-01,3.9
DATAFLOW,OECD.SDD.STES:DSD_KEI@DF_KEI(4.0),I,USA,M,UNEMP,PT_LF,_T,Y,_Z,2026-01,4.3
DATAFLOW,OECD.SDD.STES:DSD_KEI@DF_KEI(4.0),I,USA,M,UNEMP,PT_LF,_T,Y,_Z,2025-12,4.4
DATAFLOW,OECD.SDD.STES:DSD_KEI@DF_KEI(4.0),I,DEU,M,UNEMP,PT_LF,_T,Y,_Z,2009-01,7.1
DATAFLOW,OECD.SDD.STES:DSD_KEI@DF_KEI(4.0),I,USA,M,UNEMP,PT_LF,_T,Y,_Z,2019-11,3.6
DATAFLOW,OECD.SDD.STES:DSD_KEI@DF_KEI(4.0),I,USA,M,UNEMP,PT_LF,_T,Y,_Z,2019-10,3.6
DATAFLOW,OECD.SDD.STES:DSD_KEI@DF_KEI(4.0),I,USA,M,UNEMP,PT_LF,_T,Y,_Z,2019-09,3.5
DATAFLOW,OECD.SDD.STES:DSD_KEI@DF_KEI(4.0),I,USA,M,UNEMP,PT_LF,_T,Y,_Z,2019-08,3.6
DATAFLOW,OECD.SDD.STES:DSD_KEI@DF_KEI(4.0),I,USA,M,UNEMP,PT_LF,_T,Y,_Z,2019-07,3.7
DATAFLOW,OECD.SDD.STES:DSD_KEI@DF_KEI(4.0),I,USA,M,UNEMP,PT_LF,_T,Y,_Z,2019-06,3.6
DATAFLOW,OECD.SDD.STES:DSD_KEI@DF_KEI(4.0),I,USA,M,UNEMP,PT_LF,_T,Y,_Z,2019-05,3.6
DATAFLOW,OECD.SDD.STES:DSD_KEI@DF_KEI(4.0),I,USA,M,UNEMP,PT_LF,_T,Y,_Z,2019-04,3.7
DATAFLOW,OECD.SDD.STES:DSD_KEI@DF_KEI(4.0),I,USA,M,UNEMP,PT_LF,_T,Y,_Z,2019-03,3.8
DATAFLOW,OECD.SDD.STES:DSD_KEI@DF_KEI(4.0),I,USA,M,UNEMP,PT_LF,_T,Y,_Z,2019-02,3.8
DATAFLOW,OECD.SDD.STES:DSD_KEI@DF_KEI(4.0),I,USA,M,UNEMP,PT_LF,_T,Y,_Z,2019-01,4.0
DATAFLOW,OECD.SDD.STES:DSD_KEI@DF_KEI(4.0),I,USA,M,UNEMP,PT_LF,_T,Y,_Z,2018-12,3.9
