STRUCTURE,STRUCTURE_ID,ACTION,REF_AREA,FREQ,MEASURE,UNIT_MEASURE,ACTIVITY,ADJUSTMENT,TRANSFORMATION,TIME_PERIOD,OBS_VALUE
DATAFLOW,OECD.SDD.STES:DSD_KEI@DF_KEI(4.0),I,FRA,M,CP,GR,_Z,_Z,GY,2013-12,0.706357214934417
DATAFLOW,OECD.SDD.STES:DSD_KEI@DF_KEI(4.0),I,FRA,M,CP,GR,_Z,_Z,GY,2014-01,0.649087221095335
DATAFLOW,OECD.SDD.STES:DSD_KEI@DF_KEI(4.0),I,FRA,M,CP,GR,_Z,_Z,GY,2014-02,0.920307443365709
DATAFLOW,OECD.SDD.STES:DSD_KEI@DF_KEI(4.0),I,DEU,M,CP,IX,_Z,_Z,_Z,2023-08,123.878361824499
DATAFLOW,OECD.SDD.STES:DSD_KEI@DF_KEI(4.0),I,DEU,M,CP,GR,_Z,_Z,G1,2011-04,0.0
DATAFLOW,OECD.SDD.STES:DSD_KEI@DF_KEI(4.0),I,DEU,M,CP,GR,_Z,_Z,G1,2010-06,0.0
DATAFLOW,OECD.SDD.STES:DSD_KEI@DF_KEI(4.0),I,FRA,M,CP,GR,_Z,_Z,GY,2011-07,1.94420963651734
DATAFLOW,OECD.SDD.STES:DSD_KEI@DF_KEI(4.0),I,FRA,M,CP,GR,_Z,_Z,GY,2011-08,2.2348724436011
DATAFLOW,OECD.SDD.STES:DSD_KEI@DF_KEI(4.0),I,FRA,M,CP,GR,_Z,_Z,GY,2011-09,2.23652283996201
DATAFLOW,OECD.SDD.STES:DSD_KEI@DF_KEI(4.0),I,DEU,M,CP,GR,_Z,_Z,GY,2009-10,0.0
DATAFLOW,OECD.SDD.STES:DSD_KEI@DF_KEI(4.0),I,DEU,M,CP,GR,_Z,_Z,GY,2009-08,0.0
DATAFLOW,OECD.SDD.STES:DSD_KEI@DF_KEI(4.0),I,DEU,M,CP,GR,_Z,_Z,GY,2009-05,0.0
DATAFLOW,OECD.SDD.STES:DSD_KEI@DF_KEI(4.0),I,DEU,M,CP,GR,_Z,_Z,G1,2024-09,0.0
DATAFLOW,OECD.SDD.STES:DSD_KEI@DF_KEI(4.0),I,DEU,M,CP,GR,_Z,_Z,G1,2023-10,0.0
DATAFLOW,OECD.SDD.STES:DSD_KEI@DF_KEI(4.0),I,DEU,M,CP,GR,_Z,_Z,G1,2022-06,0.0
DATAFLOW,OECD.SDD.STES:DSD_KEI@DF_KEI(4.0),I,DEU,M,CP,GR,_Z,_Z,G1,2020-09,0.0
DATAFLOW,OECD.SDD.STES:DSD_KEI@DF_KEI(4.0),I,DEU,M,CP,GR,_Z,_Z,G1,2020-08,0.0
DATAFLOW,OECD.SDD.STES:DSD_KEI@DF_KEI(4.0),I,DEU,M,CP,GR,_Z,_Z,G1,2020-05,0.0
DATAFLOW,OECD.SDD.STES:DSD_KEI@DF_KEI(4.0),I,DEU,M,CP,GR,_Z,_Z,G1,2019-09,0.0
DATAFLOW,OECD.SDD.STES:DSD_KEI@DF_KEI(4.0),I,DEU,M,CP,GR,_Z,_Z,G1,2018-12,0.0
DATAFLOW,OECD.SDD.STES:DSD_KEI@DF_KEI(4.0),I,DEU,M,CP,GR,_Z,_Z,G1,2017-05,0.0
DATAFLOW,OECD.SDD.STES:DSD_KEI@DF_KEI(4.0),I,FRA,M,CP,GR,_Z,_Z,GY,2013-02,1.04230533415082
DATAFLOW,OECD.SDD.STES:DSD_KEI@DF_KEI(4.0),I,FRA,M,CP,GR,_Z,_Z,GY,2013-03,0.972940103374875
DATAFLOW,OECD.SDD.STES:DSD_KEI@DF_KEI(4.0),I,FRA,M,CP,GR,_Z,_Z,GY,2013-04,0.68825910931174
DATAFLOW,OECD.SDD.STES:DSD_KEI@DF_KEI(4.0),I,DEU,M,CP,GR,_Z,_Z,G1,2013-08,0.0
DATAFLOW,OECD.SDD.STES:DSD_KEI@DF_KEI(4.0),I,DEU,M,CP,GR,_Z,_Z,G1,2012-10,0.0
DATAFLOW,OECD.SDD.STES:DSD_KEI@DF_KEI(4.0),I,DEU,M,CP,GR,_Z,_Z,G1,2012-05,0.0
DATAFLOW,OECD.SDD.STES:DSD_KEI@DF_KEI(4.0),I,DEU,M,CP,GR,_Z,_Z,G1,2011-10,0.0
DATAFLOW,OECD.SDD.STES:DSD_KEI@DF_KEI(4.0),I,DEU,M,CP,GR,_Z,_Z,G1,2011-05,0.0
DATAFLOW,OECD.SDD.STES:DSD_KEI@DF_KEI(4.0),I,DEU,M,CP,GR,_Z,_Z,GY,2022-12,8.11843361986628
DATAFLOW,OECD.SDD.STES:DSD_KEI@DF_KEI(4.0),I,DEU,M,CP,GR,_Z,_Z,GY,2015-12,0.174786749699041
DATAFLOW,OECD.SDD.STES:DSD_KEI@DF_KEI(4.0),I,DEU,M,CP,GR,_Z,_Z,GY,2015-11,0.174786749699041
DATAFLOW,OECD.SDD.STES:DSD_KEI@DF_KEI(4.0),I,DEU,M,CP,GR,_Z,_Z,GY,2015-10,0.878120257470205
DATAFLOW,OECD.SDD.STES:DSD_KEI@DF_KEI(4.0),I,DEU,M,CP,GR,_Z,_Z,GY,2015-09,0.595284406281182
DATAFLOW,OECD.SDD.STES:DSD_KEI@DF_KEI(4.0),I,DEU,M,CP,GR,_Z,_Z,GY,2015-08,0.795673419042719
DATAFLOW,OECD.SDD.STES:DSD_KEI@DF_KEI(4.0),I,DEU,M,CP,GR,_Z,_Z,GY,2015-07,0.795673419042719
DATAFLOW,OECD.SDD.STES:DSD_KEI@DF_KEI(4.0),I,DEU,M,CP,GR,_Z,_Z,GY,2015-06,0.878120257470205
DATAFLOW,OECD.SDD.STES:DSD_KEI@DF_KEI(4.0),I,DEU,M,CP,GR,_Z,_Z,GY,2015-03,0.174786749699041
DATAFLOW,OECD.SDD.STES:DSD_KEI@DF_KEI(4.0),I,DEU,M,CP,GR,_Z,_Z,GY,2015-01,-0.283286118980253
DATAFLOW,OECD.SDD.STES:DSD_KEI@DF_KEI(4.0),I,DEU,M,CP,GR,_Z,_Z,GY,2014-12,0.187793427230165
DATAFLOW,OECD.SDD.STES:DSD_KEI@DF_KEI(4.0),I,DEU,M,CP,GR,_Z,_Z,GY,2014-11,0.565504241281878
DATAFLOW,OECD.SDD.STES:DSD_KEI@DF_KEI(4.0),I,DEU,M,CP,GR,_Z,_Z,GY,2014-09,0.84825636192265
DATAFLOW,OECD.SDD.STES:DSD_KEI@DF_KEI(4.0),I,DEU,M,CP,GR,_Z,_Z,GY,2014-08,0.84825636192265
DATAFLOW,OECD.SDD.STES:DSD_KEI@DF_KEI(4.0),I,DEU,M,CP,GR,_Z,_Z,GY,2014-07,0.84825636192265
DATAFLOW,OECD.SDD.STES:DSD_KEI@DF_KEI(4.0),I,DEU,M,CP,GR,_Z,_Z,GY,2014-06,1.04166666666672
DATAFLOW,OECD.SDD.STES:DSD_KEI@DF_KEI(4.0),I,DEU,M,CP,GR,_Z,_Z,GY,2014-05,0.85308056872031
DATAFLOW,OECD.SDD.STES:DSD_KEI@DF_KEI(4.0),I,DEU,M,CP,GR,_Z,_Z,GY,2014-03,1.04166666666672
DATAFLOW,OECD.SDD.STES:DSD_KEI@DF_KEI(4.0),I,DEU,M,CP,GR,_Z,_Z,GY,2014-01,1.33971291866042
DATAFLOW,OECD.SDD.STES:DSD_KEI@DF_KEI(4.0),I,DEU,M,CP,GR,_Z,_Z,GY,2013-10,1.24282982791595
DATAFLOW,OECD.SDD.STES:DSD_KEI@DF_KEI(4.0),I,DEU,M,CP,GR,_Z,_Z,GY,2013-05,1.53994225216558
DATAFLOW,OECD.SDD.STES:DSD_KEI@DF_KEI(4.0),I,DEU,M,CP,GR,_Z,_Z,GY,2013-01,1.65369649805436
DATAFLOW,OECD.SDD.STES:DSD_KEI@DF_KEI(4.0),I,DEU,M,CP,GR,_Z,_Z,G1,2009-10,0.0
DATAFLOW,OECD.SDD.STES:DSD_KEI@DF_KEI(4.0),I,FRA,M,CP,GR,_Z,_Z,GY,2012-03,2.30171073094867
DATAFLOW,OECD.SDD.STES:DSD_KEI@DF_KEI(4.0),I,FRA,M,CP,GR,_Z,_Z,GY,2012-04,2.08720810084728
DATAFLOW,OECD.SDD.STES:DSD_KEI@DF_KEI(4.0),I,FRA,M,CP,GR,_Z,_Z,GY,2012-05,1.98285655272126
DATAFLOW,OECD.SDD.STES:DSD_KEI@DF_KEI(4.0),I,DEU,M,CP,GR,_Z,_Z,GY,2022-03,5.8765915768854
DATAFLOW,OECD.SDD.STES:DSD_KEI@DF_KEI(4.0),I,DEU,M,CP,GR,_Z,_Z,GY,2022-02,4.33070866141734
DATAFLOW,OECD.SDD.STES:DSD_KEI@DF_KEI(4.0),I,DEU,M,CP,GR,_Z,_Z,GY,2021-12,4.90981963927857
DATAFLOW,OECD.SDD.STES:DSD_KEI@DF_KEI(4.0),I,DEU,M,CP,GR,_Z,_Z,GY,2021-11,4.81444332998997
DATAFLOW,OECD.SDD.STES:DSD_KEI@DF_KEI(4.0),I,DEU,M,CP,GR,_Z,_Z,GY,2012-01,2.0854021847071
DATAFLOW,OECD.SDD.STES:DSD_KEI@DF_KEI(4.0),I,DEU,M,CP,GR,_Z,_Z,GY,2011-09,2.39760239760229
DATAFLOW,OECD.SDD.STES:DSD_KEI@DF_KEI(4.0),I,DEU,M,CP,GR,_Z,_Z,GY,2011-07,2.09790209790204
DATAFLOW,OECD.SDD.STES:DSD_KEI@DF_KEI(4.0),I,DEU,M,CP,GR,_Z,_Z,GY,2011-05,2.00200200200198
DATAFLOW,OECD.SDD.STES:DSD_KEI@DF_KEI(4.0),I,DEU,M,CP,GR,_Z,_Z,GY,2011-03,2.00200200200198
DATAFLOW,OECD.SDD.STES:DSD_KEI@DF_KEI(4.0),I,DEU,M,CP,GR,_Z,_Z,GY,2011-02,1.91146881287716
DATAFLOW,OECD.SDD.STES:DSD_KEI@DF_KEI(4.0),I,DEU,M,CP,GR,_Z,_Z,GY,2010-09,1.21334681496472
DATAFLOW,OECD.SDD.STES:DSD_KEI@DF_KEI(4.0),I,DEU,M,CP,GR,_Z,_Z,GY,2010-08,1.00806451612914
DATAFLOW,OECD.SDD.STES:DSD_KEI@DF_KEI(4.0),I,DEU,M,CP,GR,_Z,_Z,GY,2010-07,1.11111111111117
DATAFLOW,OECD.SDD.STES:DSD_KEI@DF_KEI(4.0),I,DEU,M,CP,GR,_Z,_Z,GY,2010-04,1.21457489878531
DATAFLOW,OECD.SDD.STES:DSD_KEI@DF_KEI(4.0),I,DEU,M,CP,GR,_Z,_Z,GY,2010-02,0.505561172902036
DATAFLOW,OECD.SDD.STES:DSD_KEI@DF_KEI(4.0),I,DEU,M,CP,GR,_Z,_Z,GY,2009-02,1.12474437627816
DATAFLOW,OECD.SDD.STES:DSD_KEI@DF_KEI(4.0),I,DEU,M,CP,GR,_Z,_Z,GY,2008-10,2.38095238095244
DATAFLOW,OECD.SDD.STES:DSD_KEI@DF_KEI(4.0),I,DEU,M,CP,GR,_Z,_Z,GY,2008-08,3.11850311850308
DATAFLOW,OECD.SDD.STES:DSD_KEI@DF_KEI(4.0),I,DEU,M,CP,GR,_Z,_Z,GY,2008-02,2.83911671924288
DATAFLOW,OECD.SDD.STES:DSD_KEI@DF_KEI(4.0),I,DEU,M,CP,GR,_Z,_Z,GY,2007-10,2.76595744680843
DATAFLOW,OECD.SDD.STES:DSD_KEI@DF_KEI(4.0),I,DEU,M,CP,GR,_Z,_Z,GY,2007-09,2.66240681576153
DATAFLOW,OECD.SDD.STES:DSD_KEI@DF_KEI(4.0),I,DEU,M,CP,GR,_Z,_Z,G1,2025-12,0.0
DATAFLOW,OECD.SDD.STES:DSD_KEI@DF_KEI(4.0),I,DEU,M,CP,GR,_Z,_Z,G1,2025-06,0.0
DATAFLOW,OECD.SDD.STES:DSD_KEI@DF_KEI(4.0),I,DEU,M,CP,GR,_Z,_Z,GY,2010-11,1.51821862348176
DATAFLOW,OECD.SDD.STES:DSD_KEI@DF_KEI(4.0),I,DEU,M,CP,GR,_Z,_Z,GY,2010-10,1.31445904954506
DATAFLOW,OECD.SDD.STES:DSD_KEI@DF_KEI(4.0),I,DEU,M,CP,GR,_Z,_Z,GY,2010-06,0.909090909090837
DATAFLOW,OECD.SDD.STES:DSD_KEI@DF_KEI(4.0),I,DEU,M,CP,GR,_Z,_Z,GY,2010-03,1.21580547112452
DATAFLOW,OECD.SDD.STES:DSD_KEI@DF_KEI(4.0),I,DEU,M,CP,GR,_Z,_Z,GY,2010-01,0.712105798575791
DATAFLOW,OECD.SDD.STES:DSD_KEI@DF_KEI(4.0),I,DEU,M,CP,GR,_Z,_Z,GY,2009-12,0.809716599190247
DATAFLOW,OECD.SDD.STES:DSD_KEI@DF_KEI(4.0),I,DEU,M,CP,GR,_Z,_Z,GY,2009-11,0.406504065040703
DATAFLOW,OECD.SDD.STES:DSD_KEI@DF_KEI(4.0),I,DEU,M,CP,GR,_Z,_Z,GY,2009-07,-0.502512562814061
DATAFLOW,OECD.SDD.STES:DSD_KEI@DF_KEI(4.0),I,DEU,M,CP,GR,_Z,_Z,GY,2009-04,0.713557594291547
DATAFLOW,OECD.SDD.STES:DSD_KEI@DF_KEI(4.0),I,DEU,M,CP,GR,_Z,_Z,GY,2009-03,0.406917599186207
DATAFLOW,OECD.SDD.STES:DSD_KEI@DF_KEI(4.0),I,DEU,M,CP,GR,_Z,_Z,GY,2009-01,0.924024640657128
DATAFLOW,OECD.SDD.STES:DSD_KEI@DF_KEI(4.0),I,DEU,M,CP,GR,_Z,_Z,GY,2008-12,1.12589559877181
DATAFLOW,OECD.SDD.STES:DSD_KEI@DF_KEI(4.0),I,DEU,M,CP,GR,_Z,_Z,GY,2008-11,1.33882595262611
DATAFLOW,OECD.SDD.STES:DSD_KEI@DF_KEI(4.0),I,DEU,M,CP,GR,_Z,_Z,GY,2008-09,2.80082987551866
DATAFLOW,OECD.SDD.STES:DSD_KEI@DF_KEI(4.0),I,DEU,M,CP,GR,_Z,_Z,GY,2008-07,3.32294911734161
DATAFLOW,OECD.SDD.STES:DSD_KEI@DF_KEI(4.0),I,DEU,M,CP,GR,_Z,_Z,GY,2008-05,3.02713987473917
DATAFLOW,OECD.SDD.STES:DSD_KEI@DF_KEI(4.0),I,DEU,M,CP,GR,_Z,_Z,GY,2008-03,3.14795383001059
DATAFLOW,OECD.SDD.STES:DSD_KEI@DF_KEI(4.0),I,DEU,M,CP,GR,_Z,_Z,GY,2007-12,3.16789862724389
DATAFLOW,OECD.SDD.STES:DSD_KEI@DF_KEI(4.0),I,DEU,M,CP,GR,_Z,_Z,GY,2007-08,2.12314225053076
DATAFLOW,OECD.SDD.STES:DSD_KEI@DF_KEI(4.0),I,DEU,M,CP,GR,_Z,_Z,GY,2007-07,2.01271186440679
DATAFLOW,OECD.SDD.STES:DSD_KEI@DF_KEI(4.0),I,DEU,M,CP,GR,_Z,_Z,GY,2007-06,1.91489361702122
DATAFLOW,OECD.SDD.STES:DSD_KEI@DF_KEI(4.0),I,DEU,M,CP,GR,_Z,_Z,GY,2007-05,2.13219616204687
DATAFLOW,OECD.SDD.STES:DSD_KEI@DF_KEI(4.0),I,DEU,M,CP,GR,_Z,_Z,GY,2007-04,2.13219616204687
DATAFLOW,OECD.SDD.STES:DSD_KEI@DF_KEI(4.0),I,DEU,M,CP,GR,_Z,_Z,GY,2007-03,1.92513368983953
DATAFLOW,OECD.SDD.STES:DSD_KEI@DF_KEI(4.0),I,DEU,M,CP,GR,_Z,_Z,G1,2015-01,-1.0309278350516
DATAFLOW,OECD.SDD.STES:DSD_KEI@DF_KEI(4.0),I,DEU,M,CP,GR,_Z,_Z,G1,2014-10,-0.280373831775582
DATAFLOW,OECD.SDD.STES:DSD_KEI@DF_KEI(4.0),I,DEU,M,CP,GR,_Z,_Z,G1,2014-07,0.281162136832114
DATAFLOW,OECD.SDD.STES:DSD_KEI@DF_KEI(4.0),I,DEU,M,CP,GR,_Z,_Z,G1,2014-06,0.281954887218117
DATAFLOW,OECD.SDD.STES:DSD_KEI@DF_KEI(4.0),I,DEU,M,CP,GR,_Z,_Z,G1,2014-04,-0.187441424554946
DATAFLOW,OECD.SDD.STES:DSD_KEI@DF_KEI(4.0),I,DEU,M,CP,GR,_Z,_Z,G1,2014-03,0.281954887218117
DATAFLOW,OECD.SDD.STES:DSD_KEI@DF_KEI(4.0),I,DEU,M,CP,GR,_Z,_Z,G1,2014-02,0.472143531633495
DATAFLOW,OECD.SDD.STES:DSD_KEI@DF_KEI(4.0),I,DEU,M,CP,GR,_Z,_Z,G1,2014-01,-0.563380281689985
DATAFLOW,OECD.SDD.STES:DSD_KEI@DF_KEI(4.0),I,DEU,M,CP,GR,_Z,_Z,G1,2013-11,0.188857412653354
DATAFLOW,OECD.SDD.STES:DSD_KEI@DF_KEI(4.0),I,DEU,M,CP,GR,_Z,_Z,G1,2013-10,-0.188501413760511
DATAFLOW,OECD.SDD.STES:DSD_KEI@DF_KEI(4.0),I,DEU,M,CP,GR,_Z,_Z,G1,2016-09,0.0
DATAFLOW,OECD.SDD.STES:DSD_KEI@DF_KEI(4.0),I,DEU,M,CP,GR,_Z,_Z,G1,2015-12,0.0
DATAFLOW,OECD.SDD.STES:DSD_KEI@DF_KEI(4.0),I,DEU,M,CP,IX,_Z,_Z,_Z,2024-02,124.510932182752
DATAFLOW,OECD.SDD.STES:DSD_KEI@DF_KEI(4.0),I,DEU,M,CP,IX,_Z,_Z,_Z,2024-01,123.983790217541
DATAFLOW,OECD.SDD.STES:DSD_KEI@DF_KEI(4.0),I,DEU,M,CP,IX,_Z,_Z,_Z,2023-10,124.194647003625
DATAFLOW,OECD.SDD.STES:DSD_KEI@DF_KEI(4.0),I,DEU,M,CP,GR,_Z,_Z,G1,2013-09,0.0
DATAFLOW,OECD.SDD.STES:DSD_KEI@DF_KEI(4.0),I,DEU,M,CP,GR,_Z,_Z,G1,2009-12,0.809716599190247
DATAFLOW,OECD.SDD.STES:DSD_KEI@DF_KEI(4.0),I,DEU,M,CP,GR,_Z,_Z,G1,2009-11,-0.101112234580336
DATAFLOW,OECD.SDD.STES:DSD_KEI@DF_KEI(4.0),I,DEU,M,CP,GR,_Z,_Z,G1,2009-05,-0.101214574898745
DATAFLOW,OECD.SDD.STES:DSD_KEI@DF_KEI(4.0),I,DEU,M,CP,GR,_Z,_Z,G1,2009-03,-0.202224469160683
DATAFLOW,OECD.SDD.STES:DSD_KEI@DF_KEI(4.0),I,DEU,M,CP,GR,_Z,_Z,G1,2009-01,-0.506072874493924
DATAFLOW,OECD.SDD.STES:DSD_KEI@DF_KEI(4.0),I,DEU,M,CP,GR,_Z,_Z,G1,2008-12,0.406504065040703
DATAFLOW,OECD.SDD.STES:DSD_KEI@DF_KEI(4.0),I,DEU,M,CP,GR,_Z,_Z,G1,2008-06,0.202634245187339
DATAFLOW,OECD.SDD.STES:DSD_KEI@DF_KEI(4.0),I,DEU,M,CP,GR,_Z,_Z,G1,2008-01,-0.307062436028638
DATAFLOW,OECD.SDD.STES:DSD_KEI@DF_KEI(4.0),I,DEU,M,CP,GR,_Z,_Z,G1,2007-09,0.207900207900225
DATAFLOW,OECD.SDD.STES:DSD_KEI@DF_KEI(4.0),I,DEU,M,CP,GR,_Z,_Z,G1,2011-06,0.0981354268891677
DATAFLOW,OECD.SDD.STES:DSD_KEI@DF_KEI(4.0),I,DEU,M,CP,GR,_Z,_Z,G1,2011-03,0.592300098716625
DATAFLOW,OECD.SDD.STES:DSD_KEI@DF_KEI(4.0),I,DEU,M,CP,GR,_Z,_Z,G1,2010-10,0.0999000999000632
DATAFLOW,OECD.SDD.STES:DSD_KEI@DF_KEI(4.0),I,DEU,M,CP,GR,_Z,_Z,G1,2010-09,-0.099800399201555
DATAFLOW,OECD.SDD.STES:DSD_KEI@DF_KEI(4.0),I,DEU,M,CP,GR,_Z,_Z,G1,2010-08,0.0999000999000632
DATAFLOW,OECD.SDD.STES:DSD_KEI@DF_KEI(4.0),I,DEU,M,CP,GR,_Z,_Z,G1,2010-07,0.200200200200329
DATAFLOW,OECD.SDD.STES:DSD_KEI@DF_KEI(4.0),I,DEU,M,CP,GR,_Z,_Z,G1,2010-05,-0.0999999999999557
DATAFLOW,OECD.SDD.STES:DSD_KEI@DF_KEI(4.0),I,DEU,M,CP,GR,_Z,_Z,G1,2010-04,0.100100100100065
DATAFLOW,OECD.SDD.STES:DSD_KEI@DF_KEI(4.0),I,DEU,M,CP,GR,_Z,_Z,G1,2010-03,0.503018108651787
DATAFLOW,OECD.SDD.STES:DSD_KEI@DF_KEI(4.0),I,DEU,M,CP,GR,_Z,_Z,G1,2010-02,0.404040404040451
DATAFLOW,OECD.SDD.STES:DSD_KEI@DF_KEI(4.0),I,DEU,M,CP,GR,_Z,_Z,G1,2009-09,-0.302419354838679
DATAFLOW,OECD.SDD.STES:DSD_KEI@DF_KEI(4.0),I,DEU,M,CP,GR,_Z,_Z,G1,2009-08,0.202020202020115
DATAFLOW,OECD.SDD.STES:DSD_KEI@DF_KEI(4.0),I,DEU,M,CP,GR,_Z,_Z,G1,2008-09,-0.100806451612856
DATAFLOW,OECD.SDD.STES:DSD_KEI@DF_KEI(4.0),I,DEU,M,CP,GR,_Z,_Z,G1,2008-08,-0.301507537688528
DATAFLOW,OECD.SDD.STES:DSD_KEI@DF_KEI(4.0),I,DEU,M,CP,GR,_Z,_Z,G1,2008-03,0.511247443762897
DATAFLOW,OECD.SDD.STES:DSD_KEI@DF_KEI(4.0),I,DEU,M,CP,GR,_Z,_Z,G1,2008-02,0.410677618069744
DATAFLOW,OECD.SDD.STES:DSD_KEI@DF_KEI(4.0),I,DEU,M,CP,GR,_Z,_Z,G1,2007-11,0.51759834368541
DATAFLOW,OECD.SDD.STES:DSD_KEI@DF_KEI(4.0),I,DEU,M,CP,GR,_Z,_Z,G1,2007-10,0.20746887966796
DATAFLOW,OECD.SDD.STES:DSD_KEI@DF_KEI(4.0),I,DEU,M,CP,GR,_Z,_Z,G1,2022-03,1.98113207547168
DATAFLOW,OECD.SDD.STES:DSD_KEI@DF_KEI(4.0),I,DEU,M,CP,GR,_Z,_Z,G1,2022-02,0.760456273764265
DATAFLOW,OECD.SDD.STES:DSD_KEI@DF_KEI(4.0),I,DEU,M,CP,GR,_Z,_Z,G1,2022-01,0.477554918815648
DATAFLOW,OECD.SDD.STES:DSD_KEI@DF_KEI(4.0),I,DEU,M,CP,GR,_Z,_Z,G1,2021-12,0.191387559808631
DATAFLOW,OECD.SDD.STES:DSD_KEI@DF_KEI(4.0),I,DEU,M,CP,GR,_Z,_Z,G1,2021-11,0.191754554170664
DATAFLOW,OECD.SDD.STES:DSD_KEI@DF_KEI(4.0),I,DEU,M,CP,GR,_Z,_Z,G1,2021-10,0.481695568400764
DATAFLOW,OECD.SDD.STES:DSD_KEI@DF_KEI(4.0),I,DEU,M,CP,GR,_Z,_Z,G1,2021-08,0.096711798839455
DATAFLOW,OECD.SDD.STES:DSD_KEI@DF_KEI(4.0),I,DEU,M,CP,GR,_Z,_Z,G1,2021-07,0.485908649173949
DATAFLOW,OECD.SDD.STES:DSD_KEI@DF_KEI(4.0),I,DEU,M,CP,GR,_Z,_Z,G1,2021-06,0.292397660818722
DATAFLOW,OECD.SDD.STES:DSD_KEI@DF_KEI(4.0),I,DEU,M,CP,GR,_Z,_Z,G1,2021-05,0.1953125
DATAFLOW,OECD.SDD.STES:DSD_KEI@DF_KEI(4.0),I,DEU,M,CP,GR,_Z,_Z,G1,2021-03,0.492125984251968
DATAFLOW,OECD.SDD.STES:DSD_KEI@DF_KEI(4.0),I,DEU,M,CP,GR,_Z,_Z,G1,2021-02,0.594059405940595
DATAFLOW,OECD.SDD.STES:DSD_KEI@DF_KEI(4.0),I,DEU,M,CP,GR,_Z,_Z,G1,2021-01,1.20240480961924
DATAFLOW,OECD.SDD.STES:DSD_KEI@DF_KEI(4.0),I,DEU,M,CP,GR,_Z,_Z,G1,2020-12,0.100300902708117
DATAFLOW,OECD.SDD.STES:DSD_KEI@DF_KEI(4.0),I,DEU,M,CP,GR,_Z,_Z,G1,2020-11,-0.200200200200207
DATAFLOW,OECD.SDD.STES:DSD_KEI@DF_KEI(4.0),I,DEU,M,CP,GR,_Z,_Z,G1,2020-07,-0.796019900497524
DATAFLOW,OECD.SDD.STES:DSD_KEI@DF_KEI(4.0),I,DEU,M,CP,GR,_Z,_Z,G1,2020-06,0.0996015936255201
DATAFLOW,OECD.SDD.STES:DSD_KEI@DF_KEI(4.0),I,DEU,M,CP,GR,_Z,_Z,G1,2020-03,0.199800199800193
DATAFLOW,OECD.SDD.STES:DSD_KEI@DF_KEI(4.0),I,DEU,M,CP,GR,_Z,_Z,G1,2019-12,0.474833808167574
DATAFLOW,OECD.SDD.STES:DSD_KEI@DF_KEI(4.0),I,DEU,M,CP,GR,_Z,_Z,G1,2019-11,-0.754005655042578
DATAFLOW,OECD.SDD.STES:DSD_KEI@DF_KEI(4.0),I,DEU,M,CP,GR,_Z,_Z,G1,2019-10,0.0943396226414039
DATAFLOW,OECD.SDD.STES:DSD_KEI@DF_KEI(4.0),I,DEU,M,CP,GR,_Z,_Z,G1,2019-08,-0.188323917137279
DATAFLOW,OECD.SDD.STES:DSD_KEI@DF_KEI(4.0),I,DEU,M,CP,GR,_Z,_Z,G1,2019-07,0.473036896878476
DATAFLOW,OECD.SDD.STES:DSD_KEI@DF_KEI(4.0),I,DEU,M,CP,GR,_Z,_Z,G1,2019-06,0.284629981024209
DATAFLOW,OECD.SDD.STES:DSD_KEI@DF_KEI(4.0),I,DEU,M,CP,GR,_Z,_Z,G1,2019-03,0.385356454720664
DATAFLOW,OECD.SDD.STES:DSD_KEI@DF_KEI(4.0),I,DEU,M,CP,GR,_Z,_Z,G1,2019-01,-0.767754318618008
DATAFLOW,OECD.SDD.STES:DSD_KEI@DF_KEI(4.0),I,DEU,M,CP,GR,_Z,_Z,G1,2018-11,-0.667302192564312
DATAFLOW,OECD.SDD.STES:DSD_KEI@DF_KEI(4.0),I,DEU,M,CP,GR,_Z,_Z,G1,2018-10,0.191021967526273
DATAFLOW,OECD.SDD.STES:DSD_KEI@DF_KEI(4.0),I,DEU,M,CP,GR,_Z,_Z,G1,2018-06,0.0962463907603572
DATAFLOW,OECD.SDD.STES:DSD_KEI@DF_KEI(4.0),I,DEU,M,CP,GR,_Z,_Z,G1,2018-05,0.775945683802104
DATAFLOW,OECD.SDD.STES:DSD_KEI@DF_KEI(4.0),I,DEU,M,CP,GR,_Z,_Z,G1,2018-03,0.586510263929663
DATAFLOW,OECD.SDD.STES:DSD_KEI@DF_KEI(4.0),I,DEU,M,CP,GR,_Z,_Z,G1,2018-02,0.294117647058756
DATAFLOW,OECD.SDD.STES:DSD_KEI@DF_KEI(4.0),I,DEU,M,CP,GR,_Z,_Z,G1,2017-12,0.489715964740389
DATAFLOW,OECD.SDD.STES:DSD_KEI@DF_KEI(4.0),I,DEU,M,CP,GR,_Z,_Z,G1,2017-11,-0.390243902438958
DATAFLOW,OECD.SDD.STES:DSD_KEI@DF_KEI(4.0),I,DEU,M,CP,GR,_Z,_Z,G1,2017-10,-0.194741966893874
DATAFLOW,OECD.SDD.STES:DSD_KEI@DF_KEI(4.0),I,DEU,M,CP,GR,_Z,_Z,G1,2017-04,0.394477317554287
DATAFLOW,OECD.SDD.STES:DSD_KEI@DF_KEI(4.0),I,DEU,M,CP,GR,_Z,_Z,G1,2017-03,0.197628458498045
DATAFLOW,OECD.SDD.STES:DSD_KEI@DF_KEI(4.0),I,DEU,M,CP,GR,_Z,_Z,G1,2017-01,-0.592885375494023
DATAFLOW,OECD.SDD.STES:DSD_KEI@DF_KEI(4.0),I,DEU,M,CP,GR,_Z,_Z,G1,2016-12,0.696517412935282
DATAFLOW,OECD.SDD.STES:DSD_KEI@DF_KEI(4.0),I,DEU,M,CP,GR,_Z,_Z,G1,2016-11,-0.691699604743046
DATAFLOW,OECD.SDD.STES:DSD_KEI@DF_KEI(4.0),I,DEU,M,CP,GR,_Z,_Z,G1,2016-10,0.198019801980109
DATAFLOW,OECD.SDD.STES:DSD_KEI@DF_KEI(4.0),I,DEU,M,CP,GR,_Z,_Z,G1,2016-08,-0.098911968348081
DATAFLOW,OECD.SDD.STES:DSD_KEI@DF_KEI(4.0),I,DEU,M,CP,GR,_Z,_Z,G1,2016-05,0.49950049950056
DATAFLOW,OECD.SDD.STES:DSD_KEI@DF_KEI(4.0),I,DEU,M,CP,GR,_Z,_Z,G1,2016-03,0.704934541792501
DATAFLOW,OECD.SDD.STES:DSD_KEI@DF_KEI(4.0),I,DEU,M,CP,GR,_Z,_Z,G1,2016-02,0.303030303030338
DATAFLOW,OECD.SDD.STES:DSD_KEI@DF_KEI(4.0),I,DEU,M,CP,GR,_Z,_Z,G1,2016-01,-0.70210631895693
DATAFLOW,OECD.SDD.STES:DSD_KEI@DF_KEI(4.0),I,DEU,M,CP,GR,_Z,_Z,G1,2015-09,-0.198807157057679
DATAFLOW,OECD.SDD.STES:DSD_KEI@DF_KEI(4.0),I,DEU,M,CP,GR,_Z,_Z,G1,2015-07,0.199203187251018
DATAFLOW,OECD.SDD.STES:DSD_KEI@DF_KEI(4.0),I,DEU,M,CP,GR,_Z,_Z,G1,2015-05,0.199600798403199
DATAFLOW,OECD.SDD.STES:DSD_KEI@DF_KEI(4.0),I,DEU,M,CP,GR,_Z,_Z,G1,2015-04,0.501504513540563
DATAFLOW,OECD.SDD.STES:DSD_KEI@DF_KEI(4.0),I,DEU,M,CP,GR,_Z,_Z,G1,2015-03,0.504032258064568
DATAFLOW,OECD.SDD.STES:DSD_KEI@DF_KEI(4.0),I,DEU,M,CP,GR,_Z,_Z,G1,2015-02,0.710659898477117
DATAFLOW,OECD.SDD.STES:DSD_KEI@DF_KEI(4.0),I,DEU,M,CP,GR,_Z,_Z,G1,2013-12,0.377002827521156
DATAFLOW,OECD.SDD.STES:DSD_KEI@DF_KEI(4.0),I,DEU,M,CP,GR,_Z,_Z,G1,2013-07,0.47348484848484
DATAFLOW,OECD.SDD.STES:DSD_KEI@DF_KEI(4.0),I,DEU,M,CP,GR,_Z,_Z,G1,2013-04,-0.47348484848484
DATAFLOW,OECD.SDD.STES:DSD_KEI@DF_KEI(4.0),I,DEU,M,CP,GR,_Z,_Z,G1,2013-03,0.475737392959075
DATAFLOW,OECD.SDD.STES:DSD_KEI@DF_KEI(4.0),I,DEU,M,CP,GR,_Z,_Z,G1,2012-12,0.286532951289376
DATAFLOW,OECD.SDD.STES:DSD_KEI@DF_KEI(4.0),I,DEU,M,CP,GR,_Z,_Z,G1,2012-11,0.0956022944550217
DATAFLOW,OECD.SDD.STES:DSD_KEI@DF_KEI(4.0),I,DEU,M,CP,GR,_Z,_Z,G1,2012-08,0.38424591738706
DATAFLOW,OECD.SDD.STES:DSD_KEI@DF_KEI(4.0),I,DEU,M,CP,GR,_Z,_Z,G1,2012-04,-0.192122958693586
DATAFLOW,OECD.SDD.STES:DSD_KEI@DF_KEI(4.0),I,DEU,M,CP,GR,_Z,_Z,G1,2011-12,0.194741966893885
DATAFLOW,OECD.SDD.STES:DSD_KEI@DF_KEI(4.0),I,DEU,M,CP,GR,_Z,_Z,G1,2011-09,0.195503421309895
DATAFLOW,OECD.SDD.STES:DSD_KEI@DF_KEI(4.0),I,DEU,M,CP,GR,_Z,_Z,G1,2011-08,0.0978473581212835
DATAFLOW,OECD.SDD.STES:DSD_KEI@DF_KEI(4.0),I,DEU,M,CP,GR,_Z,_Z,G1,2011-07,0.196078431372571
DATAFLOW,OECD.SDD.STES:DSD_KEI@DF_KEI(4.0),I,DEU,M,CP,GR,_Z,_Z,G1,2011-02,0.595829195630526
DATAFLOW,OECD.SDD.STES:DSD_KEI@DF_KEI(4.0),I,DEU,M,CP,GR,_Z,_Z,G1,2010-11,0.0998003992015439
DATAFLOW,OECD.SDD.STES:DSD_KEI@DF_KEI(4.0),I,DEU,M,CP,GR,_Z,_Z,G1,2009-06,0.303951367781119
DATAFLOW,OECD.SDD.STES:DSD_KEI@DF_KEI(4.0),I,DEU,M,CP,GR,_Z,_Z,G1,2009-04,0.101317122593669
DATAFLOW,OECD.SDD.STES:DSD_KEI@DF_KEI(4.0),I,DEU,M,CP,GR,_Z,_Z,G1,2009-02,0.610376398779189
DATAFLOW,OECD.SDD.STES:DSD_KEI@DF_KEI(4.0),I,DEU,M,CP,GR,_Z,_Z,G1,2008-11,-0.505561172901925
DATAFLOW,OECD.SDD.STES:DSD_KEI@DF_KEI(4.0),I,DEU,M,CP,GR,_Z,_Z,G1,2008-10,-0.201816347124129
DATAFLOW,OECD.SDD.STES:DSD_KEI@DF_KEI(4.0),I,DEU,M,CP,GR,_Z,_Z,G1,2008-07,0.60667340748235
DATAFLOW,OECD.SDD.STES:DSD_KEI@DF_KEI(4.0),I,DEU,M,CP,GR,_Z,_Z,G1,2008-05,0.611620795107104
DATAFLOW,OECD.SDD.STES:DSD_KEI@DF_KEI(4.0),I,DEU,M,CP,GR,_Z,_Z,G1,2008-04,-0.203458799593104
DATAFLOW,OECD.SDD.STES:DSD_KEI@DF_KEI(4.0),I,DEU,M,CP,GR,_Z,_Z,G1,2007-12,0.617919670442779
DATAFLOW,OECD.SDD.STES:DSD_KEI@DF_KEI(4.0),I,DEU,M,CP,GR,_Z,_Z,G1,2007-08,-0.103842159916989
DATAFLOW,OECD.SDD.STES:DSD_KEI@DF_KEI(4.0),I,DEU,M,CP,GR,_Z,_Z,G1,2007-07,0.521920668058562
DATAFLOW,OECD.SDD.STES:DSD_KEI@DF_KEI(4.0),I,DEU,M,CP,GR,_Z,_Z,G1,2007-04,0.524658971668401
DATAFLOW,OECD.SDD.STES:DSD_KEI@DF_KEI(4.0),I,DEU,M,CP,GR,_Z,_Z,G1,2007-03,0.210304942166162
DATAFLOW,OECD.SDD.STES:DSD_KEI@DF_KEI(4.0),I,DEU,M,CP,GR,_Z,_Z,G1,2007-02,0.422386483632464
DATAFLOW,OECD.SDD.STES:DSD_KEI@DF_KEI(4.0),I,DEU,M,CP,GR,_Z,_Z,GY,2025-10,2.32945091514143
DATAFLOW,OECD.SDD.STES:DSD_KEI@DF_KEI(4.0),I,DEU,M,CP,GR,_Z,_Z,GY,2025-09,2.42272347535504
DATAFLOW,OECD.SDD.STES:DSD_KEI@DF_KEI(4.0),I,DEU,M,CP,GR,_Z,_Z,GY,2025-08,2.17209690893903
DATAFLOW,OECD.SDD.STES:DSD_KEI@DF_KEI(4.0),I,DEU,M,CP,GR,_Z,_Z,GY,2025-07,2.0033388981636
DATAFLOW,OECD.SDD.STES:DSD_KEI@DF_KEI(4.0),I,DEU,M,CP,GR,_Z,_Z,GY,2025-06,2.01005025125627
DATAFLOW,OECD.SDD.STES:DSD_KEI@DF_KEI(4.0),I,DEU,M,CP,GR,_Z,_Z,GY,2025-03,2.19224283305228
DATAFLOW,OECD.SDD.STES:DSD_KEI@DF_KEI(4.0),I,DEU,M,CP,GR,_Z,_Z,GY,2025-02,2.28619813717188
DATAFLOW,OECD.SDD.STES:DSD_KEI@DF_KEI(4.0),I,DEU,M,CP,GR,_Z,_Z,GY,2024-12,2.64054514480407
DATAFLOW,OECD.SDD.STES:DSD_KEI@DF_KEI(4.0),I,DEU,M,CP,GR,_Z,_Z,GY,2024-11,2.21653878942882
DATAFLOW,OECD.SDD.STES:DSD_KEI@DF_KEI(4.0),I,DEU,M,CP,GR,_Z,_Z,GY,2024-10,2.03735144312394
DATAFLOW,OECD.SDD.STES:DSD_KEI@DF_KEI(4.0),I,DEU,M,CP,GR,_Z,_Z,GY,2012-05,1.96270853778222
DATAFLOW,OECD.SDD.STES:DSD_KEI@DF_KEI(4.0),I,DEU,M,CP,GR,_Z,_Z,GY,2012-04,1.96270853778222
DATAFLOW,OECD.SDD.STES:DSD_KEI@DF_KEI(4.0),I,DEU,M,CP,GR,_Z,_Z,GY,2012-03,2.15897939156047
DATAFLOW,OECD.SDD.STES:DSD_KEI@DF_KEI(4.0),I,DEU,M,CP,GR,_Z,_Z,G1,2009-07,0.0
DATAFLOW,OECD.SDD.STES:DSD_KEI@DF_KEI(4.0),I,DEU,M,CP,GR,_Z,_Z,G1,2007-06,0.0
DATAFLOW,OECD.SDD.STES:DSD_KEI@DF_KEI(4.0),I,DEU,M,CP,GR,_Z,_Z,G1,2007-05,0.0
DATAFLOW,OECD.SDD.STES:DSD_KEI@DF_KEI(4.0),I,DEU,M,CP,GR,_Z,_Z,G1,2007-01,0.0
DATAFLOW,OECD.SDD.STES:DSD_KEI@DF_KEI(4.0),I,DEU,M,CP,GR,_Z,_Z,GY,2022-07,6.67311411992262
DATAFLOW,OECD.SDD.STES:DSD_KEI@DF_KEI(4.0),I,DEU,M,CP,GR,_Z,_Z,GY,2022-06,6.70553935860059
DATAFLOW,OECD.SDD.STES:DSD_KEI@DF_KEI(4.0),I,DEU,M,CP,GR,_Z,_Z,GY,2022-04,6.25
DATAFLOW,OECD.SDD.STES:DSD_KEI@DF_KEI(4.0),I,DEU,M,CP,IX,_Z,_Z,_Z,2018-11,104.217369561594
DATAFLOW,OECD.SDD.STES:DSD_KEI@DF_KEI(4.0),I,DEU,M,CP,IX,_Z,_Z,_Z,2018-05,103.917319553259
DATAFLOW,OECD.SDD.STES:DSD_KEI@DF_KEI(4.0),I,DEU,M,CP,IX,_Z,_Z,_Z,2018-04,103.1171861977
DATAFLOW,OECD.SDD.STES:DSD_KEI@DF_KEI(4.0),I,DEU,M,CP,IX,_Z,_Z,_Z,2018-03,102.91715285881
DATAFLOW,OECD.SDD.STES:DSD_KEI@DF_KEI(4.0),I,DEU,M,CP,IX,_Z,_Z,_Z,2017-07,102.51708618103
DATAFLOW,OECD.SDD.STES:DSD_KEI@DF_KEI(4.0),I,DEU,M,CP,IX,_Z,_Z,_Z,2017-05,101.816969494916
DATAFLOW,OECD.SDD.STES:DSD_KEI@DF_KEI(4.0),I,DEU,M,CP,IX,_Z,_Z,_Z,2017-03,101.416902817136
DATAFLOW,OECD.SDD.STES:DSD_KEI@DF_KEI(4.0),I,DEU,M,CP,IX,_Z,_Z,_Z,2017-02,101.216869478246
DATAFLOW,OECD.SDD.STES:DSD_KEI@DF_KEI(4.0),I,DEU,M,CP,IX,_Z,_Z,_Z,2016-05,100.616769461577
DATAFLOW,OECD.SDD.STES:DSD_KEI@DF_KEI(4.0),I,DEU,M,CP,IX,_Z,_Z,_Z,2016-04,100.116686114352
DATAFLOW,OECD.SDD.STES:DSD_KEI@DF_KEI(4.0),I,DEU,M,CP,IX,_Z,_Z,_Z,2016-03,100.016669444907
DATAFLOW,OECD.SDD.STES:DSD_KEI@DF_KEI(4.0),I,DEU,M,CP,IX,_Z,_Z,_Z,2016-01,99.0165027504583
DATAFLOW,OECD.SDD.STES:DSD_KEI@DF_KEI(4.0),I,DEU,M,CP,IX,_Z,_Z,_Z,2015-12,99.7166194365727
DATAFLOW,OECD.SDD.STES:DSD_KEI@DF_KEI(4.0),I,DEU,M,CP,IX,_Z,_Z,_Z,2015-09,100.416736122687
DATAFLOW,OECD.SDD.STES:DSD_KEI@DF_KEI(4.0),I,DEU,M,CP,IX,_Z,_Z,_Z,2015-08,100.616769461577
DATAFLOW,OECD.SDD.STES:DSD_KEI@DF_KEI(4.0),I,DEU,M,CP,IX,_Z,_Z,_Z,2015-06,100.416736122687
DATAFLOW,OECD.SDD.STES:DSD_KEI@DF_KEI(4.0),I,DEU,M,CP,IX,_Z,_Z,_Z,2015-02,99.2165360893482
DATAFLOW,OECD.SDD.STES:DSD_KEI@DF_KEI(4.0),I,DEU,M,CP,IX,_Z,_Z,_Z,2015-01,98.5164194032339
DATAFLOW,OECD.SDD.STES:DSD_KEI@DF_KEI(4.0),I,DEU,M,CP,IX,_Z,_Z,_Z,2014-02,99.2627559138644
DATAFLOW,OECD.SDD.STES:DSD_KEI@DF_KEI(4.0),I,DEU,M,CP,IX,_Z,_Z,_Z,2013-06,98.5164194032339
DATAFLOW,OECD.SDD.STES:DSD_KEI@DF_KEI(4.0),I,DEU,M,CP,IX,_Z,_Z,_Z,2013-01,97.4902067011168
DATAFLOW,OECD.SDD.STES:DSD_KEI@DF_KEI(4.0),I,DEU,M,CP,IX,_Z,_Z,_Z,2012-10,97.5834987649457
DATAFLOW,OECD.SDD.STES:DSD_KEI@DF_KEI(4.0),I,DEU,M,CP,IX,_Z,_Z,_Z,2012-06,96.7438701904863
DATAFLOW,OECD.SDD.STES:DSD_KEI@DF_KEI(4.0),I,DEU,M,CP,IX,_Z,_Z,_Z,2012-05,96.9304543181439
DATAFLOW,OECD.SDD.STES:DSD_KEI@DF_KEI(4.0),I,DEU,M,CP,IX,_Z,_Z,_Z,2012-03,97.1170384458016
DATAFLOW,OECD.SDD.STES:DSD_KEI@DF_KEI(4.0),I,DEU,M,CP,IX,_Z,_Z,_Z,2011-08,95.4377812968828
DATAFLOW,OECD.SDD.STES:DSD_KEI@DF_KEI(4.0),I,DEU,M,CP,IX,_Z,_Z,_Z,2011-07,95.344489233054
DATAFLOW,OECD.SDD.STES:DSD_KEI@DF_KEI(4.0),I,DEU,M,CP,IX,_Z,_Z,_Z,2011-01,93.9451082756217
DATAFLOW,OECD.SDD.STES:DSD_KEI@DF_KEI(4.0),I,DEU,M,CP,IX,_Z,_Z,_Z,2010-06,93.1987717649911
DATAFLOW,OECD.SDD.STES:DSD_KEI@DF_KEI(4.0),I,DEU,M,CP,IX,_Z,_Z,_Z,2008-06,92.2658511267029
DATAFLOW,OECD.SDD.STES:DSD_KEI@DF_KEI(4.0),I,DEU,M,CP,GR,_Z,_Z,GY,2021-08,3.81143430290871
DATAFLOW,OECD.SDD.STES:DSD_KEI@DF_KEI(4.0),I,DEU,M,CP,GR,_Z,_Z,GY,2021-06,2.38805970149254
DATAFLOW,OECD.SDD.STES:DSD_KEI@DF_KEI(4.0),I,DEU,M,CP,GR,_Z,_Z,GY,2021-05,2.19123505976095
DATAFLOW,OECD.SDD.STES:DSD_KEI@DF_KEI(4.0),I,DEU,M,CP,GR,_Z,_Z,GY,2021-04,1.99203187250996
DATAFLOW,OECD.SDD.STES:DSD_KEI@DF_KEI(4.0),I,DEU,M,CP,GR,_Z,_Z,GY,2021-03,1.79461615154537
DATAFLOW,OECD.SDD.STES:DSD_KEI@DF_KEI(4.0),I,DEU,M,CP,GR,_Z,_Z,GY,2021-02,1.4985014985015
DATAFLOW,OECD.SDD.STES:DSD_KEI@DF_KEI(4.0),I,DEU,M,CP,GR,_Z,_Z,GY,2021-01,1.20240480961924
DATAFLOW,OECD.SDD.STES:DSD_KEI@DF_KEI(4.0),I,DEU,M,CP,GR,_Z,_Z,GY,2020-12,-0.567107750473039
DATAFLOW,OECD.SDD.STES:DSD_KEI@DF_KEI(4.0),I,DEU,M,CP,GR,_Z,_Z,GY,2020-10,-0.748905917395748
DATAFLOW,OECD.SDD.STES:DSD_KEI@DF_KEI(4.0),I,DEU,M,CP,GR,_Z,_Z,GY,2020-09,-0.854161152493937
DATAFLOW,OECD.SDD.STES:DSD_KEI@DF_KEI(4.0),I,DEU,M,CP,GR,_Z,_Z,GY,2020-08,-0.854161152493937
DATAFLOW,OECD.SDD.STES:DSD_KEI@DF_KEI(4.0),I,DEU,M,CP,GR,_Z,_Z,GY,2020-07,-1.04087647989017
DATAFLOW,OECD.SDD.STES:DSD_KEI@DF_KEI(4.0),I,DEU,M,CP,GR,_Z,_Z,GY,2020-05,0.410308282599336
DATAFLOW,OECD.SDD.STES:DSD_KEI@DF_KEI(4.0),I,DEU,M,CP,GR,_Z,_Z,GY,2020-04,0.601202404809609
DATAFLOW,OECD.SDD.STES:DSD_KEI@DF_KEI(4.0),I,DEU,M,CP,GR,_Z,_Z,GY,2020-03,1.46550298293322
DATAFLOW,OECD.SDD.STES:DSD_KEI@DF_KEI(4.0),I,DEU,M,CP,GR,_Z,_Z,GY,2020-02,1.6534031454045
DATAFLOW,OECD.SDD.STES:DSD_KEI@DF_KEI(4.0),I,DEU,M,CP,GR,_Z,_Z,GY,2019-12,1.53550863723653
DATAFLOW,OECD.SDD.STES:DSD_KEI@DF_KEI(4.0),I,DEU,M,CP,GR,_Z,_Z,GY,2019-10,1.1439466158248
DATAFLOW,OECD.SDD.STES:DSD_KEI@DF_KEI(4.0),I,DEU,M,CP,GR,_Z,_Z,GY,2019-08,1.43540669856483
DATAFLOW,OECD.SDD.STES:DSD_KEI@DF_KEI(4.0),I,DEU,M,CP,GR,_Z,_Z,GY,2019-07,1.72413793103452
DATAFLOW,OECD.SDD.STES:DSD_KEI@DF_KEI(4.0),I,DEU,M,CP,GR,_Z,_Z,GY,2019-04,2.03685741998059
DATAFLOW,OECD.SDD.STES:DSD_KEI@DF_KEI(4.0),I,DEU,M,CP,GR,_Z,_Z,GY,2019-03,1.2633624878523
DATAFLOW,OECD.SDD.STES:DSD_KEI@DF_KEI(4.0),I,DEU,M,CP,GR,_Z,_Z,GY,2019-01,1.37254901960786
DATAFLOW,OECD.SDD.STES:DSD_KEI@DF_KEI(4.0),I,DEU,M,CP,GR,_Z,_Z,GY,2018-12,1.55945419103318
DATAFLOW,OECD.SDD.STES:DSD_KEI@DF_KEI(4.0),I,DEU,M,CP,GR,_Z,_Z,GY,2018-09,1.94741966893863
DATAFLOW,OECD.SDD.STES:DSD_KEI@DF_KEI(4.0),I,DEU,M,CP,GR,_Z,_Z,GY,2018-07,1.85365853658543
DATAFLOW,OECD.SDD.STES:DSD_KEI@DF_KEI(4.0),I,DEU,M,CP,GR,_Z,_Z,GY,2018-05,2.06286836935166
DATAFLOW,OECD.SDD.STES:DSD_KEI@DF_KEI(4.0),I,DEU,M,CP,GR,_Z,_Z,GY,2018-04,1.27701375245581
DATAFLOW,OECD.SDD.STES:DSD_KEI@DF_KEI(4.0),I,DEU,M,CP,GR,_Z,_Z,GY,2018-02,1.08695652173911
DATAFLOW,OECD.SDD.STES:DSD_KEI@DF_KEI(4.0),I,DEU,M,CP,GR,_Z,_Z,GY,2018-01,1.39165009940359
DATAFLOW,OECD.SDD.STES:DSD_KEI@DF_KEI(4.0),I,DEU,M,CP,GR,_Z,_Z,GY,2017-12,1.38339920948618
DATAFLOW,OECD.SDD.STES:DSD_KEI@DF_KEI(4.0),I,DEU,M,CP,GR,_Z,_Z,GY,2017-11,1.59203980099507
DATAFLOW,OECD.SDD.STES:DSD_KEI@DF_KEI(4.0),I,DEU,M,CP,GR,_Z,_Z,GY,2017-10,1.28458498023718
DATAFLOW,OECD.SDD.STES:DSD_KEI@DF_KEI(4.0),I,DEU,M,CP,GR,_Z,_Z,GY,2017-08,1.58415841584152
DATAFLOW,OECD.SDD.STES:DSD_KEI@DF_KEI(4.0),I,DEU,M,CP,GR,_Z,_Z,GY,2017-07,1.38476755687442
DATAFLOW,OECD.SDD.STES:DSD_KEI@DF_KEI(4.0),I,DEU,M,CP,GR,_Z,_Z,GY,2017-06,1.39026812313807
DATAFLOW,OECD.SDD.STES:DSD_KEI@DF_KEI(4.0),I,DEU,M,CP,GR,_Z,_Z,GY,2017-05,1.19284294234592
DATAFLOW,OECD.SDD.STES:DSD_KEI@DF_KEI(4.0),I,DEU,M,CP,GR,_Z,_Z,GY,2017-03,1.40000000000002
DATAFLOW,OECD.SDD.STES:DSD_KEI@DF_KEI(4.0),I,DEU,M,CP,GR,_Z,_Z,GY,2017-02,1.91339375629402
DATAFLOW,OECD.SDD.STES:DSD_KEI@DF_KEI(4.0),I,DEU,M,CP,GR,_Z,_Z,GY,2017-01,1.61616161616167
DATAFLOW,OECD.SDD.STES:DSD_KEI@DF_KEI(4.0),I,DEU,M,CP,GR,_Z,_Z,GY,2016-12,1.5045135406218
DATAFLOW,OECD.SDD.STES:DSD_KEI@DF_KEI(4.0),I,DEU,M,CP,GR,_Z,_Z,GY,2016-11,0.80240722166498
DATAFLOW,OECD.SDD.STES:DSD_KEI@DF_KEI(4.0),I,DEU,M,CP,GR,_Z,_Z,GY,2016-10,0.796812749003961
DATAFLOW,OECD.SDD.STES:DSD_KEI@DF_KEI(4.0),I,DEU,M,CP,GR,_Z,_Z,GY,2016-09,0.597609561753032
DATAFLOW,OECD.SDD.STES:DSD_KEI@DF_KEI(4.0),I,DEU,M,CP,GR,_Z,_Z,GY,2016-08,0.397614314115335
DATAFLOW,OECD.SDD.STES:DSD_KEI@DF_KEI(4.0),I,DEU,M,CP,GR,_Z,_Z,GY,2016-07,0.497017892644069
DATAFLOW,OECD.SDD.STES:DSD_KEI@DF_KEI(4.0),I,DEU,M,CP,GR,_Z,_Z,GY,2016-06,0.298804780876516
DATAFLOW,OECD.SDD.STES:DSD_KEI@DF_KEI(4.0),I,DEU,M,CP,GR,_Z,_Z,GY,2016-04,-0.0998003992016105
DATAFLOW,OECD.SDD.STES:DSD_KEI@DF_KEI(4.0),I,DEU,M,CP,GR,_Z,_Z,GY,2016-03,0.300902708124307
DATAFLOW,OECD.SDD.STES:DSD_KEI@DF_KEI(4.0),I,DEU,M,CP,GR,_Z,_Z,GY,2016-02,0.100806451612923
DATAFLOW,OECD.SDD.STES:DSD_KEI@DF_KEI(4.0),I,DEU,M,CP,GR,_Z,_Z,GY,2015-04,0.866232930578414
DATAFLOW,OECD.SDD.STES:DSD_KEI@DF_KEI(4.0),I,DEU,M,CP,GR,_Z,_Z,GY,2015-02,-0.0465631082783191
DATAFLOW,OECD.SDD.STES:DSD_KEI@DF_KEI(4.0),I,DEU,M,CP,GR,_Z,_Z,GY,2014-10,0.755429650613748
DATAFLOW,OECD.SDD.STES:DSD_KEI@DF_KEI(4.0),I,DEU,M,CP,GR,_Z,_Z,GY,2014-04,1.33206470028537
DATAFLOW,OECD.SDD.STES:DSD_KEI@DF_KEI(4.0),I,DEU,M,CP,GR,_Z,_Z,GY,2013-12,1.42857142857142
DATAFLOW,OECD.SDD.STES:DSD_KEI@DF_KEI(4.0),I,DEU,M,CP,GR,_Z,_Z,GY,2013-11,1.33715377268389
DATAFLOW,OECD.SDD.STES:DSD_KEI@DF_KEI(4.0),I,DEU,M,CP,GR,_Z,_Z,GY,2013-08,1.53110047846894
DATAFLOW,OECD.SDD.STES:DSD_KEI@DF_KEI(4.0),I,DEU,M,CP,GR,_Z,_Z,GY,2013-07,1.92122958693561
DATAFLOW,OECD.SDD.STES:DSD_KEI@DF_KEI(4.0),I,DEU,M,CP,GR,_Z,_Z,GY,2013-06,1.83220829315334
DATAFLOW,OECD.SDD.STES:DSD_KEI@DF_KEI(4.0),I,DEU,M,CP,GR,_Z,_Z,GY,2013-04,1.15495668912418
DATAFLOW,OECD.SDD.STES:DSD_KEI@DF_KEI(4.0),I,DEU,M,CP,GR,_Z,_Z,GY,2013-03,1.44092219020171
DATAFLOW,OECD.SDD.STES:DSD_KEI@DF_KEI(4.0),I,DEU,M,CP,GR,_Z,_Z,GY,2013-02,1.5458937198068
DATAFLOW,OECD.SDD.STES:DSD_KEI@DF_KEI(4.0),I,DEU,M,CP,GR,_Z,_Z,GY,2012-11,1.94741966893863
DATAFLOW,OECD.SDD.STES:DSD_KEI@DF_KEI(4.0),I,DEU,M,CP,GR,_Z,_Z,GY,2012-02,2.17176702862782
DATAFLOW,OECD.SDD.STES:DSD_KEI@DF_KEI(4.0),I,DEU,M,CP,GR,_Z,_Z,GY,2011-12,1.98216055500493
DATAFLOW,OECD.SDD.STES:DSD_KEI@DF_KEI(4.0),I,DEU,M,CP,GR,_Z,_Z,GY,2011-11,2.39282153539384
DATAFLOW,OECD.SDD.STES:DSD_KEI@DF_KEI(4.0),I,DEU,M,CP,GR,_Z,_Z,GY,2011-10,2.29540918163667
DATAFLOW,OECD.SDD.STES:DSD_KEI@DF_KEI(4.0),I,DEU,M,CP,GR,_Z,_Z,GY,2011-04,1.90000000000001
DATAFLOW,OECD.SDD.STES:DSD_KEI@DF_KEI(4.0),I,DEU,M,CP,GR,_Z,_Z,GY,2011-01,1.71717171717172
DATAFLOW,OECD.SDD.STES:DSD_KEI@DF_KEI(4.0),I,DEU,M,CP,GR,_Z,_Z,GY,2010-12,1.30522088353422
DATAFLOW,OECD.SDD.STES:DSD_KEI@DF_KEI(4.0),I,DEU,M,CP,GR,_Z,_Z,G1,2025-10,0.326264274061994
DATAFLOW,OECD.SDD.STES:DSD_KEI@DF_KEI(4.0),I,DEU,M,CP,GR,_Z,_Z,G1,2025-09,0.245298446443165
DATAFLOW,OECD.SDD.STES:DSD_KEI@DF_KEI(4.0),I,DEU,M,CP,GR,_Z,_Z,G1,2025-05,0.0821692686935105
DATAFLOW,OECD.SDD.STES:DSD_KEI@DF_KEI(4.0),I,DEU,M,CP,GR,_Z,_Z,G1,2025-04,0.41254125412542
DATAFLOW,OECD.SDD.STES:DSD_KEI@DF_KEI(4.0),I,DEU,M,CP,GR,_Z,_Z,G1,2025-03,0.33112582781456
DATAFLOW,OECD.SDD.STES:DSD_KEI@DF_KEI(4.0),I,DEU,M,CP,GR,_Z,_Z,G1,2025-02,0.415627597672485
DATAFLOW,OECD.SDD.STES:DSD_KEI@DF_KEI(4.0),I,DEU,M,CP,GR,_Z,_Z,G1,2024-11,-0.249584026622285
DATAFLOW,OECD.SDD.STES:DSD_KEI@DF_KEI(4.0),I,DEU,M,CP,GR,_Z,_Z,G1,2024-08,-0.0834724540901388
DATAFLOW,OECD.SDD.STES:DSD_KEI@DF_KEI(4.0),I,DEU,M,CP,GR,_Z,_Z,G1,2024-07,0.335008375209367
DATAFLOW,OECD.SDD.STES:DSD_KEI@DF_KEI(4.0),I,DEU,M,CP,GR,_Z,_Z,G1,2024-03,0.423370025402203
DATAFLOW,OECD.SDD.STES:DSD_KEI@DF_KEI(4.0),I,DEU,M,CP,GR,_Z,_Z,G1,2024-02,0.425170068027225
DATAFLOW,OECD.SDD.STES:DSD_KEI@DF_KEI(4.0),I,DEU,M,CP,GR,_Z,_Z,G1,2023-12,0.0852514919011282
DATAFLOW,OECD.SDD.STES:DSD_KEI@DF_KEI(4.0),I,DEU,M,CP,GR,_Z,_Z,G1,2023-09,0.255319148936151
DATAFLOW,OECD.SDD.STES:DSD_KEI@DF_KEI(4.0),I,DEU,M,CP,GR,_Z,_Z,G1,2023-06,0.25751072961373
DATAFLOW,OECD.SDD.STES:DSD_KEI@DF_KEI(4.0),I,DEU,M,CP,GR,_Z,_Z,G1,2023-04,0.430663221360894
DATAFLOW,OECD.SDD.STES:DSD_KEI@DF_KEI(4.0),I,DEU,M,CP,GR,_Z,_Z,G1,2023-03,0.78125
DATAFLOW,OECD.SDD.STES:DSD_KEI@DF_KEI(4.0),I,DEU,M,CP,GR,_Z,_Z,G1,2023-02,0.78740157480317
DATAFLOW,OECD.SDD.STES:DSD_KEI@DF_KEI(4.0),I,DEU,M,CP,GR,_Z,_Z,G1,2022-10,0.709849157054121
DATAFLOW,OECD.SDD.STES:DSD_KEI@DF_KEI(4.0),I,DEU,M,CP,GR,_Z,_Z,G1,2021-09,0.289855072463774
DATAFLOW,OECD.SDD.STES:DSD_KEI@DF_KEI(4.0),I,DEU,M,CP,GR,_Z,_Z,G1,2013-06,0.0947867298577876
DATAFLOW,OECD.SDD.STES:DSD_KEI@DF_KEI(4.0),I,DEU,M,CP,GR,_Z,_Z,G1,2013-05,0.380589914367313
DATAFLOW,OECD.SDD.STES:DSD_KEI@DF_KEI(4.0),I,DEU,M,CP,GR,_Z,_Z,G1,2012-02,0.680933852139987
DATAFLOW,OECD.SDD.STES:DSD_KEI@DF_KEI(4.0),I,DEU,M,CP,GR,_Z,_Z,G1,2012-01,-0.0971817298347499
DATAFLOW,OECD.SDD.STES:DSD_KEI@DF_KEI(4.0),I,DEU,M,CP,GR,_Z,_Z,G1,2015-10,0.0
DATAFLOW,OECD.SDD.STES:DSD_KEI@DF_KEI(4.0),I,DEU,M,CP,GR,_Z,_Z,G1,2015-08,0.0
DATAFLOW,OECD.SDD.STES:DSD_KEI@DF_KEI(4.0),I,DEU,M,CP,GR,_Z,_Z,G1,2015-06,0.0
DATAFLOW,OECD.SDD.STES:DSD_KEI@DF_KEI(4.0),I,DEU,M,CP,GR,_Z,_Z,G1,2014-12,0.0
DATAFLOW,OECD.SDD.STES:DSD_KEI@DF_KEI(4.0),I,DEU,M,CP,GR,_Z,_Z,G1,2014-11,0.0
DATAFLOW,OECD.SDD.STES:DSD_KEI@DF_KEI(4.0),I,DEU,M,CP,GR,_Z,_Z,G1,2014-09,0.0
DATAFLOW,OECD.SDD.STES:DSD_KEI@DF_KEI(4.0),I,DEU,M,CP,GR,_Z,_Z,G1,2014-08,0.0
DATAFLOW,OECD.SDD.STES:DSD_KEI@DF_KEI(4.0),I,DEU,M,CP,GR,_Z,_Z,G1,2012-07,0.385728061716528
DATAFLOW,OECD.SDD.STES:DSD_KEI@DF_KEI(4.0),I,DEU,M,CP,GR,_Z,_Z,G1,2012-06,-0.192492781520703
DATAFLOW,OECD.SDD.STES:DSD_KEI@DF_KEI(4.0),I,DEU,M,CP,GR,_Z,_Z,G1,2012-03,0.579710144927592
DATAFLOW,OECD.SDD.STES:DSD_KEI@DF_KEI(4.0),I,DEU,M,CP,GR,_Z,_Z,G1,2011-11,0.195121951219535
DATAFLOW,OECD.SDD.STES:DSD_KEI@DF_KEI(4.0),I,DEU,M,CP,GR,_Z,_Z,G1,2011-01,-0.198216055500522
DATAFLOW,OECD.SDD.STES:DSD_KEI@DF_KEI(4.0),I,DEU,M,CP,GR,_Z,_Z,G1,2010-12,0.598205383848516
DATAFLOW,OECD.SDD.STES:DSD_KEI@DF_KEI(4.0),I,DEU,M,CP,GR,_Z,_Z,G1,2010-01,-0.602409638554169
DATAFLOW,OECD.SDD.STES:DSD_KEI@DF_KEI(4.0),I,DEU,M,CP,IX,_Z,_Z,_Z,2007-04,89.3737971480094
DATAFLOW,OECD.SDD.STES:DSD_KEI@DF_KEI(4.0),I,DEU,M,CP,IX,_Z,_Z,_Z,2007-03,88.9073368288653
DATAFLOW,OECD.SDD.STES:DSD_KEI@DF_KEI(4.0),I,DEU,M,CP,IX,_Z,_Z,_Z,2007-02,88.72075270120769
DATAFLOW,OECD.SDD.STES:DSD_KEI@DF_KEI(4.0),I,DEU,M,CP,IX,_Z,_Z,_Z,2014-12,99.5426321053509
DATAFLOW,OECD.SDD.STES:DSD_KEI@DF_KEI(4.0),I,DEU,M,CP,IX,_Z,_Z,_Z,2014-11,99.5426321053509
DATAFLOW,OECD.SDD.STES:DSD_KEI@DF_KEI(4.0),I,DEU,M,CP,IX,_Z,_Z,_Z,2014-10,99.5426321053509
DATAFLOW,OECD.SDD.STES:DSD_KEI@DF_KEI(4.0),I,DEU,M,CP,IX,_Z,_Z,_Z,2014-09,99.8225082968373
DATAFLOW,OECD.SDD.STES:DSD_KEI@DF_KEI(4.0),I,DEU,M,CP,IX,_Z,_Z,_Z,2014-08,99.8225082968373
DATAFLOW,OECD.SDD.STES:DSD_KEI@DF_KEI(4.0),I,DEU,M,CP,IX,_Z,_Z,_Z,2014-07,99.8225082968373
DATAFLOW,OECD.SDD.STES:DSD_KEI@DF_KEI(4.0),I,DEU,M,CP,IX,_Z,_Z,_Z,2014-06,99.5426321053509
DATAFLOW,OECD.SDD.STES:DSD_KEI@DF_KEI(4.0),I,DEU,M,CP,IX,_Z,_Z,_Z,2014-03,99.5426321053509
DATAFLOW,OECD.SDD.STES:DSD_KEI@DF_KEI(4.0),I,DEU,M,CP,IX,_Z,_Z,_Z,2014-01,98.7962955947204
DATAFLOW,OECD.SDD.STES:DSD_KEI@DF_KEI(4.0),I,DEU,M,CP,IX,_Z,_Z,_Z,2013-10,98.7962955947204
DATAFLOW,OECD.SDD.STES:DSD_KEI@DF_KEI(4.0),I,DEU,M,CP,IX,_Z,_Z,_Z,2013-05,98.4231273394051
DATAFLOW,OECD.SDD.STES:DSD_KEI@DF_KEI(4.0),I,DEU,M,CP,IX,_Z,_Z,_Z,2012-01,95.904241616027
DATAFLOW,OECD.SDD.STES:DSD_KEI@DF_KEI(4.0),I,DEU,M,CP,IX,_Z,_Z,_Z,2011-05,95.0646130415674
DATAFLOW,OECD.SDD.STES:DSD_KEI@DF_KEI(4.0),I,DEU,M,CP,IX,_Z,_Z,_Z,2011-04,95.0646130415674
DATAFLOW,OECD.SDD.STES:DSD_KEI@DF_KEI(4.0),I,DEU,M,CP,IX,_Z,_Z,_Z,2011-03,95.0646130415674
DATAFLOW,OECD.SDD.STES:DSD_KEI@DF_KEI(4.0),I,DEU,M,CP,IX,_Z,_Z,_Z,2010-09,93.3853558926488
DATAFLOW,OECD.SDD.STES:DSD_KEI@DF_KEI(4.0),I,DEU,M,CP,IX,_Z,_Z,_Z,2010-07,93.3853558926488
DATAFLOW,OECD.SDD.STES:DSD_KEI@DF_KEI(4.0),I,DEU,M,CP,IX,_Z,_Z,_Z,2010-04,93.2920638288198
DATAFLOW,OECD.SDD.STES:DSD_KEI@DF_KEI(4.0),I,DEU,M,CP,IX,_Z,_Z,_Z,2010-02,92.7323114458471
DATAFLOW,OECD.SDD.STES:DSD_KEI@DF_KEI(4.0),I,DEU,M,CP,IX,_Z,_Z,_Z,2009-08,92.5457273181893
DATAFLOW,OECD.SDD.STES:DSD_KEI@DF_KEI(4.0),I,DEU,M,CP,IX,_Z,_Z,_Z,2008-08,92.5457273181893
DATAFLOW,OECD.SDD.STES:DSD_KEI@DF_KEI(4.0),I,DEU,M,CP,IX,_Z,_Z,_Z,2008-02,91.2396384245858
DATAFLOW,OECD.SDD.STES:DSD_KEI@DF_KEI(4.0),I,DEU,M,CP,IX,_Z,_Z,_Z,2007-10,90.12013365864
DATAFLOW,OECD.SDD.STES:DSD_KEI@DF_KEI(4.0),I,DEU,M,CP,IX,_Z,_Z,_Z,2026-01,129.466066655732
DATAFLOW,OECD.SDD.STES:DSD_KEI@DF_KEI(4.0),I,DEU,M,CP,IX,_Z,_Z,_Z,2023-12,123.772933431457
DATAFLOW,OECD.SDD.STES:DSD_KEI@DF_KEI(4.0),I,DEU,M,CP,IX,_Z,_Z,_Z,2009-03,92.07926699904527
DATAFLOW,OECD.SDD.STES:DSD_KEI@DF_KEI(4.0),I,DEU,M,CP,IX,_Z,_Z,_Z,2009-05,92.07926699904527
DATAFLOW,OECD.SDD.STES:DSD_KEI@DF_KEI(4.0),I,DEU,M,CP,IX,_Z,_Z,_Z,2008-05,92.07926699904527
DATAFLOW,OECD.SDD.STES:DSD_KEI@DF_KEI(4.0),I,DEU,M,CP,GR,_Z,_Z,GY,2026-01,2.07813798836243
DATAFLOW,OECD.SDD.STES:DSD_KEI@DF_KEI(4.0),I,DEU,M,CP,GR,_Z,_Z,G1,2026-01,0.0814995925020323
DATAFLOW,OECD.SDD.STES:DSD_KEI@DF_KEI(4.0),I,DEU,M,CP,GR,_Z,_Z,GY,2025-12,1.82572614107883
DATAFLOW,OECD.SDD.STES:DSD_KEI@DF_KEI(4.0),I,DEU,M,CP,GR,_Z,_Z,GY,2025-11,2.33527939949958
DATAFLOW,OECD.SDD.STES:DSD_KEI@DF_KEI(4.0),I,DEU,M,CP,GR,_Z,_Z,GY,2025-05,2.09555741827325
DATAFLOW,OECD.SDD.STES:DSD_KEI@DF_KEI(4.0),I,DEU,M,CP,GR,_Z,_Z,GY,2025-04,2.09731543624163
DATAFLOW,OECD.SDD.STES:DSD_KEI@DF_KEI(4.0),I,DEU,M,CP,GR,_Z,_Z,GY,2025-01,2.29591836734695
DATAFLOW,OECD.SDD.STES:DSD_KEI@DF_KEI(4.0),I,DEU,M,CP,GR,_Z,_Z,GY,2024-06,2.2260273972603
DATAFLOW,OECD.SDD.STES:DSD_KEI@DF_KEI(4.0),I,DEU,M,CP,GR,_Z,_Z,GY,2024-05,2.40343347639485
DATAFLOW,OECD.SDD.STES:DSD_KEI@DF_KEI(4.0),I,DEU,M,CP,GR,_Z,_Z,GY,2024-02,2.51736111111109
DATAFLOW,OECD.SDD.STES:DSD_KEI@DF_KEI(4.0),I,DEU,M,CP,GR,_Z,_Z,GY,2023-12,3.71024734982333
DATAFLOW,OECD.SDD.STES:DSD_KEI@DF_KEI(4.0),I,DEU,M,CP,GR,_Z,_Z,GY,2023-09,4.52528837622004
DATAFLOW,OECD.SDD.STES:DSD_KEI@DF_KEI(4.0),I,DEU,M,CP,GR,_Z,_Z,GY,2023-03,7.40055504162813
DATAFLOW,OECD.SDD.STES:DSD_KEI@DF_KEI(4.0),I,DEU,M,CP,GR,_Z,_Z,GY,2022-08,6.95652173913044
DATAFLOW,OECD.SDD.STES:DSD_KEI@DF_KEI(4.0),I,DEU,M,CP,GR,_Z,_Z,GY,2022-05,7.01754385964912
DATAFLOW,OECD.SDD.STES:DSD_KEI@DF_KEI(4.0),I,DEU,M,CP,GR,_Z,_Z,GY,2022-01,4.15841584158416
DATAFLOW,OECD.SDD.STES:DSD_KEI@DF_KEI(4.0),I,DEU,M,CP,GR,_Z,_Z,GY,2021-10,4.40440440440439
DATAFLOW,OECD.SDD.STES:DSD_KEI@DF_KEI(4.0),I,DEU,M,CP,GR,_Z,_Z,GY,2021-09,4.11233701103311
DATAFLOW,OECD.SDD.STES:DSD_KEI@DF_KEI(4.0),I,DEU,M,CP,GR,_Z,_Z,GY,2021-07,3.71113340020059
DATAFLOW,OECD.SDD.STES:DSD_KEI@DF_KEI(4.0),I,DEU,M,CP,GR,_Z,_Z,GY,2020-11,-0.195072005359254
DATAFLOW,OECD.SDD.STES:DSD_KEI@DF_KEI(4.0),I,DEU,M,CP,GR,_Z,_Z,GY,2020-06,0.225048014667451
DATAFLOW,OECD.SDD.STES:DSD_KEI@DF_KEI(4.0),I,DEU,M,CP,GR,_Z,_Z,GY,2020-01,1.74081237911021
DATAFLOW,OECD.SDD.STES:DSD_KEI@DF_KEI(4.0),I,DEU,M,CP,GR,_Z,_Z,GY,2019-11,1.0556621880998
DATAFLOW,OECD.SDD.STES:DSD_KEI@DF_KEI(4.0),I,DEU,M,CP,GR,_Z,_Z,GY,2019-09,1.24164278892105
DATAFLOW,OECD.SDD.STES:DSD_KEI@DF_KEI(4.0),I,DEU,M,CP,GR,_Z,_Z,GY,2019-06,1.63461538461493
DATAFLOW,OECD.SDD.STES:DSD_KEI@DF_KEI(4.0),I,DEU,M,CP,GR,_Z,_Z,GY,2019-05,1.44369586140523
DATAFLOW,OECD.SDD.STES:DSD_KEI@DF_KEI(4.0),I,DEU,M,CP,GR,_Z,_Z,GY,2019-02,1.46627565982407
DATAFLOW,OECD.SDD.STES:DSD_KEI@DF_KEI(4.0),I,DEU,M,CP,GR,_Z,_Z,GY,2018-11,2.05680705190987
DATAFLOW,OECD.SDD.STES:DSD_KEI@DF_KEI(4.0),I,DEU,M,CP,GR,_Z,_Z,GY,2018-10,2.34146341463415
DATAFLOW,OECD.SDD.STES:DSD_KEI@DF_KEI(4.0),I,DEU,M,CP,GR,_Z,_Z,GY,2018-08,1.85185185185193
DATAFLOW,OECD.SDD.STES:DSD_KEI@DF_KEI(4.0),I,DEU,M,CP,GR,_Z,_Z,GY,2018-06,1.86092066601369
DATAFLOW,OECD.SDD.STES:DSD_KEI@DF_KEI(4.0),I,DEU,M,CP,GR,_Z,_Z,GY,2018-03,1.47928994082844
DATAFLOW,OECD.SDD.STES:DSD_KEI@DF_KEI(4.0),I,DEU,M,CP,GR,_Z,_Z,GY,2017-09,1.68316831683164
DATAFLOW,OECD.SDD.STES:DSD_KEI@DF_KEI(4.0),I,DEU,M,CP,GR,_Z,_Z,GY,2017-04,1.69830169830176
DATAFLOW,OECD.SDD.STES:DSD_KEI@DF_KEI(4.0),I,DEU,M,CP,GR,_Z,_Z,GY,2016-05,0.199203187251018
DATAFLOW,OECD.SDD.STES:DSD_KEI@DF_KEI(4.0),I,DEU,M,CP,GR,_Z,_Z,GY,2016-01,0.507614213197916
DATAFLOW,OECD.SDD.STES:DSD_KEI@DF_KEI(4.0),I,DEU,M,CP,GR,_Z,_Z,GY,2015-05,1.16255104766994
DATAFLOW,OECD.SDD.STES:DSD_KEI@DF_KEI(4.0),I,DEU,M,CP,GR,_Z,_Z,GY,2014-02,1.23691722169359
DATAFLOW,OECD.SDD.STES:DSD_KEI@DF_KEI(4.0),I,DEU,M,CP,GR,_Z,_Z,GY,2013-09,1.43403441682599
DATAFLOW,OECD.SDD.STES:DSD_KEI@DF_KEI(4.0),I,DEU,M,CP,GR,_Z,_Z,GY,2012-12,2.04081632653055
DATAFLOW,OECD.SDD.STES:DSD_KEI@DF_KEI(4.0),I,DEU,M,CP,GR,_Z,_Z,GY,2012-10,2.04878048780492
DATAFLOW,OECD.SDD.STES:DSD_KEI@DF_KEI(4.0),I,DEU,M,CP,GR,_Z,_Z,GY,2012-09,2.04878048780492
DATAFLOW,OECD.SDD.STES:DSD_KEI@DF_KEI(4.0),I,DEU,M,CP,GR,_Z,_Z,GY,2012-08,2.1505376344086
DATAFLOW,OECD.SDD.STES:DSD_KEI@DF_KEI(4.0),I,DEU,M,CP,GR,_Z,_Z,GY,2012-07,1.8590998043053
DATAFLOW,OECD.SDD.STES:DSD_KEI@DF_KEI(4.0),I,DEU,M,CP,GR,_Z,_Z,GY,2012-06,1.66666666666666
DATAFLOW,OECD.SDD.STES:DSD_KEI@DF_KEI(4.0),I,DEU,M,CP,GR,_Z,_Z,GY,2011-08,2.09580838323347
DATAFLOW,OECD.SDD.STES:DSD_KEI@DF_KEI(4.0),I,DEU,M,CP,GR,_Z,_Z,GY,2011-06,2.10210210210213
DATAFLOW,OECD.SDD.STES:DSD_KEI@DF_KEI(4.0),I,DEU,M,CP,GR,_Z,_Z,GY,2010-05,1.21580547112452
DATAFLOW,OECD.SDD.STES:DSD_KEI@DF_KEI(4.0),I,DEU,M,CP,GR,_Z,_Z,GY,2009-09,-0.201816347124129
DATAFLOW,OECD.SDD.STES:DSD_KEI@DF_KEI(4.0),I,DEU,M,CP,GR,_Z,_Z,GY,2009-06,0.101112234580447
DATAFLOW,OECD.SDD.STES:DSD_KEI@DF_KEI(4.0),I,DEU,M,CP,GR,_Z,_Z,GY,2008-06,3.23590814196246
DATAFLOW,OECD.SDD.STES:DSD_KEI@DF_KEI(4.0),I,DEU,M,CP,GR,_Z,_Z,GY,2008-04,2.40083507306896
DATAFLOW,OECD.SDD.STES:DSD_KEI@DF_KEI(4.0),I,DEU,M,CP,GR,_Z,_Z,GY,2008-01,2.85110876451953
DATAFLOW,OECD.SDD.STES:DSD_KEI@DF_KEI(4.0),I,DEU,M,CP,GR,_Z,_Z,GY,2007-11,3.29787234042556
DATAFLOW,OECD.SDD.STES:DSD_KEI@DF_KEI(4.0),I,DEU,M,CP,GR,_Z,_Z,GY,2007-02,1.711229946524
DATAFLOW,OECD.SDD.STES:DSD_KEI@DF_KEI(4.0),I,DEU,M,CP,GR,_Z,_Z,GY,2007-01,1.71858216971004
DATAFLOW,OECD.SDD.STES:DSD_KEI@DF_KEI(4.0),I,DEU,M,CP,IX,_Z,_Z,_Z,2023-07,123.456648252331
DATAFLOW,OECD.SDD.STES:DSD_KEI@DF_KEI(4.0),I,DEU,M,CP,IX,_Z,_Z,_Z,2023-06,123.140363073204
DATAFLOW,OECD.SDD.STES:DSD_KEI@DF_KEI(4.0),I,DEU,M,CP,IX,_Z,_Z,_Z,2023-05,122.824077894078
DATAFLOW,OECD.SDD.STES:DSD_KEI@DF_KEI(4.0),I,DEU,M,CP,IX,_Z,_Z,_Z,2023-04,122.92950628712
DATAFLOW,OECD.SDD.STES:DSD_KEI@DF_KEI(4.0),I,DEU,M,CP,IX,_Z,_Z,_Z,2023-02,121.45350878453
DATAFLOW,OECD.SDD.STES:DSD_KEI@DF_KEI(4.0),I,DEU,M,CP,IX,_Z,_Z,_Z,2023-01,120.504653247151
DATAFLOW,OECD.SDD.STES:DSD_KEI@DF_KEI(4.0),I,DEU,M,CP,IX,_Z,_Z,_Z,2022-12,119.344940923688
DATAFLOW,OECD.SDD.STES:DSD_KEI@DF_KEI(4.0),I,DEU,M,CP,IX,_Z,_Z,_Z,2022-11,119.872082888898
DATAFLOW,OECD.SDD.STES:DSD_KEI@DF_KEI(4.0),I,DEU,M,CP,IX,_Z,_Z,_Z,2022-10,119.661226102814
DATAFLOW,OECD.SDD.STES:DSD_KEI@DF_KEI(4.0),I,DEU,M,CP,IX,_Z,_Z,_Z,2022-09,118.817798958477
DATAFLOW,OECD.SDD.STES:DSD_KEI@DF_KEI(4.0),I,DEU,M,CP,IX,_Z,_Z,_Z,2022-05,115.760375560255
DATAFLOW,OECD.SDD.STES:DSD_KEI@DF_KEI(4.0),I,DEU,M,CP,IX,_Z,_Z,_Z,2022-01,110.910669480317
DATAFLOW,OECD.SDD.STES:DSD_KEI@DF_KEI(4.0),I,DEU,M,CP,IX,_Z,_Z,_Z,2021-11,110.172670729023
DATAFLOW,OECD.SDD.STES:DSD_KEI@DF_KEI(4.0),I,DEU,M,CP,IX,_Z,_Z,_Z,2021-10,109.961813942938
DATAFLOW,OECD.SDD.STES:DSD_KEI@DF_KEI(4.0),I,DEU,M,CP,IX,_Z,_Z,_Z,2021-09,109.434671977728
DATAFLOW,OECD.SDD.STES:DSD_KEI@DF_KEI(4.0),I,DEU,M,CP,IX,_Z,_Z,_Z,2021-08,109.118386798601
DATAFLOW,OECD.SDD.STES:DSD_KEI@DF_KEI(4.0),I,DEU,M,CP,IX,_Z,_Z,_Z,2021-04,107.958674475138
DATAFLOW,OECD.SDD.STES:DSD_KEI@DF_KEI(4.0),I,DEU,M,CP,IX,_Z,_Z,_Z,2021-01,106.482676972548
DATAFLOW,OECD.SDD.STES:DSD_KEI@DF_KEI(4.0),I,DEU,M,CP,IX,_Z,_Z,_Z,2020-12,105.217536256043
DATAFLOW,OECD.SDD.STES:DSD_KEI@DF_KEI(4.0),I,DEU,M,CP,GR,_Z,_Z,G1,2025-11,-0.243902439024379
DATAFLOW,OECD.SDD.STES:DSD_KEI@DF_KEI(4.0),I,DEU,M,CP,GR,_Z,_Z,G1,2025-08,0.0818330605564688
DATAFLOW,OECD.SDD.STES:DSD_KEI@DF_KEI(4.0),I,DEU,M,CP,GR,_Z,_Z,G1,2025-07,0.328407224958949
DATAFLOW,OECD.SDD.STES:DSD_KEI@DF_KEI(4.0),I,DEU,M,CP,GR,_Z,_Z,G1,2025-01,-0.165975103734439
DATAFLOW,OECD.SDD.STES:DSD_KEI@DF_KEI(4.0),I,DEU,M,CP,GR,_Z,_Z,GY,2024-09,1.61290322580647
DATAFLOW,OECD.SDD.STES:DSD_KEI@DF_KEI(4.0),I,DEU,M,CP,GR,_Z,_Z,GY,2024-08,1.87234042553193
DATAFLOW,OECD.SDD.STES:DSD_KEI@DF_KEI(4.0),I,DEU,M,CP,GR,_Z,_Z,GY,2024-07,2.30572160546541
DATAFLOW,OECD.SDD.STES:DSD_KEI@DF_KEI(4.0),I,DEU,M,CP,GR,_Z,_Z,GY,2024-04,2.22984562607205
DATAFLOW,OECD.SDD.STES:DSD_KEI@DF_KEI(4.0),I,DEU,M,CP,GR,_Z,_Z,GY,2024-03,2.15331610680447
DATAFLOW,OECD.SDD.STES:DSD_KEI@DF_KEI(4.0),I,DEU,M,CP,GR,_Z,_Z,GY,2024-01,2.88713910761154
DATAFLOW,OECD.SDD.STES:DSD_KEI@DF_KEI(4.0),I,DEU,M,CP,GR,_Z,_Z,GY,2023-11,3.16622691292876
DATAFLOW,OECD.SDD.STES:DSD_KEI@DF_KEI(4.0),I,DEU,M,CP,GR,_Z,_Z,GY,2023-10,3.7885462555066
DATAFLOW,OECD.SDD.STES:DSD_KEI@DF_KEI(4.0),I,DEU,M,CP,GR,_Z,_Z,GY,2023-08,6.1427280939476
DATAFLOW,OECD.SDD.STES:DSD_KEI@DF_KEI(4.0),I,DEU,M,CP,GR,_Z,_Z,GY,2023-07,6.16500453309157
DATAFLOW,OECD.SDD.STES:DSD_KEI@DF_KEI(4.0),I,DEU,M,CP,GR,_Z,_Z,GY,2023-06,6.37522768670309
DATAFLOW,OECD.SDD.STES:DSD_KEI@DF_KEI(4.0),I,DEU,M,CP,GR,_Z,_Z,GY,2023-05,6.10200364298725
DATAFLOW,OECD.SDD.STES:DSD_KEI@DF_KEI(4.0),I,DEU,M,CP,GR,_Z,_Z,GY,2023-04,7.16911764705881
DATAFLOW,OECD.SDD.STES:DSD_KEI@DF_KEI(4.0),I,DEU,M,CP,GR,_Z,_Z,GY,2023-02,8.67924528301887
DATAFLOW,OECD.SDD.STES:DSD_KEI@DF_KEI(4.0),I,DEU,M,CP,GR,_Z,_Z,GY,2023-01,8.65019011406845
DATAFLOW,OECD.SDD.STES:DSD_KEI@DF_KEI(4.0),I,DEU,M,CP,GR,_Z,_Z,GY,2022-11,8.80382775119619
DATAFLOW,OECD.SDD.STES:DSD_KEI@DF_KEI(4.0),I,DEU,M,CP,GR,_Z,_Z,GY,2022-10,8.82070949185043
DATAFLOW,OECD.SDD.STES:DSD_KEI@DF_KEI(4.0),I,DEU,M,CP,GR,_Z,_Z,GY,2022-09,8.57418111753372
DATAFLOW,OECD.SDD.STES:DSD_KEI@DF_KEI(4.0),I,DEU,M,CP,IX,_Z,_Z,_Z,2020-04,105.850106614295
DATAFLOW,OECD.SDD.STES:DSD_KEI@DF_KEI(4.0),I,DEU,M,CP,IX,_Z,_Z,_Z,2020-02,105.533821435169
DATAFLOW,OECD.SDD.STES:DSD_KEI@DF_KEI(4.0),I,DEU,M,CP,IX,_Z,_Z,_Z,2020-01,105.217536256043
DATAFLOW,OECD.SDD.STES:DSD_KEI@DF_KEI(4.0),I,DEU,M,CP,IX,_Z,_Z,_Z,2019-11,105.317552925488
DATAFLOW,OECD.SDD.STES:DSD_KEI@DF_KEI(4.0),I,DEU,M,CP,IX,_Z,_Z,_Z,2019-09,106.017669611602
DATAFLOW,OECD.SDD.STES:DSD_KEI@DF_KEI(4.0),I,DEU,M,CP,IX,_Z,_Z,_Z,2019-03,104.217369561594
DATAFLOW,OECD.SDD.STES:DSD_KEI@DF_KEI(4.0),I,DEU,M,CP,IX,_Z,_Z,_Z,2019-01,103.417236206034
DATAFLOW,OECD.SDD.STES:DSD_KEI@DF_KEI(4.0),I,KOR,M,CP,GR,_Z,_Z,G1,2009-09,0.0888794084186628
DATAFLOW,OECD.SDD.STES:DSD_KEI@DF_KEI(4.0),I,KOR,M,CP,GR,_Z,_Z,G1,2009-08,0.354399067621247
DATAFLOW,OECD.SDD.STES:DSD_KEI@DF_KEI(4.0),I,KOR,M,CP,GR,_Z,_Z,G1,2009-07,0.355659521649887
DATAFLOW,OECD.SDD.STES:DSD_KEI@DF_KEI(4.0),I,KOR,M,CP,GR,_Z,_Z,G1,2009-06,-0.088240204144896
DATAFLOW,OECD.SDD.STES:DSD_KEI@DF_KEI(4.0),I,KOR,M,CP,GR,_Z,_Z,G1,2009-04,0.265423242467699
DATAFLOW,OECD.SDD.STES:DSD_KEI@DF_KEI(4.0),I,KOR,M,CP,GR,_Z,_Z,G1,2009-03,0.716479017400196
DATAFLOW,OECD.SDD.STES:DSD_KEI@DF_KEI(4.0),I,KOR,M,CP,GR,_Z,_Z,G1,2009-01,0.0910470409711817
DATAFLOW,OECD.SDD.STES:DSD_KEI@DF_KEI(4.0),I,KOR,M,CP,GR,_Z,_Z,G1,2008-11,-0.269982324027229
DATAFLOW,OECD.SDD.STES:DSD_KEI@DF_KEI(4.0),I,KOR,M,CP,GR,_Z,_Z,G1,2008-10,-0.090718856216665
DATAFLOW,OECD.SDD.STES:DSD_KEI@DF_KEI(4.0),I,DEU,M,CP,IX,_Z,_Z,_Z,2025-06,128.411782725311
DATAFLOW,OECD.SDD.STES:DSD_KEI@DF_KEI(4.0),I,DEU,M,CP,IX,_Z,_Z,_Z,2025-05,128.411782725311
DATAFLOW,OECD.SDD.STES:DSD_KEI@DF_KEI(4.0),I,DEU,M,CP,IX,_Z,_Z,_Z,2025-03,127.779212367058
DATAFLOW,OECD.SDD.STES:DSD_KEI@DF_KEI(4.0),I,DEU,M,CP,IX,_Z,_Z,_Z,2025-01,126.830356829679
DATAFLOW,OECD.SDD.STES:DSD_KEI@DF_KEI(4.0),I,DEU,M,CP,IX,_Z,_Z,_Z,2024-10,126.724928436637
DATAFLOW,OECD.SDD.STES:DSD_KEI@DF_KEI(4.0),I,DEU,M,CP,IX,_Z,_Z,_Z,2024-08,126.197786471426
DATAFLOW,OECD.SDD.STES:DSD_KEI@DF_KEI(4.0),I,DEU,M,CP,IX,_Z,_Z,_Z,2024-07,126.303214864468
DATAFLOW,OECD.SDD.STES:DSD_KEI@DF_KEI(4.0),I,DEU,M,CP,IX,_Z,_Z,_Z,2023-11,123.667505038415
DATAFLOW,OECD.SDD.STES:DSD_KEI@DF_KEI(4.0),I,DEU,M,CP,IX,_Z,_Z,_Z,2023-09,124.194647003625
DATAFLOW,OECD.SDD.STES:DSD_KEI@DF_KEI(4.0),I,DEU,M,CP,IX,_Z,_Z,_Z,2022-07,116.287517525466
DATAFLOW,OECD.SDD.STES:DSD_KEI@DF_KEI(4.0),I,DEU,M,CP,IX,_Z,_Z,_Z,2011-02,94.5048606585946
DATAFLOW,OECD.SDD.STES:DSD_KEI@DF_KEI(4.0),I,DEU,M,CP,IX,_Z,_Z,_Z,2009-11,92.1725590628741
DATAFLOW,OECD.SDD.STES:DSD_KEI@DF_KEI(4.0),I,DEU,M,CP,IX,_Z,_Z,_Z,2009-04,92.1725590628741
DATAFLOW,OECD.SDD.STES:DSD_KEI@DF_KEI(4.0),I,DEU,M,CP,IX,_Z,_Z,_Z,2009-01,91.70609874373
DATAFLOW,OECD.SDD.STES:DSD_KEI@DF_KEI(4.0),I,DEU,M,CP,IX,_Z,_Z,_Z,2008-12,92.1725590628741
DATAFLOW,OECD.SDD.STES:DSD_KEI@DF_KEI(4.0),I,DEU,M,CP,IX,_Z,_Z,_Z,2008-03,91.70609874373
DATAFLOW,OECD.SDD.STES:DSD_KEI@DF_KEI(4.0),I,DEU,M,CP,IX,_Z,_Z,_Z,2007-01,88.3475844458925
DATAFLOW,OECD.SDD.STES:DSD_KEI@DF_KEI(4.0),I,DEU,M,CP,IX,_Z,_Z,_Z,2025-12,129.36063826269
DATAFLOW,OECD.SDD.STES:DSD_KEI@DF_KEI(4.0),I,DEU,M,CP,IX,_Z,_Z,_Z,2025-11,129.36063826269
DATAFLOW,OECD.SDD.STES:DSD_KEI@DF_KEI(4.0),I,DEU,M,CP,IX,_Z,_Z,_Z,2025-10,129.676923441816
DATAFLOW,OECD.SDD.STES:DSD_KEI@DF_KEI(4.0),I,DEU,M,CP,IX,_Z,_Z,_Z,2025-09,129.255209869648
DATAFLOW,OECD.SDD.STES:DSD_KEI@DF_KEI(4.0),I,DEU,M,CP,IX,_Z,_Z,_Z,2025-08,128.938924690521
DATAFLOW,OECD.SDD.STES:DSD_KEI@DF_KEI(4.0),I,DEU,M,CP,IX,_Z,_Z,_Z,2025-07,128.833496297479
DATAFLOW,OECD.SDD.STES:DSD_KEI@DF_KEI(4.0),I,DEU,M,CP,IX,_Z,_Z,_Z,2025-04,128.306354332268
DATAFLOW,OECD.SDD.STES:DSD_KEI@DF_KEI(4.0),I,DEU,M,CP,IX,_Z,_Z,_Z,2025-02,127.357498794889
DATAFLOW,OECD.SDD.STES:DSD_KEI@DF_KEI(4.0),I,DEU,M,CP,IX,_Z,_Z,_Z,2024-12,127.04121361576298
DATAFLOW,OECD.SDD.STES:DSD_KEI@DF_KEI(4.0),I,DEU,M,CP,IX,_Z,_Z,_Z,2024-11,126.40864325751
DATAFLOW,OECD.SDD.STES:DSD_KEI@DF_KEI(4.0),I,DEU,M,CP,IX,_Z,_Z,_Z,2024-09,126.197786471426
DATAFLOW,OECD.SDD.STES:DSD_KEI@DF_KEI(4.0),I,DEU,M,CP,IX,_Z,_Z,_Z,2024-06,125.8815012923
DATAFLOW,OECD.SDD.STES:DSD_KEI@DF_KEI(4.0),I,DEU,M,CP,IX,_Z,_Z,_Z,2024-05,125.776072899257
DATAFLOW,OECD.SDD.STES:DSD_KEI@DF_KEI(4.0),I,DEU,M,CP,IX,_Z,_Z,_Z,2024-04,125.67064450621498
DATAFLOW,OECD.SDD.STES:DSD_KEI@DF_KEI(4.0),I,KOR,M,CP,IX,_Z,_Z,_Z,2012-05,96.74057897044
DATAFLOW,OECD.SDD.STES:DSD_KEI@DF_KEI(4.0),I,KOR,M,CP,IX,_Z,_Z,_Z,2011-11,95.4386729343222
DATAFLOW,OECD.SDD.STES:DSD_KEI@DF_KEI(4.0),I,KOR,M,CP,IX,_Z,_Z,_Z,2011-08,95.6210451968715
DATAFLOW,OECD.SDD.STES:DSD_KEI@DF_KEI(4.0),I,KOR,M,CP,IX,_Z,_Z,_Z,2011-07,94.983269365413
DATAFLOW,OECD.SDD.STES:DSD_KEI@DF_KEI(4.0),I,KOR,M,CP,GR,_Z,_Z,G1,2021-06,0.0
DATAFLOW,OECD.SDD.STES:DSD_KEI@DF_KEI(4.0),I,KOR,M,CP,GR,_Z,_Z,G1,2015-10,0.0
DATAFLOW,OECD.SDD.STES:DSD_KEI@DF_KEI(4.0),I,KOR,M,CP,GR,_Z,_Z,G1,2013-05,0.0
DATAFLOW,OECD.SDD.STES:DSD_KEI@DF_KEI(4.0),I,KOR,M,CP,GR,_Z,_Z,G1,2010-10,0.0
DATAFLOW,OECD.SDD.STES:DSD_KEI@DF_KEI(4.0),I,KOR,M,CP,GR,_Z,_Z,G1,2009-05,0.0
DATAFLOW,OECD.SDD.STES:DSD_KEI@DF_KEI(4.0),I,KOR,M,CP,GR,_Z,_Z,G1,2008-12,0.0
DATAFLOW,OECD.SDD.STES:DSD_KEI@DF_KEI(4.0),I,KOR,M,CP,GR,_Z,_Z,G1,2007-11,0.0
DATAFLOW,OECD.SDD.STES:DSD_KEI@DF_KEI(4.0),I,KOR,M,CP,GR,_Z,_Z,G1,2007-06,0.0
DATAFLOW,OECD.SDD.STES:DSD_KEI@DF_KEI(4.0),I,KOR,M,CP,GR,_Z,_Z,GY,2019-10,0.0
DATAFLOW,OECD.SDD.STES:DSD_KEI@DF_KEI(4.0),I,KOR,M,CP,GR,_Z,_Z,GY,2021-05,2.62469831053902
DATAFLOW,OECD.SDD.STES:DSD_KEI@DF_KEI(4.0),I,KOR,M,CP,GR,_Z,_Z,GY,2015-07,0.735278537071182
DATAFLOW,OECD.SDD.STES:DSD_KEI@DF_KEI(4.0),I,KOR,M,CP,GR,_Z,_Z,GY,2014-09,1.14644772476691
DATAFLOW,OECD.SDD.STES:DSD_KEI@DF_KEI(4.0),I,KOR,M,CP,GR,_Z,_Z,GY,2012-06,2.19582915133265
DATAFLOW,OECD.SDD.STES:DSD_KEI@DF_KEI(4.0),I,KOR,M,CP,GR,_Z,_Z,GY,2012-05,2.53863257986302
DATAFLOW,OECD.SDD.STES:DSD_KEI@DF_KEI(4.0),I,DEU,M,CP,IX,_Z,_Z,_Z,2020-11,105.112107863001
DATAFLOW,OECD.SDD.STES:DSD_KEI@DF_KEI(4.0),I,DEU,M,CP,IX,_Z,_Z,_Z,2020-08,105.112107863001
DATAFLOW,OECD.SDD.STES:DSD_KEI@DF_KEI(4.0),I,DEU,M,CP,IX,_Z,_Z,_Z,2020-06,105.955535007338
DATAFLOW,OECD.SDD.STES:DSD_KEI@DF_KEI(4.0),I,DEU,M,CP,IX,_Z,_Z,_Z,2020-05,105.850106614295
DATAFLOW,OECD.SDD.STES:DSD_KEI@DF_KEI(4.0),I,DEU,M,CP,IX,_Z,_Z,_Z,2020-03,105.744678221253
DATAFLOW,OECD.SDD.STES:DSD_KEI@DF_KEI(4.0),I,DEU,M,CP,IX,_Z,_Z,_Z,2019-12,105.817636272713
DATAFLOW,OECD.SDD.STES:DSD_KEI@DF_KEI(4.0),I,DEU,M,CP,IX,_Z,_Z,_Z,2019-10,106.117686281047
DATAFLOW,OECD.SDD.STES:DSD_KEI@DF_KEI(4.0),I,DEU,M,CP,IX,_Z,_Z,_Z,2019-08,106.017669611602
DATAFLOW,OECD.SDD.STES:DSD_KEI@DF_KEI(4.0),I,DEU,M,CP,IX,_Z,_Z,_Z,2019-07,106.217702950492
DATAFLOW,OECD.SDD.STES:DSD_KEI@DF_KEI(4.0),I,DEU,M,CP,IX,_Z,_Z,_Z,2019-06,105.717619603267
DATAFLOW,OECD.SDD.STES:DSD_KEI@DF_KEI(4.0),I,DEU,M,CP,IX,_Z,_Z,_Z,2019-05,105.417569594932
DATAFLOW,OECD.SDD.STES:DSD_KEI@DF_KEI(4.0),I,DEU,M,CP,IX,_Z,_Z,_Z,2019-04,105.217536256043
DATAFLOW,OECD.SDD.STES:DSD_KEI@DF_KEI(4.0),I,DEU,M,CP,IX,_Z,_Z,_Z,2019-02,103.817302883814
DATAFLOW,OECD.SDD.STES:DSD_KEI@DF_KEI(4.0),I,DEU,M,CP,IX,_Z,_Z,_Z,2018-12,104.217369561594
DATAFLOW,OECD.SDD.STES:DSD_KEI@DF_KEI(4.0),I,DEU,M,CP,IX,_Z,_Z,_Z,2018-10,104.917486247708
DATAFLOW,OECD.SDD.STES:DSD_KEI@DF_KEI(4.0),I,DEU,M,CP,IX,_Z,_Z,_Z,2018-09,104.717452908818
DATAFLOW,OECD.SDD.STES:DSD_KEI@DF_KEI(4.0),I,DEU,M,CP,IX,_Z,_Z,_Z,2018-08,104.517419569928
DATAFLOW,OECD.SDD.STES:DSD_KEI@DF_KEI(4.0),I,DEU,M,CP,IX,_Z,_Z,_Z,2018-07,104.417402900483
DATAFLOW,OECD.SDD.STES:DSD_KEI@DF_KEI(4.0),I,DEU,M,CP,IX,_Z,_Z,_Z,2018-06,104.017336222704
DATAFLOW,OECD.SDD.STES:DSD_KEI@DF_KEI(4.0),I,DEU,M,CP,IX,_Z,_Z,_Z,2018-02,102.31705284214
DATAFLOW,OECD.SDD.STES:DSD_KEI@DF_KEI(4.0),I,DEU,M,CP,IX,_Z,_Z,_Z,2018-01,102.017002833806
DATAFLOW,OECD.SDD.STES:DSD_KEI@DF_KEI(4.0),I,DEU,M,CP,IX,_Z,_Z,_Z,2017-12,102.617102850475
DATAFLOW,OECD.SDD.STES:DSD_KEI@DF_KEI(4.0),I,DEU,M,CP,IX,_Z,_Z,_Z,2017-11,102.117019503251
DATAFLOW,OECD.SDD.STES:DSD_KEI@DF_KEI(4.0),I,DEU,M,CP,IX,_Z,_Z,_Z,2017-10,102.51708618103
DATAFLOW,OECD.SDD.STES:DSD_KEI@DF_KEI(4.0),I,DEU,M,CP,IX,_Z,_Z,_Z,2017-09,102.71711951992
DATAFLOW,OECD.SDD.STES:DSD_KEI@DF_KEI(4.0),I,DEU,M,CP,IX,_Z,_Z,_Z,2017-08,102.617102850475
DATAFLOW,OECD.SDD.STES:DSD_KEI@DF_KEI(4.0),I,DEU,M,CP,IX,_Z,_Z,_Z,2017-06,102.117019503251
DATAFLOW,OECD.SDD.STES:DSD_KEI@DF_KEI(4.0),I,DEU,M,CP,IX,_Z,_Z,_Z,2017-04,101.816969494916
DATAFLOW,OECD.SDD.STES:DSD_KEI@DF_KEI(4.0),I,DEU,M,CP,IX,_Z,_Z,_Z,2017-01,100.616769461577
DATAFLOW,OECD.SDD.STES:DSD_KEI@DF_KEI(4.0),I,DEU,M,CP,IX,_Z,_Z,_Z,2016-12,101.216869478246
DATAFLOW,OECD.SDD.STES:DSD_KEI@DF_KEI(4.0),I,DEU,M,CP,IX,_Z,_Z,_Z,2016-11,100.516752792132
DATAFLOW,OECD.SDD.STES:DSD_KEI@DF_KEI(4.0),I,DEU,M,CP,IX,_Z,_Z,_Z,2016-10,101.216869478246
DATAFLOW,OECD.SDD.STES:DSD_KEI@DF_KEI(4.0),I,DEU,M,CP,IX,_Z,_Z,_Z,2016-09,101.01683613935698
DATAFLOW,OECD.SDD.STES:DSD_KEI@DF_KEI(4.0),I,DEU,M,CP,IX,_Z,_Z,_Z,2016-08,101.01683613935698
DATAFLOW,OECD.SDD.STES:DSD_KEI@DF_KEI(4.0),I,DEU,M,CP,IX,_Z,_Z,_Z,2016-07,101.116852808801
DATAFLOW,OECD.SDD.STES:DSD_KEI@DF_KEI(4.0),I,DEU,M,CP,IX,_Z,_Z,_Z,2016-06,100.716786131022
DATAFLOW,OECD.SDD.STES:DSD_KEI@DF_KEI(4.0),I,DEU,M,CP,IX,_Z,_Z,_Z,2016-02,99.3165527587931
DATAFLOW,OECD.SDD.STES:DSD_KEI@DF_KEI(4.0),I,DEU,M,CP,IX,_Z,_Z,_Z,2015-11,99.7166194365727
DATAFLOW,OECD.SDD.STES:DSD_KEI@DF_KEI(4.0),I,DEU,M,CP,IX,_Z,_Z,_Z,2015-10,100.416736122687
DATAFLOW,OECD.SDD.STES:DSD_KEI@DF_KEI(4.0),I,DEU,M,CP,IX,_Z,_Z,_Z,2015-07,100.616769461577
DATAFLOW,OECD.SDD.STES:DSD_KEI@DF_KEI(4.0),I,DEU,M,CP,IX,_Z,_Z,_Z,2015-05,100.416736122687
DATAFLOW,OECD.SDD.STES:DSD_KEI@DF_KEI(4.0),I,DEU,M,CP,IX,_Z,_Z,_Z,2015-04,100.216702783797
DATAFLOW,OECD.SDD.STES:DSD_KEI@DF_KEI(4.0),I,DEU,M,CP,IX,_Z,_Z,_Z,2015-03,99.7166194365727
DATAFLOW,OECD.SDD.STES:DSD_KEI@DF_KEI(4.0),I,DEU,M,CP,IX,_Z,_Z,_Z,2014-05,99.2627559138644
DATAFLOW,OECD.SDD.STES:DSD_KEI@DF_KEI(4.0),I,DEU,M,CP,GR,_Z,_Z,G1,2021-04,0.293829578844274
DATAFLOW,OECD.SDD.STES:DSD_KEI@DF_KEI(4.0),I,DEU,M,CP,GR,_Z,_Z,G1,2020-10,0.200601805416256
DATAFLOW,OECD.SDD.STES:DSD_KEI@DF_KEI(4.0),I,DEU,M,CP,GR,_Z,_Z,G1,2020-04,0.099700897308086
DATAFLOW,OECD.SDD.STES:DSD_KEI@DF_KEI(4.0),I,DEU,M,CP,GR,_Z,_Z,G1,2020-02,0.300601202404804
DATAFLOW,OECD.SDD.STES:DSD_KEI@DF_KEI(4.0),I,DEU,M,CP,GR,_Z,_Z,G1,2020-01,-0.567107750473039
DATAFLOW,OECD.SDD.STES:DSD_KEI@DF_KEI(4.0),I,DEU,M,CP,GR,_Z,_Z,G1,2019-05,0.190114068441072
DATAFLOW,OECD.SDD.STES:DSD_KEI@DF_KEI(4.0),I,DEU,M,CP,GR,_Z,_Z,G1,2019-04,0.959692898272535
DATAFLOW,OECD.SDD.STES:DSD_KEI@DF_KEI(4.0),I,DEU,M,CP,GR,_Z,_Z,G1,2019-02,0.386847195357753
DATAFLOW,OECD.SDD.STES:DSD_KEI@DF_KEI(4.0),I,DEU,M,CP,GR,_Z,_Z,G1,2018-09,0.191387559808542
DATAFLOW,OECD.SDD.STES:DSD_KEI@DF_KEI(4.0),I,DEU,M,CP,GR,_Z,_Z,G1,2018-08,0.0957854406130387
DATAFLOW,OECD.SDD.STES:DSD_KEI@DF_KEI(4.0),I,DEU,M,CP,GR,_Z,_Z,G1,2018-07,0.384615384615428
DATAFLOW,OECD.SDD.STES:DSD_KEI@DF_KEI(4.0),I,DEU,M,CP,GR,_Z,_Z,G1,2018-04,0.194363459669611
DATAFLOW,OECD.SDD.STES:DSD_KEI@DF_KEI(4.0),I,DEU,M,CP,GR,_Z,_Z,G1,2018-01,-0.584795321637377
DATAFLOW,OECD.SDD.STES:DSD_KEI@DF_KEI(4.0),I,DEU,M,CP,GR,_Z,_Z,G1,2017-09,0.0974658869395739
DATAFLOW,OECD.SDD.STES:DSD_KEI@DF_KEI(4.0),I,DEU,M,CP,GR,_Z,_Z,G1,2017-08,0.0975609756097562
DATAFLOW,OECD.SDD.STES:DSD_KEI@DF_KEI(4.0),I,DEU,M,CP,GR,_Z,_Z,G1,2017-07,0.391772771792298
DATAFLOW,OECD.SDD.STES:DSD_KEI@DF_KEI(4.0),I,DEU,M,CP,GR,_Z,_Z,G1,2017-06,0.294695481335983
DATAFLOW,OECD.SDD.STES:DSD_KEI@DF_KEI(4.0),I,DEU,M,CP,GR,_Z,_Z,G1,2017-02,0.596421471172914
DATAFLOW,OECD.SDD.STES:DSD_KEI@DF_KEI(4.0),I,DEU,M,CP,GR,_Z,_Z,G1,2016-07,0.397219463753662
DATAFLOW,OECD.SDD.STES:DSD_KEI@DF_KEI(4.0),I,DEU,M,CP,GR,_Z,_Z,G1,2016-06,0.0994035785288228
DATAFLOW,OECD.SDD.STES:DSD_KEI@DF_KEI(4.0),I,DEU,M,CP,GR,_Z,_Z,G1,2016-04,0.100000000000011
DATAFLOW,OECD.SDD.STES:DSD_KEI@DF_KEI(4.0),I,DEU,M,CP,GR,_Z,_Z,G1,2015-11,-0.697211155378452
DATAFLOW,OECD.SDD.STES:DSD_KEI@DF_KEI(4.0),I,DEU,M,CP,GR,_Z,_Z,G1,2014-05,-0.0938967136149826
DATAFLOW,OECD.SDD.STES:DSD_KEI@DF_KEI(4.0),I,DEU,M,CP,GR,_Z,_Z,G1,2013-02,0.574162679425894
DATAFLOW,OECD.SDD.STES:DSD_KEI@DF_KEI(4.0),I,DEU,M,CP,GR,_Z,_Z,G1,2013-01,-0.476190476190474
DATAFLOW,OECD.SDD.STES:DSD_KEI@DF_KEI(4.0),I,DEU,M,CP,GR,_Z,_Z,G1,2012-09,0.0956937799043711
DATAFLOW,OECD.SDD.STES:DSD_KEI@DF_KEI(4.0),I,DEU,M,CP,IX,_Z,_Z,_Z,2007-12,91.146346360757
DATAFLOW,OECD.SDD.STES:DSD_KEI@DF_KEI(4.0),I,DEU,M,CP,IX,_Z,_Z,_Z,2007-11,90.5865939777842
DATAFLOW,OECD.SDD.STES:DSD_KEI@DF_KEI(4.0),I,DEU,M,CP,IX,_Z,_Z,_Z,2007-09,89.9335495309824
DATAFLOW,OECD.SDD.STES:DSD_KEI@DF_KEI(4.0),I,DEU,M,CP,IX,_Z,_Z,_Z,2007-08,89.7469654033248
DATAFLOW,OECD.SDD.STES:DSD_KEI@DF_KEI(4.0),I,DEU,M,CP,IX,_Z,_Z,_Z,2007-07,89.84025746715359
DATAFLOW,OECD.SDD.STES:DSD_KEI@DF_KEI(4.0),I,DEU,M,CP,IX,_Z,_Z,_Z,2007-06,89.3737971480094
DATAFLOW,OECD.SDD.STES:DSD_KEI@DF_KEI(4.0),I,DEU,M,CP,IX,_Z,_Z,_Z,2007-05,89.3737971480094
DATAFLOW,OECD.SDD.STES:DSD_KEI@DF_KEI(4.0),I,KOR,M,CP,GR,_Z,_Z,GY,2013-09,0.980413351781384
DATAFLOW,OECD.SDD.STES:DSD_KEI@DF_KEI(4.0),I,KOR,M,CP,GR,_Z,_Z,GY,2013-08,1.50563387948395
DATAFLOW,OECD.SDD.STES:DSD_KEI@DF_KEI(4.0),I,KOR,M,CP,GR,_Z,_Z,GY,2013-07,1.61540817219354
DATAFLOW,OECD.SDD.STES:DSD_KEI@DF_KEI(4.0),I,KOR,M,CP,GR,_Z,_Z,GY,2013-06,1.16871637621536
DATAFLOW,OECD.SDD.STES:DSD_KEI@DF_KEI(4.0),I,KOR,M,CP,GR,_Z,_Z,GY,2013-05,1.14853599799496
DATAFLOW,OECD.SDD.STES:DSD_KEI@DF_KEI(4.0),I,KOR,M,CP,GR,_Z,_Z,GY,2013-04,1.3296217455379
DATAFLOW,OECD.SDD.STES:DSD_KEI@DF_KEI(4.0),I,KOR,M,CP,GR,_Z,_Z,GY,2013-03,1.46047547318096
DATAFLOW,OECD.SDD.STES:DSD_KEI@DF_KEI(4.0),I,KOR,M,CP,GR,_Z,_Z,GY,2013-02,1.58317683539329
DATAFLOW,OECD.SDD.STES:DSD_KEI@DF_KEI(4.0),I,KOR,M,CP,GR,_Z,_Z,GY,2013-01,1.62863593520528
DATAFLOW,OECD.SDD.STES:DSD_KEI@DF_KEI(4.0),I,KOR,M,CP,GR,_Z,_Z,GY,2012-12,1.42607202984186
DATAFLOW,OECD.SDD.STES:DSD_KEI@DF_KEI(4.0),I,KOR,M,CP,GR,_Z,_Z,GY,2012-11,1.63143128548391
DATAFLOW,OECD.SDD.STES:DSD_KEI@DF_KEI(4.0),I,KOR,M,CP,GR,_Z,_Z,GY,2012-10,2.0907040509464
DATAFLOW,OECD.SDD.STES:DSD_KEI@DF_KEI(4.0),I,KOR,M,CP,GR,_Z,_Z,GY,2012-09,2.08783932906642
DATAFLOW,OECD.SDD.STES:DSD_KEI@DF_KEI(4.0),I,KOR,M,CP,GR,_Z,_Z,GY,2012-08,1.26561345871874
DATAFLOW,OECD.SDD.STES:DSD_KEI@DF_KEI(4.0),I,KOR,M,CP,GR,_Z,_Z,GY,2012-07,1.47610485893765
DATAFLOW,OECD.SDD.STES:DSD_KEI@DF_KEI(4.0),I,KOR,M,CP,GR,_Z,_Z,GY,2012-04,2.55247691015952
DATAFLOW,OECD.SDD.STES:DSD_KEI@DF_KEI(4.0),I,KOR,M,CP,GR,_Z,_Z,GY,2012-03,2.66254286290595
DATAFLOW,OECD.SDD.STES:DSD_KEI@DF_KEI(4.0),I,KOR,M,CP,GR,_Z,_Z,GY,2012-02,3.0328938487153
DATAFLOW,OECD.SDD.STES:DSD_KEI@DF_KEI(4.0),I,KOR,M,CP,GR,_Z,_Z,GY,2012-01,3.34586806814063
DATAFLOW,OECD.SDD.STES:DSD_KEI@DF_KEI(4.0),I,KOR,M,CP,GR,_Z,_Z,GY,2011-12,4.15811853159276
DATAFLOW,OECD.SDD.STES:DSD_KEI@DF_KEI(4.0),I,KOR,M,CP,GR,_Z,_Z,GY,2011-11,4.17462545739073
DATAFLOW,OECD.SDD.STES:DSD_KEI@DF_KEI(4.0),I,KOR,M,CP,GR,_Z,_Z,GY,2011-10,3.56206418814475
DATAFLOW,OECD.SDD.STES:DSD_KEI@DF_KEI(4.0),I,KOR,M,CP,GR,_Z,_Z,GY,2011-09,3.7590024846285
DATAFLOW,OECD.SDD.STES:DSD_KEI@DF_KEI(4.0),I,KOR,M,CP,GR,_Z,_Z,GY,2011-08,4.68567867323737
DATAFLOW,OECD.SDD.STES:DSD_KEI@DF_KEI(4.0),I,KOR,M,CP,GR,_Z,_Z,GY,2011-07,4.50970840002785
DATAFLOW,OECD.SDD.STES:DSD_KEI@DF_KEI(4.0),I,KOR,M,CP,GR,_Z,_Z,GY,2011-06,4.21775665089898
DATAFLOW,OECD.SDD.STES:DSD_KEI@DF_KEI(4.0),I,KOR,M,CP,GR,_Z,_Z,GY,2011-05,3.91161991454578
DATAFLOW,OECD.SDD.STES:DSD_KEI@DF_KEI(4.0),I,KOR,M,CP,GR,_Z,_Z,GY,2011-04,3.81678502109462
DATAFLOW,OECD.SDD.STES:DSD_KEI@DF_KEI(4.0),I,KOR,M,CP,GR,_Z,_Z,GY,2011-03,4.133215085885
DATAFLOW,OECD.SDD.STES:DSD_KEI@DF_KEI(4.0),I,KOR,M,CP,GR,_Z,_Z,GY,2011-02,3.93929118482748
DATAFLOW,OECD.SDD.STES:DSD_KEI@DF_KEI(4.0),I,KOR,M,CP,GR,_Z,_Z,GY,2011-01,3.44108446298228
DATAFLOW,OECD.SDD.STES:DSD_KEI@DF_KEI(4.0),I,KOR,M,CP,GR,_Z,_Z,GY,2010-12,3.03370255780451
DATAFLOW,OECD.SDD.STES:DSD_KEI@DF_KEI(4.0),I,KOR,M,CP,GR,_Z,_Z,GY,2010-11,2.98871824042473
DATAFLOW,OECD.SDD.STES:DSD_KEI@DF_KEI(4.0),I,KOR,M,CP,GR,_Z,_Z,GY,2010-10,3.68255475752359
DATAFLOW,OECD.SDD.STES:DSD_KEI@DF_KEI(4.0),I,KOR,M,CP,GR,_Z,_Z,GY,2010-09,3.40757053718372
DATAFLOW,OECD.SDD.STES:DSD_KEI@DF_KEI(4.0),I,KOR,M,CP,GR,_Z,_Z,GY,2010-08,2.68178801668564
DATAFLOW,OECD.SDD.STES:DSD_KEI@DF_KEI(4.0),I,KOR,M,CP,GR,_Z,_Z,GY,2010-07,2.53074233522821
DATAFLOW,OECD.SDD.STES:DSD_KEI@DF_KEI(4.0),I,KOR,M,CP,GR,_Z,_Z,GY,2010-06,2.68892920227242
DATAFLOW,OECD.SDD.STES:DSD_KEI@DF_KEI(4.0),I,KOR,M,CP,GR,_Z,_Z,GY,2010-05,2.70205814313993
DATAFLOW,OECD.SDD.STES:DSD_KEI@DF_KEI(4.0),I,KOR,M,CP,GR,_Z,_Z,GY,2010-04,2.5983162815101
DATAFLOW,OECD.SDD.STES:DSD_KEI@DF_KEI(4.0),I,KOR,M,CP,GR,_Z,_Z,GY,2010-03,2.45815399330462
DATAFLOW,OECD.SDD.STES:DSD_KEI@DF_KEI(4.0),I,KOR,M,CP,GR,_Z,_Z,GY,2010-02,2.98392437834907
DATAFLOW,OECD.SDD.STES:DSD_KEI@DF_KEI(4.0),I,KOR,M,CP,GR,_Z,_Z,GY,2010-01,3.5184960582171
DATAFLOW,OECD.SDD.STES:DSD_KEI@DF_KEI(4.0),I,KOR,M,CP,GR,_Z,_Z,GY,2009-12,2.80060698027313
DATAFLOW,OECD.SDD.STES:DSD_KEI@DF_KEI(4.0),I,KOR,M,CP,GR,_Z,_Z,GY,2009-11,2.43884673748105
DATAFLOW,OECD.SDD.STES:DSD_KEI@DF_KEI(4.0),I,KOR,M,CP,GR,_Z,_Z,GY,2009-10,1.98188818131189
DATAFLOW,OECD.SDD.STES:DSD_KEI@DF_KEI(4.0),I,KOR,M,CP,GR,_Z,_Z,GY,2009-09,2.16031836270607
DATAFLOW,OECD.SDD.STES:DSD_KEI@DF_KEI(4.0),I,KOR,M,CP,GR,_Z,_Z,GY,2009-08,2.1622799583525
DATAFLOW,OECD.SDD.STES:DSD_KEI@DF_KEI(4.0),I,KOR,M,CP,GR,_Z,_Z,G1,2019-03,-0.19131818227589
DATAFLOW,OECD.SDD.STES:DSD_KEI@DF_KEI(4.0),I,KOR,M,CP,GR,_Z,_Z,G1,2019-02,0.431819101169051
DATAFLOW,OECD.SDD.STES:DSD_KEI@DF_KEI(4.0),I,KOR,M,CP,GR,_Z,_Z,G1,2019-01,-0.105063239988679
DATAFLOW,OECD.SDD.STES:DSD_KEI@DF_KEI(4.0),I,KOR,M,CP,GR,_Z,_Z,G1,2018-11,-0.710708609470123
DATAFLOW,OECD.SDD.STES:DSD_KEI@DF_KEI(4.0),I,KOR,M,CP,GR,_Z,_Z,G1,2018-10,-0.179603077199386
DATAFLOW,OECD.SDD.STES:DSD_KEI@DF_KEI(4.0),I,KOR,M,CP,GR,_Z,_Z,G1,2018-09,0.763105507631057
DATAFLOW,OECD.SDD.STES:DSD_KEI@DF_KEI(4.0),I,KOR,M,CP,GR,_Z,_Z,G1,2018-08,0.884471041687784
DATAFLOW,OECD.SDD.STES:DSD_KEI@DF_KEI(4.0),I,KOR,M,CP,GR,_Z,_Z,G1,2018-07,-0.191336215187421
DATAFLOW,OECD.SDD.STES:DSD_KEI@DF_KEI(4.0),I,KOR,M,CP,GR,_Z,_Z,G1,2018-06,-0.202063063882252
DATAFLOW,OECD.SDD.STES:DSD_KEI@DF_KEI(4.0),I,KOR,M,CP,GR,_Z,_Z,G1,2018-05,0.0485186645237556
DATAFLOW,OECD.SDD.STES:DSD_KEI@DF_KEI(4.0),I,KOR,M,CP,GR,_Z,_Z,G1,2018-04,0.182276635173295
DATAFLOW,OECD.SDD.STES:DSD_KEI@DF_KEI(4.0),I,KOR,M,CP,GR,_Z,_Z,G1,2018-03,-0.105204592585095
DATAFLOW,OECD.SDD.STES:DSD_KEI@DF_KEI(4.0),I,KOR,M,CP,GR,_Z,_Z,G1,2018-02,0.763459931094945
DATAFLOW,OECD.SDD.STES:DSD_KEI@DF_KEI(4.0),I,KOR,M,CP,GR,_Z,_Z,G1,2018-01,0.417613461892774
DATAFLOW,OECD.SDD.STES:DSD_KEI@DF_KEI(4.0),I,KOR,M,CP,GR,_Z,_Z,G1,2017-12,0.360565810964908
DATAFLOW,OECD.SDD.STES:DSD_KEI@DF_KEI(4.0),I,KOR,M,CP,GR,_Z,_Z,G1,2017-11,-0.744313141715192
DATAFLOW,OECD.SDD.STES:DSD_KEI@DF_KEI(4.0),I,KOR,M,CP,GR,_Z,_Z,G1,2017-10,-0.0967689361528801
DATAFLOW,OECD.SDD.STES:DSD_KEI@DF_KEI(4.0),I,KOR,M,CP,GR,_Z,_Z,G1,2017-09,0.116257725019886
DATAFLOW,OECD.SDD.STES:DSD_KEI@DF_KEI(4.0),I,KOR,M,CP,GR,_Z,_Z,G1,2017-08,0.573339213735524
DATAFLOW,OECD.SDD.STES:DSD_KEI@DF_KEI(4.0),I,KOR,M,CP,GR,_Z,_Z,G1,2017-07,0.165403028621935
DATAFLOW,OECD.SDD.STES:DSD_KEI@DF_KEI(4.0),I,KOR,M,CP,GR,_Z,_Z,G1,2017-06,-0.213232731224267
DATAFLOW,OECD.SDD.STES:DSD_KEI@DF_KEI(4.0),I,KOR,M,CP,GR,_Z,_Z,G1,2017-05,0.106730157426993
DATAFLOW,OECD.SDD.STES:DSD_KEI@DF_KEI(4.0),I,KOR,M,CP,GR,_Z,_Z,G1,2017-04,-0.126069799620776
DATAFLOW,OECD.SDD.STES:DSD_KEI@DF_KEI(4.0),I,KOR,M,CP,GR,_Z,_Z,G1,2017-03,-0.0686250409701827
DATAFLOW,OECD.SDD.STES:DSD_KEI@DF_KEI(4.0),I,KOR,M,CP,GR,_Z,_Z,G1,2017-02,0.273195982170371
DATAFLOW,OECD.SDD.STES:DSD_KEI@DF_KEI(4.0),I,KOR,M,CP,GR,_Z,_Z,G1,2017-01,1.06288015611051
DATAFLOW,OECD.SDD.STES:DSD_KEI@DF_KEI(4.0),I,KOR,M,CP,GR,_Z,_Z,G1,2016-12,0.109105645437846
DATAFLOW,OECD.SDD.STES:DSD_KEI@DF_KEI(4.0),I,KOR,M,CP,GR,_Z,_Z,G1,2016-11,-0.147335000363158
DATAFLOW,OECD.SDD.STES:DSD_KEI@DF_KEI(4.0),I,KOR,M,CP,GR,_Z,_Z,G1,2016-10,0.137147131858661
DATAFLOW,OECD.SDD.STES:DSD_KEI@DF_KEI(4.0),I,KOR,M,CP,GR,_Z,_Z,G1,2016-09,0.595754465545517
DATAFLOW,OECD.SDD.STES:DSD_KEI@DF_KEI(4.0),I,KOR,M,CP,GR,_Z,_Z,G1,2016-08,0.257777870922471
DATAFLOW,OECD.SDD.STES:DSD_KEI@DF_KEI(4.0),I,KOR,M,CP,GR,_Z,_Z,G1,2016-07,-0.18826285678426
DATAFLOW,OECD.SDD.STES:DSD_KEI@DF_KEI(4.0),I,KOR,M,CP,GR,_Z,_Z,G1,2016-06,-0.0198682421834073
DATAFLOW,OECD.SDD.STES:DSD_KEI@DF_KEI(4.0),I,KOR,M,CP,GR,_Z,_Z,G1,2016-05,0.0596402749730496
DATAFLOW,OECD.SDD.STES:DSD_KEI@DF_KEI(4.0),I,KOR,M,CP,GR,_Z,_Z,G1,2016-04,0.188693090687986
DATAFLOW,OECD.SDD.STES:DSD_KEI@DF_KEI(4.0),I,KOR,M,CP,GR,_Z,_Z,G1,2016-03,-0.258260142199918
DATAFLOW,OECD.SDD.STES:DSD_KEI@DF_KEI(4.0),I,KOR,M,CP,GR,_Z,_Z,G1,2016-02,0.428427419354827
DATAFLOW,OECD.SDD.STES:DSD_KEI@DF_KEI(4.0),I,KOR,M,CP,GR,_Z,_Z,G1,2016-01,0.170400757336697
DATAFLOW,OECD.SDD.STES:DSD_KEI@DF_KEI(4.0),I,KOR,M,CP,GR,_Z,_Z,G1,2015-12,0.299622307091751
DATAFLOW,OECD.SDD.STES:DSD_KEI@DF_KEI(4.0),I,KOR,M,CP,GR,_Z,_Z,G1,2015-11,-0.189541520122982
DATAFLOW,OECD.SDD.STES:DSD_KEI@DF_KEI(4.0),I,KOR,M,CP,GR,_Z,_Z,G1,2015-09,-0.259418356736996
DATAFLOW,OECD.SDD.STES:DSD_KEI@DF_KEI(4.0),I,KOR,M,CP,GR,_Z,_Z,G1,2015-08,0.139882204459396
DATAFLOW,OECD.SDD.STES:DSD_KEI@DF_KEI(4.0),I,KOR,M,CP,GR,_Z,_Z,G1,2015-07,0.180172586372196
DATAFLOW,OECD.SDD.STES:DSD_KEI@DF_KEI(4.0),I,KOR,M,CP,GR,_Z,_Z,G1,2015-06,0.0200231847402366
DATAFLOW,OECD.SDD.STES:DSD_KEI@DF_KEI(4.0),I,KOR,M,CP,GR,_Z,_Z,G1,2015-05,0.280052840158529
DATAFLOW,OECD.SDD.STES:DSD_KEI@DF_KEI(4.0),I,KOR,M,CP,GR,_Z,_Z,G1,2015-04,0.0306566873863545
DATAFLOW,OECD.SDD.STES:DSD_KEI@DF_KEI(4.0),I,KOR,M,CP,GR,_Z,_Z,G1,2015-03,0.0095150496368434
DATAFLOW,OECD.SDD.STES:DSD_KEI@DF_KEI(4.0),I,KOR,M,CP,GR,_Z,_Z,G1,2015-02,-0.0591697220079568
DATAFLOW,OECD.SDD.STES:DSD_KEI@DF_KEI(4.0),I,KOR,M,CP,GR,_Z,_Z,G1,2015-01,0.677616322362407
DATAFLOW,OECD.SDD.STES:DSD_KEI@DF_KEI(4.0),I,DEU,M,CP,GR,_Z,_Z,G1,2024-12,0.500417014178489
DATAFLOW,OECD.SDD.STES:DSD_KEI@DF_KEI(4.0),I,DEU,M,CP,GR,_Z,_Z,G1,2024-10,0.417710944026717
DATAFLOW,OECD.SDD.STES:DSD_KEI@DF_KEI(4.0),I,DEU,M,CP,GR,_Z,_Z,G1,2024-06,0.0838222967309399
DATAFLOW,OECD.SDD.STES:DSD_KEI@DF_KEI(4.0),I,DEU,M,CP,GR,_Z,_Z,G1,2024-05,0.0838926174496768
DATAFLOW,OECD.SDD.STES:DSD_KEI@DF_KEI(4.0),I,DEU,M,CP,GR,_Z,_Z,G1,2024-04,0.505902192242824
DATAFLOW,OECD.SDD.STES:DSD_KEI@DF_KEI(4.0),I,DEU,M,CP,GR,_Z,_Z,G1,2024-01,0.170357751277672
DATAFLOW,OECD.SDD.STES:DSD_KEI@DF_KEI(4.0),I,DEU,M,CP,GR,_Z,_Z,G1,2023-11,-0.424448217317475
DATAFLOW,OECD.SDD.STES:DSD_KEI@DF_KEI(4.0),I,DEU,M,CP,GR,_Z,_Z,G1,2023-08,0.341588385994873
DATAFLOW,OECD.SDD.STES:DSD_KEI@DF_KEI(4.0),I,DEU,M,CP,GR,_Z,_Z,G1,2023-07,0.256849315068508
DATAFLOW,OECD.SDD.STES:DSD_KEI@DF_KEI(4.0),I,DEU,M,CP,GR,_Z,_Z,G1,2023-05,-0.0857632933104591
DATAFLOW,OECD.SDD.STES:DSD_KEI@DF_KEI(4.0),I,DEU,M,CP,GR,_Z,_Z,G1,2023-01,0.971731448763236
DATAFLOW,OECD.SDD.STES:DSD_KEI@DF_KEI(4.0),I,DEU,M,CP,GR,_Z,_Z,G1,2022-12,-0.439753737906767
DATAFLOW,OECD.SDD.STES:DSD_KEI@DF_KEI(4.0),I,DEU,M,CP,GR,_Z,_Z,G1,2022-11,0.17621145374449
DATAFLOW,OECD.SDD.STES:DSD_KEI@DF_KEI(4.0),I,DEU,M,CP,GR,_Z,_Z,G1,2022-09,1.806684733514
DATAFLOW,OECD.SDD.STES:DSD_KEI@DF_KEI(4.0),I,DEU,M,CP,GR,_Z,_Z,G1,2022-08,0.362647325475973
DATAFLOW,OECD.SDD.STES:DSD_KEI@DF_KEI(4.0),I,DEU,M,CP,GR,_Z,_Z,G1,2022-07,0.45537340619306
DATAFLOW,OECD.SDD.STES:DSD_KEI@DF_KEI(4.0),I,DEU,M,CP,GR,_Z,_Z,G1,2022-05,0.919117647058831
DATAFLOW,OECD.SDD.STES:DSD_KEI@DF_KEI(4.0),I,DEU,M,CP,GR,_Z,_Z,G1,2022-04,0.647548566142464
DATAFLOW,OECD.SDD.STES:DSD_KEI@DF_KEI(4.0),I,DEU,M,CP,IX,_Z,_Z,_Z,2023-03,122.402364321909
DATAFLOW,OECD.SDD.STES:DSD_KEI@DF_KEI(4.0),I,DEU,M,CP,IX,_Z,_Z,_Z,2022-08,116.709231097634
DATAFLOW,OECD.SDD.STES:DSD_KEI@DF_KEI(4.0),I,DEU,M,CP,IX,_Z,_Z,_Z,2022-06,115.760375560255
DATAFLOW,OECD.SDD.STES:DSD_KEI@DF_KEI(4.0),I,DEU,M,CP,IX,_Z,_Z,_Z,2022-04,114.706091629834
DATAFLOW,OECD.SDD.STES:DSD_KEI@DF_KEI(4.0),I,DEU,M,CP,IX,_Z,_Z,_Z,2022-03,113.968092878539
DATAFLOW,OECD.SDD.STES:DSD_KEI@DF_KEI(4.0),I,DEU,M,CP,IX,_Z,_Z,_Z,2022-02,111.754096624655
DATAFLOW,OECD.SDD.STES:DSD_KEI@DF_KEI(4.0),I,DEU,M,CP,IX,_Z,_Z,_Z,2021-12,110.383527515107
DATAFLOW,OECD.SDD.STES:DSD_KEI@DF_KEI(4.0),I,DEU,M,CP,IX,_Z,_Z,_Z,2021-07,109.012958405559
DATAFLOW,OECD.SDD.STES:DSD_KEI@DF_KEI(4.0),I,DEU,M,CP,IX,_Z,_Z,_Z,2021-06,108.485816440349
DATAFLOW,OECD.SDD.STES:DSD_KEI@DF_KEI(4.0),I,DEU,M,CP,IX,_Z,_Z,_Z,2021-05,108.169531261222
DATAFLOW,OECD.SDD.STES:DSD_KEI@DF_KEI(4.0),I,DEU,M,CP,IX,_Z,_Z,_Z,2021-03,107.642389296012
DATAFLOW,OECD.SDD.STES:DSD_KEI@DF_KEI(4.0),I,DEU,M,CP,IX,_Z,_Z,_Z,2021-02,107.115247330801
DATAFLOW,OECD.SDD.STES:DSD_KEI@DF_KEI(4.0),I,DEU,M,CP,IX,_Z,_Z,_Z,2020-10,105.322964649085
DATAFLOW,OECD.SDD.STES:DSD_KEI@DF_KEI(4.0),I,DEU,M,CP,IX,_Z,_Z,_Z,2020-09,105.112107863001
DATAFLOW,OECD.SDD.STES:DSD_KEI@DF_KEI(4.0),I,DEU,M,CP,IX,_Z,_Z,_Z,2020-07,105.112107863001
DATAFLOW,OECD.SDD.STES:DSD_KEI@DF_KEI(4.0),I,KOR,M,CP,GR,_Z,_Z,G1,2010-05,0.101114584907203
DATAFLOW,OECD.SDD.STES:DSD_KEI@DF_KEI(4.0),I,KOR,M,CP,GR,_Z,_Z,G1,2010-03,0.202284765501681
DATAFLOW,OECD.SDD.STES:DSD_KEI@DF_KEI(4.0),I,KOR,M,CP,GR,_Z,_Z,G1,2010-02,0.201520778901232
DATAFLOW,OECD.SDD.STES:DSD_KEI@DF_KEI(4.0),I,KOR,M,CP,GR,_Z,_Z,G1,2010-01,0.790014406839701
DATAFLOW,OECD.SDD.STES:DSD_KEI@DF_KEI(4.0),I,KOR,M,CP,GR,_Z,_Z,G1,2009-12,0.353147516116792
DATAFLOW,OECD.SDD.STES:DSD_KEI@DF_KEI(4.0),I,KOR,M,CP,GR,_Z,_Z,G1,2009-11,0.176886092479367
DATAFLOW,OECD.SDD.STES:DSD_KEI@DF_KEI(4.0),I,KOR,M,CP,GR,_Z,_Z,G1,2009-10,-0.265217442782895
DATAFLOW,OECD.SDD.STES:DSD_KEI@DF_KEI(4.0),I,KOR,M,CP,GR,_Z,_Z,G1,2022-03,0.645038892050831
DATAFLOW,OECD.SDD.STES:DSD_KEI@DF_KEI(4.0),I,KOR,M,CP,GR,_Z,_Z,G1,2022-02,0.543633762517892
DATAFLOW,OECD.SDD.STES:DSD_KEI@DF_KEI(4.0),I,KOR,M,CP,GR,_Z,_Z,G1,2022-01,0.778546712802775
DATAFLOW,OECD.SDD.STES:DSD_KEI@DF_KEI(4.0),I,KOR,M,CP,GR,_Z,_Z,G1,2021-12,0.163666121112938
DATAFLOW,OECD.SDD.STES:DSD_KEI@DF_KEI(4.0),I,KOR,M,CP,GR,_Z,_Z,G1,2021-11,0.50314465408805
DATAFLOW,OECD.SDD.STES:DSD_KEI@DF_KEI(4.0),I,KOR,M,CP,GR,_Z,_Z,G1,2021-10,0.174469322477444
DATAFLOW,OECD.SDD.STES:DSD_KEI@DF_KEI(4.0),I,KOR,M,CP,GR,_Z,_Z,G1,2021-09,0.408759124087599
DATAFLOW,OECD.SDD.STES:DSD_KEI@DF_KEI(4.0),I,KOR,M,CP,GR,_Z,_Z,G1,2021-08,0.479170741247792
DATAFLOW,OECD.SDD.STES:DSD_KEI@DF_KEI(4.0),I,KOR,M,CP,GR,_Z,_Z,G1,2021-07,0.205781479666856
DATAFLOW,OECD.SDD.STES:DSD_KEI@DF_KEI(4.0),I,KOR,M,CP,GR,_Z,_Z,G1,2021-05,0.0686409099823315
DATAFLOW,OECD.SDD.STES:DSD_KEI@DF_KEI(4.0),I,KOR,M,CP,GR,_Z,_Z,G1,2021-04,0.137470542026707
DATAFLOW,OECD.SDD.STES:DSD_KEI@DF_KEI(4.0),I,KOR,M,CP,GR,_Z,_Z,G1,2021-03,0.255955896830073
DATAFLOW,OECD.SDD.STES:DSD_KEI@DF_KEI(4.0),I,KOR,M,CP,GR,_Z,_Z,G1,2021-02,0.534441805225638
DATAFLOW,OECD.SDD.STES:DSD_KEI@DF_KEI(4.0),I,KOR,M,CP,GR,_Z,_Z,G1,2021-01,0.707664706468658
DATAFLOW,OECD.SDD.STES:DSD_KEI@DF_KEI(4.0),I,KOR,M,CP,GR,_Z,_Z,G1,2020-12,0.23978419422519
DATAFLOW,OECD.SDD.STES:DSD_KEI@DF_KEI(4.0),I,KOR,M,CP,GR,_Z,_Z,G1,2020-10,-0.55588644034148
DATAFLOW,OECD.SDD.STES:DSD_KEI@DF_KEI(4.0),I,KOR,M,CP,GR,_Z,_Z,G1,2020-09,0.548956981734716
DATAFLOW,OECD.SDD.STES:DSD_KEI@DF_KEI(4.0),I,KOR,M,CP,GR,_Z,_Z,G1,2020-08,0.562079694871032
DATAFLOW,OECD.SDD.STES:DSD_KEI@DF_KEI(4.0),I,KOR,M,CP,GR,_Z,_Z,G1,2020-07,-0.0802326747567972
DATAFLOW,OECD.SDD.STES:DSD_KEI@DF_KEI(4.0),I,KOR,M,CP,GR,_Z,_Z,G1,2020-06,0.27152051488335
DATAFLOW,OECD.SDD.STES:DSD_KEI@DF_KEI(4.0),I,KOR,M,CP,GR,_Z,_Z,G1,2020-05,-0.0603015075376967
DATAFLOW,OECD.SDD.STES:DSD_KEI@DF_KEI(4.0),I,KOR,M,CP,GR,_Z,_Z,G1,2020-04,-0.440264158495096
DATAFLOW,OECD.SDD.STES:DSD_KEI@DF_KEI(4.0),I,KOR,M,CP,GR,_Z,_Z,G1,2020-02,0.0699370566490165
DATAFLOW,OECD.SDD.STES:DSD_KEI@DF_KEI(4.0),I,KOR,M,CP,GR,_Z,_Z,G1,2020-01,0.37204544770808
DATAFLOW,OECD.SDD.STES:DSD_KEI@DF_KEI(4.0),I,KOR,M,CP,GR,_Z,_Z,G1,2019-12,0.239241664237388
DATAFLOW,OECD.SDD.STES:DSD_KEI@DF_KEI(4.0),I,KOR,M,CP,GR,_Z,_Z,G1,2019-11,-0.559770494097422
DATAFLOW,OECD.SDD.STES:DSD_KEI@DF_KEI(4.0),I,KOR,M,CP,GR,_Z,_Z,G1,2019-10,0.247509870332885
DATAFLOW,OECD.SDD.STES:DSD_KEI@DF_KEI(4.0),I,KOR,M,CP,GR,_Z,_Z,G1,2019-09,0.371134020618547
DATAFLOW,OECD.SDD.STES:DSD_KEI@DF_KEI(4.0),I,KOR,M,CP,GR,_Z,_Z,G1,2019-08,0.23995080000403
DATAFLOW,OECD.SDD.STES:DSD_KEI@DF_KEI(4.0),I,KOR,M,CP,GR,_Z,_Z,G1,2019-07,-0.305555276356662
DATAFLOW,OECD.SDD.STES:DSD_KEI@DF_KEI(4.0),I,KOR,M,CP,GR,_Z,_Z,G1,2019-06,-0.161562236583312
DATAFLOW,OECD.SDD.STES:DSD_KEI@DF_KEI(4.0),I,KOR,M,CP,GR,_Z,_Z,G1,2019-05,0.171892120103356
DATAFLOW,OECD.SDD.STES:DSD_KEI@DF_KEI(4.0),I,KOR,M,CP,GR,_Z,_Z,G1,2019-04,0.363192461738682
DATAFLOW,OECD.SDD.STES:DSD_KEI@DF_KEI(4.0),I,KOR,M,CP,IX,_Z,_Z,_Z,2017-07,102.781001308055
DATAFLOW,OECD.SDD.STES:DSD_KEI@DF_KEI(4.0),I,KOR,M,CP,IX,_Z,_Z,_Z,2017-06,102.611279144642
DATAFLOW,OECD.SDD.STES:DSD_KEI@DF_KEI(4.0),I,KOR,M,CP,IX,_Z,_Z,_Z,2017-05,102.830547529673
DATAFLOW,OECD.SDD.STES:DSD_KEI@DF_KEI(4.0),I,KOR,M,CP,IX,_Z,_Z,_Z,2017-04,102.720913337158
DATAFLOW,OECD.SDD.STES:DSD_KEI@DF_KEI(4.0),I,KOR,M,CP,IX,_Z,_Z,_Z,2017-03,102.850576853305
DATAFLOW,OECD.SDD.STES:DSD_KEI@DF_KEI(4.0),I,KOR,M,CP,IX,_Z,_Z,_Z,2017-02,102.921206573483
DATAFLOW,OECD.SDD.STES:DSD_KEI@DF_KEI(4.0),I,KOR,M,CP,IX,_Z,_Z,_Z,2017-01,102.640796042627
DATAFLOW,OECD.SDD.STES:DSD_KEI@DF_KEI(4.0),I,KOR,M,CP,IX,_Z,_Z,_Z,2016-11,101.450632548881
DATAFLOW,OECD.SDD.STES:DSD_KEI@DF_KEI(4.0),I,KOR,M,CP,IX,_Z,_Z,_Z,2016-10,101.600325388661
DATAFLOW,OECD.SDD.STES:DSD_KEI@DF_KEI(4.0),I,KOR,M,CP,IX,_Z,_Z,_Z,2016-09,101.461174298161
DATAFLOW,OECD.SDD.STES:DSD_KEI@DF_KEI(4.0),I,KOR,M,CP,IX,_Z,_Z,_Z,2016-08,100.860294589184
DATAFLOW,OECD.SDD.STES:DSD_KEI@DF_KEI(4.0),I,KOR,M,CP,IX,_Z,_Z,_Z,2016-07,100.600967556888
DATAFLOW,OECD.SDD.STES:DSD_KEI@DF_KEI(4.0),I,KOR,M,CP,IX,_Z,_Z,_Z,2016-06,100.790719043934
DATAFLOW,OECD.SDD.STES:DSD_KEI@DF_KEI(4.0),I,KOR,M,CP,IX,_Z,_Z,_Z,2016-05,100.810748367566
DATAFLOW,OECD.SDD.STES:DSD_KEI@DF_KEI(4.0),I,KOR,M,CP,IX,_Z,_Z,_Z,2016-04,100.750660396668
DATAFLOW,OECD.SDD.STES:DSD_KEI@DF_KEI(4.0),I,KOR,M,CP,IX,_Z,_Z,_Z,2016-03,100.560908909623
DATAFLOW,OECD.SDD.STES:DSD_KEI@DF_KEI(4.0),I,KOR,M,CP,IX,_Z,_Z,_Z,2016-01,100.39118674621
DATAFLOW,OECD.SDD.STES:DSD_KEI@DF_KEI(4.0),I,KOR,M,CP,IX,_Z,_Z,_Z,2015-12,100.220410407869
DATAFLOW,OECD.SDD.STES:DSD_KEI@DF_KEI(4.0),I,KOR,M,CP,IX,_Z,_Z,_Z,2015-10,100.110776215354
DATAFLOW,OECD.SDD.STES:DSD_KEI@DF_KEI(4.0),I,KOR,M,CP,IX,_Z,_Z,_Z,2015-09,100.110776215354
DATAFLOW,OECD.SDD.STES:DSD_KEI@DF_KEI(4.0),I,KOR,M,CP,IX,_Z,_Z,_Z,2015-08,100.371157422577
DATAFLOW,OECD.SDD.STES:DSD_KEI@DF_KEI(4.0),I,KOR,M,CP,IX,_Z,_Z,_Z,2015-07,100.230952157149
DATAFLOW,OECD.SDD.STES:DSD_KEI@DF_KEI(4.0),I,KOR,M,CP,IX,_Z,_Z,_Z,2015-06,100.050688244456
DATAFLOW,OECD.SDD.STES:DSD_KEI@DF_KEI(4.0),I,KOR,M,CP,IX,_Z,_Z,_Z,2015-05,100.03065892082398
DATAFLOW,OECD.SDD.STES:DSD_KEI@DF_KEI(4.0),I,KOR,M,CP,IX,_Z,_Z,_Z,2015-01,99.7702777136
DATAFLOW,OECD.SDD.STES:DSD_KEI@DF_KEI(4.0),I,KOR,M,CP,IX,_Z,_Z,_Z,2014-12,99.0987682844445
DATAFLOW,OECD.SDD.STES:DSD_KEI@DF_KEI(4.0),I,KOR,M,CP,IX,_Z,_Z,_Z,2014-11,99.1082558587968
DATAFLOW,OECD.SDD.STES:DSD_KEI@DF_KEI(4.0),I,KOR,M,CP,IX,_Z,_Z,_Z,2014-10,99.3085490951226
DATAFLOW,OECD.SDD.STES:DSD_KEI@DF_KEI(4.0),I,KOR,M,CP,IX,_Z,_Z,_Z,2014-09,99.6089889496113
DATAFLOW,OECD.SDD.STES:DSD_KEI@DF_KEI(4.0),I,KOR,M,CP,IX,_Z,_Z,_Z,2014-08,99.6732936202212
DATAFLOW,OECD.SDD.STES:DSD_KEI@DF_KEI(4.0),I,KOR,M,CP,IX,_Z,_Z,_Z,2014-07,99.4993547570961
DATAFLOW,OECD.SDD.STES:DSD_KEI@DF_KEI(4.0),I,KOR,M,CP,IX,_Z,_Z,_Z,2014-06,99.3538786170279
DATAFLOW,OECD.SDD.STES:DSD_KEI@DF_KEI(4.0),I,KOR,M,CP,IX,_Z,_Z,_Z,2014-05,99.4814337833196
DATAFLOW,OECD.SDD.STES:DSD_KEI@DF_KEI(4.0),I,KOR,M,CP,IX,_Z,_Z,_Z,2014-03,99.253731998865
DATAFLOW,OECD.SDD.STES:DSD_KEI@DF_KEI(4.0),I,KOR,M,CP,IX,_Z,_Z,_Z,2014-02,99.0713597363157
DATAFLOW,OECD.SDD.STES:DSD_KEI@DF_KEI(4.0),I,KOR,M,CP,IX,_Z,_Z,_Z,2013-12,98.2796743653647
DATAFLOW,OECD.SDD.STES:DSD_KEI@DF_KEI(4.0),I,KOR,M,CP,IX,_Z,_Z,_Z,2013-10,98.1795277472018
DATAFLOW,OECD.SDD.STES:DSD_KEI@DF_KEI(4.0),I,KOR,M,CP,IX,_Z,_Z,_Z,2013-09,98.4799676016905
DATAFLOW,OECD.SDD.STES:DSD_KEI@DF_KEI(4.0),I,KOR,M,CP,IX,_Z,_Z,_Z,2013-08,98.289161939717
DATAFLOW,OECD.SDD.STES:DSD_KEI@DF_KEI(4.0),I,KOR,M,CP,IX,_Z,_Z,_Z,2013-06,97.7325575777168
DATAFLOW,OECD.SDD.STES:DSD_KEI@DF_KEI(4.0),I,KOR,M,CP,IX,_Z,_Z,_Z,2013-05,97.8516793445843
DATAFLOW,OECD.SDD.STES:DSD_KEI@DF_KEI(4.0),I,KOR,M,CP,IX,_Z,_Z,_Z,2013-04,97.8516793445843
DATAFLOW,OECD.SDD.STES:DSD_KEI@DF_KEI(4.0),I,KOR,M,CP,IX,_Z,_Z,_Z,2012-04,96.567694282243
DATAFLOW,OECD.SDD.STES:DSD_KEI@DF_KEI(4.0),I,KOR,M,CP,IX,_Z,_Z,_Z,2012-03,96.57718185659527
DATAFLOW,OECD.SDD.STES:DSD_KEI@DF_KEI(4.0),I,KOR,M,CP,IX,_Z,_Z,_Z,2012-02,96.5497733084665
DATAFLOW,OECD.SDD.STES:DSD_KEI@DF_KEI(4.0),I,KOR,M,CP,IX,_Z,_Z,_Z,2012-01,96.1850287833679
DATAFLOW,OECD.SDD.STES:DSD_KEI@DF_KEI(4.0),I,KOR,M,CP,IX,_Z,_Z,_Z,2011-12,95.8023632844928
DATAFLOW,OECD.SDD.STES:DSD_KEI@DF_KEI(4.0),I,KOR,M,CP,IX,_Z,_Z,_Z,2011-10,95.3480138905116
DATAFLOW,OECD.SDD.STES:DSD_KEI@DF_KEI(4.0),I,KOR,M,CP,IX,_Z,_Z,_Z,2011-09,95.5293319781329
DATAFLOW,OECD.SDD.STES:DSD_KEI@DF_KEI(4.0),I,KOR,M,CP,IX,_Z,_Z,_Z,2011-06,94.5278657965038
DATAFLOW,OECD.SDD.STES:DSD_KEI@DF_KEI(4.0),I,KOR,M,CP,IX,_Z,_Z,_Z,2011-05,94.34549353395452
DATAFLOW,OECD.SDD.STES:DSD_KEI@DF_KEI(4.0),I,KOR,M,CP,IX,_Z,_Z,_Z,2011-04,94.1641754463333
DATAFLOW,OECD.SDD.STES:DSD_KEI@DF_KEI(4.0),I,KOR,M,CP,IX,_Z,_Z,_Z,2011-03,94.0724622275946
DATAFLOW,OECD.SDD.STES:DSD_KEI@DF_KEI(4.0),I,DEU,M,CP,IX,_Z,_Z,_Z,2014-04,99.3560479776932
DATAFLOW,OECD.SDD.STES:DSD_KEI@DF_KEI(4.0),I,DEU,M,CP,IX,_Z,_Z,_Z,2013-12,99.3560479776932
DATAFLOW,OECD.SDD.STES:DSD_KEI@DF_KEI(4.0),I,DEU,M,CP,IX,_Z,_Z,_Z,2013-11,98.9828797223779
DATAFLOW,OECD.SDD.STES:DSD_KEI@DF_KEI(4.0),I,DEU,M,CP,IX,_Z,_Z,_Z,2013-09,98.9828797223779
DATAFLOW,OECD.SDD.STES:DSD_KEI@DF_KEI(4.0),I,DEU,M,CP,IX,_Z,_Z,_Z,2013-08,98.9828797223779
DATAFLOW,OECD.SDD.STES:DSD_KEI@DF_KEI(4.0),I,DEU,M,CP,IX,_Z,_Z,_Z,2013-07,98.9828797223779
DATAFLOW,OECD.SDD.STES:DSD_KEI@DF_KEI(4.0),I,DEU,M,CP,IX,_Z,_Z,_Z,2013-04,98.0499590840898
DATAFLOW,OECD.SDD.STES:DSD_KEI@DF_KEI(4.0),I,DEU,M,CP,IX,_Z,_Z,_Z,2013-03,98.5164194032339
DATAFLOW,OECD.SDD.STES:DSD_KEI@DF_KEI(4.0),I,DEU,M,CP,IX,_Z,_Z,_Z,2013-02,98.0499590840898
DATAFLOW,OECD.SDD.STES:DSD_KEI@DF_KEI(4.0),I,DEU,M,CP,IX,_Z,_Z,_Z,2012-12,97.9566670202609
DATAFLOW,OECD.SDD.STES:DSD_KEI@DF_KEI(4.0),I,DEU,M,CP,IX,_Z,_Z,_Z,2012-11,97.6767908287745
DATAFLOW,OECD.SDD.STES:DSD_KEI@DF_KEI(4.0),I,DEU,M,CP,IX,_Z,_Z,_Z,2012-09,97.5834987649457
DATAFLOW,OECD.SDD.STES:DSD_KEI@DF_KEI(4.0),I,DEU,M,CP,IX,_Z,_Z,_Z,2012-08,97.4902067011168
DATAFLOW,OECD.SDD.STES:DSD_KEI@DF_KEI(4.0),I,DEU,M,CP,IX,_Z,_Z,_Z,2012-07,97.1170384458016
DATAFLOW,OECD.SDD.STES:DSD_KEI@DF_KEI(4.0),I,DEU,M,CP,IX,_Z,_Z,_Z,2012-04,96.9304543181439
DATAFLOW,OECD.SDD.STES:DSD_KEI@DF_KEI(4.0),I,DEU,M,CP,IX,_Z,_Z,_Z,2012-02,96.5572860628286
DATAFLOW,OECD.SDD.STES:DSD_KEI@DF_KEI(4.0),I,DEU,M,CP,IX,_Z,_Z,_Z,2011-12,95.99753367985568
DATAFLOW,OECD.SDD.STES:DSD_KEI@DF_KEI(4.0),I,DEU,M,CP,IX,_Z,_Z,_Z,2011-11,95.8109495521981
DATAFLOW,OECD.SDD.STES:DSD_KEI@DF_KEI(4.0),I,DEU,M,CP,IX,_Z,_Z,_Z,2011-10,95.6243654245404
DATAFLOW,OECD.SDD.STES:DSD_KEI@DF_KEI(4.0),I,DEU,M,CP,IX,_Z,_Z,_Z,2011-09,95.6243654245404
DATAFLOW,OECD.SDD.STES:DSD_KEI@DF_KEI(4.0),I,DEU,M,CP,IX,_Z,_Z,_Z,2011-06,95.1579051053963
DATAFLOW,OECD.SDD.STES:DSD_KEI@DF_KEI(4.0),I,DEU,M,CP,IX,_Z,_Z,_Z,2010-12,94.1316924032794
DATAFLOW,OECD.SDD.STES:DSD_KEI@DF_KEI(4.0),I,DEU,M,CP,IX,_Z,_Z,_Z,2010-11,93.5719400203064
DATAFLOW,OECD.SDD.STES:DSD_KEI@DF_KEI(4.0),I,DEU,M,CP,IX,_Z,_Z,_Z,2010-10,93.4786479564776
DATAFLOW,OECD.SDD.STES:DSD_KEI@DF_KEI(4.0),I,DEU,M,CP,IX,_Z,_Z,_Z,2010-08,93.4786479564776
DATAFLOW,OECD.SDD.STES:DSD_KEI@DF_KEI(4.0),I,DEU,M,CP,IX,_Z,_Z,_Z,2010-05,93.1987717649911
DATAFLOW,OECD.SDD.STES:DSD_KEI@DF_KEI(4.0),I,DEU,M,CP,IX,_Z,_Z,_Z,2010-03,93.1987717649911
DATAFLOW,OECD.SDD.STES:DSD_KEI@DF_KEI(4.0),I,DEU,M,CP,IX,_Z,_Z,_Z,2010-01,92.3591431905318
DATAFLOW,OECD.SDD.STES:DSD_KEI@DF_KEI(4.0),I,DEU,M,CP,IX,_Z,_Z,_Z,2009-12,92.9188955735046
DATAFLOW,OECD.SDD.STES:DSD_KEI@DF_KEI(4.0),I,DEU,M,CP,IX,_Z,_Z,_Z,2009-10,92.2658511267029
DATAFLOW,OECD.SDD.STES:DSD_KEI@DF_KEI(4.0),I,DEU,M,CP,IX,_Z,_Z,_Z,2009-09,92.2658511267029
DATAFLOW,OECD.SDD.STES:DSD_KEI@DF_KEI(4.0),I,DEU,M,CP,IX,_Z,_Z,_Z,2009-07,92.3591431905318
DATAFLOW,OECD.SDD.STES:DSD_KEI@DF_KEI(4.0),I,DEU,M,CP,IX,_Z,_Z,_Z,2009-06,92.3591431905318
DATAFLOW,OECD.SDD.STES:DSD_KEI@DF_KEI(4.0),I,DEU,M,CP,IX,_Z,_Z,_Z,2009-02,92.2658511267029
DATAFLOW,OECD.SDD.STES:DSD_KEI@DF_KEI(4.0),I,DEU,M,CP,IX,_Z,_Z,_Z,2008-11,91.7993908075588
DATAFLOW,OECD.SDD.STES:DSD_KEI@DF_KEI(4.0),I,DEU,M,CP,IX,_Z,_Z,_Z,2008-10,92.2658511267029
DATAFLOW,OECD.SDD.STES:DSD_KEI@DF_KEI(4.0),I,DEU,M,CP,IX,_Z,_Z,_Z,2008-09,92.4524352543605
DATAFLOW,OECD.SDD.STES:DSD_KEI@DF_KEI(4.0),I,DEU,M,CP,IX,_Z,_Z,_Z,2008-07,92.8256035096758
DATAFLOW,OECD.SDD.STES:DSD_KEI@DF_KEI(4.0),I,DEU,M,CP,IX,_Z,_Z,_Z,2008-04,91.5195146160724
DATAFLOW,OECD.SDD.STES:DSD_KEI@DF_KEI(4.0),I,DEU,M,CP,IX,_Z,_Z,_Z,2008-01,90.8664701692706
DATAFLOW,OECD.SDD.STES:DSD_KEI@DF_KEI(4.0),I,KOR,M,CP,GR,_Z,_Z,GY,2014-04,1.49855100567746
DATAFLOW,OECD.SDD.STES:DSD_KEI@DF_KEI(4.0),I,KOR,M,CP,GR,_Z,_Z,GY,2014-03,1.29206472157675
DATAFLOW,OECD.SDD.STES:DSD_KEI@DF_KEI(4.0),I,KOR,M,CP,GR,_Z,_Z,GY,2014-02,1.01248952041102
DATAFLOW,OECD.SDD.STES:DSD_KEI@DF_KEI(4.0),I,KOR,M,CP,GR,_Z,_Z,GY,2014-01,1.08057976015874
DATAFLOW,OECD.SDD.STES:DSD_KEI@DF_KEI(4.0),I,KOR,M,CP,GR,_Z,_Z,GY,2013-12,1.1434770816382
DATAFLOW,OECD.SDD.STES:DSD_KEI@DF_KEI(4.0),I,KOR,M,CP,GR,_Z,_Z,GY,2013-11,1.20094336546717
DATAFLOW,OECD.SDD.STES:DSD_KEI@DF_KEI(4.0),I,KOR,M,CP,GR,_Z,_Z,GY,2013-10,0.860957991747791
DATAFLOW,OECD.SDD.STES:DSD_KEI@DF_KEI(4.0),I,KOR,M,CP,GR,_Z,_Z,GY,2023-10,3.7651154268963
DATAFLOW,OECD.SDD.STES:DSD_KEI@DF_KEI(4.0),I,KOR,M,CP,GR,_Z,_Z,GY,2023-09,3.70336335232495
DATAFLOW,OECD.SDD.STES:DSD_KEI@DF_KEI(4.0),I,KOR,M,CP,GR,_Z,_Z,GY,2023-08,3.3600294577925
DATAFLOW,OECD.SDD.STES:DSD_KEI@DF_KEI(4.0),I,KOR,M,CP,GR,_Z,_Z,GY,2023-07,2.35445599190653
DATAFLOW,OECD.SDD.STES:DSD_KEI@DF_KEI(4.0),I,KOR,M,CP,GR,_Z,_Z,GY,2023-06,2.72618057480822
DATAFLOW,OECD.SDD.STES:DSD_KEI@DF_KEI(4.0),I,KOR,M,CP,GR,_Z,_Z,GY,2023-05,3.37674418604652
DATAFLOW,OECD.SDD.STES:DSD_KEI@DF_KEI(4.0),I,KOR,M,CP,GR,_Z,_Z,GY,2023-04,3.6881025929046
DATAFLOW,OECD.SDD.STES:DSD_KEI@DF_KEI(4.0),I,KOR,M,CP,GR,_Z,_Z,GY,2023-03,4.16588124410933
DATAFLOW,OECD.SDD.STES:DSD_KEI@DF_KEI(4.0),I,KOR,M,CP,GR,_Z,_Z,GY,2023-02,4.65756023524948
DATAFLOW,OECD.SDD.STES:DSD_KEI@DF_KEI(4.0),I,KOR,M,CP,GR,_Z,_Z,GY,2023-01,4.97854077253219
DATAFLOW,OECD.SDD.STES:DSD_KEI@DF_KEI(4.0),I,KOR,M,CP,GR,_Z,_Z,GY,2022-12,5.01730103806228
DATAFLOW,OECD.SDD.STES:DSD_KEI@DF_KEI(4.0),I,KOR,M,CP,GR,_Z,_Z,GY,2022-11,5.00625782227786
DATAFLOW,OECD.SDD.STES:DSD_KEI@DF_KEI(4.0),I,KOR,M,CP,GR,_Z,_Z,GY,2022-10,5.62167392356072
DATAFLOW,OECD.SDD.STES:DSD_KEI@DF_KEI(4.0),I,KOR,M,CP,GR,_Z,_Z,GY,2022-09,5.47639817776486
DATAFLOW,OECD.SDD.STES:DSD_KEI@DF_KEI(4.0),I,KOR,M,CP,GR,_Z,_Z,GY,2022-08,5.72262773722627
DATAFLOW,OECD.SDD.STES:DSD_KEI@DF_KEI(4.0),I,KOR,M,CP,GR,_Z,_Z,GY,2022-07,6.32700958341481
DATAFLOW,OECD.SDD.STES:DSD_KEI@DF_KEI(4.0),I,KOR,M,CP,GR,_Z,_Z,GY,2022-06,6.0362567368937
DATAFLOW,OECD.SDD.STES:DSD_KEI@DF_KEI(4.0),I,KOR,M,CP,GR,_Z,_Z,GY,2022-05,5.34051935325821
DATAFLOW,OECD.SDD.STES:DSD_KEI@DF_KEI(4.0),I,KOR,M,CP,GR,_Z,_Z,GY,2022-04,4.75583447734851
DATAFLOW,OECD.SDD.STES:DSD_KEI@DF_KEI(4.0),I,KOR,M,CP,GR,_Z,_Z,GY,2022-03,4.18303220738412
DATAFLOW,OECD.SDD.STES:DSD_KEI@DF_KEI(4.0),I,KOR,M,CP,GR,_Z,_Z,GY,2022-02,3.78027170702895
DATAFLOW,OECD.SDD.STES:DSD_KEI@DF_KEI(4.0),I,KOR,M,CP,GR,_Z,_Z,GY,2022-01,3.77078384798097
DATAFLOW,OECD.SDD.STES:DSD_KEI@DF_KEI(4.0),I,KOR,M,CP,GR,_Z,_Z,GY,2021-12,3.69779726901225
DATAFLOW,OECD.SDD.STES:DSD_KEI@DF_KEI(4.0),I,KOR,M,CP,GR,_Z,_Z,GY,2021-11,3.77660105904685
DATAFLOW,OECD.SDD.STES:DSD_KEI@DF_KEI(4.0),I,KOR,M,CP,GR,_Z,_Z,GY,2021-10,3.16430425234575
DATAFLOW,OECD.SDD.STES:DSD_KEI@DF_KEI(4.0),I,KOR,M,CP,GR,_Z,_Z,GY,2021-09,2.41215008933888
DATAFLOW,OECD.SDD.STES:DSD_KEI@DF_KEI(4.0),I,KOR,M,CP,GR,_Z,_Z,GY,2021-08,2.55514522407427
DATAFLOW,OECD.SDD.STES:DSD_KEI@DF_KEI(4.0),I,KOR,M,CP,GR,_Z,_Z,GY,2021-07,2.63976713841214
DATAFLOW,OECD.SDD.STES:DSD_KEI@DF_KEI(4.0),I,KOR,M,CP,GR,_Z,_Z,GY,2021-06,2.34680573663624
DATAFLOW,OECD.SDD.STES:DSD_KEI@DF_KEI(4.0),I,KOR,M,CP,GR,_Z,_Z,GY,2021-04,2.4924623115578
DATAFLOW,OECD.SDD.STES:DSD_KEI@DF_KEI(4.0),I,KOR,M,CP,GR,_Z,_Z,GY,2021-03,1.90114068441065
DATAFLOW,OECD.SDD.STES:DSD_KEI@DF_KEI(4.0),I,KOR,M,CP,GR,_Z,_Z,GY,2021-02,1.41773162939296
DATAFLOW,OECD.SDD.STES:DSD_KEI@DF_KEI(4.0),I,KOR,M,CP,GR,_Z,_Z,GY,2021-01,0.949145768808068
DATAFLOW,OECD.SDD.STES:DSD_KEI@DF_KEI(4.0),I,KOR,M,CP,GR,_Z,_Z,GY,2020-12,0.612721748112222
DATAFLOW,OECD.SDD.STES:DSD_KEI@DF_KEI(4.0),I,KOR,M,CP,GR,_Z,_Z,GY,2020-11,0.612177199666286
DATAFLOW,OECD.SDD.STES:DSD_KEI@DF_KEI(4.0),I,KOR,M,CP,GR,_Z,_Z,GY,2020-10,0.138943033356331
DATAFLOW,OECD.SDD.STES:DSD_KEI@DF_KEI(4.0),I,KOR,M,CP,GR,_Z,_Z,GY,2020-09,0.947952782732453
DATAFLOW,OECD.SDD.STES:DSD_KEI@DF_KEI(4.0),I,KOR,M,CP,GR,_Z,_Z,GY,2020-08,0.769424189087253
DATAFLOW,OECD.SDD.STES:DSD_KEI@DF_KEI(4.0),I,KOR,M,CP,GR,_Z,_Z,GY,2020-07,0.446631110931861
DATAFLOW,OECD.SDD.STES:DSD_KEI@DF_KEI(4.0),I,KOR,M,CP,GR,_Z,_Z,GY,2020-06,0.22012041290167
DATAFLOW,OECD.SDD.STES:DSD_KEI@DF_KEI(4.0),I,KOR,M,CP,GR,_Z,_Z,GY,2020-05,-0.212740336370587
DATAFLOW,OECD.SDD.STES:DSD_KEI@DF_KEI(4.0),I,KOR,M,CP,GR,_Z,_Z,GY,2020-04,0.0190991244559235
DATAFLOW,OECD.SDD.STES:DSD_KEI@DF_KEI(4.0),I,KOR,M,CP,GR,_Z,_Z,GY,2020-03,0.826262850455506
DATAFLOW,OECD.SDD.STES:DSD_KEI@DF_KEI(4.0),I,KOR,M,CP,GR,_Z,_Z,GY,2020-02,0.854890193432745
DATAFLOW,OECD.SDD.STES:DSD_KEI@DF_KEI(4.0),I,KOR,M,CP,GR,_Z,_Z,GY,2020-01,1.21961085716598
DATAFLOW,OECD.SDD.STES:DSD_KEI@DF_KEI(4.0),I,KOR,M,CP,GR,_Z,_Z,GY,2019-12,0.73847335030508
DATAFLOW,OECD.SDD.STES:DSD_KEI@DF_KEI(4.0),I,KOR,M,CP,GR,_Z,_Z,GY,2019-11,0.152018524111552
DATAFLOW,OECD.SDD.STES:DSD_KEI@DF_KEI(4.0),I,KOR,M,CP,GR,_Z,_Z,GY,2019-09,-0.4260584109119
DATAFLOW,OECD.SDD.STES:DSD_KEI@DF_KEI(4.0),I,KOR,M,CP,GR,_Z,_Z,GY,2019-08,-0.0372001367356489
DATAFLOW,OECD.SDD.STES:DSD_KEI@DF_KEI(4.0),I,KOR,M,CP,GR,_Z,_Z,GY,2019-07,0.60553808702708
DATAFLOW,OECD.SDD.STES:DSD_KEI@DF_KEI(4.0),I,KOR,M,CP,GR,_Z,_Z,GY,2019-06,0.720800979965386
DATAFLOW,OECD.SDD.STES:DSD_KEI@DF_KEI(4.0),I,KOR,M,CP,GR,_Z,_Z,GY,2019-05,0.679942209963724
DATAFLOW,OECD.SDD.STES:DSD_KEI@DF_KEI(4.0),I,KOR,M,CP,GR,_Z,_Z,GY,2019-04,0.555943031001394
DATAFLOW,OECD.SDD.STES:DSD_KEI@DF_KEI(4.0),I,KOR,M,CP,GR,_Z,_Z,GY,2019-03,0.374679750078455
DATAFLOW,OECD.SDD.STES:DSD_KEI@DF_KEI(4.0),I,KOR,M,CP,GR,_Z,_Z,GY,2019-02,0.461281675180825
DATAFLOW,OECD.SDD.STES:DSD_KEI@DF_KEI(4.0),I,KOR,M,CP,GR,_Z,_Z,GY,2019-01,0.793019794915706
DATAFLOW,OECD.SDD.STES:DSD_KEI@DF_KEI(4.0),I,KOR,M,CP,GR,_Z,_Z,GY,2018-12,1.3203955045139
DATAFLOW,OECD.SDD.STES:DSD_KEI@DF_KEI(4.0),I,KOR,M,CP,GR,_Z,_Z,GY,2018-11,2.03704274399827
DATAFLOW,OECD.SDD.STES:DSD_KEI@DF_KEI(4.0),I,KOR,M,CP,GR,_Z,_Z,GY,2018-10,2.00250823332688
DATAFLOW,OECD.SDD.STES:DSD_KEI@DF_KEI(4.0),I,KOR,M,CP,GR,_Z,_Z,GY,2018-09,2.08715315976042
DATAFLOW,OECD.SDD.STES:DSD_KEI@DF_KEI(4.0),I,KOR,M,CP,GR,_Z,_Z,GY,2018-08,1.43180566603438
DATAFLOW,OECD.SDD.STES:DSD_KEI@DF_KEI(4.0),I,KOR,M,CP,GR,_Z,_Z,GY,2018-07,1.11898583575216
DATAFLOW,OECD.SDD.STES:DSD_KEI@DF_KEI(4.0),I,KOR,M,CP,GR,_Z,_Z,GY,2018-06,1.48040847356634
DATAFLOW,OECD.SDD.STES:DSD_KEI@DF_KEI(4.0),I,KOR,M,CP,GR,_Z,_Z,GY,2018-05,1.46905049925163
DATAFLOW,OECD.SDD.STES:DSD_KEI@DF_KEI(4.0),I,KOR,M,CP,GR,_Z,_Z,GY,2018-04,1.52808850393056
DATAFLOW,OECD.SDD.STES:DSD_KEI@DF_KEI(4.0),I,KOR,M,CP,GR,_Z,_Z,GY,2018-03,1.21559985650592
DATAFLOW,OECD.SDD.STES:DSD_KEI@DF_KEI(4.0),I,KOR,M,CP,GR,_Z,_Z,GY,2018-02,1.25266306129137
DATAFLOW,OECD.SDD.STES:DSD_KEI@DF_KEI(4.0),I,KOR,M,CP,GR,_Z,_Z,GY,2018-01,0.760018897767178
DATAFLOW,OECD.SDD.STES:DSD_KEI@DF_KEI(4.0),I,KOR,M,CP,GR,_Z,_Z,GY,2017-12,1.40748583172448
DATAFLOW,OECD.SDD.STES:DSD_KEI@DF_KEI(4.0),I,KOR,M,CP,GR,_Z,_Z,GY,2017-11,1.15340253748559
DATAFLOW,OECD.SDD.STES:DSD_KEI@DF_KEI(4.0),I,KOR,M,CP,IX,_Z,_Z,_Z,2010-11,91.6141262954272
DATAFLOW,OECD.SDD.STES:DSD_KEI@DF_KEI(4.0),I,KOR,M,CP,IX,_Z,_Z,_Z,2010-10,92.0684756894084
DATAFLOW,OECD.SDD.STES:DSD_KEI@DF_KEI(4.0),I,KOR,M,CP,IX,_Z,_Z,_Z,2010-09,92.0684756894084
DATAFLOW,OECD.SDD.STES:DSD_KEI@DF_KEI(4.0),I,KOR,M,CP,IX,_Z,_Z,_Z,2010-07,90.88463724523
DATAFLOW,OECD.SDD.STES:DSD_KEI@DF_KEI(4.0),I,KOR,M,CP,IX,_Z,_Z,_Z,2010-05,90.7939782014194
DATAFLOW,OECD.SDD.STES:DSD_KEI@DF_KEI(4.0),I,KOR,M,CP,IX,_Z,_Z,_Z,2010-01,89.97488428233959
DATAFLOW,OECD.SDD.STES:DSD_KEI@DF_KEI(4.0),I,KOR,M,CP,IX,_Z,_Z,_Z,2009-07,88.6413529983809
DATAFLOW,OECD.SDD.STES:DSD_KEI@DF_KEI(4.0),I,KOR,M,CP,IX,_Z,_Z,_Z,2008-06,86.6015245126417
DATAFLOW,OECD.SDD.STES:DSD_KEI@DF_KEI(4.0),I,KOR,M,CP,IX,_Z,_Z,_Z,2008-04,85.34811052321331
DATAFLOW,OECD.SDD.STES:DSD_KEI@DF_KEI(4.0),I,KOR,M,CP,IX,_Z,_Z,_Z,2007-02,81.1893904321326
DATAFLOW,OECD.SDD.STES:DSD_KEI@DF_KEI(4.0),I,KOR,M,CP,GR,_Z,_Z,GY,2009-07,1.61818555355482
DATAFLOW,OECD.SDD.STES:DSD_KEI@DF_KEI(4.0),I,KOR,M,CP,GR,_Z,_Z,G1,2014-12,-0.0095729404882227
DATAFLOW,OECD.SDD.STES:DSD_KEI@DF_KEI(4.0),I,KOR,M,CP,GR,_Z,_Z,G1,2014-11,-0.201687808502737
DATAFLOW,OECD.SDD.STES:DSD_KEI@DF_KEI(4.0),I,KOR,M,CP,GR,_Z,_Z,G1,2014-10,-0.301619218964955
DATAFLOW,OECD.SDD.STES:DSD_KEI@DF_KEI(4.0),I,KOR,M,CP,GR,_Z,_Z,G1,2014-09,-0.064515446690161
DATAFLOW,OECD.SDD.STES:DSD_KEI@DF_KEI(4.0),I,KOR,M,CP,GR,_Z,_Z,G1,2014-08,0.174814061407425
DATAFLOW,OECD.SDD.STES:DSD_KEI@DF_KEI(4.0),I,KOR,M,CP,GR,_Z,_Z,G1,2014-07,0.146422205245722
DATAFLOW,OECD.SDD.STES:DSD_KEI@DF_KEI(4.0),I,KOR,M,CP,GR,_Z,_Z,G1,2014-06,-0.128220072269492
DATAFLOW,OECD.SDD.STES:DSD_KEI@DF_KEI(4.0),I,KOR,M,CP,GR,_Z,_Z,G1,2014-05,0.164519073598401
DATAFLOW,OECD.SDD.STES:DSD_KEI@DF_KEI(4.0),I,KOR,M,CP,GR,_Z,_Z,G1,2014-04,0.0647881639459058
DATAFLOW,OECD.SDD.STES:DSD_KEI@DF_KEI(4.0),I,KOR,M,CP,GR,_Z,_Z,G1,2014-03,0.184081719514784
DATAFLOW,OECD.SDD.STES:DSD_KEI@DF_KEI(4.0),I,KOR,M,CP,GR,_Z,_Z,G1,2014-02,0.266723567694438
DATAFLOW,OECD.SDD.STES:DSD_KEI@DF_KEI(4.0),I,KOR,M,CP,GR,_Z,_Z,G1,2014-01,0.537386435551168
DATAFLOW,OECD.SDD.STES:DSD_KEI@DF_KEI(4.0),I,KOR,M,CP,GR,_Z,_Z,G1,2013-12,0.121354010051977
DATAFLOW,OECD.SDD.STES:DSD_KEI@DF_KEI(4.0),I,KOR,M,CP,GR,_Z,_Z,G1,2013-11,-0.0193269912169614
DATAFLOW,OECD.SDD.STES:DSD_KEI@DF_KEI(4.0),I,KOR,M,CP,GR,_Z,_Z,G1,2013-10,-0.305077125638242
DATAFLOW,OECD.SDD.STES:DSD_KEI@DF_KEI(4.0),I,KOR,M,CP,GR,_Z,_Z,G1,2013-08,0.354109935528313
DATAFLOW,OECD.SDD.STES:DSD_KEI@DF_KEI(4.0),I,KOR,M,CP,GR,_Z,_Z,G1,2013-07,0.214647826555936
DATAFLOW,OECD.SDD.STES:DSD_KEI@DF_KEI(4.0),I,KOR,M,CP,GR,_Z,_Z,G1,2013-06,-0.121737069476324
DATAFLOW,OECD.SDD.STES:DSD_KEI@DF_KEI(4.0),I,KOR,M,CP,GR,_Z,_Z,G1,2013-04,-0.138781306480762
DATAFLOW,OECD.SDD.STES:DSD_KEI@DF_KEI(4.0),I,KOR,M,CP,GR,_Z,_Z,G1,2013-02,0.334311103442331
DATAFLOW,OECD.SDD.STES:DSD_KEI@DF_KEI(4.0),I,KOR,M,CP,GR,_Z,_Z,G1,2013-01,0.599945755356668
DATAFLOW,OECD.SDD.STES:DSD_KEI@DF_KEI(4.0),I,KOR,M,CP,GR,_Z,_Z,G1,2012-12,0.178239558313686
DATAFLOW,OECD.SDD.STES:DSD_KEI@DF_KEI(4.0),I,KOR,M,CP,GR,_Z,_Z,G1,2012-11,-0.355212856972686
DATAFLOW,OECD.SDD.STES:DSD_KEI@DF_KEI(4.0),I,KOR,M,CP,GR,_Z,_Z,G1,2012-10,-0.187002767208577
DATAFLOW,OECD.SDD.STES:DSD_KEI@DF_KEI(4.0),I,KOR,M,CP,GR,_Z,_Z,G1,2012-09,0.715257743182196
DATAFLOW,OECD.SDD.STES:DSD_KEI@DF_KEI(4.0),I,KOR,M,CP,GR,_Z,_Z,G1,2012-08,0.462638901041212
DATAFLOW,OECD.SDD.STES:DSD_KEI@DF_KEI(4.0),I,KOR,M,CP,GR,_Z,_Z,G1,2012-07,-0.225886358428173
DATAFLOW,OECD.SDD.STES:DSD_KEI@DF_KEI(4.0),I,KOR,M,CP,GR,_Z,_Z,G1,2012-05,0.179029528955854
DATAFLOW,OECD.SDD.STES:DSD_KEI@DF_KEI(4.0),I,KOR,M,CP,GR,_Z,_Z,G1,2012-04,-0.0098238260527905
DATAFLOW,OECD.SDD.STES:DSD_KEI@DF_KEI(4.0),I,KOR,M,CP,GR,_Z,_Z,G1,2012-03,0.028387998427748
DATAFLOW,OECD.SDD.STES:DSD_KEI@DF_KEI(4.0),I,KOR,M,CP,GR,_Z,_Z,G1,2012-02,0.379211328116424
DATAFLOW,OECD.SDD.STES:DSD_KEI@DF_KEI(4.0),I,KOR,M,CP,GR,_Z,_Z,G1,2012-01,0.399432212062178
DATAFLOW,OECD.SDD.STES:DSD_KEI@DF_KEI(4.0),I,KOR,M,CP,GR,_Z,_Z,G1,2011-12,0.381072304327668
DATAFLOW,OECD.SDD.STES:DSD_KEI@DF_KEI(4.0),I,KOR,M,CP,GR,_Z,_Z,G1,2011-11,0.0950822572085785
DATAFLOW,OECD.SDD.STES:DSD_KEI@DF_KEI(4.0),I,KOR,M,CP,GR,_Z,_Z,G1,2011-10,-0.189803575369696
DATAFLOW,OECD.SDD.STES:DSD_KEI@DF_KEI(4.0),I,KOR,M,CP,GR,_Z,_Z,G1,2011-09,-0.0959132150770925
DATAFLOW,OECD.SDD.STES:DSD_KEI@DF_KEI(4.0),I,KOR,M,CP,GR,_Z,_Z,G1,2011-08,0.671461232824999
DATAFLOW,OECD.SDD.STES:DSD_KEI@DF_KEI(4.0),I,KOR,M,CP,GR,_Z,_Z,G1,2011-07,0.481766477082646
DATAFLOW,OECD.SDD.STES:DSD_KEI@DF_KEI(4.0),I,KOR,M,CP,GR,_Z,_Z,G1,2011-06,0.19330256880119
DATAFLOW,OECD.SDD.STES:DSD_KEI@DF_KEI(4.0),I,KOR,M,CP,GR,_Z,_Z,G1,2011-05,0.192555275678696
DATAFLOW,OECD.SDD.STES:DSD_KEI@DF_KEI(4.0),I,KOR,M,CP,GR,_Z,_Z,G1,2011-04,0.0974920997781181
DATAFLOW,OECD.SDD.STES:DSD_KEI@DF_KEI(4.0),I,KOR,M,CP,GR,_Z,_Z,G1,2011-03,0.389236376726831
DATAFLOW,OECD.SDD.STES:DSD_KEI@DF_KEI(4.0),I,KOR,M,CP,GR,_Z,_Z,G1,2011-02,0.684124682856102
DATAFLOW,OECD.SDD.STES:DSD_KEI@DF_KEI(4.0),I,KOR,M,CP,GR,_Z,_Z,G1,2011-01,1.18852505988469
DATAFLOW,OECD.SDD.STES:DSD_KEI@DF_KEI(4.0),I,KOR,M,CP,GR,_Z,_Z,G1,2010-12,0.396980645755196
DATAFLOW,OECD.SDD.STES:DSD_KEI@DF_KEI(4.0),I,KOR,M,CP,GR,_Z,_Z,G1,2010-11,-0.49349073130518
DATAFLOW,OECD.SDD.STES:DSD_KEI@DF_KEI(4.0),I,KOR,M,CP,GR,_Z,_Z,G1,2010-09,0.796334552840849
DATAFLOW,OECD.SDD.STES:DSD_KEI@DF_KEI(4.0),I,KOR,M,CP,GR,_Z,_Z,G1,2010-08,0.502238615538086
DATAFLOW,OECD.SDD.STES:DSD_KEI@DF_KEI(4.0),I,KOR,M,CP,GR,_Z,_Z,G1,2010-07,0.201066933206273
DATAFLOW,OECD.SDD.STES:DSD_KEI@DF_KEI(4.0),I,KOR,M,CP,GR,_Z,_Z,G1,2010-06,-0.10101244659112
DATAFLOW,OECD.SDD.STES:DSD_KEI@DF_KEI(4.0),I,KOR,M,CP,GR,_Z,_Z,G1,2022-10,0.312442565704818
DATAFLOW,OECD.SDD.STES:DSD_KEI@DF_KEI(4.0),I,KOR,M,CP,GR,_Z,_Z,G1,2022-09,0.174905643008372
DATAFLOW,OECD.SDD.STES:DSD_KEI@DF_KEI(4.0),I,KOR,M,CP,GR,_Z,_Z,G1,2022-08,-0.0919709371838606
DATAFLOW,OECD.SDD.STES:DSD_KEI@DF_KEI(4.0),I,KOR,M,CP,GR,_Z,_Z,G1,2022-07,0.480547084372995
DATAFLOW,OECD.SDD.STES:DSD_KEI@DF_KEI(4.0),I,KOR,M,CP,GR,_Z,_Z,G1,2022-06,0.660465116279085
DATAFLOW,OECD.SDD.STES:DSD_KEI@DF_KEI(4.0),I,KOR,M,CP,GR,_Z,_Z,G1,2022-05,0.627164654123358
DATAFLOW,OECD.SDD.STES:DSD_KEI@DF_KEI(4.0),I,KOR,M,CP,GR,_Z,_Z,G1,2022-04,0.688030160226205
DATAFLOW,OECD.SDD.STES:DSD_KEI@DF_KEI(4.0),I,KOR,M,CP,IX,_Z,_Z,_Z,2019-03,104.490873041321
DATAFLOW,OECD.SDD.STES:DSD_KEI@DF_KEI(4.0),I,KOR,M,CP,IX,_Z,_Z,_Z,2013-02,98.07832695411088
DATAFLOW,OECD.SDD.STES:DSD_KEI@DF_KEI(4.0),I,KOR,M,CP,IX,_Z,_Z,_Z,2025-12,123.939346288558
DATAFLOW,OECD.SDD.STES:DSD_KEI@DF_KEI(4.0),I,KOR,M,CP,IX,_Z,_Z,_Z,2025-11,123.549301565186
DATAFLOW,OECD.SDD.STES:DSD_KEI@DF_KEI(4.0),I,KOR,M,CP,IX,_Z,_Z,_Z,2025-10,123.781220049353
DATAFLOW,OECD.SDD.STES:DSD_KEI@DF_KEI(4.0),I,KOR,M,CP,IX,_Z,_Z,_Z,2025-09,123.401717075262
DATAFLOW,OECD.SDD.STES:DSD_KEI@DF_KEI(4.0),I,KOR,M,CP,IX,_Z,_Z,_Z,2025-08,122.758670369163
DATAFLOW,OECD.SDD.STES:DSD_KEI@DF_KEI(4.0),I,KOR,M,CP,IX,_Z,_Z,_Z,2025-07,122.832462614125
DATAFLOW,OECD.SDD.STES:DSD_KEI@DF_KEI(4.0),I,KOR,M,CP,IX,_Z,_Z,_Z,2025-05,122.568918882118
DATAFLOW,OECD.SDD.STES:DSD_KEI@DF_KEI(4.0),I,KOR,M,CP,IX,_Z,_Z,_Z,2025-04,122.684878124201
DATAFLOW,OECD.SDD.STES:DSD_KEI@DF_KEI(4.0),I,KOR,M,CP,IX,_Z,_Z,_Z,2025-03,122.590002380678
DATAFLOW,OECD.SDD.STES:DSD_KEI@DF_KEI(4.0),I,KOR,M,CP,IX,_Z,_Z,_Z,2025-02,122.368625645792
DATAFLOW,OECD.SDD.STES:DSD_KEI@DF_KEI(4.0),I,KOR,M,CP,IX,_Z,_Z,_Z,2025-01,121.978580922421
DATAFLOW,OECD.SDD.STES:DSD_KEI@DF_KEI(4.0),I,KOR,M,CP,IX,_Z,_Z,_Z,2024-12,121.135240979996
DATAFLOW,OECD.SDD.STES:DSD_KEI@DF_KEI(4.0),I,KOR,M,CP,IX,_Z,_Z,_Z,2024-11,120.597611766701
DATAFLOW,OECD.SDD.STES:DSD_KEI@DF_KEI(4.0),I,KOR,M,CP,IX,_Z,_Z,_Z,2024-10,120.903322495829
DATAFLOW,OECD.SDD.STES:DSD_KEI@DF_KEI(4.0),I,KOR,M,CP,IX,_Z,_Z,_Z,2024-09,120.861155498708
DATAFLOW,OECD.SDD.STES:DSD_KEI@DF_KEI(4.0),I,KOR,M,CP,IX,_Z,_Z,_Z,2024-08,120.745196256625
DATAFLOW,OECD.SDD.STES:DSD_KEI@DF_KEI(4.0),I,KOR,M,CP,IX,_Z,_Z,_Z,2024-07,120.312984536132
DATAFLOW,OECD.SDD.STES:DSD_KEI@DF_KEI(4.0),I,KOR,M,CP,IX,_Z,_Z,_Z,2024-06,120.007273807003
DATAFLOW,OECD.SDD.STES:DSD_KEI@DF_KEI(4.0),I,KOR,M,CP,IX,_Z,_Z,_Z,2024-05,120.281359288291
DATAFLOW,OECD.SDD.STES:DSD_KEI@DF_KEI(4.0),I,KOR,M,CP,IX,_Z,_Z,_Z,2024-04,120.186483544769
DATAFLOW,OECD.SDD.STES:DSD_KEI@DF_KEI(4.0),I,KOR,M,CP,IX,_Z,_Z,_Z,2024-03,120.123233049087
DATAFLOW,OECD.SDD.STES:DSD_KEI@DF_KEI(4.0),I,KOR,M,CP,IX,_Z,_Z,_Z,2024-02,119.94402331132198
DATAFLOW,OECD.SDD.STES:DSD_KEI@DF_KEI(4.0),I,KOR,M,CP,IX,_Z,_Z,_Z,2024-01,119.300976605223
DATAFLOW,OECD.SDD.STES:DSD_KEI@DF_KEI(4.0),I,KOR,M,CP,IX,_Z,_Z,_Z,2023-12,118.837139636889
DATAFLOW,OECD.SDD.STES:DSD_KEI@DF_KEI(4.0),I,KOR,M,CP,IX,_Z,_Z,_Z,2023-11,118.784430890488
DATAFLOW,OECD.SDD.STES:DSD_KEI@DF_KEI(4.0),I,KOR,M,CP,IX,_Z,_Z,_Z,2023-10,119.406394098026
DATAFLOW,OECD.SDD.STES:DSD_KEI@DF_KEI(4.0),I,KOR,M,CP,IX,_Z,_Z,_Z,2023-09,118.963640628253
DATAFLOW,OECD.SDD.STES:DSD_KEI@DF_KEI(4.0),I,KOR,M,CP,IX,_Z,_Z,_Z,2023-08,118.362760919276
DATAFLOW,OECD.SDD.STES:DSD_KEI@DF_KEI(4.0),I,KOR,M,CP,IX,_Z,_Z,_Z,2023-07,117.319127740525
DATAFLOW,OECD.SDD.STES:DSD_KEI@DF_KEI(4.0),I,KOR,M,CP,IX,_Z,_Z,_Z,2023-06,117.182084999881
DATAFLOW,OECD.SDD.STES:DSD_KEI@DF_KEI(4.0),I,KOR,M,CP,IX,_Z,_Z,_Z,2023-05,117.15045975204
DATAFLOW,OECD.SDD.STES:DSD_KEI@DF_KEI(4.0),I,KOR,M,CP,IX,_Z,_Z,_Z,2023-04,116.770956777949
DATAFLOW,OECD.SDD.STES:DSD_KEI@DF_KEI(4.0),I,KOR,M,CP,IX,_Z,_Z,_Z,2023-03,116.507413045942
DATAFLOW,OECD.SDD.STES:DSD_KEI@DF_KEI(4.0),I,KOR,M,CP,IX,_Z,_Z,_Z,2023-01,116.033034328328
DATAFLOW,OECD.SDD.STES:DSD_KEI@DF_KEI(4.0),I,KOR,M,CP,IX,_Z,_Z,_Z,2022-12,115.179152636623
DATAFLOW,OECD.SDD.STES:DSD_KEI@DF_KEI(4.0),I,KOR,M,CP,IX,_Z,_Z,_Z,2022-11,114.978859400297
DATAFLOW,OECD.SDD.STES:DSD_KEI@DF_KEI(4.0),I,KOR,M,CP,IX,_Z,_Z,_Z,2022-10,115.07373514382
DATAFLOW,OECD.SDD.STES:DSD_KEI@DF_KEI(4.0),I,KOR,M,CP,IX,_Z,_Z,_Z,2022-09,114.71531566829
DATAFLOW,OECD.SDD.STES:DSD_KEI@DF_KEI(4.0),I,KOR,M,CP,IX,_Z,_Z,_Z,2022-07,114.620439924767
DATAFLOW,OECD.SDD.STES:DSD_KEI@DF_KEI(4.0),I,KOR,M,CP,IX,_Z,_Z,_Z,2022-06,114.072268962191
DATAFLOW,OECD.SDD.STES:DSD_KEI@DF_KEI(4.0),I,KOR,M,CP,IX,_Z,_Z,_Z,2022-05,113.323804763289
DATAFLOW,OECD.SDD.STES:DSD_KEI@DF_KEI(4.0),I,KOR,M,CP,IX,_Z,_Z,_Z,2022-04,112.617507561509
DATAFLOW,OECD.SDD.STES:DSD_KEI@DF_KEI(4.0),I,KOR,M,CP,IX,_Z,_Z,_Z,2022-03,111.847959864047
DATAFLOW,OECD.SDD.STES:DSD_KEI@DF_KEI(4.0),I,KOR,M,CP,IX,_Z,_Z,_Z,2022-02,111.131120912986
DATAFLOW,OECD.SDD.STES:DSD_KEI@DF_KEI(4.0),I,KOR,M,CP,IX,_Z,_Z,_Z,2022-01,110.530241204008
DATAFLOW,OECD.SDD.STES:DSD_KEI@DF_KEI(4.0),I,KOR,M,CP,IX,_Z,_Z,_Z,2021-12,109.676359512304
DATAFLOW,OECD.SDD.STES:DSD_KEI@DF_KEI(4.0),I,KOR,M,CP,IX,_Z,_Z,_Z,2021-11,109.497149774538
DATAFLOW,OECD.SDD.STES:DSD_KEI@DF_KEI(4.0),I,KOR,M,CP,IX,_Z,_Z,_Z,2021-10,108.948978811962
DATAFLOW,OECD.SDD.STES:DSD_KEI@DF_KEI(4.0),I,KOR,M,CP,IX,_Z,_Z,_Z,2021-09,108.759227324917
DATAFLOW,OECD.SDD.STES:DSD_KEI@DF_KEI(4.0),I,KOR,M,CP,IX,_Z,_Z,_Z,2021-08,108.316473855144
DATAFLOW,OECD.SDD.STES:DSD_KEI@DF_KEI(4.0),I,KOR,M,CP,IX,_Z,_Z,_Z,2021-07,107.799928140409
DATAFLOW,OECD.SDD.STES:DSD_KEI@DF_KEI(4.0),I,KOR,M,CP,IX,_Z,_Z,_Z,2021-06,107.578551405523
DATAFLOW,OECD.SDD.STES:DSD_KEI@DF_KEI(4.0),I,KOR,M,CP,IX,_Z,_Z,_Z,2021-05,107.578551405523
DATAFLOW,OECD.SDD.STES:DSD_KEI@DF_KEI(4.0),I,KOR,M,CP,IX,_Z,_Z,_Z,2021-03,107.35717467063598
DATAFLOW,OECD.SDD.STES:DSD_KEI@DF_KEI(4.0),I,KOR,M,CP,IX,_Z,_Z,_Z,2021-02,107.083089189348
DATAFLOW,OECD.SDD.STES:DSD_KEI@DF_KEI(4.0),I,KOR,M,CP,IX,_Z,_Z,_Z,2021-01,106.513834728212
DATAFLOW,OECD.SDD.STES:DSD_KEI@DF_KEI(4.0),I,KOR,M,CP,IX,_Z,_Z,_Z,2020-12,105.76537052931
DATAFLOW,OECD.SDD.STES:DSD_KEI@DF_KEI(4.0),I,KOR,M,CP,IX,_Z,_Z,_Z,2020-11,105.512368546583
DATAFLOW,OECD.SDD.STES:DSD_KEI@DF_KEI(4.0),I,KOR,M,CP,IX,_Z,_Z,_Z,2020-10,105.607244290105
DATAFLOW,OECD.SDD.STES:DSD_KEI@DF_KEI(4.0),I,KOR,M,CP,IX,_Z,_Z,_Z,2020-09,106.197582249803
DATAFLOW,OECD.SDD.STES:DSD_KEI@DF_KEI(4.0),I,KOR,M,CP,IX,_Z,_Z,_Z,2020-08,105.617786039386
DATAFLOW,OECD.SDD.STES:DSD_KEI@DF_KEI(4.0),I,KOR,M,CP,IX,_Z,_Z,_Z,2020-07,105.027448079689
DATAFLOW,OECD.SDD.STES:DSD_KEI@DF_KEI(4.0),I,KOR,M,CP,IX,_Z,_Z,_Z,2020-06,105.111782073931
DATAFLOW,OECD.SDD.STES:DSD_KEI@DF_KEI(4.0),I,KOR,M,CP,IX,_Z,_Z,_Z,2020-05,104.827154843363
DATAFLOW,OECD.SDD.STES:DSD_KEI@DF_KEI(4.0),I,KOR,M,CP,IX,_Z,_Z,_Z,2020-04,104.890405339045
DATAFLOW,OECD.SDD.STES:DSD_KEI@DF_KEI(4.0),I,KOR,M,CP,IX,_Z,_Z,_Z,2020-03,105.354242307378
DATAFLOW,OECD.SDD.STES:DSD_KEI@DF_KEI(4.0),I,KOR,M,CP,IX,_Z,_Z,_Z,2020-02,105.58616079154498
DATAFLOW,OECD.SDD.STES:DSD_KEI@DF_KEI(4.0),I,KOR,M,CP,IX,_Z,_Z,_Z,2020-01,105.512368546583
DATAFLOW,OECD.SDD.STES:DSD_KEI@DF_KEI(4.0),I,KOR,M,CP,IX,_Z,_Z,_Z,2019-12,105.121269648283
DATAFLOW,OECD.SDD.STES:DSD_KEI@DF_KEI(4.0),I,KOR,M,CP,GR,_Z,_Z,G1,2008-09,0.0908012300540051
DATAFLOW,OECD.SDD.STES:DSD_KEI@DF_KEI(4.0),I,KOR,M,CP,GR,_Z,_Z,G1,2008-08,-0.180066951067714
DATAFLOW,OECD.SDD.STES:DSD_KEI@DF_KEI(4.0),I,KOR,M,CP,GR,_Z,_Z,G1,2008-07,0.725493298925151
DATAFLOW,OECD.SDD.STES:DSD_KEI@DF_KEI(4.0),I,KOR,M,CP,GR,_Z,_Z,G1,2008-06,0.638245742986632
DATAFLOW,OECD.SDD.STES:DSD_KEI@DF_KEI(4.0),I,KOR,M,CP,GR,_Z,_Z,G1,2008-05,0.825078431856929
DATAFLOW,OECD.SDD.STES:DSD_KEI@DF_KEI(4.0),I,KOR,M,CP,GR,_Z,_Z,G1,2008-04,0.555176054151407
DATAFLOW,OECD.SDD.STES:DSD_KEI@DF_KEI(4.0),I,KOR,M,CP,GR,_Z,_Z,G1,2008-03,0.932669767208627
DATAFLOW,OECD.SDD.STES:DSD_KEI@DF_KEI(4.0),I,KOR,M,CP,GR,_Z,_Z,G1,2008-02,0.376233138715532
DATAFLOW,OECD.SDD.STES:DSD_KEI@DF_KEI(4.0),I,KOR,M,CP,GR,_Z,_Z,G1,2008-01,0.469020619208349
DATAFLOW,OECD.SDD.STES:DSD_KEI@DF_KEI(4.0),I,KOR,M,CP,GR,_Z,_Z,G1,2007-12,0.378158191946998
DATAFLOW,OECD.SDD.STES:DSD_KEI@DF_KEI(4.0),I,KOR,M,CP,GR,_Z,_Z,G1,2007-10,0.188163498823979
DATAFLOW,OECD.SDD.STES:DSD_KEI@DF_KEI(4.0),I,KOR,M,CP,GR,_Z,_Z,G1,2007-09,0.571552782324081
DATAFLOW,OECD.SDD.STES:DSD_KEI@DF_KEI(4.0),I,KOR,M,CP,GR,_Z,_Z,G1,2007-08,0.0947090895128788
DATAFLOW,OECD.SDD.STES:DSD_KEI@DF_KEI(4.0),I,KOR,M,CP,GR,_Z,_Z,G1,2007-07,0.382856261883968
DATAFLOW,OECD.SDD.STES:DSD_KEI@DF_KEI(4.0),I,KOR,M,CP,GR,_Z,_Z,G1,2007-05,0.0964493769370245
DATAFLOW,OECD.SDD.STES:DSD_KEI@DF_KEI(4.0),I,KOR,M,CP,GR,_Z,_Z,G1,2007-04,0.383403903748847
DATAFLOW,OECD.SDD.STES:DSD_KEI@DF_KEI(4.0),I,KOR,M,CP,GR,_Z,_Z,G1,2007-03,0.580391342171205
DATAFLOW,OECD.SDD.STES:DSD_KEI@DF_KEI(4.0),I,KOR,M,CP,GR,_Z,_Z,G1,2007-02,0.681081363731439
DATAFLOW,OECD.SDD.STES:DSD_KEI@DF_KEI(4.0),I,KOR,M,CP,GR,_Z,_Z,G1,2007-01,0.193849216744368
DATAFLOW,OECD.SDD.STES:DSD_KEI@DF_KEI(4.0),I,KOR,M,CP,GR,_Z,_Z,GY,2017-10,1.76179458180723
DATAFLOW,OECD.SDD.STES:DSD_KEI@DF_KEI(4.0),I,KOR,M,CP,GR,_Z,_Z,GY,2017-09,2.00006233960539
DATAFLOW,OECD.SDD.STES:DSD_KEI@DF_KEI(4.0),I,KOR,M,CP,GR,_Z,_Z,GY,2017-08,2.4885813727437
DATAFLOW,OECD.SDD.STES:DSD_KEI@DF_KEI(4.0),I,KOR,M,CP,GR,_Z,_Z,GY,2017-07,2.16701071978707
DATAFLOW,OECD.SDD.STES:DSD_KEI@DF_KEI(4.0),I,KOR,M,CP,GR,_Z,_Z,GY,2017-06,1.80627752036899
DATAFLOW,OECD.SDD.STES:DSD_KEI@DF_KEI(4.0),I,KOR,M,CP,GR,_Z,_Z,GY,2017-05,2.00355536965389
DATAFLOW,OECD.SDD.STES:DSD_KEI@DF_KEI(4.0),I,KOR,M,CP,GR,_Z,_Z,GY,2017-04,1.95557322674813
DATAFLOW,OECD.SDD.STES:DSD_KEI@DF_KEI(4.0),I,KOR,M,CP,GR,_Z,_Z,GY,2017-03,2.27689662763515
DATAFLOW,OECD.SDD.STES:DSD_KEI@DF_KEI(4.0),I,KOR,M,CP,GR,_Z,_Z,GY,2017-02,2.08281053952322
DATAFLOW,OECD.SDD.STES:DSD_KEI@DF_KEI(4.0),I,KOR,M,CP,GR,_Z,_Z,GY,2017-01,2.24084341397848
DATAFLOW,OECD.SDD.STES:DSD_KEI@DF_KEI(4.0),I,KOR,M,CP,GR,_Z,_Z,GY,2016-12,1.33796150205112
DATAFLOW,OECD.SDD.STES:DSD_KEI@DF_KEI(4.0),I,KOR,M,CP,GR,_Z,_Z,GY,2016-11,1.53081678728926
DATAFLOW,OECD.SDD.STES:DSD_KEI@DF_KEI(4.0),I,KOR,M,CP,GR,_Z,_Z,GY,2016-10,1.48790093296549
DATAFLOW,OECD.SDD.STES:DSD_KEI@DF_KEI(4.0),I,KOR,M,CP,GR,_Z,_Z,GY,2016-09,1.34890381820862
DATAFLOW,OECD.SDD.STES:DSD_KEI@DF_KEI(4.0),I,KOR,M,CP,GR,_Z,_Z,GY,2016-08,0.487328411036336
DATAFLOW,OECD.SDD.STES:DSD_KEI@DF_KEI(4.0),I,KOR,M,CP,GR,_Z,_Z,GY,2016-07,0.369162810265045
DATAFLOW,OECD.SDD.STES:DSD_KEI@DF_KEI(4.0),I,KOR,M,CP,GR,_Z,_Z,GY,2016-06,0.739655880896439
DATAFLOW,OECD.SDD.STES:DSD_KEI@DF_KEI(4.0),I,KOR,M,CP,GR,_Z,_Z,GY,2016-05,0.779850353040357
DATAFLOW,OECD.SDD.STES:DSD_KEI@DF_KEI(4.0),I,KOR,M,CP,GR,_Z,_Z,GY,2016-04,1.00184940554822
DATAFLOW,OECD.SDD.STES:DSD_KEI@DF_KEI(4.0),I,KOR,M,CP,GR,_Z,_Z,GY,2016-03,0.842530339549241
DATAFLOW,OECD.SDD.STES:DSD_KEI@DF_KEI(4.0),I,KOR,M,CP,GR,_Z,_Z,GY,2016-02,1.11326080751053
DATAFLOW,OECD.SDD.STES:DSD_KEI@DF_KEI(4.0),I,KOR,M,CP,GR,_Z,_Z,GY,2016-01,0.62233868326238
DATAFLOW,OECD.SDD.STES:DSD_KEI@DF_KEI(4.0),I,KOR,M,CP,GR,_Z,_Z,GY,2015-12,1.13184264834159
DATAFLOW,OECD.SDD.STES:DSD_KEI@DF_KEI(4.0),I,KOR,M,CP,GR,_Z,_Z,GY,2015-11,0.820081901824166
DATAFLOW,OECD.SDD.STES:DSD_KEI@DF_KEI(4.0),I,KOR,M,CP,GR,_Z,_Z,GY,2015-10,0.807812748792514
DATAFLOW,OECD.SDD.STES:DSD_KEI@DF_KEI(4.0),I,KOR,M,CP,GR,_Z,_Z,GY,2015-09,0.503757011323946
DATAFLOW,OECD.SDD.STES:DSD_KEI@DF_KEI(4.0),I,KOR,M,CP,GR,_Z,_Z,GY,2015-08,0.700151241129099
DATAFLOW,OECD.SDD.STES:DSD_KEI@DF_KEI(4.0),I,KOR,M,CP,GR,_Z,_Z,GY,2015-06,0.701341142517609
DATAFLOW,OECD.SDD.STES:DSD_KEI@DF_KEI(4.0),I,KOR,M,CP,GR,_Z,_Z,GY,2015-04,0.43624089838028
DATAFLOW,OECD.SDD.STES:DSD_KEI@DF_KEI(4.0),I,KOR,M,CP,GR,_Z,_Z,GY,2015-03,0.470510764394128
DATAFLOW,OECD.SDD.STES:DSD_KEI@DF_KEI(4.0),I,KOR,M,CP,GR,_Z,_Z,GY,2015-02,0.645882102575013
DATAFLOW,OECD.SDD.STES:DSD_KEI@DF_KEI(4.0),I,KOR,M,CP,GR,_Z,_Z,GY,2015-01,0.974074469220088
DATAFLOW,OECD.SDD.STES:DSD_KEI@DF_KEI(4.0),I,KOR,M,CP,GR,_Z,_Z,GY,2014-12,0.833431657531447
DATAFLOW,OECD.SDD.STES:DSD_KEI@DF_KEI(4.0),I,KOR,M,CP,GR,_Z,_Z,GY,2014-11,0.965462433953346
DATAFLOW,OECD.SDD.STES:DSD_KEI@DF_KEI(4.0),I,KOR,M,CP,GR,_Z,_Z,GY,2014-10,1.1499559774089
DATAFLOW,OECD.SDD.STES:DSD_KEI@DF_KEI(4.0),I,KOR,M,CP,GR,_Z,_Z,GY,2014-08,1.40822411463137
DATAFLOW,OECD.SDD.STES:DSD_KEI@DF_KEI(4.0),I,KOR,M,CP,GR,_Z,_Z,GY,2014-07,1.58972758290368
DATAFLOW,OECD.SDD.STES:DSD_KEI@DF_KEI(4.0),I,KOR,M,CP,GR,_Z,_Z,GY,2014-06,1.65893646855788
DATAFLOW,OECD.SDD.STES:DSD_KEI@DF_KEI(4.0),I,KOR,M,CP,GR,_Z,_Z,GY,2014-05,1.66553548150783
DATAFLOW,OECD.SDD.STES:DSD_KEI@DF_KEI(4.0),I,KOR,M,CP,GR,_Z,_Z,GY,2024-04,2.92497968764107
DATAFLOW,OECD.SDD.STES:DSD_KEI@DF_KEI(4.0),I,KOR,M,CP,GR,_Z,_Z,GY,2024-03,3.10351067680057
DATAFLOW,OECD.SDD.STES:DSD_KEI@DF_KEI(4.0),I,KOR,M,CP,GR,_Z,_Z,GY,2024-02,3.12698268829876
DATAFLOW,OECD.SDD.STES:DSD_KEI@DF_KEI(4.0),I,KOR,M,CP,GR,_Z,_Z,GY,2024-01,2.81638957027348
DATAFLOW,OECD.SDD.STES:DSD_KEI@DF_KEI(4.0),I,KOR,M,CP,GR,_Z,_Z,GY,2023-12,3.17591067179206
DATAFLOW,OECD.SDD.STES:DSD_KEI@DF_KEI(4.0),I,KOR,M,CP,GR,_Z,_Z,GY,2023-11,3.30980104520033
DATAFLOW,OECD.SDD.STES:DSD_KEI@DF_KEI(4.0),I,CAN,M,CP,IX,_Z,_Z,_Z,2013-01,95.838820121148
DATAFLOW,OECD.SDD.STES:DSD_KEI@DF_KEI(4.0),I,CAN,M,CP,IX,_Z,_Z,_Z,2013-02,96.9449565446402
DATAFLOW,OECD.SDD.STES:DSD_KEI@DF_KEI(4.0),I,CAN,M,CP,IX,_Z,_Z,_Z,2013-03,97.1029760337106
DATAFLOW,OECD.SDD.STES:DSD_KEI@DF_KEI(4.0),I,CAN,M,CP,IX,_Z,_Z,_Z,2013-04,96.9449565446402
DATAFLOW,OECD.SDD.STES:DSD_KEI@DF_KEI(4.0),I,CAN,M,CP,IX,_Z,_Z,_Z,2013-05,97.1819857782457
DATAFLOW,OECD.SDD.STES:DSD_KEI@DF_KEI(4.0),I,CAN,M,CP,IX,_Z,_Z,_Z,2013-06,97.1819857782457
DATAFLOW,OECD.SDD.STES:DSD_KEI@DF_KEI(4.0),I,CAN,M,CP,IX,_Z,_Z,_Z,2013-07,97.2609955227809
DATAFLOW,OECD.SDD.STES:DSD_KEI@DF_KEI(4.0),I,CAN,M,CP,IX,_Z,_Z,_Z,2013-08,97.2609955227809
DATAFLOW,OECD.SDD.STES:DSD_KEI@DF_KEI(4.0),I,CAN,M,CP,IX,_Z,_Z,_Z,2013-09,97.4190150118512
DATAFLOW,OECD.SDD.STES:DSD_KEI@DF_KEI(4.0),I,CAN,M,CP,IX,_Z,_Z,_Z,2013-10,97.1819857782457
DATAFLOW,OECD.SDD.STES:DSD_KEI@DF_KEI(4.0),I,CAN,M,CP,IX,_Z,_Z,_Z,2013-11,97.1819857782457
DATAFLOW,OECD.SDD.STES:DSD_KEI@DF_KEI(4.0),I,CAN,M,CP,IX,_Z,_Z,_Z,2013-12,96.9449565446402
DATAFLOW,OECD.SDD.STES:DSD_KEI@DF_KEI(4.0),I,CAN,M,CP,IX,_Z,_Z,_Z,2014-01,97.2609955227809
DATAFLOW,OECD.SDD.STES:DSD_KEI@DF_KEI(4.0),I,CAN,M,CP,IX,_Z,_Z,_Z,2014-02,98.0510929681325
DATAFLOW,OECD.SDD.STES:DSD_KEI@DF_KEI(4.0),I,CAN,M,CP,IX,_Z,_Z,_Z,2014-03,98.6041611798786
DATAFLOW,OECD.SDD.STES:DSD_KEI@DF_KEI(4.0),I,CAN,M,CP,IX,_Z,_Z,_Z,2014-04,98.9202001580192
DATAFLOW,OECD.SDD.STES:DSD_KEI@DF_KEI(4.0),I,CAN,M,CP,IX,_Z,_Z,_Z,2014-05,99.3942586252302
DATAFLOW,OECD.SDD.STES:DSD_KEI@DF_KEI(4.0),I,CAN,M,CP,IX,_Z,_Z,_Z,2014-06,99.4732683697653
DATAFLOW,OECD.SDD.STES:DSD_KEI@DF_KEI(4.0),I,CAN,M,CP,IX,_Z,_Z,_Z,2014-07,99.315248880695
DATAFLOW,OECD.SDD.STES:DSD_KEI@DF_KEI(4.0),I,CAN,M,CP,IX,_Z,_Z,_Z,2014-08,99.315248880695
DATAFLOW,OECD.SDD.STES:DSD_KEI@DF_KEI(4.0),I,CAN,M,CP,IX,_Z,_Z,_Z,2014-09,99.3942586252302
DATAFLOW,OECD.SDD.STES:DSD_KEI@DF_KEI(4.0),I,CAN,M,CP,IX,_Z,_Z,_Z,2014-10,99.4732683697653
DATAFLOW,OECD.SDD.STES:DSD_KEI@DF_KEI(4.0),I,CAN,M,CP,IX,_Z,_Z,_Z,2014-11,99.0782196470895
DATAFLOW,OECD.SDD.STES:DSD_KEI@DF_KEI(4.0),I,CAN,M,CP,IX,_Z,_Z,_Z,2014-12,98.3671319462731
DATAFLOW,OECD.SDD.STES:DSD_KEI@DF_KEI(4.0),I,CAN,M,CP,IX,_Z,_Z,_Z,2015-01,98.2091124572028
DATAFLOW,OECD.SDD.STES:DSD_KEI@DF_KEI(4.0),I,CAN,M,CP,IX,_Z,_Z,_Z,2015-02,99.0782196470895
DATAFLOW,OECD.SDD.STES:DSD_KEI@DF_KEI(4.0),I,CAN,M,CP,IX,_Z,_Z,_Z,2015-03,99.789307347906
DATAFLOW,OECD.SDD.STES:DSD_KEI@DF_KEI(4.0),I,CAN,M,CP,IX,_Z,_Z,_Z,2015-04,99.7102976033708
DATAFLOW,OECD.SDD.STES:DSD_KEI@DF_KEI(4.0),I,CAN,M,CP,IX,_Z,_Z,_Z,2015-06,100.50039504872198
DATAFLOW,OECD.SDD.STES:DSD_KEI@DF_KEI(4.0),I,CAN,M,CP,IX,_Z,_Z,_Z,2015-09,100.421385304187
DATAFLOW,OECD.SDD.STES:DSD_KEI@DF_KEI(4.0),I,CAN,M,CP,IX,_Z,_Z,_Z,2015-10,100.50039504872198
DATAFLOW,OECD.SDD.STES:DSD_KEI@DF_KEI(4.0),I,CAN,M,CP,IX,_Z,_Z,_Z,2015-11,100.421385304187
DATAFLOW,OECD.SDD.STES:DSD_KEI@DF_KEI(4.0),I,CAN,M,CP,IX,_Z,_Z,_Z,2015-12,99.9473268369763
DATAFLOW,OECD.SDD.STES:DSD_KEI@DF_KEI(4.0),I,CAN,M,CP,IX,_Z,_Z,_Z,2016-02,100.421385304187
DATAFLOW,OECD.SDD.STES:DSD_KEI@DF_KEI(4.0),I,CAN,M,CP,IX,_Z,_Z,_Z,2016-06,102.00158019489
DATAFLOW,OECD.SDD.STES:DSD_KEI@DF_KEI(4.0),I,CAN,M,CP,IX,_Z,_Z,_Z,2016-10,102.00158019489
DATAFLOW,OECD.SDD.STES:DSD_KEI@DF_KEI(4.0),I,CAN,M,CP,IX,_Z,_Z,_Z,2016-12,101.448511983144
DATAFLOW,OECD.SDD.STES:DSD_KEI@DF_KEI(4.0),I,CAN,M,CP,IX,_Z,_Z,_Z,2017-02,102.475638662101
DATAFLOW,OECD.SDD.STES:DSD_KEI@DF_KEI(4.0),I,CAN,M,CP,IX,_Z,_Z,_Z,2017-10,103.423755596523
DATAFLOW,OECD.SDD.STES:DSD_KEI@DF_KEI(4.0),I,CAN,M,CP,IX,_Z,_Z,_Z,2018-03,105.003950487226
DATAFLOW,OECD.SDD.STES:DSD_KEI@DF_KEI(4.0),I,CAN,M,CP,IX,_Z,_Z,_Z,2018-05,105.398999209902
DATAFLOW,OECD.SDD.STES:DSD_KEI@DF_KEI(4.0),I,CAN,M,CP,IX,_Z,_Z,_Z,2018-10,105.952067421648
DATAFLOW,OECD.SDD.STES:DSD_KEI@DF_KEI(4.0),I,CAN,M,CP,IX,_Z,_Z,_Z,2018-11,105.478008954437
DATAFLOW,OECD.SDD.STES:DSD_KEI@DF_KEI(4.0),I,CAN,M,CP,IX,_Z,_Z,_Z,2018-12,105.398999209902
DATAFLOW,OECD.SDD.STES:DSD_KEI@DF_KEI(4.0),I,CAN,M,CP,IX,_Z,_Z,_Z,2019-03,106.979194100605
DATAFLOW,OECD.SDD.STES:DSD_KEI@DF_KEI(4.0),I,CAN,M,CP,IX,_Z,_Z,_Z,2019-04,107.453252567816
DATAFLOW,OECD.SDD.STES:DSD_KEI@DF_KEI(4.0),I,CAN,M,CP,IX,_Z,_Z,_Z,2019-05,107.927311035027
DATAFLOW,OECD.SDD.STES:DSD_KEI@DF_KEI(4.0),I,CAN,M,CP,IX,_Z,_Z,_Z,2019-10,107.927311035027
DATAFLOW,OECD.SDD.STES:DSD_KEI@DF_KEI(4.0),I,CAN,M,CP,IX,_Z,_Z,_Z,2020-03,107.927311035027
DATAFLOW,OECD.SDD.STES:DSD_KEI@DF_KEI(4.0),I,CAN,M,CP,IX,_Z,_Z,_Z,2020-06,108.401369502238
DATAFLOW,OECD.SDD.STES:DSD_KEI@DF_KEI(4.0),I,CAN,M,CP,IX,_Z,_Z,_Z,2020-07,108.401369502238
DATAFLOW,OECD.SDD.STES:DSD_KEI@DF_KEI(4.0),I,CAN,M,CP,IX,_Z,_Z,_Z,2021-04,110.850671582828
DATAFLOW,OECD.SDD.STES:DSD_KEI@DF_KEI(4.0),I,CAN,M,CP,IX,_Z,_Z,_Z,2021-05,111.403739794574
DATAFLOW,OECD.SDD.STES:DSD_KEI@DF_KEI(4.0),I,CAN,M,CP,IX,_Z,_Z,_Z,2021-07,112.430866473531
DATAFLOW,OECD.SDD.STES:DSD_KEI@DF_KEI(4.0),I,CAN,M,CP,IX,_Z,_Z,_Z,2021-09,112.904924940742
DATAFLOW,OECD.SDD.STES:DSD_KEI@DF_KEI(4.0),I,CAN,M,CP,IX,_Z,_Z,_Z,2021-11,113.932051619699
DATAFLOW,OECD.SDD.STES:DSD_KEI@DF_KEI(4.0),I,CAN,M,CP,IX,_Z,_Z,_Z,2022-01,114.80115880958598
DATAFLOW,OECD.SDD.STES:DSD_KEI@DF_KEI(4.0),I,CAN,M,CP,IX,_Z,_Z,_Z,2022-04,118.356597313668
DATAFLOW,OECD.SDD.STES:DSD_KEI@DF_KEI(4.0),I,CAN,M,CP,IX,_Z,_Z,_Z,2022-06,120.805899394258
DATAFLOW,OECD.SDD.STES:DSD_KEI@DF_KEI(4.0),I,CAN,M,CP,IX,_Z,_Z,_Z,2023-09,125.230445088227
DATAFLOW,OECD.SDD.STES:DSD_KEI@DF_KEI(4.0),I,CAN,M,CP,IX,_Z,_Z,_Z,2023-10,125.309454832762
DATAFLOW,OECD.SDD.STES:DSD_KEI@DF_KEI(4.0),I,CAN,M,CP,GR,_Z,_Z,G1,2025-07,0.304136253040754
DATAFLOW,OECD.SDD.STES:DSD_KEI@DF_KEI(4.0),I,CAN,M,CP,GR,_Z,_Z,G1,2025-08,-0.0606428138264281
DATAFLOW,OECD.SDD.STES:DSD_KEI@DF_KEI(4.0),I,CAN,M,CP,GR,_Z,_Z,G1,2025-09,0.0606796116503494
DATAFLOW,OECD.SDD.STES:DSD_KEI@DF_KEI(4.0),I,KOR,M,CP,GR,_Z,_Z,GY,2009-06,1.9926720307726
DATAFLOW,OECD.SDD.STES:DSD_KEI@DF_KEI(4.0),I,KOR,M,CP,GR,_Z,_Z,GY,2009-05,2.73428886438809
DATAFLOW,OECD.SDD.STES:DSD_KEI@DF_KEI(4.0),I,KOR,M,CP,GR,_Z,_Z,GY,2009-04,3.58192732392972
DATAFLOW,OECD.SDD.STES:DSD_KEI@DF_KEI(4.0),I,KOR,M,CP,GR,_Z,_Z,GY,2009-03,3.88126436067813
DATAFLOW,OECD.SDD.STES:DSD_KEI@DF_KEI(4.0),I,KOR,M,CP,GR,_Z,_Z,GY,2009-02,4.10424841107671
DATAFLOW,OECD.SDD.STES:DSD_KEI@DF_KEI(4.0),I,KOR,M,CP,GR,_Z,_Z,GY,2009-01,3.74723172941414
DATAFLOW,OECD.SDD.STES:DSD_KEI@DF_KEI(4.0),I,KOR,M,CP,GR,_Z,_Z,GY,2008-12,4.13901214902466
DATAFLOW,OECD.SDD.STES:DSD_KEI@DF_KEI(4.0),I,KOR,M,CP,GR,_Z,_Z,GY,2008-11,4.53282235447889
DATAFLOW,OECD.SDD.STES:DSD_KEI@DF_KEI(4.0),I,KOR,M,CP,GR,_Z,_Z,GY,2008-10,4.81580650482849
DATAFLOW,OECD.SDD.STES:DSD_KEI@DF_KEI(4.0),I,KOR,M,CP,GR,_Z,_Z,GY,2008-09,5.1083847180726
DATAFLOW,OECD.SDD.STES:DSD_KEI@DF_KEI(4.0),I,KOR,M,CP,GR,_Z,_Z,GY,2008-08,5.61323649754502
DATAFLOW,OECD.SDD.STES:DSD_KEI@DF_KEI(4.0),I,KOR,M,CP,GR,_Z,_Z,GY,2008-07,5.90395986382368
DATAFLOW,OECD.SDD.STES:DSD_KEI@DF_KEI(4.0),I,KOR,M,CP,GR,_Z,_Z,GY,2008-06,5.54370728197748
DATAFLOW,OECD.SDD.STES:DSD_KEI@DF_KEI(4.0),I,KOR,M,CP,GR,_Z,_Z,GY,2008-05,4.87435119995889
DATAFLOW,OECD.SDD.STES:DSD_KEI@DF_KEI(4.0),I,KOR,M,CP,GR,_Z,_Z,GY,2008-04,4.11645940767222
DATAFLOW,OECD.SDD.STES:DSD_KEI@DF_KEI(4.0),I,KOR,M,CP,GR,_Z,_Z,GY,2008-03,3.9386037385108
DATAFLOW,OECD.SDD.STES:DSD_KEI@DF_KEI(4.0),I,KOR,M,CP,GR,_Z,_Z,GY,2008-02,3.57583390679981
DATAFLOW,OECD.SDD.STES:DSD_KEI@DF_KEI(4.0),I,KOR,M,CP,GR,_Z,_Z,GY,2008-01,3.89039949801298
DATAFLOW,OECD.SDD.STES:DSD_KEI@DF_KEI(4.0),I,KOR,M,CP,GR,_Z,_Z,GY,2007-11,3.51789819376027
DATAFLOW,OECD.SDD.STES:DSD_KEI@DF_KEI(4.0),I,KOR,M,CP,GR,_Z,_Z,GY,2007-10,3.01584396569756
DATAFLOW,OECD.SDD.STES:DSD_KEI@DF_KEI(4.0),I,KOR,M,CP,GR,_Z,_Z,GY,2007-09,2.32476453140451
DATAFLOW,OECD.SDD.STES:DSD_KEI@DF_KEI(4.0),I,KOR,M,CP,GR,_Z,_Z,GY,2007-08,2.03927196816491
DATAFLOW,OECD.SDD.STES:DSD_KEI@DF_KEI(4.0),I,KOR,M,CP,GR,_Z,_Z,GY,2007-07,2.53940340424417
DATAFLOW,OECD.SDD.STES:DSD_KEI@DF_KEI(4.0),I,KOR,M,CP,GR,_Z,_Z,GY,2007-06,2.54802245000132
DATAFLOW,OECD.SDD.STES:DSD_KEI@DF_KEI(4.0),I,KOR,M,CP,GR,_Z,_Z,GY,2007-05,2.3484549638396
DATAFLOW,OECD.SDD.STES:DSD_KEI@DF_KEI(4.0),I,KOR,M,CP,GR,_Z,_Z,GY,2007-04,2.44921082448419
DATAFLOW,OECD.SDD.STES:DSD_KEI@DF_KEI(4.0),I,KOR,M,CP,GR,_Z,_Z,GY,2007-03,2.15886161921215
DATAFLOW,OECD.SDD.STES:DSD_KEI@DF_KEI(4.0),I,KOR,M,CP,GR,_Z,_Z,GY,2007-02,2.17030816784072
DATAFLOW,OECD.SDD.STES:DSD_KEI@DF_KEI(4.0),I,KOR,M,CP,GR,_Z,_Z,GY,2007-01,1.6814876845981
DATAFLOW,OECD.SDD.STES:DSD_KEI@DF_KEI(4.0),I,KOR,M,CP,GR,_Z,_Z,G1,2026-01,0.391256272858742
DATAFLOW,OECD.SDD.STES:DSD_KEI@DF_KEI(4.0),I,KOR,M,CP,GR,_Z,_Z,G1,2025-12,0.315699658703061
DATAFLOW,OECD.SDD.STES:DSD_KEI@DF_KEI(4.0),I,KOR,M,CP,GR,_Z,_Z,G1,2025-11,-0.187361607903247
DATAFLOW,OECD.SDD.STES:DSD_KEI@DF_KEI(4.0),I,KOR,M,CP,GR,_Z,_Z,G1,2025-10,0.307534597642234
DATAFLOW,OECD.SDD.STES:DSD_KEI@DF_KEI(4.0),I,KOR,M,CP,GR,_Z,_Z,G1,2025-09,0.523829969944178
DATAFLOW,OECD.SDD.STES:DSD_KEI@DF_KEI(4.0),I,KOR,M,CP,GR,_Z,_Z,G1,2025-08,-0.0600755235152683
DATAFLOW,OECD.SDD.STES:DSD_KEI@DF_KEI(4.0),I,KOR,M,CP,GR,_Z,_Z,G1,2025-07,0.180551973175125
DATAFLOW,OECD.SDD.STES:DSD_KEI@DF_KEI(4.0),I,KOR,M,CP,GR,_Z,_Z,G1,2025-05,-0.0945179584120881
DATAFLOW,OECD.SDD.STES:DSD_KEI@DF_KEI(4.0),I,KOR,M,CP,GR,_Z,_Z,G1,2025-04,0.0773927250838247
DATAFLOW,OECD.SDD.STES:DSD_KEI@DF_KEI(4.0),I,KOR,M,CP,GR,_Z,_Z,G1,2025-03,0.180909717436251
DATAFLOW,OECD.SDD.STES:DSD_KEI@DF_KEI(4.0),I,KOR,M,CP,GR,_Z,_Z,G1,2025-02,0.319764929565292
DATAFLOW,OECD.SDD.STES:DSD_KEI@DF_KEI(4.0),I,KOR,M,CP,GR,_Z,_Z,G1,2025-01,0.696197023757716
DATAFLOW,OECD.SDD.STES:DSD_KEI@DF_KEI(4.0),I,KOR,M,CP,GR,_Z,_Z,G1,2024-12,0.445804195804178
DATAFLOW,OECD.SDD.STES:DSD_KEI@DF_KEI(4.0),I,KOR,M,CP,GR,_Z,_Z,G1,2024-11,-0.252855523585305
DATAFLOW,OECD.SDD.STES:DSD_KEI@DF_KEI(4.0),I,KOR,M,CP,GR,_Z,_Z,G1,2024-10,0.0348887919755736
DATAFLOW,OECD.SDD.STES:DSD_KEI@DF_KEI(4.0),I,KOR,M,CP,GR,_Z,_Z,G1,2024-09,0.0960363191897962
DATAFLOW,OECD.SDD.STES:DSD_KEI@DF_KEI(4.0),I,KOR,M,CP,GR,_Z,_Z,G1,2024-08,0.359239463769412
DATAFLOW,OECD.SDD.STES:DSD_KEI@DF_KEI(4.0),I,KOR,M,CP,GR,_Z,_Z,G1,2024-07,0.254743499648624
DATAFLOW,OECD.SDD.STES:DSD_KEI@DF_KEI(4.0),I,KOR,M,CP,GR,_Z,_Z,G1,2024-06,-0.227870289219978
DATAFLOW,OECD.SDD.STES:DSD_KEI@DF_KEI(4.0),I,KOR,M,CP,GR,_Z,_Z,G1,2024-05,0.0789404438207075
DATAFLOW,OECD.SDD.STES:DSD_KEI@DF_KEI(4.0),I,KOR,M,CP,GR,_Z,_Z,G1,2024-04,0.0526546731022481
DATAFLOW,OECD.SDD.STES:DSD_KEI@DF_KEI(4.0),I,KOR,M,CP,GR,_Z,_Z,G1,2024-03,0.149411144313571
DATAFLOW,OECD.SDD.STES:DSD_KEI@DF_KEI(4.0),I,KOR,M,CP,GR,_Z,_Z,G1,2024-02,0.539012105681724
DATAFLOW,OECD.SDD.STES:DSD_KEI@DF_KEI(4.0),I,KOR,M,CP,GR,_Z,_Z,G1,2024-01,0.390313137585396
DATAFLOW,OECD.SDD.STES:DSD_KEI@DF_KEI(4.0),I,KOR,M,CP,GR,_Z,_Z,G1,2023-12,0.0443734469293577
DATAFLOW,OECD.SDD.STES:DSD_KEI@DF_KEI(4.0),I,KOR,M,CP,GR,_Z,_Z,G1,2023-11,-0.520879314911271
DATAFLOW,OECD.SDD.STES:DSD_KEI@DF_KEI(4.0),I,KOR,M,CP,GR,_Z,_Z,G1,2023-10,0.372175454142676
DATAFLOW,OECD.SDD.STES:DSD_KEI@DF_KEI(4.0),I,KOR,M,CP,GR,_Z,_Z,G1,2023-09,0.507659422871387
DATAFLOW,OECD.SDD.STES:DSD_KEI@DF_KEI(4.0),I,KOR,M,CP,GR,_Z,_Z,G1,2023-08,0.889567795848678
DATAFLOW,OECD.SDD.STES:DSD_KEI@DF_KEI(4.0),I,KOR,M,CP,GR,_Z,_Z,G1,2023-07,0.116948542641238
DATAFLOW,OECD.SDD.STES:DSD_KEI@DF_KEI(4.0),I,KOR,M,CP,GR,_Z,_Z,G1,2023-06,0.0269954107801729
DATAFLOW,OECD.SDD.STES:DSD_KEI@DF_KEI(4.0),I,KOR,M,CP,GR,_Z,_Z,G1,2023-05,0.324997743071243
DATAFLOW,OECD.SDD.STES:DSD_KEI@DF_KEI(4.0),I,KOR,M,CP,GR,_Z,_Z,G1,2023-04,0.226203402099157
DATAFLOW,OECD.SDD.STES:DSD_KEI@DF_KEI(4.0),I,KOR,M,CP,GR,_Z,_Z,G1,2023-03,0.17221064080486
DATAFLOW,OECD.SDD.STES:DSD_KEI@DF_KEI(4.0),I,KOR,M,CP,GR,_Z,_Z,G1,2023-02,0.236213318797129
DATAFLOW,OECD.SDD.STES:DSD_KEI@DF_KEI(4.0),I,KOR,M,CP,GR,_Z,_Z,G1,2023-01,0.74135090609555
DATAFLOW,OECD.SDD.STES:DSD_KEI@DF_KEI(4.0),I,KOR,M,CP,GR,_Z,_Z,G1,2022-12,0.174200055010543
DATAFLOW,OECD.SDD.STES:DSD_KEI@DF_KEI(4.0),I,KOR,M,CP,GR,_Z,_Z,G1,2022-11,-0.082447783070716
DATAFLOW,OECD.SDD.STES:DSD_KEI@DF_KEI(4.0),I,KOR,M,CP,IX,_Z,_Z,_Z,2026-01,124.424266755452
DATAFLOW,OECD.SDD.STES:DSD_KEI@DF_KEI(4.0),I,KOR,M,CP,IX,_Z,_Z,_Z,2025-06,122.61108587923898
DATAFLOW,OECD.SDD.STES:DSD_KEI@DF_KEI(4.0),I,KOR,M,CP,IX,_Z,_Z,_Z,2023-02,116.307119809616
DATAFLOW,OECD.SDD.STES:DSD_KEI@DF_KEI(4.0),I,KOR,M,CP,IX,_Z,_Z,_Z,2022-08,114.515022431964
DATAFLOW,OECD.SDD.STES:DSD_KEI@DF_KEI(4.0),I,CAN,M,CP,GR,_Z,_Z,GY,2010-09,1.9180470793374
DATAFLOW,OECD.SDD.STES:DSD_KEI@DF_KEI(4.0),I,CAN,M,CP,GR,_Z,_Z,GY,2012-12,0.831946755407653
DATAFLOW,OECD.SDD.STES:DSD_KEI@DF_KEI(4.0),I,CAN,M,CP,GR,_Z,_Z,G1,2025-11,0.0604960677554667
DATAFLOW,OECD.SDD.STES:DSD_KEI@DF_KEI(4.0),I,CAN,M,CP,GR,_Z,_Z,GY,2026-01,2.29386236825799
DATAFLOW,OECD.SDD.STES:DSD_KEI@DF_KEI(4.0),I,CAN,M,CP,IX,_Z,_Z,_Z,2015-05,100.26336581511698
DATAFLOW,OECD.SDD.STES:DSD_KEI@DF_KEI(4.0),I,CAN,M,CP,IX,_Z,_Z,_Z,2015-07,100.579404793258
DATAFLOW,OECD.SDD.STES:DSD_KEI@DF_KEI(4.0),I,CAN,M,CP,IX,_Z,_Z,_Z,2015-08,100.579404793258
DATAFLOW,OECD.SDD.STES:DSD_KEI@DF_KEI(4.0),I,CAN,M,CP,IX,_Z,_Z,_Z,2016-01,100.184356070582
DATAFLOW,OECD.SDD.STES:DSD_KEI@DF_KEI(4.0),I,CAN,M,CP,IX,_Z,_Z,_Z,2016-03,101.053463260469
DATAFLOW,OECD.SDD.STES:DSD_KEI@DF_KEI(4.0),I,CAN,M,CP,IX,_Z,_Z,_Z,2016-04,101.369502238609
DATAFLOW,OECD.SDD.STES:DSD_KEI@DF_KEI(4.0),I,CAN,M,CP,IX,_Z,_Z,_Z,2016-05,101.764550961285
DATAFLOW,OECD.SDD.STES:DSD_KEI@DF_KEI(4.0),I,CAN,M,CP,IX,_Z,_Z,_Z,2016-07,101.84356070581998
DATAFLOW,OECD.SDD.STES:DSD_KEI@DF_KEI(4.0),I,CAN,M,CP,IX,_Z,_Z,_Z,2016-08,101.68554121675
DATAFLOW,OECD.SDD.STES:DSD_KEI@DF_KEI(4.0),I,CAN,M,CP,IX,_Z,_Z,_Z,2016-09,101.764550961285
DATAFLOW,OECD.SDD.STES:DSD_KEI@DF_KEI(4.0),I,CAN,M,CP,IX,_Z,_Z,_Z,2016-11,101.60653147221498
DATAFLOW,OECD.SDD.STES:DSD_KEI@DF_KEI(4.0),I,CAN,M,CP,IX,_Z,_Z,_Z,2017-01,102.317619173031
DATAFLOW,OECD.SDD.STES:DSD_KEI@DF_KEI(4.0),I,CAN,M,CP,IX,_Z,_Z,_Z,2017-04,103.028706873848
DATAFLOW,OECD.SDD.STES:DSD_KEI@DF_KEI(4.0),I,CAN,M,CP,IX,_Z,_Z,_Z,2017-05,103.107716618383
DATAFLOW,OECD.SDD.STES:DSD_KEI@DF_KEI(4.0),I,CAN,M,CP,IX,_Z,_Z,_Z,2017-06,103.028706873848
DATAFLOW,OECD.SDD.STES:DSD_KEI@DF_KEI(4.0),I,CAN,M,CP,IX,_Z,_Z,_Z,2017-07,103.028706873848
DATAFLOW,OECD.SDD.STES:DSD_KEI@DF_KEI(4.0),I,CAN,M,CP,IX,_Z,_Z,_Z,2017-08,103.107716618383
DATAFLOW,OECD.SDD.STES:DSD_KEI@DF_KEI(4.0),I,CAN,M,CP,IX,_Z,_Z,_Z,2017-09,103.344745851988
DATAFLOW,OECD.SDD.STES:DSD_KEI@DF_KEI(4.0),I,CAN,M,CP,IX,_Z,_Z,_Z,2017-11,103.739794574664
DATAFLOW,OECD.SDD.STES:DSD_KEI@DF_KEI(4.0),I,CAN,M,CP,IX,_Z,_Z,_Z,2017-12,103.344745851988
DATAFLOW,OECD.SDD.STES:DSD_KEI@DF_KEI(4.0),I,CAN,M,CP,IX,_Z,_Z,_Z,2018-01,104.055833552805
DATAFLOW,OECD.SDD.STES:DSD_KEI@DF_KEI(4.0),I,CAN,M,CP,IX,_Z,_Z,_Z,2018-02,104.687911509086
DATAFLOW,OECD.SDD.STES:DSD_KEI@DF_KEI(4.0),I,CAN,M,CP,IX,_Z,_Z,_Z,2018-04,105.319989465367
DATAFLOW,OECD.SDD.STES:DSD_KEI@DF_KEI(4.0),I,CAN,M,CP,IX,_Z,_Z,_Z,2018-06,105.557018698973
DATAFLOW,OECD.SDD.STES:DSD_KEI@DF_KEI(4.0),I,CAN,M,CP,IX,_Z,_Z,_Z,2018-07,106.110086910719
DATAFLOW,OECD.SDD.STES:DSD_KEI@DF_KEI(4.0),I,CAN,M,CP,IX,_Z,_Z,_Z,2018-08,106.031077166184
DATAFLOW,OECD.SDD.STES:DSD_KEI@DF_KEI(4.0),I,CAN,M,CP,IX,_Z,_Z,_Z,2018-09,105.63602844350798
DATAFLOW,OECD.SDD.STES:DSD_KEI@DF_KEI(4.0),I,CAN,M,CP,IX,_Z,_Z,_Z,2019-01,105.557018698973
DATAFLOW,OECD.SDD.STES:DSD_KEI@DF_KEI(4.0),I,CAN,M,CP,IX,_Z,_Z,_Z,2019-02,106.268106399789
DATAFLOW,OECD.SDD.STES:DSD_KEI@DF_KEI(4.0),I,CAN,M,CP,IX,_Z,_Z,_Z,2019-06,107.690281801422
DATAFLOW,OECD.SDD.STES:DSD_KEI@DF_KEI(4.0),I,CAN,M,CP,IX,_Z,_Z,_Z,2019-07,108.243350013168
DATAFLOW,OECD.SDD.STES:DSD_KEI@DF_KEI(4.0),I,CAN,M,CP,IX,_Z,_Z,_Z,2019-09,107.611272056887
DATAFLOW,OECD.SDD.STES:DSD_KEI@DF_KEI(4.0),I,CAN,M,CP,IX,_Z,_Z,_Z,2019-11,107.769291545957
DATAFLOW,OECD.SDD.STES:DSD_KEI@DF_KEI(4.0),I,CAN,M,CP,IX,_Z,_Z,_Z,2019-12,107.769291545957
DATAFLOW,OECD.SDD.STES:DSD_KEI@DF_KEI(4.0),I,CAN,M,CP,IX,_Z,_Z,_Z,2020-02,108.559388991309
DATAFLOW,OECD.SDD.STES:DSD_KEI@DF_KEI(4.0),I,CAN,M,CP,IX,_Z,_Z,_Z,2020-04,107.216223334211
DATAFLOW,OECD.SDD.STES:DSD_KEI@DF_KEI(4.0),I,CAN,M,CP,IX,_Z,_Z,_Z,2020-05,107.532262312352
DATAFLOW,OECD.SDD.STES:DSD_KEI@DF_KEI(4.0),I,CAN,M,CP,IX,_Z,_Z,_Z,2020-08,108.243350013168
DATAFLOW,OECD.SDD.STES:DSD_KEI@DF_KEI(4.0),I,CAN,M,CP,IX,_Z,_Z,_Z,2020-09,108.164340268633
DATAFLOW,OECD.SDD.STES:DSD_KEI@DF_KEI(4.0),I,CAN,M,CP,IX,_Z,_Z,_Z,2020-10,108.638398735844
DATAFLOW,OECD.SDD.STES:DSD_KEI@DF_KEI(4.0),I,CAN,M,CP,IX,_Z,_Z,_Z,2020-11,108.796418224914
DATAFLOW,OECD.SDD.STES:DSD_KEI@DF_KEI(4.0),I,CAN,M,CP,IX,_Z,_Z,_Z,2020-12,108.559388991309
DATAFLOW,OECD.SDD.STES:DSD_KEI@DF_KEI(4.0),I,CAN,M,CP,IX,_Z,_Z,_Z,2021-01,109.19146694759
DATAFLOW,OECD.SDD.STES:DSD_KEI@DF_KEI(4.0),I,CAN,M,CP,IX,_Z,_Z,_Z,2021-02,109.744535159336
DATAFLOW,OECD.SDD.STES:DSD_KEI@DF_KEI(4.0),I,CAN,M,CP,IX,_Z,_Z,_Z,2021-03,110.297603371082
DATAFLOW,OECD.SDD.STES:DSD_KEI@DF_KEI(4.0),I,CAN,M,CP,IX,_Z,_Z,_Z,2021-06,111.719778772715
DATAFLOW,OECD.SDD.STES:DSD_KEI@DF_KEI(4.0),I,CAN,M,CP,IX,_Z,_Z,_Z,2021-08,112.667895707137
DATAFLOW,OECD.SDD.STES:DSD_KEI@DF_KEI(4.0),I,CAN,M,CP,IX,_Z,_Z,_Z,2021-10,113.695022386094
DATAFLOW,OECD.SDD.STES:DSD_KEI@DF_KEI(4.0),I,CAN,M,CP,IX,_Z,_Z,_Z,2021-12,113.774032130629
DATAFLOW,OECD.SDD.STES:DSD_KEI@DF_KEI(4.0),I,CAN,M,CP,IX,_Z,_Z,_Z,2022-02,115.986304977614
DATAFLOW,OECD.SDD.STES:DSD_KEI@DF_KEI(4.0),I,CAN,M,CP,IX,_Z,_Z,_Z,2022-03,117.645509612852
DATAFLOW,OECD.SDD.STES:DSD_KEI@DF_KEI(4.0),I,CAN,M,CP,IX,_Z,_Z,_Z,2022-05,120.015801948907
DATAFLOW,OECD.SDD.STES:DSD_KEI@DF_KEI(4.0),I,CAN,M,CP,IX,_Z,_Z,_Z,2022-07,120.963918883329
DATAFLOW,OECD.SDD.STES:DSD_KEI@DF_KEI(4.0),I,KOR,M,CP,IX,_Z,_Z,_Z,2019-11,104.870376015412
DATAFLOW,OECD.SDD.STES:DSD_KEI@DF_KEI(4.0),I,KOR,M,CP,IX,_Z,_Z,_Z,2019-10,105.460713975109
DATAFLOW,OECD.SDD.STES:DSD_KEI@DF_KEI(4.0),I,KOR,M,CP,IX,_Z,_Z,_Z,2019-09,105.200332767886
DATAFLOW,OECD.SDD.STES:DSD_KEI@DF_KEI(4.0),I,KOR,M,CP,IX,_Z,_Z,_Z,2019-08,104.811342219442
DATAFLOW,OECD.SDD.STES:DSD_KEI@DF_KEI(4.0),I,KOR,M,CP,IX,_Z,_Z,_Z,2019-07,104.560448586571
DATAFLOW,OECD.SDD.STES:DSD_KEI@DF_KEI(4.0),I,KOR,M,CP,IX,_Z,_Z,_Z,2019-06,104.880917764692
DATAFLOW,OECD.SDD.STES:DSD_KEI@DF_KEI(4.0),I,KOR,M,CP,IX,_Z,_Z,_Z,2019-05,105.050639928105
DATAFLOW,OECD.SDD.STES:DSD_KEI@DF_KEI(4.0),I,KOR,M,CP,IX,_Z,_Z,_Z,2019-04,104.870376015412
DATAFLOW,OECD.SDD.STES:DSD_KEI@DF_KEI(4.0),I,KOR,M,CP,IX,_Z,_Z,_Z,2019-02,104.691166277647
DATAFLOW,OECD.SDD.STES:DSD_KEI@DF_KEI(4.0),I,KOR,M,CP,IX,_Z,_Z,_Z,2019-01,104.241033583378
DATAFLOW,OECD.SDD.STES:DSD_KEI@DF_KEI(4.0),I,KOR,M,CP,IX,_Z,_Z,_Z,2011-02,93.707717702496
DATAFLOW,OECD.SDD.STES:DSD_KEI@DF_KEI(4.0),I,KOR,M,CP,IX,_Z,_Z,_Z,2011-01,93.0709960459655
DATAFLOW,OECD.SDD.STES:DSD_KEI@DF_KEI(4.0),I,KOR,M,CP,IX,_Z,_Z,_Z,2010-12,91.9778166455978
DATAFLOW,OECD.SDD.STES:DSD_KEI@DF_KEI(4.0),I,KOR,M,CP,IX,_Z,_Z,_Z,2010-08,91.34109498906729
DATAFLOW,OECD.SDD.STES:DSD_KEI@DF_KEI(4.0),I,KOR,M,CP,IX,_Z,_Z,_Z,2010-06,90.7022649826808
DATAFLOW,OECD.SDD.STES:DSD_KEI@DF_KEI(4.0),I,KOR,M,CP,IX,_Z,_Z,_Z,2010-04,90.7022649826808
DATAFLOW,OECD.SDD.STES:DSD_KEI@DF_KEI(4.0),I,KOR,M,CP,IX,_Z,_Z,_Z,2010-03,90.3385746325102
DATAFLOW,OECD.SDD.STES:DSD_KEI@DF_KEI(4.0),I,KOR,M,CP,IX,_Z,_Z,_Z,2010-02,90.1562023699609
DATAFLOW,OECD.SDD.STES:DSD_KEI@DF_KEI(4.0),I,KOR,M,CP,IX,_Z,_Z,_Z,2009-11,88.9554971269341
DATAFLOW,OECD.SDD.STES:DSD_KEI@DF_KEI(4.0),I,KOR,M,CP,IX,_Z,_Z,_Z,2009-10,88.7984250626575
DATAFLOW,OECD.SDD.STES:DSD_KEI@DF_KEI(4.0),I,KOR,M,CP,IX,_Z,_Z,_Z,2009-09,89.0345602465364
DATAFLOW,OECD.SDD.STES:DSD_KEI@DF_KEI(4.0),I,KOR,M,CP,IX,_Z,_Z,_Z,2009-08,88.9554971269341
DATAFLOW,OECD.SDD.STES:DSD_KEI@DF_KEI(4.0),I,KOR,M,CP,IX,_Z,_Z,_Z,2009-06,88.3272088698278
DATAFLOW,OECD.SDD.STES:DSD_KEI@DF_KEI(4.0),I,KOR,M,CP,IX,_Z,_Z,_Z,2009-03,88.1711909804793
DATAFLOW,OECD.SDD.STES:DSD_KEI@DF_KEI(4.0),I,KOR,M,CP,IX,_Z,_Z,_Z,2008-12,86.83765969652059
DATAFLOW,OECD.SDD.STES:DSD_KEI@DF_KEI(4.0),I,KOR,M,CP,IX,_Z,_Z,_Z,2008-11,86.83765969652059
DATAFLOW,OECD.SDD.STES:DSD_KEI@DF_KEI(4.0),I,KOR,M,CP,IX,_Z,_Z,_Z,2008-10,87.07274070547139
DATAFLOW,OECD.SDD.STES:DSD_KEI@DF_KEI(4.0),I,KOR,M,CP,IX,_Z,_Z,_Z,2008-09,87.1518038250737
DATAFLOW,OECD.SDD.STES:DSD_KEI@DF_KEI(4.0),I,KOR,M,CP,IX,_Z,_Z,_Z,2008-08,87.07274070547139
DATAFLOW,OECD.SDD.STES:DSD_KEI@DF_KEI(4.0),I,KOR,M,CP,IX,_Z,_Z,_Z,2008-07,87.22981276974801
DATAFLOW,OECD.SDD.STES:DSD_KEI@DF_KEI(4.0),I,KOR,M,CP,IX,_Z,_Z,_Z,2008-05,86.05229937513779
DATAFLOW,OECD.SDD.STES:DSD_KEI@DF_KEI(4.0),I,KOR,M,CP,IX,_Z,_Z,_Z,2008-02,84.0925881839289
DATAFLOW,OECD.SDD.STES:DSD_KEI@DF_KEI(4.0),I,KOR,M,CP,IX,_Z,_Z,_Z,2008-01,83.7773898804478
DATAFLOW,OECD.SDD.STES:DSD_KEI@DF_KEI(4.0),I,KOR,M,CP,IX,_Z,_Z,_Z,2007-12,83.3862909821484
DATAFLOW,OECD.SDD.STES:DSD_KEI@DF_KEI(4.0),I,KOR,M,CP,IX,_Z,_Z,_Z,2007-09,82.91612896424681
DATAFLOW,OECD.SDD.STES:DSD_KEI@DF_KEI(4.0),I,KOR,M,CP,IX,_Z,_Z,_Z,2007-07,82.3669038267428
DATAFLOW,OECD.SDD.STES:DSD_KEI@DF_KEI(4.0),I,KOR,M,CP,IX,_Z,_Z,_Z,2007-06,82.0527596981897
DATAFLOW,OECD.SDD.STES:DSD_KEI@DF_KEI(4.0),I,KOR,M,CP,IX,_Z,_Z,_Z,2007-05,82.0527596981897
DATAFLOW,OECD.SDD.STES:DSD_KEI@DF_KEI(4.0),I,KOR,M,CP,IX,_Z,_Z,_Z,2007-04,81.9736965785874
DATAFLOW,OECD.SDD.STES:DSD_KEI@DF_KEI(4.0),I,KOR,M,CP,IX,_Z,_Z,_Z,2007-03,81.6606066249623
DATAFLOW,OECD.SDD.STES:DSD_KEI@DF_KEI(4.0),I,KOR,M,CP,IX,_Z,_Z,_Z,2007-01,80.6401652946287
DATAFLOW,OECD.SDD.STES:DSD_KEI@DF_KEI(4.0),I,KOR,M,CP,GR,_Z,_Z,G1,2025-06,0.034402683409307
DATAFLOW,OECD.SDD.STES:DSD_KEI@DF_KEI(4.0),I,KOR,M,CP,GR,_Z,_Z,G1,2020-11,-0.0898382910760498
DATAFLOW,OECD.SDD.STES:DSD_KEI@DF_KEI(4.0),I,KOR,M,CP,GR,_Z,_Z,G1,2020-03,-0.219648562300323
DATAFLOW,OECD.SDD.STES:DSD_KEI@DF_KEI(4.0),I,KOR,M,CP,GR,_Z,_Z,G1,2018-12,-0.344306855934762
DATAFLOW,OECD.SDD.STES:DSD_KEI@DF_KEI(4.0),I,KOR,M,CP,GR,_Z,_Z,GY,2015-05,0.552088079771962
DATAFLOW,OECD.SDD.STES:DSD_KEI@DF_KEI(4.0),I,KOR,M,CP,GR,_Z,_Z,G1,2013-09,0.194126858147969
DATAFLOW,OECD.SDD.STES:DSD_KEI@DF_KEI(4.0),I,KOR,M,CP,GR,_Z,_Z,G1,2013-03,-0.0924353489971774
DATAFLOW,OECD.SDD.STES:DSD_KEI@DF_KEI(4.0),I,KOR,M,CP,GR,_Z,_Z,G1,2012-06,-0.141660037703384
DATAFLOW,OECD.SDD.STES:DSD_KEI@DF_KEI(4.0),I,KOR,M,CP,GR,_Z,_Z,G1,2010-04,0.402585884988804
DATAFLOW,OECD.SDD.STES:DSD_KEI@DF_KEI(4.0),I,KOR,M,CP,GR,_Z,_Z,G1,2009-02,0.72164948453608
DATAFLOW,OECD.SDD.STES:DSD_KEI@DF_KEI(4.0),I,KOR,M,CP,GR,_Z,_Z,GY,2007-12,3.60585738984649
DATAFLOW,OECD.SDD.STES:DSD_KEI@DF_KEI(4.0),I,KOR,M,CP,GR,_Z,_Z,GY,2026-01,2.00501253132832
DATAFLOW,OECD.SDD.STES:DSD_KEI@DF_KEI(4.0),I,KOR,M,CP,GR,_Z,_Z,GY,2025-12,2.31485510399443
DATAFLOW,OECD.SDD.STES:DSD_KEI@DF_KEI(4.0),I,KOR,M,CP,GR,_Z,_Z,GY,2025-11,2.44755244755246
DATAFLOW,OECD.SDD.STES:DSD_KEI@DF_KEI(4.0),I,KOR,M,CP,GR,_Z,_Z,GY,2025-10,2.38032958409626
DATAFLOW,OECD.SDD.STES:DSD_KEI@DF_KEI(4.0),I,KOR,M,CP,GR,_Z,_Z,GY,2025-09,2.10204971652856
DATAFLOW,OECD.SDD.STES:DSD_KEI@DF_KEI(4.0),I,KOR,M,CP,GR,_Z,_Z,GY,2025-08,1.66753972411384
DATAFLOW,OECD.SDD.STES:DSD_KEI@DF_KEI(4.0),I,KOR,M,CP,GR,_Z,_Z,GY,2025-07,2.0941032156313
DATAFLOW,OECD.SDD.STES:DSD_KEI@DF_KEI(4.0),I,KOR,M,CP,GR,_Z,_Z,GY,2025-06,2.16971187631763
DATAFLOW,OECD.SDD.STES:DSD_KEI@DF_KEI(4.0),I,KOR,M,CP,GR,_Z,_Z,GY,2025-05,1.90184049079756
DATAFLOW,OECD.SDD.STES:DSD_KEI@DF_KEI(4.0),I,KOR,M,CP,GR,_Z,_Z,GY,2025-04,2.07876502061222
DATAFLOW,OECD.SDD.STES:DSD_KEI@DF_KEI(4.0),I,KOR,M,CP,GR,_Z,_Z,GY,2025-03,2.05353225098728
DATAFLOW,OECD.SDD.STES:DSD_KEI@DF_KEI(4.0),I,KOR,M,CP,GR,_Z,_Z,GY,2025-02,2.02144489365441
DATAFLOW,OECD.SDD.STES:DSD_KEI@DF_KEI(4.0),I,KOR,M,CP,GR,_Z,_Z,GY,2025-01,2.24441106300255
DATAFLOW,OECD.SDD.STES:DSD_KEI@DF_KEI(4.0),I,KOR,M,CP,GR,_Z,_Z,GY,2024-12,1.93382418167303
DATAFLOW,OECD.SDD.STES:DSD_KEI@DF_KEI(4.0),I,KOR,M,CP,GR,_Z,_Z,GY,2024-11,1.52644657436991
DATAFLOW,OECD.SDD.STES:DSD_KEI@DF_KEI(4.0),I,KOR,M,CP,GR,_Z,_Z,GY,2024-10,1.25364174097289
DATAFLOW,OECD.SDD.STES:DSD_KEI@DF_KEI(4.0),I,KOR,M,CP,GR,_Z,_Z,GY,2024-09,1.59503766061144
DATAFLOW,OECD.SDD.STES:DSD_KEI@DF_KEI(4.0),I,KOR,M,CP,GR,_Z,_Z,GY,2024-08,2.01282508015677
DATAFLOW,OECD.SDD.STES:DSD_KEI@DF_KEI(4.0),I,KOR,M,CP,GR,_Z,_Z,GY,2024-07,2.55189145475785
DATAFLOW,OECD.SDD.STES:DSD_KEI@DF_KEI(4.0),I,KOR,M,CP,GR,_Z,_Z,GY,2024-06,2.41093918675783
DATAFLOW,OECD.SDD.STES:DSD_KEI@DF_KEI(4.0),I,KOR,M,CP,GR,_Z,_Z,GY,2024-05,2.67254566723658
DATAFLOW,OECD.SDD.STES:DSD_KEI@DF_KEI(4.0),I,CAN,M,CP,IX,_Z,_Z,_Z,2012-10,96.5499078219645
DATAFLOW,OECD.SDD.STES:DSD_KEI@DF_KEI(4.0),I,CAN,M,CP,IX,_Z,_Z,_Z,2012-11,96.312878588359
DATAFLOW,OECD.SDD.STES:DSD_KEI@DF_KEI(4.0),I,CAN,M,CP,IX,_Z,_Z,_Z,2012-12,95.75981037661288
DATAFLOW,OECD.SDD.STES:DSD_KEI@DF_KEI(4.0),I,CAN,M,CP,GR,_Z,_Z,G1,2008-08,-0.172711571675388
DATAFLOW,OECD.SDD.STES:DSD_KEI@DF_KEI(4.0),I,CAN,M,CP,GR,_Z,_Z,G1,2008-09,0.0865051903114589
DATAFLOW,OECD.SDD.STES:DSD_KEI@DF_KEI(4.0),I,CAN,M,CP,GR,_Z,_Z,G1,2008-10,-1.03716508210888
DATAFLOW,OECD.SDD.STES:DSD_KEI@DF_KEI(4.0),I,CAN,M,CP,GR,_Z,_Z,G1,2008-11,-0.349344978165911
DATAFLOW,OECD.SDD.STES:DSD_KEI@DF_KEI(4.0),I,CAN,M,CP,GR,_Z,_Z,G1,2008-12,-0.701139351446123
DATAFLOW,OECD.SDD.STES:DSD_KEI@DF_KEI(4.0),I,CAN,M,CP,GR,_Z,_Z,G1,2009-01,-0.264783759929421
DATAFLOW,OECD.SDD.STES:DSD_KEI@DF_KEI(4.0),I,CAN,M,CP,GR,_Z,_Z,G1,2009-02,0.707964601769939
DATAFLOW,OECD.SDD.STES:DSD_KEI@DF_KEI(4.0),I,CAN,M,CP,GR,_Z,_Z,G1,2009-03,0.175746924428788
DATAFLOW,OECD.SDD.STES:DSD_KEI@DF_KEI(4.0),I,CAN,M,CP,GR,_Z,_Z,G1,2009-04,-0.0877192982456587
DATAFLOW,OECD.SDD.STES:DSD_KEI@DF_KEI(4.0),I,CAN,M,CP,GR,_Z,_Z,G1,2009-05,0.702370500438998
DATAFLOW,OECD.SDD.STES:DSD_KEI@DF_KEI(4.0),I,CAN,M,CP,GR,_Z,_Z,G1,2009-06,0.348735832606861
DATAFLOW,OECD.SDD.STES:DSD_KEI@DF_KEI(4.0),I,CAN,M,CP,GR,_Z,_Z,G1,2009-07,-0.347523892267665
DATAFLOW,OECD.SDD.STES:DSD_KEI@DF_KEI(4.0),I,CAN,M,CP,GR,_Z,_Z,G1,2009-10,-0.0871839581517375
DATAFLOW,OECD.SDD.STES:DSD_KEI@DF_KEI(4.0),I,CAN,M,CP,GR,_Z,_Z,G1,2009-11,0.523560209424145
DATAFLOW,OECD.SDD.STES:DSD_KEI@DF_KEI(4.0),I,CAN,M,CP,GR,_Z,_Z,G1,2009-12,-0.347222222222188
DATAFLOW,OECD.SDD.STES:DSD_KEI@DF_KEI(4.0),I,CAN,M,CP,GR,_Z,_Z,G1,2010-01,0.261324041811872
DATAFLOW,OECD.SDD.STES:DSD_KEI@DF_KEI(4.0),I,CAN,M,CP,GR,_Z,_Z,G1,2010-02,0.434404865334392
DATAFLOW,OECD.SDD.STES:DSD_KEI@DF_KEI(4.0),I,CAN,M,CP,GR,_Z,_Z,G1,2010-04,0.346020761245747
DATAFLOW,OECD.SDD.STES:DSD_KEI@DF_KEI(4.0),I,CAN,M,CP,GR,_Z,_Z,G1,2010-05,0.258620689655209
DATAFLOW,OECD.SDD.STES:DSD_KEI@DF_KEI(4.0),I,CAN,M,CP,GR,_Z,_Z,G1,2010-06,-0.0859845227859424
DATAFLOW,OECD.SDD.STES:DSD_KEI@DF_KEI(4.0),I,CAN,M,CP,GR,_Z,_Z,G1,2010-07,0.516351118760805
DATAFLOW,OECD.SDD.STES:DSD_KEI@DF_KEI(4.0),I,CAN,M,CP,GR,_Z,_Z,G1,2010-08,-0.0856164383562064
DATAFLOW,OECD.SDD.STES:DSD_KEI@DF_KEI(4.0),I,CAN,M,CP,GR,_Z,_Z,G1,2010-10,0.427715996578271
DATAFLOW,OECD.SDD.STES:DSD_KEI@DF_KEI(4.0),I,CAN,M,CP,GR,_Z,_Z,G1,2010-11,0.0851788756388805
DATAFLOW,OECD.SDD.STES:DSD_KEI@DF_KEI(4.0),I,CAN,M,CP,GR,_Z,_Z,G1,2011-01,0.255319148936084
DATAFLOW,OECD.SDD.STES:DSD_KEI@DF_KEI(4.0),I,CAN,M,CP,GR,_Z,_Z,G1,2011-02,0.254668930390523
DATAFLOW,OECD.SDD.STES:DSD_KEI@DF_KEI(4.0),I,CAN,M,CP,GR,_Z,_Z,G1,2011-03,1.10076206604577
DATAFLOW,OECD.SDD.STES:DSD_KEI@DF_KEI(4.0),I,CAN,M,CP,GR,_Z,_Z,G1,2011-04,0.335008375209345
DATAFLOW,OECD.SDD.STES:DSD_KEI@DF_KEI(4.0),I,CAN,M,CP,GR,_Z,_Z,G1,2011-05,0.667779632721222
DATAFLOW,OECD.SDD.STES:DSD_KEI@DF_KEI(4.0),I,CAN,M,CP,GR,_Z,_Z,G1,2011-06,-0.66334991708128
DATAFLOW,OECD.SDD.STES:DSD_KEI@DF_KEI(4.0),I,CAN,M,CP,GR,_Z,_Z,G1,2011-07,0.166944908180278
DATAFLOW,OECD.SDD.STES:DSD_KEI@DF_KEI(4.0),I,CAN,M,CP,GR,_Z,_Z,G1,2011-09,0.249376558603509
DATAFLOW,OECD.SDD.STES:DSD_KEI@DF_KEI(4.0),I,CAN,M,CP,GR,_Z,_Z,G1,2011-11,0.0827814569536844
DATAFLOW,OECD.SDD.STES:DSD_KEI@DF_KEI(4.0),I,CAN,M,CP,GR,_Z,_Z,G1,2011-12,-0.57899090157153
DATAFLOW,OECD.SDD.STES:DSD_KEI@DF_KEI(4.0),I,CAN,M,CP,GR,_Z,_Z,G1,2012-04,0.410846343467552
DATAFLOW,OECD.SDD.STES:DSD_KEI@DF_KEI(4.0),I,CAN,M,CP,GR,_Z,_Z,G1,2012-05,-0.0818330605565021
DATAFLOW,OECD.SDD.STES:DSD_KEI@DF_KEI(4.0),I,CAN,M,CP,GR,_Z,_Z,G1,2012-06,-0.409500409500418
DATAFLOW,OECD.SDD.STES:DSD_KEI@DF_KEI(4.0),I,CAN,M,CP,GR,_Z,_Z,G1,2012-07,-0.0822368421052988
DATAFLOW,OECD.SDD.STES:DSD_KEI@DF_KEI(4.0),I,CAN,M,CP,GR,_Z,_Z,G1,2012-08,0.246913580246932
DATAFLOW,OECD.SDD.STES:DSD_KEI@DF_KEI(4.0),I,CAN,M,CP,GR,_Z,_Z,G1,2012-09,0.164203612479463
DATAFLOW,OECD.SDD.STES:DSD_KEI@DF_KEI(4.0),I,CAN,M,CP,GR,_Z,_Z,G1,2012-10,0.163934426229595
DATAFLOW,OECD.SDD.STES:DSD_KEI@DF_KEI(4.0),I,CAN,M,CP,GR,_Z,_Z,G1,2012-11,-0.245499181669417
DATAFLOW,OECD.SDD.STES:DSD_KEI@DF_KEI(4.0),I,CAN,M,CP,GR,_Z,_Z,G1,2012-12,-0.574241181296131
DATAFLOW,OECD.SDD.STES:DSD_KEI@DF_KEI(4.0),I,CAN,M,CP,GR,_Z,_Z,G1,2013-01,0.0825082508250308
DATAFLOW,OECD.SDD.STES:DSD_KEI@DF_KEI(4.0),I,CAN,M,CP,GR,_Z,_Z,G1,2013-02,1.15416323165702
DATAFLOW,OECD.SDD.STES:DSD_KEI@DF_KEI(4.0),I,CAN,M,CP,GR,_Z,_Z,G1,2013-03,0.162999185004153
DATAFLOW,OECD.SDD.STES:DSD_KEI@DF_KEI(4.0),I,CAN,M,CP,GR,_Z,_Z,G1,2013-04,-0.162733930024483
DATAFLOW,OECD.SDD.STES:DSD_KEI@DF_KEI(4.0),I,CAN,M,CP,GR,_Z,_Z,G1,2013-05,0.244498777506141
DATAFLOW,OECD.SDD.STES:DSD_KEI@DF_KEI(4.0),I,CAN,M,CP,GR,_Z,_Z,G1,2013-07,0.0813008130081672
DATAFLOW,OECD.SDD.STES:DSD_KEI@DF_KEI(4.0),I,CAN,M,CP,GR,_Z,_Z,G1,2013-09,0.162469536961796
DATAFLOW,OECD.SDD.STES:DSD_KEI@DF_KEI(4.0),I,CAN,M,CP,GR,_Z,_Z,G1,2013-12,-0.243902439024413
DATAFLOW,OECD.SDD.STES:DSD_KEI@DF_KEI(4.0),I,CAN,M,CP,GR,_Z,_Z,G1,2014-01,0.325998370008218
DATAFLOW,OECD.SDD.STES:DSD_KEI@DF_KEI(4.0),I,CAN,M,CP,GR,_Z,_Z,G1,2014-02,0.812347684809112
DATAFLOW,OECD.SDD.STES:DSD_KEI@DF_KEI(4.0),I,CAN,M,CP,GR,_Z,_Z,G1,2025-10,0.242571255306534
DATAFLOW,OECD.SDD.STES:DSD_KEI@DF_KEI(4.0),I,CAN,M,CP,GR,_Z,_Z,G1,2025-12,-0.241837968560565
DATAFLOW,OECD.SDD.STES:DSD_KEI@DF_KEI(4.0),I,CAN,M,CP,GR,_Z,_Z,GY,2007-02,2.03703703703704
DATAFLOW,OECD.SDD.STES:DSD_KEI@DF_KEI(4.0),I,CAN,M,CP,GR,_Z,_Z,GY,2008-11,1.96604110813225
DATAFLOW,OECD.SDD.STES:DSD_KEI@DF_KEI(4.0),I,CAN,M,CP,GR,_Z,_Z,GY,2010-12,2.35191637630663
DATAFLOW,OECD.SDD.STES:DSD_KEI@DF_KEI(4.0),I,CAN,M,CP,GR,_Z,_Z,GY,2011-10,2.8960817717206
DATAFLOW,OECD.SDD.STES:DSD_KEI@DF_KEI(4.0),I,CAN,M,CP,GR,_Z,_Z,GY,2011-11,2.8936170212766
DATAFLOW,OECD.SDD.STES:DSD_KEI@DF_KEI(4.0),I,CAN,M,CP,GR,_Z,_Z,GY,2012-11,0.827129859387932
DATAFLOW,OECD.SDD.STES:DSD_KEI@DF_KEI(4.0),I,CAN,M,CP,GR,_Z,_Z,GY,2015-04,0.798722044728439
DATAFLOW,OECD.SDD.STES:DSD_KEI@DF_KEI(4.0),I,CAN,M,CP,GR,_Z,_Z,GY,2016-06,1.49371069182389
DATAFLOW,OECD.SDD.STES:DSD_KEI@DF_KEI(4.0),I,CAN,M,CP,GR,_Z,_Z,GY,2016-10,1.49371069182389
DATAFLOW,OECD.SDD.STES:DSD_KEI@DF_KEI(4.0),I,CAN,M,CP,GR,_Z,_Z,GY,2023-07,3.26583932070543
DATAFLOW,OECD.SDD.STES:DSD_KEI@DF_KEI(4.0),I,CAN,M,CP,GR,_Z,_Z,GY,2024-01,2.85899935022742
DATAFLOW,OECD.SDD.STES:DSD_KEI@DF_KEI(4.0),I,KOR,M,CP,IX,_Z,_Z,_Z,2018-12,104.350667775893
DATAFLOW,OECD.SDD.STES:DSD_KEI@DF_KEI(4.0),I,KOR,M,CP,IX,_Z,_Z,_Z,2018-11,104.711195601279
DATAFLOW,OECD.SDD.STES:DSD_KEI@DF_KEI(4.0),I,KOR,M,CP,IX,_Z,_Z,_Z,2018-10,105.460713975109
DATAFLOW,OECD.SDD.STES:DSD_KEI@DF_KEI(4.0),I,KOR,M,CP,IX,_Z,_Z,_Z,2018-09,105.650465462155
DATAFLOW,OECD.SDD.STES:DSD_KEI@DF_KEI(4.0),I,KOR,M,CP,IX,_Z,_Z,_Z,2018-08,104.850346691779
DATAFLOW,OECD.SDD.STES:DSD_KEI@DF_KEI(4.0),I,KOR,M,CP,IX,_Z,_Z,_Z,2018-07,103.931106154537
DATAFLOW,OECD.SDD.STES:DSD_KEI@DF_KEI(4.0),I,KOR,M,CP,IX,_Z,_Z,_Z,2018-06,104.130345215935
DATAFLOW,OECD.SDD.STES:DSD_KEI@DF_KEI(4.0),I,KOR,M,CP,IX,_Z,_Z,_Z,2018-05,104.341180201541
DATAFLOW,OECD.SDD.STES:DSD_KEI@DF_KEI(4.0),I,KOR,M,CP,IX,_Z,_Z,_Z,2018-04,104.290579804995
DATAFLOW,OECD.SDD.STES:DSD_KEI@DF_KEI(4.0),I,KOR,M,CP,IX,_Z,_Z,_Z,2018-03,104.10082831795
DATAFLOW,OECD.SDD.STES:DSD_KEI@DF_KEI(4.0),I,KOR,M,CP,IX,_Z,_Z,_Z,2018-02,104.210462510465
DATAFLOW,OECD.SDD.STES:DSD_KEI@DF_KEI(4.0),I,KOR,M,CP,IX,_Z,_Z,_Z,2018-01,103.42088548937
DATAFLOW,OECD.SDD.STES:DSD_KEI@DF_KEI(4.0),I,KOR,M,CP,IX,_Z,_Z,_Z,2017-12,102.990782118733
DATAFLOW,OECD.SDD.STES:DSD_KEI@DF_KEI(4.0),I,KOR,M,CP,IX,_Z,_Z,_Z,2017-11,102.620766718995
DATAFLOW,OECD.SDD.STES:DSD_KEI@DF_KEI(4.0),I,KOR,M,CP,IX,_Z,_Z,_Z,2017-10,103.390314416457
DATAFLOW,OECD.SDD.STES:DSD_KEI@DF_KEI(4.0),I,KOR,M,CP,IX,_Z,_Z,_Z,2017-09,103.49046103462
DATAFLOW,OECD.SDD.STES:DSD_KEI@DF_KEI(4.0),I,KOR,M,CP,IX,_Z,_Z,_Z,2016-12,101.561320916324
DATAFLOW,OECD.SDD.STES:DSD_KEI@DF_KEI(4.0),I,KOR,M,CP,IX,_Z,_Z,_Z,2015-02,99.7112439176303
DATAFLOW,OECD.SDD.STES:DSD_KEI@DF_KEI(4.0),I,KOR,M,CP,IX,_Z,_Z,_Z,2013-01,97.7515327264214
DATAFLOW,OECD.SDD.STES:DSD_KEI@DF_KEI(4.0),I,KOR,M,CP,IX,_Z,_Z,_Z,2012-10,97.3414586794175
DATAFLOW,OECD.SDD.STES:DSD_KEI@DF_KEI(4.0),I,KOR,M,CP,IX,_Z,_Z,_Z,2012-09,97.5238309419668
DATAFLOW,OECD.SDD.STES:DSD_KEI@DF_KEI(4.0),I,KOR,M,CP,IX,_Z,_Z,_Z,2012-08,96.8312380142507
DATAFLOW,OECD.SDD.STES:DSD_KEI@DF_KEI(4.0),I,KOR,M,CP,IX,_Z,_Z,_Z,2009-12,89.2696412554872
DATAFLOW,OECD.SDD.STES:DSD_KEI@DF_KEI(4.0),I,KOR,M,CP,IX,_Z,_Z,_Z,2009-05,88.4052178145021
DATAFLOW,OECD.SDD.STES:DSD_KEI@DF_KEI(4.0),I,KOR,M,CP,IX,_Z,_Z,_Z,2009-04,88.4052178145021
DATAFLOW,OECD.SDD.STES:DSD_KEI@DF_KEI(4.0),I,KOR,M,CP,IX,_Z,_Z,_Z,2009-02,87.5439568983011
DATAFLOW,OECD.SDD.STES:DSD_KEI@DF_KEI(4.0),I,KOR,M,CP,IX,_Z,_Z,_Z,2009-01,86.9167228161229
DATAFLOW,OECD.SDD.STES:DSD_KEI@DF_KEI(4.0),I,KOR,M,CP,IX,_Z,_Z,_Z,2008-03,84.8768943303837
DATAFLOW,OECD.SDD.STES:DSD_KEI@DF_KEI(4.0),I,KOR,M,CP,IX,_Z,_Z,_Z,2007-11,83.0721468535953
DATAFLOW,OECD.SDD.STES:DSD_KEI@DF_KEI(4.0),I,KOR,M,CP,IX,_Z,_Z,_Z,2007-10,83.0721468535953
DATAFLOW,OECD.SDD.STES:DSD_KEI@DF_KEI(4.0),I,KOR,M,CP,IX,_Z,_Z,_Z,2007-08,82.4449127714171
DATAFLOW,OECD.SDD.STES:DSD_KEI@DF_KEI(4.0),I,KOR,M,CP,IX,_Z,_Z,_Z,2021-04,107.50475916055998
DATAFLOW,OECD.SDD.STES:DSD_KEI@DF_KEI(4.0),I,KOR,M,CP,IX,_Z,_Z,_Z,2017-08,103.370285092824
DATAFLOW,OECD.SDD.STES:DSD_KEI@DF_KEI(4.0),I,KOR,M,CP,IX,_Z,_Z,_Z,2016-02,100.821290116846
DATAFLOW,OECD.SDD.STES:DSD_KEI@DF_KEI(4.0),I,KOR,M,CP,IX,_Z,_Z,_Z,2015-11,99.9210247283083
DATAFLOW,OECD.SDD.STES:DSD_KEI@DF_KEI(4.0),I,KOR,M,CP,IX,_Z,_Z,_Z,2015-04,99.7513025648954
DATAFLOW,OECD.SDD.STES:DSD_KEI@DF_KEI(4.0),I,KOR,M,CP,IX,_Z,_Z,_Z,2015-03,99.72073149198248
DATAFLOW,OECD.SDD.STES:DSD_KEI@DF_KEI(4.0),I,KOR,M,CP,IX,_Z,_Z,_Z,2014-04,99.3180366694748
DATAFLOW,OECD.SDD.STES:DSD_KEI@DF_KEI(4.0),I,KOR,M,CP,IX,_Z,_Z,_Z,2014-01,98.807816004308
DATAFLOW,OECD.SDD.STES:DSD_KEI@DF_KEI(4.0),I,KOR,M,CP,IX,_Z,_Z,_Z,2013-11,98.1605525984972
DATAFLOW,OECD.SDD.STES:DSD_KEI@DF_KEI(4.0),I,KOR,M,CP,IX,_Z,_Z,_Z,2013-07,97.9423383883949
DATAFLOW,OECD.SDD.STES:DSD_KEI@DF_KEI(4.0),I,KOR,M,CP,IX,_Z,_Z,_Z,2013-03,97.9876679103002
DATAFLOW,OECD.SDD.STES:DSD_KEI@DF_KEI(4.0),I,KOR,M,CP,IX,_Z,_Z,_Z,2012-12,97.1685739912204
DATAFLOW,OECD.SDD.STES:DSD_KEI@DF_KEI(4.0),I,KOR,M,CP,IX,_Z,_Z,_Z,2012-11,96.9956893030234
DATAFLOW,OECD.SDD.STES:DSD_KEI@DF_KEI(4.0),I,KOR,M,CP,IX,_Z,_Z,_Z,2012-07,96.38532201969367
DATAFLOW,OECD.SDD.STES:DSD_KEI@DF_KEI(4.0),I,CAN,M,CP,IX,_Z,_Z,_Z,2024-03,126.257571767184
DATAFLOW,OECD.SDD.STES:DSD_KEI@DF_KEI(4.0),I,CAN,M,CP,IX,_Z,_Z,_Z,2024-08,127.837766657887
DATAFLOW,OECD.SDD.STES:DSD_KEI@DF_KEI(4.0),I,CAN,M,CP,IX,_Z,_Z,_Z,2024-09,127.284698446141
DATAFLOW,OECD.SDD.STES:DSD_KEI@DF_KEI(4.0),I,CAN,M,CP,IX,_Z,_Z,_Z,2024-10,127.837766657887
DATAFLOW,OECD.SDD.STES:DSD_KEI@DF_KEI(4.0),I,CAN,M,CP,IX,_Z,_Z,_Z,2024-11,127.837766657887
DATAFLOW,OECD.SDD.STES:DSD_KEI@DF_KEI(4.0),I,CAN,M,CP,IX,_Z,_Z,_Z,2025-02,128.785883592309
DATAFLOW,OECD.SDD.STES:DSD_KEI@DF_KEI(4.0),I,CAN,M,CP,IX,_Z,_Z,_Z,2025-03,129.180932314985
DATAFLOW,OECD.SDD.STES:DSD_KEI@DF_KEI(4.0),I,CAN,M,CP,IX,_Z,_Z,_Z,2025-05,129.813010271266
DATAFLOW,OECD.SDD.STES:DSD_KEI@DF_KEI(4.0),I,CAN,M,CP,IX,_Z,_Z,_Z,2017-03,102.633658151172
DATAFLOW,OECD.SDD.STES:DSD_KEI@DF_KEI(4.0),I,CAN,M,CP,IX,_Z,_Z,_Z,2007-01,86.4366605214641
DATAFLOW,OECD.SDD.STES:DSD_KEI@DF_KEI(4.0),I,CAN,M,CP,IX,_Z,_Z,_Z,2007-02,87.0687384777454
DATAFLOW,OECD.SDD.STES:DSD_KEI@DF_KEI(4.0),I,CAN,M,CP,IX,_Z,_Z,_Z,2007-03,87.7798261785618
DATAFLOW,OECD.SDD.STES:DSD_KEI@DF_KEI(4.0),I,CAN,M,CP,IX,_Z,_Z,_Z,2007-04,88.1748749012376
DATAFLOW,OECD.SDD.STES:DSD_KEI@DF_KEI(4.0),I,CAN,M,CP,IX,_Z,_Z,_Z,2007-05,88.5699236239134
DATAFLOW,OECD.SDD.STES:DSD_KEI@DF_KEI(4.0),I,CAN,M,CP,IX,_Z,_Z,_Z,2007-06,88.4119041348431
DATAFLOW,OECD.SDD.STES:DSD_KEI@DF_KEI(4.0),I,CAN,M,CP,IX,_Z,_Z,_Z,2007-07,88.4909138793782
DATAFLOW,OECD.SDD.STES:DSD_KEI@DF_KEI(4.0),I,CAN,M,CP,IX,_Z,_Z,_Z,2007-08,88.2538846457727
DATAFLOW,OECD.SDD.STES:DSD_KEI@DF_KEI(4.0),I,CAN,M,CP,IX,_Z,_Z,_Z,2007-09,88.4119041348431
DATAFLOW,OECD.SDD.STES:DSD_KEI@DF_KEI(4.0),I,CAN,M,CP,IX,_Z,_Z,_Z,2007-10,88.1748749012376
DATAFLOW,OECD.SDD.STES:DSD_KEI@DF_KEI(4.0),I,CAN,M,CP,IX,_Z,_Z,_Z,2007-11,88.4119041348431
DATAFLOW,OECD.SDD.STES:DSD_KEI@DF_KEI(4.0),I,DEU,M,CP,IX,_Z,_Z,_Z,2024-03,125.038074147962
DATAFLOW,OECD.SDD.STES:DSD_KEI@DF_KEI(4.0),I,KOR,M,CP,IX,_Z,_Z,_Z,2012-06,96.603536229796
DATAFLOW,OECD.SDD.STES:DSD_KEI@DF_KEI(4.0),I,CAN,M,CP,GR,_Z,_Z,G1,2007-05,0.448028673835132
DATAFLOW,OECD.SDD.STES:DSD_KEI@DF_KEI(4.0),I,CAN,M,CP,GR,_Z,_Z,GY,2008-01,2.19378427787933
DATAFLOW,OECD.SDD.STES:DSD_KEI@DF_KEI(4.0),I,CAN,M,CP,GR,_Z,_Z,GY,2017-01,2.12933753943187
DATAFLOW,OECD.SDD.STES:DSD_KEI@DF_KEI(4.0),I,CAN,M,CP,GR,_Z,_Z,GY,2017-02,2.04563335955927
DATAFLOW,OECD.SDD.STES:DSD_KEI@DF_KEI(4.0),I,CAN,M,CP,GR,_Z,_Z,GY,2017-03,1.56372165754477
DATAFLOW,OECD.SDD.STES:DSD_KEI@DF_KEI(4.0),I,CAN,M,CP,GR,_Z,_Z,GY,2017-04,1.63678877630618
DATAFLOW,OECD.SDD.STES:DSD_KEI@DF_KEI(4.0),I,CAN,M,CP,GR,_Z,_Z,GY,2017-05,1.31987577639781
DATAFLOW,OECD.SDD.STES:DSD_KEI@DF_KEI(4.0),I,CAN,M,CP,GR,_Z,_Z,GY,2017-06,1.00697134004739
DATAFLOW,OECD.SDD.STES:DSD_KEI@DF_KEI(4.0),I,CAN,M,CP,GR,_Z,_Z,GY,2017-07,1.16369278510535
DATAFLOW,OECD.SDD.STES:DSD_KEI@DF_KEI(4.0),I,CAN,M,CP,GR,_Z,_Z,GY,2017-08,1.39860139860153
DATAFLOW,OECD.SDD.STES:DSD_KEI@DF_KEI(4.0),I,CAN,M,CP,IX,_Z,_Z,_Z,2025-07,130.287068738477
DATAFLOW,OECD.SDD.STES:DSD_KEI@DF_KEI(4.0),I,CAN,M,CP,IX,_Z,_Z,_Z,2025-08,130.20805899394202
DATAFLOW,OECD.SDD.STES:DSD_KEI@DF_KEI(4.0),I,CAN,M,CP,GR,_Z,_Z,G1,2023-01,0.522534291312637
DATAFLOW,OECD.SDD.STES:DSD_KEI@DF_KEI(4.0),I,CAN,M,CP,GR,_Z,_Z,G1,2023-02,0.389863547758318
DATAFLOW,OECD.SDD.STES:DSD_KEI@DF_KEI(4.0),I,CAN,M,CP,GR,_Z,_Z,G1,2023-03,0.517799352750581
DATAFLOW,OECD.SDD.STES:DSD_KEI@DF_KEI(4.0),I,CAN,M,CP,GR,_Z,_Z,G1,2023-04,0.708306503541745
DATAFLOW,OECD.SDD.STES:DSD_KEI@DF_KEI(4.0),I,CAN,M,CP,GR,_Z,_Z,G1,2023-05,0.383631713555022
DATAFLOW,OECD.SDD.STES:DSD_KEI@DF_KEI(4.0),I,CAN,M,CP,GR,_Z,_Z,G1,2023-06,0.127388535031581
DATAFLOW,OECD.SDD.STES:DSD_KEI@DF_KEI(4.0),I,CAN,M,CP,GR,_Z,_Z,G1,2023-07,0.572519083969936
DATAFLOW,OECD.SDD.STES:DSD_KEI@DF_KEI(4.0),I,CAN,M,CP,GR,_Z,_Z,G1,2023-08,0.379506641366256
DATAFLOW,OECD.SDD.STES:DSD_KEI@DF_KEI(4.0),I,CAN,M,CP,GR,_Z,_Z,G1,2023-09,-0.126023944550002
DATAFLOW,OECD.SDD.STES:DSD_KEI@DF_KEI(4.0),I,CAN,M,CP,GR,_Z,_Z,G1,2023-10,0.0630914826497131
DATAFLOW,OECD.SDD.STES:DSD_KEI@DF_KEI(4.0),I,CAN,M,CP,GR,_Z,_Z,G1,2023-11,0.126103404792488
DATAFLOW,OECD.SDD.STES:DSD_KEI@DF_KEI(4.0),I,CAN,M,CP,GR,_Z,_Z,G1,2023-12,-0.314861460957339
DATAFLOW,OECD.SDD.STES:DSD_KEI@DF_KEI(4.0),I,CAN,M,CP,GR,_Z,_Z,G1,2024-02,0.315855969677981
DATAFLOW,OECD.SDD.STES:DSD_KEI@DF_KEI(4.0),I,CAN,M,CP,GR,_Z,_Z,G1,2024-03,0.629722921913878
DATAFLOW,OECD.SDD.STES:DSD_KEI@DF_KEI(4.0),I,CAN,M,CP,GR,_Z,_Z,G1,2024-04,0.500625782228359
DATAFLOW,OECD.SDD.STES:DSD_KEI@DF_KEI(4.0),I,CAN,M,CP,GR,_Z,_Z,G1,2024-05,0.560398505603654
DATAFLOW,OECD.SDD.STES:DSD_KEI@DF_KEI(4.0),I,CAN,M,CP,GR,_Z,_Z,G1,2024-06,-0.0619195046438259
DATAFLOW,OECD.SDD.STES:DSD_KEI@DF_KEI(4.0),I,CAN,M,CP,GR,_Z,_Z,G1,2024-07,0.433705080545121
DATAFLOW,OECD.SDD.STES:DSD_KEI@DF_KEI(4.0),I,CAN,M,CP,GR,_Z,_Z,G1,2024-08,-0.18507094386222
DATAFLOW,OECD.SDD.STES:DSD_KEI@DF_KEI(4.0),I,CAN,M,CP,GR,_Z,_Z,G1,2024-09,-0.432632880098793
DATAFLOW,OECD.SDD.STES:DSD_KEI@DF_KEI(4.0),I,CAN,M,CP,GR,_Z,_Z,G1,2024-10,0.434512725015423
DATAFLOW,OECD.SDD.STES:DSD_KEI@DF_KEI(4.0),I,CAN,M,CP,GR,_Z,_Z,G1,2024-12,-0.370828182941163
DATAFLOW,OECD.SDD.STES:DSD_KEI@DF_KEI(4.0),I,CAN,M,CP,GR,_Z,_Z,G1,2025-01,0.0620347394539644
DATAFLOW,OECD.SDD.STES:DSD_KEI@DF_KEI(4.0),I,CAN,M,CP,GR,_Z,_Z,G1,2025-02,1.05393676379362
DATAFLOW,OECD.SDD.STES:DSD_KEI@DF_KEI(4.0),I,CAN,M,CP,GR,_Z,_Z,G1,2025-03,0.306748466257822
DATAFLOW,OECD.SDD.STES:DSD_KEI@DF_KEI(4.0),I,CAN,M,CP,GR,_Z,_Z,G1,2025-04,-0.0611620795105905
DATAFLOW,OECD.SDD.STES:DSD_KEI@DF_KEI(4.0),I,CAN,M,CP,GR,_Z,_Z,G1,2025-05,0.550795593634912
DATAFLOW,OECD.SDD.STES:DSD_KEI@DF_KEI(4.0),I,CAN,M,CP,GR,_Z,_Z,G1,2025-06,0.0608642726726005
DATAFLOW,OECD.SDD.STES:DSD_KEI@DF_KEI(4.0),I,CAN,M,CP,GR,_Z,_Z,G1,2007-11,0.268817204301097
DATAFLOW,OECD.SDD.STES:DSD_KEI@DF_KEI(4.0),I,CAN,M,CP,GR,_Z,_Z,G1,2008-06,0.698080279232127
DATAFLOW,OECD.SDD.STES:DSD_KEI@DF_KEI(4.0),I,CAN,M,CP,GR,_Z,_Z,G1,2010-09,0.171379605826893
DATAFLOW,OECD.SDD.STES:DSD_KEI@DF_KEI(4.0),I,CAN,M,CP,GR,_Z,_Z,G1,2011-08,0.250000000000017
DATAFLOW,OECD.SDD.STES:DSD_KEI@DF_KEI(4.0),I,CAN,M,CP,GR,_Z,_Z,G1,2011-10,0.165837479270303
DATAFLOW,OECD.SDD.STES:DSD_KEI@DF_KEI(4.0),I,CAN,M,CP,GR,_Z,_Z,G1,2012-01,0.415973377703827
DATAFLOW,OECD.SDD.STES:DSD_KEI@DF_KEI(4.0),I,CAN,M,CP,GR,_Z,_Z,G1,2012-02,0.414250207125111
DATAFLOW,OECD.SDD.STES:DSD_KEI@DF_KEI(4.0),I,CAN,M,CP,GR,_Z,_Z,G1,2012-03,0.41254125412542
DATAFLOW,OECD.SDD.STES:DSD_KEI@DF_KEI(4.0),I,CAN,M,CP,IX,_Z,_Z,_Z,2022-08,120.568870160653
DATAFLOW,OECD.SDD.STES:DSD_KEI@DF_KEI(4.0),I,CAN,M,CP,IX,_Z,_Z,_Z,2022-09,120.647879905188
DATAFLOW,OECD.SDD.STES:DSD_KEI@DF_KEI(4.0),I,CAN,M,CP,IX,_Z,_Z,_Z,2022-10,121.516987095075
DATAFLOW,OECD.SDD.STES:DSD_KEI@DF_KEI(4.0),I,CAN,M,CP,IX,_Z,_Z,_Z,2022-11,121.675006584145
DATAFLOW,OECD.SDD.STES:DSD_KEI@DF_KEI(4.0),I,CAN,M,CP,IX,_Z,_Z,_Z,2022-12,120.963918883329
DATAFLOW,OECD.SDD.STES:DSD_KEI@DF_KEI(4.0),I,CAN,M,CP,IX,_Z,_Z,_Z,2023-01,121.59599683961
DATAFLOW,OECD.SDD.STES:DSD_KEI@DF_KEI(4.0),I,CAN,M,CP,IX,_Z,_Z,_Z,2023-02,122.070055306821
DATAFLOW,OECD.SDD.STES:DSD_KEI@DF_KEI(4.0),I,CAN,M,CP,IX,_Z,_Z,_Z,2023-03,122.702133263102
DATAFLOW,OECD.SDD.STES:DSD_KEI@DF_KEI(4.0),I,CAN,M,CP,IX,_Z,_Z,_Z,2023-04,123.571240452989
DATAFLOW,OECD.SDD.STES:DSD_KEI@DF_KEI(4.0),I,CAN,M,CP,IX,_Z,_Z,_Z,2023-05,124.0452989202
DATAFLOW,OECD.SDD.STES:DSD_KEI@DF_KEI(4.0),I,CAN,M,CP,IX,_Z,_Z,_Z,2023-06,124.20331840926998
DATAFLOW,OECD.SDD.STES:DSD_KEI@DF_KEI(4.0),I,CAN,M,CP,IX,_Z,_Z,_Z,2023-07,124.914406110087
DATAFLOW,OECD.SDD.STES:DSD_KEI@DF_KEI(4.0),I,CAN,M,CP,IX,_Z,_Z,_Z,2023-08,125.388464577298
DATAFLOW,OECD.SDD.STES:DSD_KEI@DF_KEI(4.0),I,CAN,M,CP,IX,_Z,_Z,_Z,2023-11,125.467474321833
DATAFLOW,OECD.SDD.STES:DSD_KEI@DF_KEI(4.0),I,CAN,M,CP,IX,_Z,_Z,_Z,2023-12,125.072425599157
DATAFLOW,OECD.SDD.STES:DSD_KEI@DF_KEI(4.0),I,CAN,M,CP,IX,_Z,_Z,_Z,2024-01,125.072425599157
DATAFLOW,OECD.SDD.STES:DSD_KEI@DF_KEI(4.0),I,CAN,M,CP,IX,_Z,_Z,_Z,2024-02,125.467474321833
DATAFLOW,OECD.SDD.STES:DSD_KEI@DF_KEI(4.0),I,CAN,M,CP,IX,_Z,_Z,_Z,2024-04,126.889649723466
DATAFLOW,OECD.SDD.STES:DSD_KEI@DF_KEI(4.0),I,CAN,M,CP,IX,_Z,_Z,_Z,2024-05,127.600737424282
DATAFLOW,OECD.SDD.STES:DSD_KEI@DF_KEI(4.0),I,CAN,M,CP,IX,_Z,_Z,_Z,2024-06,127.521727679747
DATAFLOW,OECD.SDD.STES:DSD_KEI@DF_KEI(4.0),I,CAN,M,CP,IX,_Z,_Z,_Z,2024-07,128.07479589149298
DATAFLOW,OECD.SDD.STES:DSD_KEI@DF_KEI(4.0),I,CAN,M,CP,IX,_Z,_Z,_Z,2024-12,127.363708190677
DATAFLOW,OECD.SDD.STES:DSD_KEI@DF_KEI(4.0),I,CAN,M,CP,IX,_Z,_Z,_Z,2025-01,127.442717935212
DATAFLOW,OECD.SDD.STES:DSD_KEI@DF_KEI(4.0),I,CAN,M,CP,IX,_Z,_Z,_Z,2025-04,129.10192257045
DATAFLOW,OECD.SDD.STES:DSD_KEI@DF_KEI(4.0),I,CAN,M,CP,IX,_Z,_Z,_Z,2025-10,130.603107716618
DATAFLOW,OECD.SDD.STES:DSD_KEI@DF_KEI(4.0),I,CAN,M,CP,IX,_Z,_Z,_Z,2019-08,108.08533052409798
DATAFLOW,OECD.SDD.STES:DSD_KEI@DF_KEI(4.0),I,CAN,M,CP,IX,_Z,_Z,_Z,2020-01,108.08533052409798
DATAFLOW,OECD.SDD.STES:DSD_KEI@DF_KEI(4.0),I,CAN,M,CP,IX,_Z,_Z,_Z,2025-06,129.892020015802
DATAFLOW,OECD.SDD.STES:DSD_KEI@DF_KEI(4.0),I,CAN,M,CP,IX,_Z,_Z,_Z,2026-01,130.366078483013
DATAFLOW,OECD.SDD.STES:DSD_KEI@DF_KEI(4.0),I,CAN,M,CP,IX,_Z,_Z,_Z,2007-12,88.4909138793782
DATAFLOW,OECD.SDD.STES:DSD_KEI@DF_KEI(4.0),I,CAN,M,CP,IX,_Z,_Z,_Z,2008-01,88.3328943903079
DATAFLOW,OECD.SDD.STES:DSD_KEI@DF_KEI(4.0),I,CAN,M,CP,IX,_Z,_Z,_Z,2008-02,88.6489333684485
DATAFLOW,OECD.SDD.STES:DSD_KEI@DF_KEI(4.0),I,CAN,M,CP,IX,_Z,_Z,_Z,2008-03,88.96497234658919
DATAFLOW,OECD.SDD.STES:DSD_KEI@DF_KEI(4.0),I,CAN,M,CP,IX,_Z,_Z,_Z,2008-04,89.6760600474056
DATAFLOW,OECD.SDD.STES:DSD_KEI@DF_KEI(4.0),I,CAN,M,CP,IX,_Z,_Z,_Z,2008-05,90.5451672372923
DATAFLOW,OECD.SDD.STES:DSD_KEI@DF_KEI(4.0),I,CAN,M,CP,IX,_Z,_Z,_Z,2008-06,91.1772451935736
DATAFLOW,OECD.SDD.STES:DSD_KEI@DF_KEI(4.0),I,CAN,M,CP,IX,_Z,_Z,_Z,2008-07,91.4932841717143
DATAFLOW,OECD.SDD.STES:DSD_KEI@DF_KEI(4.0),I,CAN,M,CP,IX,_Z,_Z,_Z,2008-08,91.3352646826439
DATAFLOW,OECD.SDD.STES:DSD_KEI@DF_KEI(4.0),I,CAN,M,CP,IX,_Z,_Z,_Z,2008-09,91.4142744271791
DATAFLOW,OECD.SDD.STES:DSD_KEI@DF_KEI(4.0),I,CAN,M,CP,IX,_Z,_Z,_Z,2008-10,90.4661574927572
DATAFLOW,OECD.SDD.STES:DSD_KEI@DF_KEI(4.0),I,CAN,M,CP,IX,_Z,_Z,_Z,2008-11,90.1501185146166
DATAFLOW,OECD.SDD.STES:DSD_KEI@DF_KEI(4.0),I,CAN,M,CP,IX,_Z,_Z,_Z,2008-12,89.5180405583353
DATAFLOW,OECD.SDD.STES:DSD_KEI@DF_KEI(4.0),I,CAN,M,CP,IX,_Z,_Z,_Z,2009-01,89.28101132472979
DATAFLOW,OECD.SDD.STES:DSD_KEI@DF_KEI(4.0),I,CAN,M,CP,IX,_Z,_Z,_Z,2009-02,89.9130892810111
DATAFLOW,OECD.SDD.STES:DSD_KEI@DF_KEI(4.0),I,CAN,M,CP,IX,_Z,_Z,_Z,2009-03,90.0711087700814
DATAFLOW,OECD.SDD.STES:DSD_KEI@DF_KEI(4.0),I,CAN,M,CP,IX,_Z,_Z,_Z,2009-04,89.9920990255462
DATAFLOW,OECD.SDD.STES:DSD_KEI@DF_KEI(4.0),I,CAN,M,CP,IX,_Z,_Z,_Z,2009-05,90.62417698182747
DATAFLOW,OECD.SDD.STES:DSD_KEI@DF_KEI(4.0),I,CAN,M,CP,IX,_Z,_Z,_Z,2009-06,90.9402159599682
DATAFLOW,OECD.SDD.STES:DSD_KEI@DF_KEI(4.0),I,CAN,M,CP,IX,_Z,_Z,_Z,2009-07,90.62417698182747
DATAFLOW,OECD.SDD.STES:DSD_KEI@DF_KEI(4.0),I,CAN,M,CP,IX,_Z,_Z,_Z,2009-08,90.62417698182747
DATAFLOW,OECD.SDD.STES:DSD_KEI@DF_KEI(4.0),I,CAN,M,CP,IX,_Z,_Z,_Z,2009-09,90.62417698182747
DATAFLOW,OECD.SDD.STES:DSD_KEI@DF_KEI(4.0),I,CAN,M,CP,IX,_Z,_Z,_Z,2009-10,90.5451672372923
DATAFLOW,OECD.SDD.STES:DSD_KEI@DF_KEI(4.0),I,CAN,M,CP,IX,_Z,_Z,_Z,2009-11,91.0192257045033
DATAFLOW,OECD.SDD.STES:DSD_KEI@DF_KEI(4.0),I,CAN,M,CP,IX,_Z,_Z,_Z,2009-12,90.70318672636267
DATAFLOW,OECD.SDD.STES:DSD_KEI@DF_KEI(4.0),I,CAN,M,CP,IX,_Z,_Z,_Z,2010-01,90.9402159599682
DATAFLOW,OECD.SDD.STES:DSD_KEI@DF_KEI(4.0),I,CAN,M,CP,IX,_Z,_Z,_Z,2010-02,91.3352646826439
DATAFLOW,OECD.SDD.STES:DSD_KEI@DF_KEI(4.0),I,CAN,M,CP,IX,_Z,_Z,_Z,2010-03,91.3352646826439
DATAFLOW,OECD.SDD.STES:DSD_KEI@DF_KEI(4.0),I,CAN,M,CP,IX,_Z,_Z,_Z,2010-04,91.6513036607846
DATAFLOW,OECD.SDD.STES:DSD_KEI@DF_KEI(4.0),I,CAN,M,CP,IX,_Z,_Z,_Z,2010-05,91.8883328943901
DATAFLOW,OECD.SDD.STES:DSD_KEI@DF_KEI(4.0),I,CAN,M,CP,IX,_Z,_Z,_Z,2010-06,91.8093231498549
DATAFLOW,OECD.SDD.STES:DSD_KEI@DF_KEI(4.0),I,CAN,M,CP,IX,_Z,_Z,_Z,2010-07,92.2833816170659
DATAFLOW,OECD.SDD.STES:DSD_KEI@DF_KEI(4.0),I,CAN,M,CP,IX,_Z,_Z,_Z,2010-08,92.2043718725307
DATAFLOW,OECD.SDD.STES:DSD_KEI@DF_KEI(4.0),I,CAN,M,CP,IX,_Z,_Z,_Z,2010-09,92.362391361601
DATAFLOW,OECD.SDD.STES:DSD_KEI@DF_KEI(4.0),I,CAN,M,CP,IX,_Z,_Z,_Z,2010-10,92.7574400842768
DATAFLOW,OECD.SDD.STES:DSD_KEI@DF_KEI(4.0),I,CAN,M,CP,IX,_Z,_Z,_Z,2010-11,92.836449828812
DATAFLOW,OECD.SDD.STES:DSD_KEI@DF_KEI(4.0),I,CAN,M,CP,IX,_Z,_Z,_Z,2010-12,92.836449828812
DATAFLOW,OECD.SDD.STES:DSD_KEI@DF_KEI(4.0),I,CAN,M,CP,IX,_Z,_Z,_Z,2011-01,93.0734790624174
DATAFLOW,OECD.SDD.STES:DSD_KEI@DF_KEI(4.0),I,CAN,M,CP,IX,_Z,_Z,_Z,2011-02,93.3105082960229
DATAFLOW,OECD.SDD.STES:DSD_KEI@DF_KEI(4.0),I,CAN,M,CP,IX,_Z,_Z,_Z,2011-03,94.33763497498
DATAFLOW,OECD.SDD.STES:DSD_KEI@DF_KEI(4.0),I,CAN,M,CP,IX,_Z,_Z,_Z,2011-04,94.6536739531206
DATAFLOW,OECD.SDD.STES:DSD_KEI@DF_KEI(4.0),I,CAN,M,CP,IX,_Z,_Z,_Z,2011-05,95.2857519094019
DATAFLOW,OECD.SDD.STES:DSD_KEI@DF_KEI(4.0),I,CAN,M,CP,IX,_Z,_Z,_Z,2011-06,94.6536739531206
DATAFLOW,OECD.SDD.STES:DSD_KEI@DF_KEI(4.0),I,CAN,M,CP,IX,_Z,_Z,_Z,2011-07,94.8116934421909
DATAFLOW,OECD.SDD.STES:DSD_KEI@DF_KEI(4.0),I,CAN,M,CP,IX,_Z,_Z,_Z,2011-08,95.0487226757964
DATAFLOW,OECD.SDD.STES:DSD_KEI@DF_KEI(4.0),I,CAN,M,CP,IX,_Z,_Z,_Z,2011-09,95.2857519094019
DATAFLOW,OECD.SDD.STES:DSD_KEI@DF_KEI(4.0),I,CAN,M,CP,IX,_Z,_Z,_Z,2011-10,95.4437713984722
DATAFLOW,OECD.SDD.STES:DSD_KEI@DF_KEI(4.0),I,CAN,M,CP,IX,_Z,_Z,_Z,2011-11,95.5227811430074
DATAFLOW,OECD.SDD.STES:DSD_KEI@DF_KEI(4.0),I,CAN,M,CP,IX,_Z,_Z,_Z,2011-12,94.9697129312613
DATAFLOW,OECD.SDD.STES:DSD_KEI@DF_KEI(4.0),I,CAN,M,CP,IX,_Z,_Z,_Z,2012-01,95.3647616539371
DATAFLOW,OECD.SDD.STES:DSD_KEI@DF_KEI(4.0),I,CAN,M,CP,IX,_Z,_Z,_Z,2012-02,95.75981037661288
DATAFLOW,OECD.SDD.STES:DSD_KEI@DF_KEI(4.0),I,CAN,M,CP,IX,_Z,_Z,_Z,2012-03,96.1548590992887
DATAFLOW,OECD.SDD.STES:DSD_KEI@DF_KEI(4.0),I,CAN,M,CP,IX,_Z,_Z,_Z,2012-04,96.5499078219645
DATAFLOW,OECD.SDD.STES:DSD_KEI@DF_KEI(4.0),I,CAN,M,CP,IX,_Z,_Z,_Z,2012-05,96.4708980774293
DATAFLOW,OECD.SDD.STES:DSD_KEI@DF_KEI(4.0),I,CAN,M,CP,IX,_Z,_Z,_Z,2012-06,96.07584935475349
DATAFLOW,OECD.SDD.STES:DSD_KEI@DF_KEI(4.0),I,CAN,M,CP,IX,_Z,_Z,_Z,2012-07,95.9968396102183
DATAFLOW,OECD.SDD.STES:DSD_KEI@DF_KEI(4.0),I,CAN,M,CP,IX,_Z,_Z,_Z,2012-08,96.2338688438238
DATAFLOW,OECD.SDD.STES:DSD_KEI@DF_KEI(4.0),I,CAN,M,CP,IX,_Z,_Z,_Z,2012-09,96.3918883328941
DATAFLOW,OECD.SDD.STES:DSD_KEI@DF_KEI(4.0),I,CAN,M,CP,GR,_Z,_Z,G1,2008-07,0.346620450606649
DATAFLOW,OECD.SDD.STES:DSD_KEI@DF_KEI(4.0),I,ITA,M,CP,IX,_Z,_Z,_Z,2009-09,91.7590884227556
DATAFLOW,OECD.SDD.STES:DSD_KEI@DF_KEI(4.0),I,ITA,M,CP,IX,_Z,_Z,_Z,2009-10,91.825628733432
DATAFLOW,OECD.SDD.STES:DSD_KEI@DF_KEI(4.0),I,ITA,M,CP,IX,_Z,_Z,_Z,2009-11,91.825628733432
DATAFLOW,OECD.SDD.STES:DSD_KEI@DF_KEI(4.0),I,ITA,M,CP,IX,_Z,_Z,_Z,2009-12,92.0252496654612
DATAFLOW,OECD.SDD.STES:DSD_KEI@DF_KEI(4.0),I,ITA,M,CP,IX,_Z,_Z,_Z,2010-01,92.158330286814
DATAFLOW,OECD.SDD.STES:DSD_KEI@DF_KEI(4.0),I,ITA,M,CP,IX,_Z,_Z,_Z,2010-02,92.2248705974904
DATAFLOW,OECD.SDD.STES:DSD_KEI@DF_KEI(4.0),I,ITA,M,CP,IX,_Z,_Z,_Z,2010-03,92.491031840196
DATAFLOW,OECD.SDD.STES:DSD_KEI@DF_KEI(4.0),I,ITA,M,CP,IX,_Z,_Z,_Z,2010-04,92.823733393578
DATAFLOW,OECD.SDD.STES:DSD_KEI@DF_KEI(4.0),I,ITA,M,CP,IX,_Z,_Z,_Z,2010-05,92.8902737042544
DATAFLOW,OECD.SDD.STES:DSD_KEI@DF_KEI(4.0),I,ITA,M,CP,IX,_Z,_Z,_Z,2010-06,92.8902737042544
DATAFLOW,OECD.SDD.STES:DSD_KEI@DF_KEI(4.0),I,ITA,M,CP,IX,_Z,_Z,_Z,2010-07,93.2229752576364
DATAFLOW,OECD.SDD.STES:DSD_KEI@DF_KEI(4.0),I,ITA,M,CP,IX,_Z,_Z,_Z,2010-08,93.4225961896656
DATAFLOW,OECD.SDD.STES:DSD_KEI@DF_KEI(4.0),I,ITA,M,CP,IX,_Z,_Z,_Z,2010-09,93.2229752576364
DATAFLOW,OECD.SDD.STES:DSD_KEI@DF_KEI(4.0),I,ITA,M,CP,IX,_Z,_Z,_Z,2010-10,93.4225961896656
DATAFLOW,OECD.SDD.STES:DSD_KEI@DF_KEI(4.0),I,ITA,M,CP,IX,_Z,_Z,_Z,2010-11,93.4225961896656
DATAFLOW,OECD.SDD.STES:DSD_KEI@DF_KEI(4.0),I,ITA,M,CP,IX,_Z,_Z,_Z,2010-12,93.7552977430476
DATAFLOW,OECD.SDD.STES:DSD_KEI@DF_KEI(4.0),I,ITA,M,CP,IX,_Z,_Z,_Z,2011-01,94.1395796
DATAFLOW,OECD.SDD.STES:DSD_KEI@DF_KEI(4.0),I,ITA,M,CP,IX,_Z,_Z,_Z,2011-02,94.4186495
DATAFLOW,OECD.SDD.STES:DSD_KEI@DF_KEI(4.0),I,ITA,M,CP,IX,_Z,_Z,_Z,2011-03,94.7907427
DATAFLOW,OECD.SDD.STES:DSD_KEI@DF_KEI(4.0),I,ITA,M,CP,IX,_Z,_Z,_Z,2011-04,95.2558592
DATAFLOW,OECD.SDD.STES:DSD_KEI@DF_KEI(4.0),I,ITA,M,CP,IX,_Z,_Z,_Z,2011-05,95.3488825
DATAFLOW,OECD.SDD.STES:DSD_KEI@DF_KEI(4.0),I,ITA,M,CP,IX,_Z,_Z,_Z,2011-06,95.4419058
DATAFLOW,OECD.SDD.STES:DSD_KEI@DF_KEI(4.0),I,ITA,M,CP,IX,_Z,_Z,_Z,2011-07,95.7209757
DATAFLOW,OECD.SDD.STES:DSD_KEI@DF_KEI(4.0),I,ITA,M,CP,IX,_Z,_Z,_Z,2011-08,96.0000456
DATAFLOW,OECD.SDD.STES:DSD_KEI@DF_KEI(4.0),I,ITA,M,CP,IX,_Z,_Z,_Z,2011-09,96.0000456
DATAFLOW,OECD.SDD.STES:DSD_KEI@DF_KEI(4.0),I,ITA,M,CP,IX,_Z,_Z,_Z,2011-10,96.5581854
DATAFLOW,OECD.SDD.STES:DSD_KEI@DF_KEI(4.0),I,ITA,M,CP,IX,_Z,_Z,_Z,2011-11,96.4651621
DATAFLOW,OECD.SDD.STES:DSD_KEI@DF_KEI(4.0),I,ITA,M,CP,IX,_Z,_Z,_Z,2011-12,96.8372553
DATAFLOW,OECD.SDD.STES:DSD_KEI@DF_KEI(4.0),I,ITA,M,CP,IX,_Z,_Z,_Z,2012-01,97.1163252
DATAFLOW,OECD.SDD.STES:DSD_KEI@DF_KEI(4.0),I,ITA,M,CP,IX,_Z,_Z,_Z,2012-02,97.4884184
DATAFLOW,OECD.SDD.STES:DSD_KEI@DF_KEI(4.0),I,ITA,M,CP,IX,_Z,_Z,_Z,2012-03,97.9535349
DATAFLOW,OECD.SDD.STES:DSD_KEI@DF_KEI(4.0),I,ITA,M,CP,IX,_Z,_Z,_Z,2012-04,98.4186514
DATAFLOW,OECD.SDD.STES:DSD_KEI@DF_KEI(4.0),I,ITA,M,CP,IX,_Z,_Z,_Z,2012-05,98.4186514
DATAFLOW,OECD.SDD.STES:DSD_KEI@DF_KEI(4.0),I,ITA,M,CP,IX,_Z,_Z,_Z,2012-06,98.604698
DATAFLOW,OECD.SDD.STES:DSD_KEI@DF_KEI(4.0),I,ITA,M,CP,IX,_Z,_Z,_Z,2012-07,98.6977213
DATAFLOW,OECD.SDD.STES:DSD_KEI@DF_KEI(4.0),I,ITA,M,CP,IX,_Z,_Z,_Z,2012-08,99.0698145
DATAFLOW,OECD.SDD.STES:DSD_KEI@DF_KEI(4.0),I,CAN,M,CP,GR,_Z,_Z,G1,2014-03,0.56406124093471
DATAFLOW,OECD.SDD.STES:DSD_KEI@DF_KEI(4.0),I,CAN,M,CP,GR,_Z,_Z,G1,2014-04,0.320512820512775
DATAFLOW,OECD.SDD.STES:DSD_KEI@DF_KEI(4.0),I,CAN,M,CP,GR,_Z,_Z,G1,2014-05,0.479233226837117
DATAFLOW,OECD.SDD.STES:DSD_KEI@DF_KEI(4.0),I,CAN,M,CP,GR,_Z,_Z,G1,2014-06,0.0794912559617833
DATAFLOW,OECD.SDD.STES:DSD_KEI@DF_KEI(4.0),I,CAN,M,CP,GR,_Z,_Z,G1,2014-07,-0.158856235107219
DATAFLOW,OECD.SDD.STES:DSD_KEI@DF_KEI(4.0),I,CAN,M,CP,GR,_Z,_Z,G1,2014-09,0.079554494829015
DATAFLOW,OECD.SDD.STES:DSD_KEI@DF_KEI(4.0),I,CAN,M,CP,GR,_Z,_Z,G1,2014-10,0.0794912559617833
DATAFLOW,OECD.SDD.STES:DSD_KEI@DF_KEI(4.0),I,CAN,M,CP,GR,_Z,_Z,G1,2014-12,-0.717703349282273
DATAFLOW,OECD.SDD.STES:DSD_KEI@DF_KEI(4.0),I,CAN,M,CP,GR,_Z,_Z,G1,2015-01,-0.160642570281111
DATAFLOW,OECD.SDD.STES:DSD_KEI@DF_KEI(4.0),I,CAN,M,CP,GR,_Z,_Z,G1,2015-02,0.884955752212346
DATAFLOW,OECD.SDD.STES:DSD_KEI@DF_KEI(4.0),I,CAN,M,CP,GR,_Z,_Z,G1,2015-03,0.717703349282361
DATAFLOW,OECD.SDD.STES:DSD_KEI@DF_KEI(4.0),I,CAN,M,CP,GR,_Z,_Z,G1,2015-04,-0.0791765637371711
DATAFLOW,OECD.SDD.STES:DSD_KEI@DF_KEI(4.0),I,CAN,M,CP,GR,_Z,_Z,G1,2015-05,0.554675118859027
DATAFLOW,OECD.SDD.STES:DSD_KEI@DF_KEI(4.0),I,CAN,M,CP,GR,_Z,_Z,G1,2015-06,0.236406619384866
DATAFLOW,OECD.SDD.STES:DSD_KEI@DF_KEI(4.0),I,CAN,M,CP,GR,_Z,_Z,G1,2015-07,0.0786163522020988
DATAFLOW,OECD.SDD.STES:DSD_KEI@DF_KEI(4.0),I,CAN,M,CP,GR,_Z,_Z,G1,2015-09,-0.157109190888338
DATAFLOW,OECD.SDD.STES:DSD_KEI@DF_KEI(4.0),I,CAN,M,CP,GR,_Z,_Z,G1,2015-10,0.0786782061367175
DATAFLOW,OECD.SDD.STES:DSD_KEI@DF_KEI(4.0),I,CAN,M,CP,GR,_Z,_Z,G1,2015-11,-0.0786163522010885
DATAFLOW,OECD.SDD.STES:DSD_KEI@DF_KEI(4.0),I,CAN,M,CP,GR,_Z,_Z,G1,2015-12,-0.472069236821149
DATAFLOW,OECD.SDD.STES:DSD_KEI@DF_KEI(4.0),I,CAN,M,CP,GR,_Z,_Z,G1,2016-01,0.237154150197849
DATAFLOW,OECD.SDD.STES:DSD_KEI@DF_KEI(4.0),I,CAN,M,CP,GR,_Z,_Z,G1,2016-02,0.236593059936441
DATAFLOW,OECD.SDD.STES:DSD_KEI@DF_KEI(4.0),I,CAN,M,CP,GR,_Z,_Z,G1,2016-03,0.629425649095916
DATAFLOW,OECD.SDD.STES:DSD_KEI@DF_KEI(4.0),I,CAN,M,CP,GR,_Z,_Z,G1,2016-04,0.312744331508363
DATAFLOW,OECD.SDD.STES:DSD_KEI@DF_KEI(4.0),I,CAN,M,CP,GR,_Z,_Z,G1,2016-05,0.389711613406285
DATAFLOW,OECD.SDD.STES:DSD_KEI@DF_KEI(4.0),I,CAN,M,CP,GR,_Z,_Z,G1,2016-06,0.232919254657915
DATAFLOW,OECD.SDD.STES:DSD_KEI@DF_KEI(4.0),I,CAN,M,CP,GR,_Z,_Z,G1,2016-07,-0.154918667699167
DATAFLOW,OECD.SDD.STES:DSD_KEI@DF_KEI(4.0),I,CAN,M,CP,GR,_Z,_Z,G1,2016-08,-0.155159038013641
DATAFLOW,OECD.SDD.STES:DSD_KEI@DF_KEI(4.0),I,CAN,M,CP,GR,_Z,_Z,G1,2016-09,0.0777000776999381
DATAFLOW,OECD.SDD.STES:DSD_KEI@DF_KEI(4.0),I,CAN,M,CP,GR,_Z,_Z,G1,2016-10,0.232919254657915
DATAFLOW,OECD.SDD.STES:DSD_KEI@DF_KEI(4.0),I,CAN,M,CP,GR,_Z,_Z,G1,2016-11,-0.387296669247883
DATAFLOW,OECD.SDD.STES:DSD_KEI@DF_KEI(4.0),I,CAN,M,CP,GR,_Z,_Z,G1,2016-12,-0.155520995335034
DATAFLOW,OECD.SDD.STES:DSD_KEI@DF_KEI(4.0),I,CAN,M,CP,GR,_Z,_Z,G1,2017-01,0.856697819314878
DATAFLOW,OECD.SDD.STES:DSD_KEI@DF_KEI(4.0),I,CAN,M,CP,GR,_Z,_Z,G1,2017-02,0.154440154439861
DATAFLOW,OECD.SDD.STES:DSD_KEI@DF_KEI(4.0),I,CAN,M,CP,GR,_Z,_Z,G1,2017-03,0.154202004626725
DATAFLOW,OECD.SDD.STES:DSD_KEI@DF_KEI(4.0),I,CAN,M,CP,GR,_Z,_Z,G1,2017-04,0.384911470362015
DATAFLOW,OECD.SDD.STES:DSD_KEI@DF_KEI(4.0),I,CAN,M,CP,GR,_Z,_Z,G1,2017-05,0.076687116564278
DATAFLOW,OECD.SDD.STES:DSD_KEI@DF_KEI(4.0),I,CAN,M,CP,GR,_Z,_Z,G1,2017-06,-0.0766283524902711
DATAFLOW,OECD.SDD.STES:DSD_KEI@DF_KEI(4.0),I,CAN,M,CP,GR,_Z,_Z,G1,2017-08,0.076687116564278
DATAFLOW,OECD.SDD.STES:DSD_KEI@DF_KEI(4.0),I,CAN,M,CP,GR,_Z,_Z,G1,2017-09,0.229885057470813
DATAFLOW,OECD.SDD.STES:DSD_KEI@DF_KEI(4.0),I,CAN,M,CP,GR,_Z,_Z,G1,2017-10,0.0764525993882215
DATAFLOW,OECD.SDD.STES:DSD_KEI@DF_KEI(4.0),I,CAN,M,CP,GR,_Z,_Z,G1,2017-11,0.305576776165362
DATAFLOW,OECD.SDD.STES:DSD_KEI@DF_KEI(4.0),I,CAN,M,CP,GR,_Z,_Z,G1,2017-12,-0.380807311500575
DATAFLOW,OECD.SDD.STES:DSD_KEI@DF_KEI(4.0),I,CAN,M,CP,GR,_Z,_Z,G1,2018-01,0.688073394495969
DATAFLOW,OECD.SDD.STES:DSD_KEI@DF_KEI(4.0),I,CAN,M,CP,GR,_Z,_Z,G1,2018-02,0.607441154137933
DATAFLOW,OECD.SDD.STES:DSD_KEI@DF_KEI(4.0),I,CAN,M,CP,GR,_Z,_Z,G1,2018-03,0.3018867924522
DATAFLOW,OECD.SDD.STES:DSD_KEI@DF_KEI(4.0),I,CAN,M,CP,GR,_Z,_Z,G1,2018-04,0.300978179082367
DATAFLOW,OECD.SDD.STES:DSD_KEI@DF_KEI(4.0),I,CAN,M,CP,GR,_Z,_Z,G1,2018-05,0.0750187546885162
DATAFLOW,OECD.SDD.STES:DSD_KEI@DF_KEI(4.0),I,CAN,M,CP,GR,_Z,_Z,G1,2018-06,0.149925037481924
DATAFLOW,OECD.SDD.STES:DSD_KEI@DF_KEI(4.0),I,CAN,M,CP,GR,_Z,_Z,G1,2018-07,0.523952095808267
DATAFLOW,OECD.SDD.STES:DSD_KEI@DF_KEI(4.0),I,CAN,M,CP,GR,_Z,_Z,G1,2018-08,-0.0744601638121956
DATAFLOW,OECD.SDD.STES:DSD_KEI@DF_KEI(4.0),I,CAN,M,CP,GR,_Z,_Z,G1,2018-09,-0.37257824143091
DATAFLOW,OECD.SDD.STES:DSD_KEI@DF_KEI(4.0),I,CAN,M,CP,GR,_Z,_Z,G1,2018-10,0.299177262527461
DATAFLOW,OECD.SDD.STES:DSD_KEI@DF_KEI(4.0),I,CAN,M,CP,GR,_Z,_Z,G1,2018-11,-0.447427293064928
DATAFLOW,OECD.SDD.STES:DSD_KEI@DF_KEI(4.0),I,CAN,M,CP,GR,_Z,_Z,G1,2018-12,-0.074906367041061
DATAFLOW,OECD.SDD.STES:DSD_KEI@DF_KEI(4.0),I,CAN,M,CP,GR,_Z,_Z,G1,2019-01,0.149925037481924
DATAFLOW,OECD.SDD.STES:DSD_KEI@DF_KEI(4.0),I,CAN,M,CP,GR,_Z,_Z,G1,2019-02,0.673652694610372
DATAFLOW,OECD.SDD.STES:DSD_KEI@DF_KEI(4.0),I,CAN,M,CP,GR,_Z,_Z,G1,2019-03,0.669144981412217
DATAFLOW,OECD.SDD.STES:DSD_KEI@DF_KEI(4.0),I,CAN,M,CP,GR,_Z,_Z,G1,2019-04,0.443131462333879
DATAFLOW,OECD.SDD.STES:DSD_KEI@DF_KEI(4.0),I,CAN,M,CP,GR,_Z,_Z,G1,2019-05,0.441176470588278
DATAFLOW,OECD.SDD.STES:DSD_KEI@DF_KEI(4.0),I,CAN,M,CP,GR,_Z,_Z,G1,2019-06,-0.219619326500287
DATAFLOW,OECD.SDD.STES:DSD_KEI@DF_KEI(4.0),I,CAN,M,CP,GR,_Z,_Z,G1,2019-07,0.51357300073358
DATAFLOW,OECD.SDD.STES:DSD_KEI@DF_KEI(4.0),I,CAN,M,CP,GR,_Z,_Z,G1,2019-08,-0.14598540145957
DATAFLOW,OECD.SDD.STES:DSD_KEI@DF_KEI(4.0),I,CAN,M,CP,GR,_Z,_Z,G1,2019-09,-0.438596491228094
DATAFLOW,OECD.SDD.STES:DSD_KEI@DF_KEI(4.0),I,CAN,M,CP,GR,_Z,_Z,G1,2019-10,0.293685756240225
DATAFLOW,OECD.SDD.STES:DSD_KEI@DF_KEI(4.0),I,CAN,M,CP,GR,_Z,_Z,G1,2019-11,-0.146412884333524
DATAFLOW,OECD.SDD.STES:DSD_KEI@DF_KEI(4.0),I,CAN,M,CP,GR,_Z,_Z,G1,2020-01,0.293255131965142
DATAFLOW,OECD.SDD.STES:DSD_KEI@DF_KEI(4.0),I,CAN,M,CP,GR,_Z,_Z,G1,2020-02,0.438596491228105
DATAFLOW,OECD.SDD.STES:DSD_KEI@DF_KEI(4.0),I,CAN,M,CP,GR,_Z,_Z,G1,2020-03,-0.582241630277225
DATAFLOW,OECD.SDD.STES:DSD_KEI@DF_KEI(4.0),I,CAN,M,CP,GR,_Z,_Z,G1,2020-04,-0.658857979501803
DATAFLOW,OECD.SDD.STES:DSD_KEI@DF_KEI(4.0),I,CAN,M,CP,GR,_Z,_Z,G1,2020-05,0.294767870302493
DATAFLOW,OECD.SDD.STES:DSD_KEI@DF_KEI(4.0),I,CAN,M,CP,GR,_Z,_Z,G1,2020-06,0.808229243202829
DATAFLOW,OECD.SDD.STES:DSD_KEI@DF_KEI(4.0),I,CAN,M,CP,GR,_Z,_Z,G1,2020-08,-0.145772594751892
DATAFLOW,OECD.SDD.STES:DSD_KEI@DF_KEI(4.0),I,CAN,M,CP,GR,_Z,_Z,G1,2020-09,-0.0729927007297904
DATAFLOW,OECD.SDD.STES:DSD_KEI@DF_KEI(4.0),I,CAN,M,CP,GR,_Z,_Z,G1,2020-10,0.438276113951841
DATAFLOW,OECD.SDD.STES:DSD_KEI@DF_KEI(4.0),I,CAN,M,CP,GR,_Z,_Z,G1,2020-11,0.145454545454249
DATAFLOW,OECD.SDD.STES:DSD_KEI@DF_KEI(4.0),I,CAN,M,CP,GR,_Z,_Z,G1,2020-12,-0.217864923746836
DATAFLOW,OECD.SDD.STES:DSD_KEI@DF_KEI(4.0),I,CAN,M,CP,GR,_Z,_Z,G1,2021-01,0.582241630276337
DATAFLOW,OECD.SDD.STES:DSD_KEI@DF_KEI(4.0),I,CAN,M,CP,GR,_Z,_Z,G1,2021-02,0.506512301012907
DATAFLOW,OECD.SDD.STES:DSD_KEI@DF_KEI(4.0),I,CAN,M,CP,GR,_Z,_Z,G1,2021-03,0.503959683225252
DATAFLOW,OECD.SDD.STES:DSD_KEI@DF_KEI(4.0),I,CAN,M,CP,GR,_Z,_Z,G1,2021-04,0.501432664756329
DATAFLOW,OECD.SDD.STES:DSD_KEI@DF_KEI(4.0),I,CAN,M,CP,GR,_Z,_Z,G1,2021-05,0.498930862437552
DATAFLOW,OECD.SDD.STES:DSD_KEI@DF_KEI(4.0),I,CAN,M,CP,GR,_Z,_Z,G1,2021-06,0.283687943262723
DATAFLOW,OECD.SDD.STES:DSD_KEI@DF_KEI(4.0),I,CAN,M,CP,GR,_Z,_Z,G1,2021-07,0.636492220650253
DATAFLOW,OECD.SDD.STES:DSD_KEI@DF_KEI(4.0),I,CAN,M,CP,GR,_Z,_Z,G1,2021-08,0.21082220660622
DATAFLOW,OECD.SDD.STES:DSD_KEI@DF_KEI(4.0),I,CAN,M,CP,GR,_Z,_Z,G1,2021-09,0.2103786816265
DATAFLOW,OECD.SDD.STES:DSD_KEI@DF_KEI(4.0),I,CAN,M,CP,GR,_Z,_Z,G1,2021-10,0.699790062981465
DATAFLOW,OECD.SDD.STES:DSD_KEI@DF_KEI(4.0),I,CAN,M,CP,GR,_Z,_Z,G1,2021-11,0.208478109798049
DATAFLOW,OECD.SDD.STES:DSD_KEI@DF_KEI(4.0),I,CAN,M,CP,GR,_Z,_Z,G1,2021-12,-0.138696255200821
DATAFLOW,OECD.SDD.STES:DSD_KEI@DF_KEI(4.0),I,CAN,M,CP,GR,_Z,_Z,G1,2022-01,0.902777777777719
DATAFLOW,OECD.SDD.STES:DSD_KEI@DF_KEI(4.0),I,CAN,M,CP,GR,_Z,_Z,G1,2022-02,1.03234686854838
DATAFLOW,OECD.SDD.STES:DSD_KEI@DF_KEI(4.0),I,CAN,M,CP,GR,_Z,_Z,G1,2022-03,1.43051771117138
DATAFLOW,OECD.SDD.STES:DSD_KEI@DF_KEI(4.0),I,CAN,M,CP,GR,_Z,_Z,G1,2022-04,0.604432505036567
DATAFLOW,OECD.SDD.STES:DSD_KEI@DF_KEI(4.0),I,CAN,M,CP,GR,_Z,_Z,G1,2022-05,1.40186915887905
DATAFLOW,OECD.SDD.STES:DSD_KEI@DF_KEI(4.0),I,CAN,M,CP,GR,_Z,_Z,G1,2022-06,0.658327847267448
DATAFLOW,OECD.SDD.STES:DSD_KEI@DF_KEI(4.0),I,CAN,M,CP,GR,_Z,_Z,G1,2022-07,0.130804447351762
DATAFLOW,OECD.SDD.STES:DSD_KEI@DF_KEI(4.0),I,CAN,M,CP,GR,_Z,_Z,G1,2022-08,-0.326583932070701
DATAFLOW,OECD.SDD.STES:DSD_KEI@DF_KEI(4.0),I,CAN,M,CP,GR,_Z,_Z,G1,2022-09,0.0655307994755994
DATAFLOW,OECD.SDD.STES:DSD_KEI@DF_KEI(4.0),I,CAN,M,CP,GR,_Z,_Z,G1,2022-10,0.720366732154765
DATAFLOW,OECD.SDD.STES:DSD_KEI@DF_KEI(4.0),I,CAN,M,CP,GR,_Z,_Z,G1,2022-11,0.130039011703253
DATAFLOW,OECD.SDD.STES:DSD_KEI@DF_KEI(4.0),I,CAN,M,CP,GR,_Z,_Z,G1,2022-12,-0.584415584415232
DATAFLOW,OECD.SDD.STES:DSD_KEI@DF_KEI(4.0),I,CAN,M,CP,GR,_Z,_Z,GY,2016-12,1.50197628458466
DATAFLOW,OECD.SDD.STES:DSD_KEI@DF_KEI(4.0),I,ITA,M,CP,IX,_Z,_Z,_Z,2024-11,121.1
DATAFLOW,OECD.SDD.STES:DSD_KEI@DF_KEI(4.0),I,ITA,M,CP,IX,_Z,_Z,_Z,2024-12,121.2
DATAFLOW,OECD.SDD.STES:DSD_KEI@DF_KEI(4.0),I,ITA,M,CP,IX,_Z,_Z,_Z,2025-01,121.9
DATAFLOW,OECD.SDD.STES:DSD_KEI@DF_KEI(4.0),I,ITA,M,CP,IX,_Z,_Z,_Z,2025-03,122.5
DATAFLOW,OECD.SDD.STES:DSD_KEI@DF_KEI(4.0),I,ITA,M,CP,IX,_Z,_Z,_Z,2025-04,122.6
DATAFLOW,OECD.SDD.STES:DSD_KEI@DF_KEI(4.0),I,ITA,M,CP,IX,_Z,_Z,_Z,2025-05,122.5
DATAFLOW,OECD.SDD.STES:DSD_KEI@DF_KEI(4.0),I,ITA,M,CP,IX,_Z,_Z,_Z,2025-06,122.7
DATAFLOW,OECD.SDD.STES:DSD_KEI@DF_KEI(4.0),I,ITA,M,CP,IX,_Z,_Z,_Z,2025-07,123.2
DATAFLOW,OECD.SDD.STES:DSD_KEI@DF_KEI(4.0),I,ITA,M,CP,IX,_Z,_Z,_Z,2025-08,123.3
DATAFLOW,OECD.SDD.STES:DSD_KEI@DF_KEI(4.0),I,ITA,M,CP,IX,_Z,_Z,_Z,2025-10,122.7
DATAFLOW,OECD.SDD.STES:DSD_KEI@DF_KEI(4.0),I,ITA,M,CP,IX,_Z,_Z,_Z,2025-11,122.4
DATAFLOW,OECD.SDD.STES:DSD_KEI@DF_KEI(4.0),I,ITA,M,CP,IX,_Z,_Z,_Z,2025-12,122.6
DATAFLOW,OECD.SDD.STES:DSD_KEI@DF_KEI(4.0),I,ITA,M,CP,IX,_Z,_Z,_Z,2016-01,99.6
DATAFLOW,OECD.SDD.STES:DSD_KEI@DF_KEI(4.0),I,ITA,M,CP,IX,_Z,_Z,_Z,2016-03,99.6
DATAFLOW,OECD.SDD.STES:DSD_KEI@DF_KEI(4.0),I,ITA,M,CP,IX,_Z,_Z,_Z,2016-04,99.5
DATAFLOW,OECD.SDD.STES:DSD_KEI@DF_KEI(4.0),I,ITA,M,CP,IX,_Z,_Z,_Z,2016-05,99.8
DATAFLOW,OECD.SDD.STES:DSD_KEI@DF_KEI(4.0),I,ITA,M,CP,IX,_Z,_Z,_Z,2016-10,100.0
DATAFLOW,OECD.SDD.STES:DSD_KEI@DF_KEI(4.0),I,ITA,M,CP,IX,_Z,_Z,_Z,2017-01,100.6
DATAFLOW,OECD.SDD.STES:DSD_KEI@DF_KEI(4.0),I,ITA,M,CP,IX,_Z,_Z,_Z,2017-02,101.0
DATAFLOW,OECD.SDD.STES:DSD_KEI@DF_KEI(4.0),I,ITA,M,CP,IX,_Z,_Z,_Z,2017-03,101.0
DATAFLOW,OECD.SDD.STES:DSD_KEI@DF_KEI(4.0),I,ITA,M,CP,IX,_Z,_Z,_Z,2017-04,101.4
DATAFLOW,OECD.SDD.STES:DSD_KEI@DF_KEI(4.0),I,ITA,M,CP,IX,_Z,_Z,_Z,2017-05,101.2
DATAFLOW,OECD.SDD.STES:DSD_KEI@DF_KEI(4.0),I,ITA,M,CP,IX,_Z,_Z,_Z,2017-06,101.1
DATAFLOW,OECD.SDD.STES:DSD_KEI@DF_KEI(4.0),I,ITA,M,CP,IX,_Z,_Z,_Z,2017-07,101.2
DATAFLOW,OECD.SDD.STES:DSD_KEI@DF_KEI(4.0),I,ITA,M,CP,IX,_Z,_Z,_Z,2017-09,101.2
DATAFLOW,OECD.SDD.STES:DSD_KEI@DF_KEI(4.0),I,ITA,M,CP,IX,_Z,_Z,_Z,2017-10,101.0
DATAFLOW,OECD.SDD.STES:DSD_KEI@DF_KEI(4.0),I,ITA,M,CP,IX,_Z,_Z,_Z,2017-11,100.8
DATAFLOW,OECD.SDD.STES:DSD_KEI@DF_KEI(4.0),I,ITA,M,CP,IX,_Z,_Z,_Z,2017-12,101.2
DATAFLOW,OECD.SDD.STES:DSD_KEI@DF_KEI(4.0),I,CAN,M,CP,GR,_Z,_Z,G1,2013-10,-0.243309002433101
DATAFLOW,OECD.SDD.STES:DSD_KEI@DF_KEI(4.0),I,CAN,M,CP,GR,_Z,_Z,G1,2014-11,-0.397140587768074
DATAFLOW,OECD.SDD.STES:DSD_KEI@DF_KEI(4.0),I,CAN,M,CP,GR,_Z,_Z,GY,2017-09,1.55279503105572
DATAFLOW,OECD.SDD.STES:DSD_KEI@DF_KEI(4.0),I,CAN,M,CP,GR,_Z,_Z,GY,2017-10,1.39426800929525
DATAFLOW,OECD.SDD.STES:DSD_KEI@DF_KEI(4.0),I,CAN,M,CP,GR,_Z,_Z,GY,2017-11,2.0995334370137
DATAFLOW,OECD.SDD.STES:DSD_KEI@DF_KEI(4.0),I,CAN,M,CP,GR,_Z,_Z,GY,2017-12,1.86915887850487
DATAFLOW,OECD.SDD.STES:DSD_KEI@DF_KEI(4.0),I,CAN,M,CP,GR,_Z,_Z,GY,2018-01,1.6988416988422
DATAFLOW,OECD.SDD.STES:DSD_KEI@DF_KEI(4.0),I,CAN,M,CP,GR,_Z,_Z,GY,2018-02,2.15882806476537
DATAFLOW,OECD.SDD.STES:DSD_KEI@DF_KEI(4.0),I,CAN,M,CP,GR,_Z,_Z,GY,2018-03,2.30946882217014
DATAFLOW,OECD.SDD.STES:DSD_KEI@DF_KEI(4.0),I,CAN,M,CP,GR,_Z,_Z,GY,2018-04,2.2239263803675
DATAFLOW,OECD.SDD.STES:DSD_KEI@DF_KEI(4.0),I,CAN,M,CP,GR,_Z,_Z,GY,2018-05,2.22222222222159
DATAFLOW,OECD.SDD.STES:DSD_KEI@DF_KEI(4.0),I,CAN,M,CP,GR,_Z,_Z,GY,2018-06,2.45398773006125
DATAFLOW,OECD.SDD.STES:DSD_KEI@DF_KEI(4.0),I,CAN,M,CP,GR,_Z,_Z,GY,2018-07,2.99079754601206
DATAFLOW,OECD.SDD.STES:DSD_KEI@DF_KEI(4.0),I,CAN,M,CP,GR,_Z,_Z,GY,2018-08,2.83524904214569
DATAFLOW,OECD.SDD.STES:DSD_KEI@DF_KEI(4.0),I,CAN,M,CP,GR,_Z,_Z,GY,2018-09,2.21712538226335
DATAFLOW,OECD.SDD.STES:DSD_KEI@DF_KEI(4.0),I,CAN,M,CP,GR,_Z,_Z,GY,2018-10,2.44461420932001
DATAFLOW,OECD.SDD.STES:DSD_KEI@DF_KEI(4.0),I,CAN,M,CP,GR,_Z,_Z,GY,2018-11,1.67555217060118
DATAFLOW,OECD.SDD.STES:DSD_KEI@DF_KEI(4.0),I,CAN,M,CP,GR,_Z,_Z,GY,2018-12,1.98776758409771
DATAFLOW,OECD.SDD.STES:DSD_KEI@DF_KEI(4.0),I,CAN,M,CP,GR,_Z,_Z,GY,2019-01,1.44267274107817
DATAFLOW,OECD.SDD.STES:DSD_KEI@DF_KEI(4.0),I,CAN,M,CP,GR,_Z,_Z,GY,2019-02,1.50943396226397
DATAFLOW,OECD.SDD.STES:DSD_KEI@DF_KEI(4.0),I,CAN,M,CP,GR,_Z,_Z,GY,2019-03,1.88111361926262
DATAFLOW,OECD.SDD.STES:DSD_KEI@DF_KEI(4.0),I,CAN,M,CP,GR,_Z,_Z,GY,2019-04,2.02550637659387
DATAFLOW,OECD.SDD.STES:DSD_KEI@DF_KEI(4.0),I,CAN,M,CP,GR,_Z,_Z,GY,2019-05,2.39880059970008
DATAFLOW,OECD.SDD.STES:DSD_KEI@DF_KEI(4.0),I,CAN,M,CP,GR,_Z,_Z,GY,2019-06,2.02095808383205
DATAFLOW,OECD.SDD.STES:DSD_KEI@DF_KEI(4.0),I,CAN,M,CP,GR,_Z,_Z,GY,2019-07,2.01042442293347
DATAFLOW,OECD.SDD.STES:DSD_KEI@DF_KEI(4.0),I,CAN,M,CP,GR,_Z,_Z,GY,2019-08,1.93740685543948
DATAFLOW,OECD.SDD.STES:DSD_KEI@DF_KEI(4.0),I,CAN,M,CP,GR,_Z,_Z,GY,2019-09,1.86985789080034
DATAFLOW,OECD.SDD.STES:DSD_KEI@DF_KEI(4.0),I,CAN,M,CP,GR,_Z,_Z,GY,2019-10,1.86428038777033
DATAFLOW,OECD.SDD.STES:DSD_KEI@DF_KEI(4.0),I,CAN,M,CP,GR,_Z,_Z,GY,2019-11,2.17228464419514
DATAFLOW,OECD.SDD.STES:DSD_KEI@DF_KEI(4.0),I,CAN,M,CP,GR,_Z,_Z,GY,2019-12,2.24887556221913
DATAFLOW,OECD.SDD.STES:DSD_KEI@DF_KEI(4.0),I,CAN,M,CP,GR,_Z,_Z,GY,2020-01,2.39520958083821
DATAFLOW,OECD.SDD.STES:DSD_KEI@DF_KEI(4.0),I,CAN,M,CP,GR,_Z,_Z,GY,2020-02,2.15613382899662
DATAFLOW,OECD.SDD.STES:DSD_KEI@DF_KEI(4.0),I,CAN,M,CP,GR,_Z,_Z,GY,2020-03,0.886262924667736
DATAFLOW,OECD.SDD.STES:DSD_KEI@DF_KEI(4.0),I,CAN,M,CP,GR,_Z,_Z,GY,2020-04,-0.220588235293673
DATAFLOW,OECD.SDD.STES:DSD_KEI@DF_KEI(4.0),I,CAN,M,CP,GR,_Z,_Z,GY,2020-05,-0.366032210833811
DATAFLOW,OECD.SDD.STES:DSD_KEI@DF_KEI(4.0),I,CAN,M,CP,GR,_Z,_Z,GY,2020-06,0.660308143800048
DATAFLOW,OECD.SDD.STES:DSD_KEI@DF_KEI(4.0),I,CAN,M,CP,GR,_Z,_Z,GY,2020-07,0.145985401459559
DATAFLOW,OECD.SDD.STES:DSD_KEI@DF_KEI(4.0),I,CAN,M,CP,GR,_Z,_Z,GY,2020-08,0.146198830409072
DATAFLOW,OECD.SDD.STES:DSD_KEI@DF_KEI(4.0),I,CAN,M,CP,GR,_Z,_Z,GY,2020-09,0.513950073421321
DATAFLOW,OECD.SDD.STES:DSD_KEI@DF_KEI(4.0),I,CAN,M,CP,GR,_Z,_Z,GY,2020-10,0.658857979502736
DATAFLOW,OECD.SDD.STES:DSD_KEI@DF_KEI(4.0),I,CAN,M,CP,GR,_Z,_Z,GY,2020-11,0.953079178885563
DATAFLOW,OECD.SDD.STES:DSD_KEI@DF_KEI(4.0),I,CAN,M,CP,GR,_Z,_Z,GY,2020-12,0.7331378299124
DATAFLOW,OECD.SDD.STES:DSD_KEI@DF_KEI(4.0),I,CAN,M,CP,GR,_Z,_Z,GY,2021-01,1.0233918128653
DATAFLOW,OECD.SDD.STES:DSD_KEI@DF_KEI(4.0),I,CAN,M,CP,GR,_Z,_Z,GY,2021-02,1.0917030567682
DATAFLOW,OECD.SDD.STES:DSD_KEI@DF_KEI(4.0),I,CAN,M,CP,GR,_Z,_Z,GY,2021-03,2.19619326500755
DATAFLOW,OECD.SDD.STES:DSD_KEI@DF_KEI(4.0),I,CAN,M,CP,GR,_Z,_Z,GY,2021-04,3.38983050847428
DATAFLOW,OECD.SDD.STES:DSD_KEI@DF_KEI(4.0),I,CAN,M,CP,GR,_Z,_Z,GY,2021-05,3.60029390154224
DATAFLOW,OECD.SDD.STES:DSD_KEI@DF_KEI(4.0),I,CAN,M,CP,GR,_Z,_Z,GY,2021-06,3.06122448979622
DATAFLOW,OECD.SDD.STES:DSD_KEI@DF_KEI(4.0),I,CAN,M,CP,GR,_Z,_Z,GY,2021-07,3.71720116618066
DATAFLOW,OECD.SDD.STES:DSD_KEI@DF_KEI(4.0),I,CAN,M,CP,GR,_Z,_Z,GY,2021-08,4.08759124087599
DATAFLOW,OECD.SDD.STES:DSD_KEI@DF_KEI(4.0),I,CAN,M,CP,GR,_Z,_Z,GY,2021-09,4.38276113951739
DATAFLOW,OECD.SDD.STES:DSD_KEI@DF_KEI(4.0),I,CAN,M,CP,GR,_Z,_Z,GY,2021-10,4.65454545454527
DATAFLOW,OECD.SDD.STES:DSD_KEI@DF_KEI(4.0),I,CAN,M,CP,GR,_Z,_Z,GY,2021-11,4.72040668119069
DATAFLOW,OECD.SDD.STES:DSD_KEI@DF_KEI(4.0),I,CAN,M,CP,GR,_Z,_Z,GY,2021-12,4.80349344978119
DATAFLOW,OECD.SDD.STES:DSD_KEI@DF_KEI(4.0),I,CAN,M,CP,GR,_Z,_Z,GY,2022-01,5.13748191027468
DATAFLOW,OECD.SDD.STES:DSD_KEI@DF_KEI(4.0),I,CAN,M,CP,GR,_Z,_Z,GY,2022-02,5.68754499640067
DATAFLOW,OECD.SDD.STES:DSD_KEI@DF_KEI(4.0),I,CAN,M,CP,GR,_Z,_Z,GY,2022-03,6.6618911174787
DATAFLOW,OECD.SDD.STES:DSD_KEI@DF_KEI(4.0),I,CAN,M,CP,GR,_Z,_Z,GY,2022-04,6.77120456165352
DATAFLOW,OECD.SDD.STES:DSD_KEI@DF_KEI(4.0),I,CAN,M,CP,GR,_Z,_Z,GY,2022-05,7.73049645390131
DATAFLOW,OECD.SDD.STES:DSD_KEI@DF_KEI(4.0),I,CAN,M,CP,GR,_Z,_Z,GY,2022-06,8.13295615275789
DATAFLOW,OECD.SDD.STES:DSD_KEI@DF_KEI(4.0),I,CAN,M,CP,GR,_Z,_Z,GY,2022-07,7.58959943780821
DATAFLOW,OECD.SDD.STES:DSD_KEI@DF_KEI(4.0),I,CAN,M,CP,GR,_Z,_Z,GY,2022-08,7.01262272089769
DATAFLOW,OECD.SDD.STES:DSD_KEI@DF_KEI(4.0),I,CAN,M,CP,GR,_Z,_Z,GY,2022-09,6.85794261721522
DATAFLOW,OECD.SDD.STES:DSD_KEI@DF_KEI(4.0),I,CAN,M,CP,GR,_Z,_Z,GY,2022-10,6.87977762334977
DATAFLOW,OECD.SDD.STES:DSD_KEI@DF_KEI(4.0),I,CAN,M,CP,GR,_Z,_Z,GY,2022-11,6.79611650485477
DATAFLOW,OECD.SDD.STES:DSD_KEI@DF_KEI(4.0),I,CAN,M,CP,GR,_Z,_Z,GY,2022-12,6.31944444444492
DATAFLOW,OECD.SDD.STES:DSD_KEI@DF_KEI(4.0),I,CAN,M,CP,GR,_Z,_Z,GY,2023-01,5.91878871300786
DATAFLOW,OECD.SDD.STES:DSD_KEI@DF_KEI(4.0),I,CAN,M,CP,GR,_Z,_Z,GY,2023-02,5.2452316076292
DATAFLOW,OECD.SDD.STES:DSD_KEI@DF_KEI(4.0),I,CAN,M,CP,GR,_Z,_Z,GY,2023-03,4.29818670248472
DATAFLOW,OECD.SDD.STES:DSD_KEI@DF_KEI(4.0),I,CAN,M,CP,GR,_Z,_Z,GY,2023-04,4.40587449933287
DATAFLOW,OECD.SDD.STES:DSD_KEI@DF_KEI(4.0),I,CAN,M,CP,GR,_Z,_Z,GY,2023-05,3.35747202106638
DATAFLOW,OECD.SDD.STES:DSD_KEI@DF_KEI(4.0),I,CAN,M,CP,GR,_Z,_Z,GY,2023-06,2.81229561805114
DATAFLOW,OECD.SDD.STES:DSD_KEI@DF_KEI(4.0),I,CAN,M,CP,GR,_Z,_Z,GY,2023-08,3.9973787680212
DATAFLOW,OECD.SDD.STES:DSD_KEI@DF_KEI(4.0),I,CAN,M,CP,GR,_Z,_Z,GY,2023-09,3.79829731499655
DATAFLOW,OECD.SDD.STES:DSD_KEI@DF_KEI(4.0),I,CAN,M,CP,GR,_Z,_Z,GY,2023-10,3.12093628088372
DATAFLOW,OECD.SDD.STES:DSD_KEI@DF_KEI(4.0),I,CAN,M,CP,GR,_Z,_Z,GY,2023-11,3.11688311688341
DATAFLOW,OECD.SDD.STES:DSD_KEI@DF_KEI(4.0),I,CAN,M,CP,GR,_Z,_Z,GY,2023-12,3.3964728935334
DATAFLOW,OECD.SDD.STES:DSD_KEI@DF_KEI(4.0),I,CAN,M,CP,GR,_Z,_Z,GY,2024-02,2.78317152103573
DATAFLOW,OECD.SDD.STES:DSD_KEI@DF_KEI(4.0),I,CAN,M,CP,GR,_Z,_Z,GY,2024-03,2.89761751448796
DATAFLOW,OECD.SDD.STES:DSD_KEI@DF_KEI(4.0),I,CAN,M,CP,GR,_Z,_Z,GY,2024-04,2.68542199488515
DATAFLOW,OECD.SDD.STES:DSD_KEI@DF_KEI(4.0),I,CAN,M,CP,GR,_Z,_Z,GY,2024-05,2.86624203821642
DATAFLOW,OECD.SDD.STES:DSD_KEI@DF_KEI(4.0),I,CAN,M,CP,GR,_Z,_Z,GY,2024-06,2.67175572519112
DATAFLOW,OECD.SDD.STES:DSD_KEI@DF_KEI(4.0),I,CAN,M,CP,GR,_Z,_Z,GY,2024-07,2.53004427577452
DATAFLOW,OECD.SDD.STES:DSD_KEI@DF_KEI(4.0),I,CAN,M,CP,GR,_Z,_Z,GY,2024-08,1.95337114051595
DATAFLOW,OECD.SDD.STES:DSD_KEI@DF_KEI(4.0),I,CAN,M,CP,GR,_Z,_Z,GY,2024-09,1.6403785488958
DATAFLOW,OECD.SDD.STES:DSD_KEI@DF_KEI(4.0),I,CAN,M,CP,GR,_Z,_Z,GY,2024-10,2.01765447667082
DATAFLOW,OECD.SDD.STES:DSD_KEI@DF_KEI(4.0),I,CAN,M,CP,GR,_Z,_Z,GY,2024-11,1.88916876574245
DATAFLOW,OECD.SDD.STES:DSD_KEI@DF_KEI(4.0),I,CAN,M,CP,GR,_Z,_Z,GY,2024-12,1.83196462413169
DATAFLOW,OECD.SDD.STES:DSD_KEI@DF_KEI(4.0),I,CAN,M,CP,GR,_Z,_Z,GY,2025-01,1.89513581806713
DATAFLOW,OECD.SDD.STES:DSD_KEI@DF_KEI(4.0),I,CAN,M,CP,GR,_Z,_Z,GY,2025-02,2.64483627203975
DATAFLOW,OECD.SDD.STES:DSD_KEI@DF_KEI(4.0),I,CAN,M,CP,GR,_Z,_Z,GY,2025-03,2.3153942428036
DATAFLOW,OECD.SDD.STES:DSD_KEI@DF_KEI(4.0),I,CAN,M,CP,GR,_Z,_Z,GY,2025-04,1.74346201743425
DATAFLOW,OECD.SDD.STES:DSD_KEI@DF_KEI(4.0),I,CAN,M,CP,GR,_Z,_Z,GY,2025-05,1.73374613003061
DATAFLOW,OECD.SDD.STES:DSD_KEI@DF_KEI(4.0),I,CAN,M,CP,GR,_Z,_Z,GY,2025-06,1.85873605947973
DATAFLOW,OECD.SDD.STES:DSD_KEI@DF_KEI(4.0),I,CAN,M,CP,GR,_Z,_Z,GY,2025-07,1.72732880937656
DATAFLOW,OECD.SDD.STES:DSD_KEI@DF_KEI(4.0),I,CAN,M,CP,GR,_Z,_Z,GY,2025-08,1.8541409147097
DATAFLOW,OECD.SDD.STES:DSD_KEI@DF_KEI(4.0),I,CAN,M,CP,GR,_Z,_Z,GY,2025-09,2.35878336436992
DATAFLOW,OECD.SDD.STES:DSD_KEI@DF_KEI(4.0),I,CAN,M,CP,GR,_Z,_Z,GY,2025-10,2.1631644004948
DATAFLOW,OECD.SDD.STES:DSD_KEI@DF_KEI(4.0),I,CAN,M,CP,GR,_Z,_Z,GY,2025-11,2.22496909765164
DATAFLOW,OECD.SDD.STES:DSD_KEI@DF_KEI(4.0),I,CAN,M,CP,GR,_Z,_Z,GY,2025-12,2.35732009925556
DATAFLOW,OECD.SDD.STES:DSD_KEI@DF_KEI(4.0),I,CAN,M,CP,GR,_Z,_Z,G1,2007-09,0.17905102954352
DATAFLOW,OECD.SDD.STES:DSD_KEI@DF_KEI(4.0),I,CAN,M,CP,GR,_Z,_Z,G1,2007-10,-0.268096514745331
DATAFLOW,OECD.SDD.STES:DSD_KEI@DF_KEI(4.0),I,CAN,M,CP,GR,_Z,_Z,G1,2007-12,0.0893655049150288
DATAFLOW,OECD.SDD.STES:DSD_KEI@DF_KEI(4.0),I,CAN,M,CP,GR,_Z,_Z,G1,2008-01,-0.178571428571406
DATAFLOW,OECD.SDD.STES:DSD_KEI@DF_KEI(4.0),I,CAN,M,CP,GR,_Z,_Z,G1,2008-02,0.357781753130548
DATAFLOW,OECD.SDD.STES:DSD_KEI@DF_KEI(4.0),I,CAN,M,CP,GR,_Z,_Z,G1,2008-03,0.356506238859255
DATAFLOW,OECD.SDD.STES:DSD_KEI@DF_KEI(4.0),I,CAN,M,CP,GR,_Z,_Z,G1,2008-04,0.79928952042625
DATAFLOW,OECD.SDD.STES:DSD_KEI@DF_KEI(4.0),I,CAN,M,CP,GR,_Z,_Z,G1,2008-05,0.969162995594663
DATAFLOW,OECD.SDD.STES:DSD_KEI@DF_KEI(4.0),I,ITA,M,CP,IX,_Z,_Z,_Z,2009-07,91.6925481120792
DATAFLOW,OECD.SDD.STES:DSD_KEI@DF_KEI(4.0),I,ITA,M,CP,IX,_Z,_Z,_Z,2009-08,91.9587093547848
DATAFLOW,OECD.SDD.STES:DSD_KEI@DF_KEI(4.0),I,ITA,M,CP,GR,_Z,_Z,GY,2021-02,0.583657587548636
DATAFLOW,OECD.SDD.STES:DSD_KEI@DF_KEI(4.0),I,ITA,M,CP,GR,_Z,_Z,GY,2021-03,0.777453838678333
DATAFLOW,OECD.SDD.STES:DSD_KEI@DF_KEI(4.0),I,ITA,M,CP,GR,_Z,_Z,GY,2021-04,1.06796116504853
DATAFLOW,OECD.SDD.STES:DSD_KEI@DF_KEI(4.0),I,ITA,M,CP,GR,_Z,_Z,GY,2021-05,1.26459143968871
DATAFLOW,OECD.SDD.STES:DSD_KEI@DF_KEI(4.0),I,ITA,M,CP,GR,_Z,_Z,GY,2021-06,1.26336248785228
DATAFLOW,OECD.SDD.STES:DSD_KEI@DF_KEI(4.0),I,ITA,M,CP,GR,_Z,_Z,GY,2021-07,1.94741966893865
DATAFLOW,OECD.SDD.STES:DSD_KEI@DF_KEI(4.0),I,ITA,M,CP,GR,_Z,_Z,GY,2021-08,2.03883495145629
DATAFLOW,OECD.SDD.STES:DSD_KEI@DF_KEI(4.0),I,ITA,M,CP,GR,_Z,_Z,GY,2021-09,2.54154447702837
DATAFLOW,OECD.SDD.STES:DSD_KEI@DF_KEI(4.0),I,ITA,M,CP,GR,_Z,_Z,GY,2021-10,3.02439024390244
DATAFLOW,OECD.SDD.STES:DSD_KEI@DF_KEI(4.0),I,ITA,M,CP,GR,_Z,_Z,GY,2021-11,3.7109375
DATAFLOW,OECD.SDD.STES:DSD_KEI@DF_KEI(4.0),I,ITA,M,CP,GR,_Z,_Z,GY,2021-12,3.89863547758285
DATAFLOW,OECD.SDD.STES:DSD_KEI@DF_KEI(4.0),I,ITA,M,CP,GR,_Z,_Z,GY,2022-01,4.8402710551791
DATAFLOW,OECD.SDD.STES:DSD_KEI@DF_KEI(4.0),I,ITA,M,CP,GR,_Z,_Z,GY,2022-02,5.70599613152805
DATAFLOW,OECD.SDD.STES:DSD_KEI@DF_KEI(4.0),I,ITA,M,CP,GR,_Z,_Z,GY,2022-03,6.46094503375121
DATAFLOW,OECD.SDD.STES:DSD_KEI@DF_KEI(4.0),I,ITA,M,CP,GR,_Z,_Z,GY,2022-04,5.95581171950048
DATAFLOW,OECD.SDD.STES:DSD_KEI@DF_KEI(4.0),I,ITA,M,CP,GR,_Z,_Z,GY,2022-05,6.82036503362153
DATAFLOW,OECD.SDD.STES:DSD_KEI@DF_KEI(4.0),I,ITA,M,CP,GR,_Z,_Z,GY,2022-06,7.96545105566218
DATAFLOW,OECD.SDD.STES:DSD_KEI@DF_KEI(4.0),I,ITA,M,CP,GR,_Z,_Z,GY,2022-07,7.92741165234001
DATAFLOW,OECD.SDD.STES:DSD_KEI@DF_KEI(4.0),I,ITA,M,CP,GR,_Z,_Z,GY,2022-08,8.37297811607993
DATAFLOW,OECD.SDD.STES:DSD_KEI@DF_KEI(4.0),I,ITA,M,CP,GR,_Z,_Z,GY,2022-09,8.8655862726406
DATAFLOW,OECD.SDD.STES:DSD_KEI@DF_KEI(4.0),I,ITA,M,CP,GR,_Z,_Z,GY,2022-10,11.8371212121212
DATAFLOW,OECD.SDD.STES:DSD_KEI@DF_KEI(4.0),I,ITA,M,CP,IX,_Z,_Z,_Z,2012-09,99.0698145
DATAFLOW,OECD.SDD.STES:DSD_KEI@DF_KEI(4.0),I,ITA,M,CP,IX,_Z,_Z,_Z,2012-10,99.0698145
DATAFLOW,OECD.SDD.STES:DSD_KEI@DF_KEI(4.0),I,ITA,M,CP,IX,_Z,_Z,_Z,2012-11,98.8837679
DATAFLOW,OECD.SDD.STES:DSD_KEI@DF_KEI(4.0),I,ITA,M,CP,IX,_Z,_Z,_Z,2012-12,99.0698145
DATAFLOW,OECD.SDD.STES:DSD_KEI@DF_KEI(4.0),I,ITA,M,CP,IX,_Z,_Z,_Z,2013-01,99.2558611
DATAFLOW,OECD.SDD.STES:DSD_KEI@DF_KEI(4.0),I,ITA,M,CP,IX,_Z,_Z,_Z,2013-02,99.3488844
DATAFLOW,OECD.SDD.STES:DSD_KEI@DF_KEI(4.0),I,ITA,M,CP,IX,_Z,_Z,_Z,2013-03,99.534931
DATAFLOW,OECD.SDD.STES:DSD_KEI@DF_KEI(4.0),I,ITA,M,CP,IX,_Z,_Z,_Z,2013-04,99.534931
DATAFLOW,OECD.SDD.STES:DSD_KEI@DF_KEI(4.0),I,ITA,M,CP,IX,_Z,_Z,_Z,2013-05,99.534931
DATAFLOW,OECD.SDD.STES:DSD_KEI@DF_KEI(4.0),I,ITA,M,CP,IX,_Z,_Z,_Z,2013-06,99.8140009
DATAFLOW,OECD.SDD.STES:DSD_KEI@DF_KEI(4.0),I,ITA,M,CP,IX,_Z,_Z,_Z,2013-07,99.9070242
DATAFLOW,OECD.SDD.STES:DSD_KEI@DF_KEI(4.0),I,ITA,M,CP,IX,_Z,_Z,_Z,2013-08,100.2791174
DATAFLOW,OECD.SDD.STES:DSD_KEI@DF_KEI(4.0),I,ITA,M,CP,IX,_Z,_Z,_Z,2013-09,100.0000475
DATAFLOW,OECD.SDD.STES:DSD_KEI@DF_KEI(4.0),I,ITA,M,CP,IX,_Z,_Z,_Z,2013-10,99.8140009
DATAFLOW,OECD.SDD.STES:DSD_KEI@DF_KEI(4.0),I,ITA,M,CP,IX,_Z,_Z,_Z,2013-11,99.534931
DATAFLOW,OECD.SDD.STES:DSD_KEI@DF_KEI(4.0),I,ITA,M,CP,IX,_Z,_Z,_Z,2013-12,99.7209776
DATAFLOW,OECD.SDD.STES:DSD_KEI@DF_KEI(4.0),I,ITA,M,CP,IX,_Z,_Z,_Z,2014-01,99.9070242
DATAFLOW,OECD.SDD.STES:DSD_KEI@DF_KEI(4.0),I,ITA,M,CP,IX,_Z,_Z,_Z,2014-02,99.8140009
DATAFLOW,OECD.SDD.STES:DSD_KEI@DF_KEI(4.0),I,ITA,M,CP,IX,_Z,_Z,_Z,2014-03,99.9070242
DATAFLOW,OECD.SDD.STES:DSD_KEI@DF_KEI(4.0),I,ITA,M,CP,IX,_Z,_Z,_Z,2014-04,100.0930708
DATAFLOW,OECD.SDD.STES:DSD_KEI@DF_KEI(4.0),I,ITA,M,CP,IX,_Z,_Z,_Z,2014-05,100.0000475
DATAFLOW,OECD.SDD.STES:DSD_KEI@DF_KEI(4.0),I,ITA,M,CP,IX,_Z,_Z,_Z,2014-06,100.0930708
DATAFLOW,OECD.SDD.STES:DSD_KEI@DF_KEI(4.0),I,ITA,M,CP,IX,_Z,_Z,_Z,2014-07,100.0000475
DATAFLOW,OECD.SDD.STES:DSD_KEI@DF_KEI(4.0),I,ITA,M,CP,IX,_Z,_Z,_Z,2014-08,100.1860941
DATAFLOW,OECD.SDD.STES:DSD_KEI@DF_KEI(4.0),I,ITA,M,CP,IX,_Z,_Z,_Z,2014-09,99.8140009
DATAFLOW,OECD.SDD.STES:DSD_KEI@DF_KEI(4.0),I,ITA,M,CP,IX,_Z,_Z,_Z,2014-10,99.9070242
DATAFLOW,OECD.SDD.STES:DSD_KEI@DF_KEI(4.0),I,CAN,M,CP,GR,_Z,_Z,G1,2007-02,0.731261425959806
DATAFLOW,OECD.SDD.STES:DSD_KEI@DF_KEI(4.0),I,CAN,M,CP,GR,_Z,_Z,G1,2007-03,0.816696914700521
DATAFLOW,OECD.SDD.STES:DSD_KEI@DF_KEI(4.0),I,CAN,M,CP,GR,_Z,_Z,G1,2007-04,0.450045004500454
DATAFLOW,OECD.SDD.STES:DSD_KEI@DF_KEI(4.0),I,CAN,M,CP,GR,_Z,_Z,G1,2007-06,-0.178412132024963
DATAFLOW,OECD.SDD.STES:DSD_KEI@DF_KEI(4.0),I,CAN,M,CP,GR,_Z,_Z,G1,2007-07,0.0893655049150288
DATAFLOW,OECD.SDD.STES:DSD_KEI@DF_KEI(4.0),I,CAN,M,CP,GR,_Z,_Z,G1,2007-08,-0.267857142857175
DATAFLOW,OECD.SDD.STES:DSD_KEI@DF_KEI(4.0),I,CAN,M,CP,GR,_Z,_Z,GY,2009-05,0.0872600349040464
DATAFLOW,OECD.SDD.STES:DSD_KEI@DF_KEI(4.0),I,CAN,M,CP,GR,_Z,_Z,GY,2009-06,-0.259965337954859
DATAFLOW,OECD.SDD.STES:DSD_KEI@DF_KEI(4.0),I,CAN,M,CP,GR,_Z,_Z,GY,2009-07,-0.949913644214218
DATAFLOW,OECD.SDD.STES:DSD_KEI@DF_KEI(4.0),I,CAN,M,CP,GR,_Z,_Z,GY,2009-08,-0.778546712802741
DATAFLOW,OECD.SDD.STES:DSD_KEI@DF_KEI(4.0),I,CAN,M,CP,GR,_Z,_Z,GY,2009-09,-0.864304235090763
DATAFLOW,OECD.SDD.STES:DSD_KEI@DF_KEI(4.0),I,CAN,M,CP,GR,_Z,_Z,GY,2009-10,0.087336244541425
DATAFLOW,OECD.SDD.STES:DSD_KEI@DF_KEI(4.0),I,CAN,M,CP,GR,_Z,_Z,GY,2009-11,0.964066608238334
DATAFLOW,OECD.SDD.STES:DSD_KEI@DF_KEI(4.0),I,CAN,M,CP,GR,_Z,_Z,GY,2009-12,1.32391879964697
DATAFLOW,OECD.SDD.STES:DSD_KEI@DF_KEI(4.0),I,CAN,M,CP,GR,_Z,_Z,GY,2010-01,1.85840707964608
DATAFLOW,OECD.SDD.STES:DSD_KEI@DF_KEI(4.0),I,CAN,M,CP,GR,_Z,_Z,GY,2010-02,1.58172231985934
DATAFLOW,OECD.SDD.STES:DSD_KEI@DF_KEI(4.0),I,CAN,M,CP,GR,_Z,_Z,GY,2010-03,1.40350877192978
DATAFLOW,OECD.SDD.STES:DSD_KEI@DF_KEI(4.0),I,CAN,M,CP,GR,_Z,_Z,GY,2010-04,1.84372256365239
DATAFLOW,OECD.SDD.STES:DSD_KEI@DF_KEI(4.0),I,CAN,M,CP,GR,_Z,_Z,GY,2010-05,1.39494333042727
DATAFLOW,OECD.SDD.STES:DSD_KEI@DF_KEI(4.0),I,CAN,M,CP,GR,_Z,_Z,GY,2010-06,0.955690703735845
DATAFLOW,OECD.SDD.STES:DSD_KEI@DF_KEI(4.0),I,CAN,M,CP,GR,_Z,_Z,GY,2010-07,1.83086312118577
DATAFLOW,OECD.SDD.STES:DSD_KEI@DF_KEI(4.0),I,CAN,M,CP,GR,_Z,_Z,GY,2010-08,1.74367916303402
DATAFLOW,OECD.SDD.STES:DSD_KEI@DF_KEI(4.0),I,CAN,M,CP,GR,_Z,_Z,GY,2010-10,2.44328097731243
DATAFLOW,OECD.SDD.STES:DSD_KEI@DF_KEI(4.0),I,CAN,M,CP,GR,_Z,_Z,GY,2010-11,1.99652777777781
DATAFLOW,OECD.SDD.STES:DSD_KEI@DF_KEI(4.0),I,CAN,M,CP,GR,_Z,_Z,GY,2011-01,2.34578627280615
DATAFLOW,OECD.SDD.STES:DSD_KEI@DF_KEI(4.0),I,CAN,M,CP,GR,_Z,_Z,GY,2011-02,2.16262975778549
DATAFLOW,OECD.SDD.STES:DSD_KEI@DF_KEI(4.0),I,CAN,M,CP,GR,_Z,_Z,GY,2011-03,3.28719723183397
DATAFLOW,OECD.SDD.STES:DSD_KEI@DF_KEI(4.0),I,CAN,M,CP,GR,_Z,_Z,GY,2011-04,3.27586206896546
DATAFLOW,OECD.SDD.STES:DSD_KEI@DF_KEI(4.0),I,CAN,M,CP,GR,_Z,_Z,GY,2011-05,3.69733447979359
DATAFLOW,OECD.SDD.STES:DSD_KEI@DF_KEI(4.0),I,CAN,M,CP,GR,_Z,_Z,GY,2011-06,3.0981067125645
DATAFLOW,OECD.SDD.STES:DSD_KEI@DF_KEI(4.0),I,CAN,M,CP,GR,_Z,_Z,GY,2011-07,2.73972602739716
DATAFLOW,OECD.SDD.STES:DSD_KEI@DF_KEI(4.0),I,CAN,M,CP,GR,_Z,_Z,GY,2011-08,3.08483290488428
DATAFLOW,OECD.SDD.STES:DSD_KEI@DF_KEI(4.0),I,CAN,M,CP,GR,_Z,_Z,GY,2011-09,3.16509837467922
DATAFLOW,OECD.SDD.STES:DSD_KEI@DF_KEI(4.0),I,CAN,M,CP,GR,_Z,_Z,GY,2011-12,2.29787234042553
DATAFLOW,OECD.SDD.STES:DSD_KEI@DF_KEI(4.0),I,CAN,M,CP,GR,_Z,_Z,GY,2012-01,2.46179966044153
DATAFLOW,OECD.SDD.STES:DSD_KEI@DF_KEI(4.0),I,CAN,M,CP,GR,_Z,_Z,GY,2012-02,2.62489415749372
DATAFLOW,OECD.SDD.STES:DSD_KEI@DF_KEI(4.0),I,CAN,M,CP,GR,_Z,_Z,GY,2012-03,1.92629815745398
DATAFLOW,OECD.SDD.STES:DSD_KEI@DF_KEI(4.0),I,CAN,M,CP,GR,_Z,_Z,GY,2012-04,2.00333889816369
DATAFLOW,OECD.SDD.STES:DSD_KEI@DF_KEI(4.0),I,CAN,M,CP,GR,_Z,_Z,GY,2012-05,1.24378109452739
DATAFLOW,OECD.SDD.STES:DSD_KEI@DF_KEI(4.0),I,CAN,M,CP,GR,_Z,_Z,GY,2012-06,1.50250417362274
DATAFLOW,OECD.SDD.STES:DSD_KEI@DF_KEI(4.0),I,CAN,M,CP,GR,_Z,_Z,GY,2012-07,1.25000000000002
DATAFLOW,OECD.SDD.STES:DSD_KEI@DF_KEI(4.0),I,CAN,M,CP,GR,_Z,_Z,GY,2012-08,1.24688279301746
DATAFLOW,OECD.SDD.STES:DSD_KEI@DF_KEI(4.0),I,CAN,M,CP,GR,_Z,_Z,GY,2012-09,1.16086235489219
DATAFLOW,OECD.SDD.STES:DSD_KEI@DF_KEI(4.0),I,CAN,M,CP,GR,_Z,_Z,GY,2012-10,1.15894039735107
DATAFLOW,OECD.SDD.STES:DSD_KEI@DF_KEI(4.0),I,CAN,M,CP,GR,_Z,_Z,GY,2013-01,0.497100248550075
DATAFLOW,OECD.SDD.STES:DSD_KEI@DF_KEI(4.0),I,CAN,M,CP,GR,_Z,_Z,GY,2013-02,1.23762376237615
DATAFLOW,OECD.SDD.STES:DSD_KEI@DF_KEI(4.0),I,CAN,M,CP,GR,_Z,_Z,GY,2013-03,0.986031224322081
DATAFLOW,OECD.SDD.STES:DSD_KEI@DF_KEI(4.0),I,CAN,M,CP,GR,_Z,_Z,GY,2013-04,0.409165302782233
DATAFLOW,OECD.SDD.STES:DSD_KEI@DF_KEI(4.0),I,CAN,M,CP,GR,_Z,_Z,GY,2013-05,0.737100737100715
DATAFLOW,OECD.SDD.STES:DSD_KEI@DF_KEI(4.0),I,CAN,M,CP,GR,_Z,_Z,GY,2013-06,1.15131578947367
DATAFLOW,OECD.SDD.STES:DSD_KEI@DF_KEI(4.0),I,CAN,M,CP,GR,_Z,_Z,GY,2013-07,1.3168724279836
DATAFLOW,OECD.SDD.STES:DSD_KEI@DF_KEI(4.0),I,CAN,M,CP,GR,_Z,_Z,GY,2013-08,1.06732348111662
DATAFLOW,OECD.SDD.STES:DSD_KEI@DF_KEI(4.0),I,CAN,M,CP,GR,_Z,_Z,GY,2013-09,1.06557377049183
DATAFLOW,OECD.SDD.STES:DSD_KEI@DF_KEI(4.0),I,CAN,M,CP,GR,_Z,_Z,GY,2013-10,0.654664484451639
DATAFLOW,OECD.SDD.STES:DSD_KEI@DF_KEI(4.0),I,CAN,M,CP,GR,_Z,_Z,GY,2013-11,0.902378999179621
DATAFLOW,OECD.SDD.STES:DSD_KEI@DF_KEI(4.0),I,CAN,M,CP,GR,_Z,_Z,GY,2013-12,1.23762376237615
DATAFLOW,OECD.SDD.STES:DSD_KEI@DF_KEI(4.0),I,CAN,M,CP,GR,_Z,_Z,GY,2014-01,1.48392415498766
DATAFLOW,OECD.SDD.STES:DSD_KEI@DF_KEI(4.0),I,CAN,M,CP,GR,_Z,_Z,GY,2014-02,1.14099429502861
DATAFLOW,OECD.SDD.STES:DSD_KEI@DF_KEI(4.0),I,CAN,M,CP,GR,_Z,_Z,GY,2014-03,1.54597233523188
DATAFLOW,OECD.SDD.STES:DSD_KEI@DF_KEI(4.0),I,CAN,M,CP,GR,_Z,_Z,GY,2014-04,2.03748981255096
DATAFLOW,OECD.SDD.STES:DSD_KEI@DF_KEI(4.0),I,CAN,M,CP,GR,_Z,_Z,GY,2014-05,2.27642276422768
DATAFLOW,OECD.SDD.STES:DSD_KEI@DF_KEI(4.0),I,CAN,M,CP,GR,_Z,_Z,GY,2014-06,2.35772357723576
DATAFLOW,OECD.SDD.STES:DSD_KEI@DF_KEI(4.0),I,CAN,M,CP,GR,_Z,_Z,GY,2014-07,2.11210398050361
DATAFLOW,OECD.SDD.STES:DSD_KEI@DF_KEI(4.0),I,CAN,M,CP,GR,_Z,_Z,GY,2014-08,2.11210398050361
DATAFLOW,OECD.SDD.STES:DSD_KEI@DF_KEI(4.0),I,CAN,M,CP,GR,_Z,_Z,GY,2014-09,2.02757502027577
DATAFLOW,OECD.SDD.STES:DSD_KEI@DF_KEI(4.0),I,CAN,M,CP,GR,_Z,_Z,GY,2014-10,2.35772357723576
DATAFLOW,OECD.SDD.STES:DSD_KEI@DF_KEI(4.0),I,CAN,M,CP,GR,_Z,_Z,GY,2014-11,1.9512195121951
DATAFLOW,OECD.SDD.STES:DSD_KEI@DF_KEI(4.0),I,CAN,M,CP,GR,_Z,_Z,GY,2014-12,1.46699266503671
DATAFLOW,OECD.SDD.STES:DSD_KEI@DF_KEI(4.0),I,CAN,M,CP,GR,_Z,_Z,GY,2015-01,0.974817221770907
DATAFLOW,OECD.SDD.STES:DSD_KEI@DF_KEI(4.0),I,CAN,M,CP,GR,_Z,_Z,GY,2015-02,1.04754230459301
DATAFLOW,OECD.SDD.STES:DSD_KEI@DF_KEI(4.0),I,CAN,M,CP,GR,_Z,_Z,GY,2015-03,1.20192307692308
DATAFLOW,OECD.SDD.STES:DSD_KEI@DF_KEI(4.0),I,CAN,M,CP,GR,_Z,_Z,GY,2015-05,0.874403815580327
DATAFLOW,OECD.SDD.STES:DSD_KEI@DF_KEI(4.0),I,CAN,M,CP,GR,_Z,_Z,GY,2015-06,1.03256552819659
DATAFLOW,OECD.SDD.STES:DSD_KEI@DF_KEI(4.0),I,CAN,M,CP,GR,_Z,_Z,GY,2015-07,1.2728719172638
DATAFLOW,OECD.SDD.STES:DSD_KEI@DF_KEI(4.0),I,CAN,M,CP,GR,_Z,_Z,GY,2015-08,1.2728719172638
DATAFLOW,OECD.SDD.STES:DSD_KEI@DF_KEI(4.0),I,CAN,M,CP,GR,_Z,_Z,GY,2015-09,1.03338632750372
DATAFLOW,OECD.SDD.STES:DSD_KEI@DF_KEI(4.0),I,CAN,M,CP,GR,_Z,_Z,GY,2015-10,1.03256552819659
DATAFLOW,OECD.SDD.STES:DSD_KEI@DF_KEI(4.0),I,CAN,M,CP,GR,_Z,_Z,GY,2015-11,1.35566188197747
DATAFLOW,OECD.SDD.STES:DSD_KEI@DF_KEI(4.0),I,CAN,M,CP,GR,_Z,_Z,GY,2015-12,1.60642570281126
DATAFLOW,OECD.SDD.STES:DSD_KEI@DF_KEI(4.0),I,CAN,M,CP,GR,_Z,_Z,GY,2016-01,2.0112630732102
DATAFLOW,OECD.SDD.STES:DSD_KEI@DF_KEI(4.0),I,CAN,M,CP,GR,_Z,_Z,GY,2016-02,1.35566188197747
DATAFLOW,OECD.SDD.STES:DSD_KEI@DF_KEI(4.0),I,CAN,M,CP,GR,_Z,_Z,GY,2016-03,1.2668250197946
DATAFLOW,OECD.SDD.STES:DSD_KEI@DF_KEI(4.0),I,CAN,M,CP,GR,_Z,_Z,GY,2016-04,1.66402535657673
DATAFLOW,OECD.SDD.STES:DSD_KEI@DF_KEI(4.0),I,CAN,M,CP,GR,_Z,_Z,GY,2016-05,1.49724192277383
DATAFLOW,OECD.SDD.STES:DSD_KEI@DF_KEI(4.0),I,CAN,M,CP,GR,_Z,_Z,GY,2016-07,1.25687352710078
DATAFLOW,OECD.SDD.STES:DSD_KEI@DF_KEI(4.0),I,CAN,M,CP,GR,_Z,_Z,GY,2016-08,1.09976433621344
DATAFLOW,OECD.SDD.STES:DSD_KEI@DF_KEI(4.0),I,CAN,M,CP,GR,_Z,_Z,GY,2016-09,1.33752950432759
DATAFLOW,OECD.SDD.STES:DSD_KEI@DF_KEI(4.0),I,CAN,M,CP,GR,_Z,_Z,GY,2016-11,1.18017309205409
DATAFLOW,OECD.SDD.STES:DSD_KEI@DF_KEI(4.0),I,ITA,M,CP,IX,_Z,_Z,_Z,2024-07,121.2
DATAFLOW,OECD.SDD.STES:DSD_KEI@DF_KEI(4.0),I,ITA,M,CP,IX,_Z,_Z,_Z,2024-09,121.2
DATAFLOW,OECD.SDD.STES:DSD_KEI@DF_KEI(4.0),I,ITA,M,CP,IX,_Z,_Z,_Z,2024-10,121.2
DATAFLOW,OECD.SDD.STES:DSD_KEI@DF_KEI(4.0),I,ITA,M,CP,GR,_Z,_Z,G1,2008-08,0.145137880986934
DATAFLOW,OECD.SDD.STES:DSD_KEI@DF_KEI(4.0),I,ITA,M,CP,GR,_Z,_Z,G1,2008-09,-0.289855072463763
DATAFLOW,OECD.SDD.STES:DSD_KEI@DF_KEI(4.0),I,ITA,M,CP,GR,_Z,_Z,G1,2008-11,-0.363372093023251
DATAFLOW,OECD.SDD.STES:DSD_KEI@DF_KEI(4.0),I,ITA,M,CP,GR,_Z,_Z,G1,2008-12,-0.14587892049599
DATAFLOW,OECD.SDD.STES:DSD_KEI@DF_KEI(4.0),I,ITA,M,CP,GR,_Z,_Z,G1,2009-01,-0.146092037983925
DATAFLOW,OECD.SDD.STES:DSD_KEI@DF_KEI(4.0),I,ITA,M,CP,GR,_Z,_Z,G1,2009-02,0.219458668617412
DATAFLOW,OECD.SDD.STES:DSD_KEI@DF_KEI(4.0),I,ITA,M,CP,GR,_Z,_Z,G1,2009-03,0.0729927007299347
DATAFLOW,OECD.SDD.STES:DSD_KEI@DF_KEI(4.0),I,ITA,M,CP,GR,_Z,_Z,G1,2009-04,0.218818380743979
DATAFLOW,OECD.SDD.STES:DSD_KEI@DF_KEI(4.0),I,ITA,M,CP,GR,_Z,_Z,G1,2009-05,0.218340611353707
DATAFLOW,OECD.SDD.STES:DSD_KEI@DF_KEI(4.0),I,ITA,M,CP,GR,_Z,_Z,G1,2009-06,0.0726216412490821
DATAFLOW,OECD.SDD.STES:DSD_KEI@DF_KEI(4.0),I,ITA,M,CP,GR,_Z,_Z,G1,2009-08,0.290275761973868
DATAFLOW,OECD.SDD.STES:DSD_KEI@DF_KEI(4.0),I,ITA,M,CP,GR,_Z,_Z,G1,2009-09,-0.217076700434149
DATAFLOW,OECD.SDD.STES:DSD_KEI@DF_KEI(4.0),I,ITA,M,CP,GR,_Z,_Z,G1,2009-10,0.072516316171134
DATAFLOW,OECD.SDD.STES:DSD_KEI@DF_KEI(4.0),I,ITA,M,CP,IX,_Z,_Z,_Z,2018-03,101.8
DATAFLOW,OECD.SDD.STES:DSD_KEI@DF_KEI(4.0),I,ITA,M,CP,IX,_Z,_Z,_Z,2018-05,102.2
DATAFLOW,OECD.SDD.STES:DSD_KEI@DF_KEI(4.0),I,ITA,M,CP,IX,_Z,_Z,_Z,2018-06,102.4
DATAFLOW,OECD.SDD.STES:DSD_KEI@DF_KEI(4.0),I,ITA,M,CP,IX,_Z,_Z,_Z,2018-08,103.1
DATAFLOW,OECD.SDD.STES:DSD_KEI@DF_KEI(4.0),I,ITA,M,CP,IX,_Z,_Z,_Z,2018-09,102.6
DATAFLOW,OECD.SDD.STES:DSD_KEI@DF_KEI(4.0),I,ITA,M,CP,IX,_Z,_Z,_Z,2018-10,102.6
DATAFLOW,OECD.SDD.STES:DSD_KEI@DF_KEI(4.0),I,ITA,M,CP,IX,_Z,_Z,_Z,2018-11,102.4
DATAFLOW,OECD.SDD.STES:DSD_KEI@DF_KEI(4.0),I,ITA,M,CP,IX,_Z,_Z,_Z,2019-01,102.4
DATAFLOW,OECD.SDD.STES:DSD_KEI@DF_KEI(4.0),I,ITA,M,CP,IX,_Z,_Z,_Z,2019-03,102.8
DATAFLOW,OECD.SDD.STES:DSD_KEI@DF_KEI(4.0),I,ITA,M,CP,IX,_Z,_Z,_Z,2019-04,103.0
DATAFLOW,OECD.SDD.STES:DSD_KEI@DF_KEI(4.0),I,ITA,M,CP,IX,_Z,_Z,_Z,2019-05,103.0
DATAFLOW,OECD.SDD.STES:DSD_KEI@DF_KEI(4.0),I,ITA,M,CP,IX,_Z,_Z,_Z,2019-06,103.1
DATAFLOW,OECD.SDD.STES:DSD_KEI@DF_KEI(4.0),I,ITA,M,CP,IX,_Z,_Z,_Z,2019-07,103.1
DATAFLOW,OECD.SDD.STES:DSD_KEI@DF_KEI(4.0),I,ITA,M,CP,IX,_Z,_Z,_Z,2019-10,102.8
DATAFLOW,OECD.SDD.STES:DSD_KEI@DF_KEI(4.0),I,ITA,M,CP,IX,_Z,_Z,_Z,2019-11,102.6
DATAFLOW,OECD.SDD.STES:DSD_KEI@DF_KEI(4.0),I,ITA,M,CP,IX,_Z,_Z,_Z,2019-12,102.8
DATAFLOW,OECD.SDD.STES:DSD_KEI@DF_KEI(4.0),I,ITA,M,CP,IX,_Z,_Z,_Z,2020-02,102.8
DATAFLOW,OECD.SDD.STES:DSD_KEI@DF_KEI(4.0),I,ITA,M,CP,IX,_Z,_Z,_Z,2020-04,103.0
DATAFLOW,OECD.SDD.STES:DSD_KEI@DF_KEI(4.0),I,ITA,M,CP,IX,_Z,_Z,_Z,2020-05,102.8
DATAFLOW,OECD.SDD.STES:DSD_KEI@DF_KEI(4.0),I,ITA,M,CP,IX,_Z,_Z,_Z,2020-08,103.0
DATAFLOW,OECD.SDD.STES:DSD_KEI@DF_KEI(4.0),I,ITA,M,CP,IX,_Z,_Z,_Z,2020-11,102.4
DATAFLOW,OECD.SDD.STES:DSD_KEI@DF_KEI(4.0),I,ITA,M,CP,IX,_Z,_Z,_Z,2020-12,102.6
DATAFLOW,OECD.SDD.STES:DSD_KEI@DF_KEI(4.0),I,ITA,M,CP,IX,_Z,_Z,_Z,2021-02,103.4
DATAFLOW,OECD.SDD.STES:DSD_KEI@DF_KEI(4.0),I,ITA,M,CP,IX,_Z,_Z,_Z,2021-04,104.1
DATAFLOW,OECD.SDD.STES:DSD_KEI@DF_KEI(4.0),I,ITA,M,CP,IX,_Z,_Z,_Z,2021-05,104.1
DATAFLOW,OECD.SDD.STES:DSD_KEI@DF_KEI(4.0),I,ITA,M,CP,IX,_Z,_Z,_Z,2021-06,104.2
DATAFLOW,OECD.SDD.STES:DSD_KEI@DF_KEI(4.0),I,ITA,M,CP,IX,_Z,_Z,_Z,2021-08,105.1
DATAFLOW,OECD.SDD.STES:DSD_KEI@DF_KEI(4.0),I,ITA,M,CP,IX,_Z,_Z,_Z,2021-11,106.2
DATAFLOW,OECD.SDD.STES:DSD_KEI@DF_KEI(4.0),I,ITA,M,CP,IX,_Z,_Z,_Z,2022-01,108.3
DATAFLOW,OECD.SDD.STES:DSD_KEI@DF_KEI(4.0),I,ITA,M,CP,IX,_Z,_Z,_Z,2022-02,109.3
DATAFLOW,OECD.SDD.STES:DSD_KEI@DF_KEI(4.0),I,ITA,M,CP,IX,_Z,_Z,_Z,2022-03,110.4
DATAFLOW,OECD.SDD.STES:DSD_KEI@DF_KEI(4.0),I,ITA,M,CP,IX,_Z,_Z,_Z,2022-04,110.3
DATAFLOW,OECD.SDD.STES:DSD_KEI@DF_KEI(4.0),I,ITA,M,CP,IX,_Z,_Z,_Z,2022-05,111.2
DATAFLOW,OECD.SDD.STES:DSD_KEI@DF_KEI(4.0),I,ITA,M,CP,IX,_Z,_Z,_Z,2022-06,112.5
DATAFLOW,OECD.SDD.STES:DSD_KEI@DF_KEI(4.0),I,ITA,M,CP,IX,_Z,_Z,_Z,2022-08,113.9
DATAFLOW,OECD.SDD.STES:DSD_KEI@DF_KEI(4.0),I,ITA,M,CP,IX,_Z,_Z,_Z,2022-11,118.7
DATAFLOW,OECD.SDD.STES:DSD_KEI@DF_KEI(4.0),I,ITA,M,CP,IX,_Z,_Z,_Z,2023-02,119.3
DATAFLOW,OECD.SDD.STES:DSD_KEI@DF_KEI(4.0),I,ITA,M,CP,IX,_Z,_Z,_Z,2023-03,118.8
DATAFLOW,OECD.SDD.STES:DSD_KEI@DF_KEI(4.0),I,ITA,M,CP,IX,_Z,_Z,_Z,2023-04,119.3
DATAFLOW,OECD.SDD.STES:DSD_KEI@DF_KEI(4.0),I,ITA,M,CP,IX,_Z,_Z,_Z,2023-05,119.7
DATAFLOW,OECD.SDD.STES:DSD_KEI@DF_KEI(4.0),I,ITA,M,CP,IX,_Z,_Z,_Z,2023-06,119.7
DATAFLOW,OECD.SDD.STES:DSD_KEI@DF_KEI(4.0),I,ITA,M,CP,IX,_Z,_Z,_Z,2023-07,119.7
DATAFLOW,OECD.SDD.STES:DSD_KEI@DF_KEI(4.0),I,ITA,M,CP,IX,_Z,_Z,_Z,2023-11,119.5
DATAFLOW,OECD.SDD.STES:DSD_KEI@DF_KEI(4.0),I,ITA,M,CP,GR,_Z,_Z,G1,2007-03,0.152671755725198
DATAFLOW,OECD.SDD.STES:DSD_KEI@DF_KEI(4.0),I,ITA,M,CP,GR,_Z,_Z,G1,2007-04,0.152439024390261
DATAFLOW,OECD.SDD.STES:DSD_KEI@DF_KEI(4.0),I,ITA,M,CP,GR,_Z,_Z,G1,2007-05,0.304414003044129
DATAFLOW,OECD.SDD.STES:DSD_KEI@DF_KEI(4.0),I,ITA,M,CP,GR,_Z,_Z,G1,2007-06,0.22761760242791
DATAFLOW,OECD.SDD.STES:DSD_KEI@DF_KEI(4.0),I,ITA,M,CP,GR,_Z,_Z,G1,2007-07,0.22710068130205
DATAFLOW,OECD.SDD.STES:DSD_KEI@DF_KEI(4.0),I,ITA,M,CP,GR,_Z,_Z,G1,2007-08,0.151057401812693
DATAFLOW,OECD.SDD.STES:DSD_KEI@DF_KEI(4.0),I,ITA,M,CP,GR,_Z,_Z,G1,2007-10,0.301659125188536
DATAFLOW,OECD.SDD.STES:DSD_KEI@DF_KEI(4.0),I,ITA,M,CP,GR,_Z,_Z,GY,2018-04,0.493096646942814
DATAFLOW,OECD.SDD.STES:DSD_KEI@DF_KEI(4.0),I,ITA,M,CP,GR,_Z,_Z,GY,2018-05,0.988142292490113
DATAFLOW,OECD.SDD.STES:DSD_KEI@DF_KEI(4.0),I,ITA,M,CP,GR,_Z,_Z,GY,2018-06,1.28585558852623
DATAFLOW,OECD.SDD.STES:DSD_KEI@DF_KEI(4.0),I,ITA,M,CP,GR,_Z,_Z,GY,2018-07,1.48221343873518
DATAFLOW,OECD.SDD.STES:DSD_KEI@DF_KEI(4.0),I,ITA,M,CP,GR,_Z,_Z,GY,2018-08,1.57635467980293
DATAFLOW,OECD.SDD.STES:DSD_KEI@DF_KEI(4.0),I,ITA,M,CP,GR,_Z,_Z,GY,2018-09,1.38339920948616
DATAFLOW,OECD.SDD.STES:DSD_KEI@DF_KEI(4.0),I,ITA,M,CP,GR,_Z,_Z,GY,2018-10,1.58415841584159
DATAFLOW,OECD.SDD.STES:DSD_KEI@DF_KEI(4.0),I,ITA,M,CP,GR,_Z,_Z,GY,2018-11,1.58730158730158
DATAFLOW,OECD.SDD.STES:DSD_KEI@DF_KEI(4.0),I,ITA,M,CP,GR,_Z,_Z,GY,2018-12,1.08695652173911
DATAFLOW,OECD.SDD.STES:DSD_KEI@DF_KEI(4.0),I,ITA,M,CP,GR,_Z,_Z,GY,2019-01,0.886699507389155
DATAFLOW,OECD.SDD.STES:DSD_KEI@DF_KEI(4.0),I,ITA,M,CP,GR,_Z,_Z,GY,2019-02,0.985221674876824
DATAFLOW,OECD.SDD.STES:DSD_KEI@DF_KEI(4.0),I,ITA,M,CP,GR,_Z,_Z,GY,2019-03,0.982318271119853
DATAFLOW,OECD.SDD.STES:DSD_KEI@DF_KEI(4.0),I,ITA,M,CP,GR,_Z,_Z,GY,2019-04,1.07948969578016
DATAFLOW,OECD.SDD.STES:DSD_KEI@DF_KEI(4.0),I,ITA,M,CP,GR,_Z,_Z,GY,2019-05,0.782778864970646
DATAFLOW,OECD.SDD.STES:DSD_KEI@DF_KEI(4.0),I,ITA,M,CP,GR,_Z,_Z,GY,2019-06,0.68359375
DATAFLOW,OECD.SDD.STES:DSD_KEI@DF_KEI(4.0),I,ITA,M,CP,GR,_Z,_Z,GY,2019-07,0.389483933787704
DATAFLOW,OECD.SDD.STES:DSD_KEI@DF_KEI(4.0),I,ITA,M,CP,GR,_Z,_Z,GY,2019-08,0.387972841901063
DATAFLOW,OECD.SDD.STES:DSD_KEI@DF_KEI(4.0),I,ITA,M,CP,GR,_Z,_Z,GY,2019-09,0.292397660818722
DATAFLOW,OECD.SDD.STES:DSD_KEI@DF_KEI(4.0),I,ITA,M,CP,GR,_Z,_Z,GY,2019-10,0.194931773879148
DATAFLOW,OECD.SDD.STES:DSD_KEI@DF_KEI(4.0),I,ITA,M,CP,GR,_Z,_Z,GY,2019-11,0.1953125
DATAFLOW,OECD.SDD.STES:DSD_KEI@DF_KEI(4.0),I,ITA,M,CP,GR,_Z,_Z,GY,2019-12,0.488758553274704
DATAFLOW,OECD.SDD.STES:DSD_KEI@DF_KEI(4.0),I,ITA,M,CP,GR,_Z,_Z,GY,2020-01,0.488281250000022
DATAFLOW,OECD.SDD.STES:DSD_KEI@DF_KEI(4.0),I,ITA,M,CP,GR,_Z,_Z,GY,2020-02,0.292682926829269
DATAFLOW,OECD.SDD.STES:DSD_KEI@DF_KEI(4.0),I,ITA,M,CP,GR,_Z,_Z,GY,2020-03,0.0972762645914615
DATAFLOW,OECD.SDD.STES:DSD_KEI@DF_KEI(4.0),I,ITA,M,CP,GR,_Z,_Z,GY,2020-05,-0.194174757281551
DATAFLOW,OECD.SDD.STES:DSD_KEI@DF_KEI(4.0),I,ITA,M,CP,GR,_Z,_Z,GY,2020-06,-0.193986420950509
DATAFLOW,OECD.SDD.STES:DSD_KEI@DF_KEI(4.0),I,ITA,M,CP,GR,_Z,_Z,GY,2020-07,-0.387972841901041
DATAFLOW,OECD.SDD.STES:DSD_KEI@DF_KEI(4.0),I,CAN,M,CP,IX,_Z,_Z,_Z,2025-09,130.287068738477
DATAFLOW,OECD.SDD.STES:DSD_KEI@DF_KEI(4.0),I,CAN,M,CP,IX,_Z,_Z,_Z,2025-11,130.68211746115298
DATAFLOW,OECD.SDD.STES:DSD_KEI@DF_KEI(4.0),I,CAN,M,CP,IX,_Z,_Z,_Z,2025-12,130.366078483013
DATAFLOW,OECD.SDD.STES:DSD_KEI@DF_KEI(4.0),I,CAN,M,CP,GR,_Z,_Z,GY,2007-01,1.10905730129389
DATAFLOW,OECD.SDD.STES:DSD_KEI@DF_KEI(4.0),I,CAN,M,CP,GR,_Z,_Z,GY,2007-03,2.30202578268881
DATAFLOW,OECD.SDD.STES:DSD_KEI@DF_KEI(4.0),I,CAN,M,CP,GR,_Z,_Z,GY,2007-04,2.19780219780217
DATAFLOW,OECD.SDD.STES:DSD_KEI@DF_KEI(4.0),I,CAN,M,CP,GR,_Z,_Z,GY,2007-05,2.1877848678213
DATAFLOW,OECD.SDD.STES:DSD_KEI@DF_KEI(4.0),I,CAN,M,CP,GR,_Z,_Z,GY,2007-06,2.19178082191791
DATAFLOW,OECD.SDD.STES:DSD_KEI@DF_KEI(4.0),I,CAN,M,CP,GR,_Z,_Z,GY,2007-07,2.1897810218978
DATAFLOW,OECD.SDD.STES:DSD_KEI@DF_KEI(4.0),I,CAN,M,CP,GR,_Z,_Z,GY,2007-08,1.73041894353367
DATAFLOW,OECD.SDD.STES:DSD_KEI@DF_KEI(4.0),I,CAN,M,CP,GR,_Z,_Z,GY,2007-09,2.47252747252749
DATAFLOW,OECD.SDD.STES:DSD_KEI@DF_KEI(4.0),I,CAN,M,CP,GR,_Z,_Z,GY,2007-10,2.38532110091738
DATAFLOW,OECD.SDD.STES:DSD_KEI@DF_KEI(4.0),I,CAN,M,CP,GR,_Z,_Z,GY,2007-11,2.47252747252749
DATAFLOW,OECD.SDD.STES:DSD_KEI@DF_KEI(4.0),I,CAN,M,CP,GR,_Z,_Z,GY,2007-12,2.37659963436923
DATAFLOW,OECD.SDD.STES:DSD_KEI@DF_KEI(4.0),I,CAN,M,CP,GR,_Z,_Z,GY,2008-02,1.81488203266778
DATAFLOW,OECD.SDD.STES:DSD_KEI@DF_KEI(4.0),I,CAN,M,CP,GR,_Z,_Z,GY,2008-03,1.35013501350136
DATAFLOW,OECD.SDD.STES:DSD_KEI@DF_KEI(4.0),I,CAN,M,CP,GR,_Z,_Z,GY,2008-04,1.70250896057345
DATAFLOW,OECD.SDD.STES:DSD_KEI@DF_KEI(4.0),I,CAN,M,CP,GR,_Z,_Z,GY,2008-05,2.23015165031213
DATAFLOW,OECD.SDD.STES:DSD_KEI@DF_KEI(4.0),I,CAN,M,CP,GR,_Z,_Z,GY,2008-06,3.12779267202852
DATAFLOW,OECD.SDD.STES:DSD_KEI@DF_KEI(4.0),I,CAN,M,CP,GR,_Z,_Z,GY,2008-07,3.3928571428572
DATAFLOW,OECD.SDD.STES:DSD_KEI@DF_KEI(4.0),I,CAN,M,CP,GR,_Z,_Z,GY,2008-08,3.4914950760967
DATAFLOW,OECD.SDD.STES:DSD_KEI@DF_KEI(4.0),I,CAN,M,CP,GR,_Z,_Z,GY,2008-09,3.39588918677385
DATAFLOW,OECD.SDD.STES:DSD_KEI@DF_KEI(4.0),I,CAN,M,CP,GR,_Z,_Z,GY,2008-10,2.59856630824371
DATAFLOW,OECD.SDD.STES:DSD_KEI@DF_KEI(4.0),I,CAN,M,CP,GR,_Z,_Z,GY,2008-12,1.16071428571431
DATAFLOW,OECD.SDD.STES:DSD_KEI@DF_KEI(4.0),I,CAN,M,CP,GR,_Z,_Z,GY,2009-01,1.07334525939176
DATAFLOW,OECD.SDD.STES:DSD_KEI@DF_KEI(4.0),I,CAN,M,CP,GR,_Z,_Z,GY,2009-02,1.42602495543678
DATAFLOW,OECD.SDD.STES:DSD_KEI@DF_KEI(4.0),I,CAN,M,CP,GR,_Z,_Z,GY,2009-03,1.24333925399642
DATAFLOW,OECD.SDD.STES:DSD_KEI@DF_KEI(4.0),I,CAN,M,CP,GR,_Z,_Z,GY,2009-04,0.352422907488936
DATAFLOW,OECD.SDD.STES:DSD_KEI@DF_KEI(4.0),I,CAN,M,CP,GR,_Z,_Z,G1,2017-07,0.0
DATAFLOW,OECD.SDD.STES:DSD_KEI@DF_KEI(4.0),I,CAN,M,CP,GR,_Z,_Z,G1,2019-12,0.0
DATAFLOW,OECD.SDD.STES:DSD_KEI@DF_KEI(4.0),I,CAN,M,CP,GR,_Z,_Z,G1,2020-07,0.0
DATAFLOW,OECD.SDD.STES:DSD_KEI@DF_KEI(4.0),I,CAN,M,CP,GR,_Z,_Z,G1,2024-01,0.0
DATAFLOW,OECD.SDD.STES:DSD_KEI@DF_KEI(4.0),I,CAN,M,CP,GR,_Z,_Z,G1,2024-11,0.0
DATAFLOW,OECD.SDD.STES:DSD_KEI@DF_KEI(4.0),I,CAN,M,CP,GR,_Z,_Z,G1,2026-01,0.0
DATAFLOW,OECD.SDD.STES:DSD_KEI@DF_KEI(4.0),I,CAN,M,CP,GR,_Z,_Z,G1,2007-01,0.0
DATAFLOW,OECD.SDD.STES:DSD_KEI@DF_KEI(4.0),I,CAN,M,CP,GR,_Z,_Z,G1,2009-08,0.0
DATAFLOW,OECD.SDD.STES:DSD_KEI@DF_KEI(4.0),I,CAN,M,CP,GR,_Z,_Z,G1,2009-09,0.0
DATAFLOW,OECD.SDD.STES:DSD_KEI@DF_KEI(4.0),I,CAN,M,CP,GR,_Z,_Z,G1,2010-03,0.0
DATAFLOW,OECD.SDD.STES:DSD_KEI@DF_KEI(4.0),I,CAN,M,CP,GR,_Z,_Z,G1,2010-12,0.0
DATAFLOW,OECD.SDD.STES:DSD_KEI@DF_KEI(4.0),I,CAN,M,CP,GR,_Z,_Z,G1,2013-06,0.0
DATAFLOW,OECD.SDD.STES:DSD_KEI@DF_KEI(4.0),I,CAN,M,CP,GR,_Z,_Z,G1,2013-08,0.0
DATAFLOW,OECD.SDD.STES:DSD_KEI@DF_KEI(4.0),I,CAN,M,CP,GR,_Z,_Z,G1,2013-11,0.0
DATAFLOW,OECD.SDD.STES:DSD_KEI@DF_KEI(4.0),I,CAN,M,CP,GR,_Z,_Z,G1,2014-08,0.0
DATAFLOW,OECD.SDD.STES:DSD_KEI@DF_KEI(4.0),I,CAN,M,CP,GR,_Z,_Z,G1,2015-08,0.0
DATAFLOW,OECD.SDD.STES:DSD_KEI@DF_KEI(4.0),I,ITA,M,CP,IX,_Z,_Z,_Z,2009-06,91.6925481120792
DATAFLOW,OECD.SDD.STES:DSD_KEI@DF_KEI(4.0),I,ITA,M,CP,GR,_Z,_Z,GY,2020-10,-0.291828793774329
DATAFLOW,OECD.SDD.STES:DSD_KEI@DF_KEI(4.0),I,ITA,M,CP,GR,_Z,_Z,GY,2020-11,-0.194931773879148
DATAFLOW,OECD.SDD.STES:DSD_KEI@DF_KEI(4.0),I,ITA,M,CP,GR,_Z,_Z,GY,2020-12,-0.194552529182879
DATAFLOW,OECD.SDD.STES:DSD_KEI@DF_KEI(4.0),I,ITA,M,CP,GR,_Z,_Z,GY,2021-01,0.388726919339133
DATAFLOW,OECD.SDD.STES:DSD_KEI@DF_KEI(4.0),I,ITA,M,CP,GR,_Z,_Z,GY,2015-03,-0.0931098696461907
DATAFLOW,OECD.SDD.STES:DSD_KEI@DF_KEI(4.0),I,ITA,M,CP,GR,_Z,_Z,GY,2015-04,-0.0929368029739863
DATAFLOW,OECD.SDD.STES:DSD_KEI@DF_KEI(4.0),I,ITA,M,CP,GR,_Z,_Z,GY,2015-05,0.093023255813951
DATAFLOW,OECD.SDD.STES:DSD_KEI@DF_KEI(4.0),I,ITA,M,CP,GR,_Z,_Z,GY,2015-06,0.18587360594795
DATAFLOW,OECD.SDD.STES:DSD_KEI@DF_KEI(4.0),I,ITA,M,CP,GR,_Z,_Z,GY,2015-07,0.186046511627902
DATAFLOW,OECD.SDD.STES:DSD_KEI@DF_KEI(4.0),I,ITA,M,CP,GR,_Z,_Z,GY,2022-11,11.7702448210923
DATAFLOW,OECD.SDD.STES:DSD_KEI@DF_KEI(4.0),I,ITA,M,CP,GR,_Z,_Z,GY,2022-12,11.6322701688555
DATAFLOW,OECD.SDD.STES:DSD_KEI@DF_KEI(4.0),I,ITA,M,CP,GR,_Z,_Z,GY,2023-01,9.97229916897508
DATAFLOW,OECD.SDD.STES:DSD_KEI@DF_KEI(4.0),I,ITA,M,CP,GR,_Z,_Z,GY,2023-02,9.14913083257092
DATAFLOW,OECD.SDD.STES:DSD_KEI@DF_KEI(4.0),I,ITA,M,CP,GR,_Z,_Z,GY,2023-03,7.6086956521739
DATAFLOW,OECD.SDD.STES:DSD_KEI@DF_KEI(4.0),I,ITA,M,CP,GR,_Z,_Z,GY,2023-04,8.15956482320943
DATAFLOW,OECD.SDD.STES:DSD_KEI@DF_KEI(4.0),I,ITA,M,CP,GR,_Z,_Z,GY,2023-05,7.64388489208632
DATAFLOW,OECD.SDD.STES:DSD_KEI@DF_KEI(4.0),I,ITA,M,CP,GR,_Z,_Z,GY,2023-06,6.40000000000001
DATAFLOW,OECD.SDD.STES:DSD_KEI@DF_KEI(4.0),I,ITA,M,CP,GR,_Z,_Z,GY,2023-07,5.929203539823
DATAFLOW,OECD.SDD.STES:DSD_KEI@DF_KEI(4.0),I,ITA,M,CP,GR,_Z,_Z,GY,2023-08,5.44337137840212
DATAFLOW,OECD.SDD.STES:DSD_KEI@DF_KEI(4.0),I,ITA,M,CP,GR,_Z,_Z,GY,2023-09,5.34150612959718
DATAFLOW,OECD.SDD.STES:DSD_KEI@DF_KEI(4.0),I,ITA,M,CP,GR,_Z,_Z,GY,2023-10,1.69348010160881
DATAFLOW,OECD.SDD.STES:DSD_KEI@DF_KEI(4.0),I,ITA,M,CP,GR,_Z,_Z,GY,2023-11,0.67396798652064
DATAFLOW,OECD.SDD.STES:DSD_KEI@DF_KEI(4.0),I,ITA,M,CP,GR,_Z,_Z,GY,2023-12,0.588235294117667
DATAFLOW,OECD.SDD.STES:DSD_KEI@DF_KEI(4.0),I,ITA,M,CP,GR,_Z,_Z,GY,2024-01,0.839630562552474
DATAFLOW,OECD.SDD.STES:DSD_KEI@DF_KEI(4.0),I,ITA,M,CP,GR,_Z,_Z,GY,2024-02,0.75440067057837
DATAFLOW,OECD.SDD.STES:DSD_KEI@DF_KEI(4.0),I,ITA,M,CP,GR,_Z,_Z,GY,2024-03,1.17845117845119
DATAFLOW,OECD.SDD.STES:DSD_KEI@DF_KEI(4.0),I,ITA,M,CP,GR,_Z,_Z,GY,2024-04,0.83822296730931
DATAFLOW,OECD.SDD.STES:DSD_KEI@DF_KEI(4.0),I,ITA,M,CP,GR,_Z,_Z,GY,2024-05,0.751879699248104
DATAFLOW,OECD.SDD.STES:DSD_KEI@DF_KEI(4.0),I,ITA,M,CP,GR,_Z,_Z,GY,2024-06,0.835421888053478
DATAFLOW,OECD.SDD.STES:DSD_KEI@DF_KEI(4.0),I,ITA,M,CP,GR,_Z,_Z,GY,2024-07,1.25313283208019
DATAFLOW,OECD.SDD.STES:DSD_KEI@DF_KEI(4.0),I,ITA,M,CP,GR,_Z,_Z,GY,2024-08,1.08243130724397
DATAFLOW,OECD.SDD.STES:DSD_KEI@DF_KEI(4.0),I,ITA,M,CP,GR,_Z,_Z,GY,2024-09,0.748129675810461
DATAFLOW,OECD.SDD.STES:DSD_KEI@DF_KEI(4.0),I,ITA,M,CP,GR,_Z,_Z,GY,2024-10,0.915903413821817
DATAFLOW,OECD.SDD.STES:DSD_KEI@DF_KEI(4.0),I,ITA,M,CP,GR,_Z,_Z,GY,2024-11,1.33891213389121
DATAFLOW,OECD.SDD.STES:DSD_KEI@DF_KEI(4.0),I,ITA,M,CP,GR,_Z,_Z,GY,2024-12,1.25313283208019
DATAFLOW,OECD.SDD.STES:DSD_KEI@DF_KEI(4.0),I,ITA,M,CP,GR,_Z,_Z,GY,2025-01,1.49875104079933
DATAFLOW,OECD.SDD.STES:DSD_KEI@DF_KEI(4.0),I,ITA,M,CP,GR,_Z,_Z,GY,2025-02,1.58069883527454
DATAFLOW,OECD.SDD.STES:DSD_KEI@DF_KEI(4.0),I,ITA,M,CP,GR,_Z,_Z,GY,2025-03,1.91347753743762
DATAFLOW,OECD.SDD.STES:DSD_KEI@DF_KEI(4.0),I,ITA,M,CP,GR,_Z,_Z,GY,2025-04,1.91188694929343
DATAFLOW,OECD.SDD.STES:DSD_KEI@DF_KEI(4.0),I,ITA,M,CP,GR,_Z,_Z,GY,2025-05,1.57545605306801
DATAFLOW,OECD.SDD.STES:DSD_KEI@DF_KEI(4.0),I,ITA,M,CP,GR,_Z,_Z,GY,2025-06,1.65700082850042
DATAFLOW,OECD.SDD.STES:DSD_KEI@DF_KEI(4.0),I,ITA,M,CP,GR,_Z,_Z,GY,2025-07,1.65016501650166
DATAFLOW,OECD.SDD.STES:DSD_KEI@DF_KEI(4.0),I,ITA,M,CP,GR,_Z,_Z,GY,2025-08,1.56507413509059
DATAFLOW,OECD.SDD.STES:DSD_KEI@DF_KEI(4.0),I,ITA,M,CP,GR,_Z,_Z,GY,2025-09,1.56765676567656
DATAFLOW,OECD.SDD.STES:DSD_KEI@DF_KEI(4.0),I,ITA,M,CP,GR,_Z,_Z,GY,2025-10,1.23762376237624
DATAFLOW,OECD.SDD.STES:DSD_KEI@DF_KEI(4.0),I,ITA,M,CP,GR,_Z,_Z,GY,2025-11,1.07349298100743
DATAFLOW,OECD.SDD.STES:DSD_KEI@DF_KEI(4.0),I,ITA,M,CP,GR,_Z,_Z,GY,2025-12,1.15511551155116
DATAFLOW,OECD.SDD.STES:DSD_KEI@DF_KEI(4.0),I,ITA,M,CP,IX,_Z,_Z,_Z,2016-02,99.4
DATAFLOW,OECD.SDD.STES:DSD_KEI@DF_KEI(4.0),I,ITA,M,CP,IX,_Z,_Z,_Z,2016-06,99.9
DATAFLOW,OECD.SDD.STES:DSD_KEI@DF_KEI(4.0),I,ITA,M,CP,IX,_Z,_Z,_Z,2016-11,99.9
DATAFLOW,OECD.SDD.STES:DSD_KEI@DF_KEI(4.0),I,ITA,M,CP,IX,_Z,_Z,_Z,2017-08,101.5
DATAFLOW,OECD.SDD.STES:DSD_KEI@DF_KEI(4.0),I,ITA,M,CP,IX,_Z,_Z,_Z,2018-01,101.5
DATAFLOW,OECD.SDD.STES:DSD_KEI@DF_KEI(4.0),I,ITA,M,CP,IX,_Z,_Z,_Z,2018-02,101.5
DATAFLOW,OECD.SDD.STES:DSD_KEI@DF_KEI(4.0),I,ITA,M,CP,IX,_Z,_Z,_Z,2018-04,101.9
DATAFLOW,OECD.SDD.STES:DSD_KEI@DF_KEI(4.0),I,ITA,M,CP,IX,_Z,_Z,_Z,2018-07,102.7
DATAFLOW,OECD.SDD.STES:DSD_KEI@DF_KEI(4.0),I,ITA,M,CP,IX,_Z,_Z,_Z,2019-09,102.9
DATAFLOW,OECD.SDD.STES:DSD_KEI@DF_KEI(4.0),I,ITA,M,CP,IX,_Z,_Z,_Z,2020-01,102.9
DATAFLOW,OECD.SDD.STES:DSD_KEI@DF_KEI(4.0),I,ITA,M,CP,IX,_Z,_Z,_Z,2020-03,102.9
DATAFLOW,OECD.SDD.STES:DSD_KEI@DF_KEI(4.0),I,ITA,M,CP,IX,_Z,_Z,_Z,2020-06,102.9
DATAFLOW,OECD.SDD.STES:DSD_KEI@DF_KEI(4.0),I,ITA,M,CP,IX,_Z,_Z,_Z,2020-07,102.7
DATAFLOW,OECD.SDD.STES:DSD_KEI@DF_KEI(4.0),I,ITA,M,CP,IX,_Z,_Z,_Z,2021-03,103.7
DATAFLOW,OECD.SDD.STES:DSD_KEI@DF_KEI(4.0),I,ITA,M,CP,IX,_Z,_Z,_Z,2021-07,104.7
DATAFLOW,OECD.SDD.STES:DSD_KEI@DF_KEI(4.0),I,ITA,M,CP,IX,_Z,_Z,_Z,2021-09,104.9
DATAFLOW,OECD.SDD.STES:DSD_KEI@DF_KEI(4.0),I,ITA,M,CP,IX,_Z,_Z,_Z,2022-07,113.0
DATAFLOW,OECD.SDD.STES:DSD_KEI@DF_KEI(4.0),I,ITA,M,CP,IX,_Z,_Z,_Z,2022-09,114.2
DATAFLOW,OECD.SDD.STES:DSD_KEI@DF_KEI(4.0),I,ITA,M,CP,IX,_Z,_Z,_Z,2024-08,121.4
DATAFLOW,OECD.SDD.STES:DSD_KEI@DF_KEI(4.0),I,ITA,M,CP,IX,_Z,_Z,_Z,2025-02,122.1
DATAFLOW,OECD.SDD.STES:DSD_KEI@DF_KEI(4.0),I,ITA,M,CP,IX,_Z,_Z,_Z,2025-09,123.1
DATAFLOW,OECD.SDD.STES:DSD_KEI@DF_KEI(4.0),I,ITA,M,CP,IX,_Z,_Z,_Z,2007-01,86.9016457433784
DATAFLOW,OECD.SDD.STES:DSD_KEI@DF_KEI(4.0),I,ITA,M,CP,IX,_Z,_Z,_Z,2007-02,87.16780698608399
DATAFLOW,OECD.SDD.STES:DSD_KEI@DF_KEI(4.0),I,ITA,M,CP,IX,_Z,_Z,_Z,2007-03,87.30088760743679
DATAFLOW,OECD.SDD.STES:DSD_KEI@DF_KEI(4.0),I,ITA,M,CP,IX,_Z,_Z,_Z,2007-04,87.43396822878961
DATAFLOW,OECD.SDD.STES:DSD_KEI@DF_KEI(4.0),I,ITA,M,CP,IX,_Z,_Z,_Z,2007-05,87.7001294714952
DATAFLOW,OECD.SDD.STES:DSD_KEI@DF_KEI(4.0),I,ITA,M,CP,IX,_Z,_Z,_Z,2007-06,87.8997504035244
DATAFLOW,OECD.SDD.STES:DSD_KEI@DF_KEI(4.0),I,ITA,M,CP,IX,_Z,_Z,_Z,2007-07,88.0993713355536
DATAFLOW,OECD.SDD.STES:DSD_KEI@DF_KEI(4.0),I,ITA,M,CP,IX,_Z,_Z,_Z,2007-08,88.2324519569064
DATAFLOW,OECD.SDD.STES:DSD_KEI@DF_KEI(4.0),I,ITA,M,CP,IX,_Z,_Z,_Z,2007-09,88.2324519569064
DATAFLOW,OECD.SDD.STES:DSD_KEI@DF_KEI(4.0),I,ITA,M,CP,IX,_Z,_Z,_Z,2007-10,88.498613199612
DATAFLOW,OECD.SDD.STES:DSD_KEI@DF_KEI(4.0),I,ITA,M,CP,IX,_Z,_Z,_Z,2007-11,88.83131475299399
DATAFLOW,OECD.SDD.STES:DSD_KEI@DF_KEI(4.0),I,ITA,M,CP,IX,_Z,_Z,_Z,2007-12,89.0974759956996
DATAFLOW,OECD.SDD.STES:DSD_KEI@DF_KEI(4.0),I,ITA,M,CP,IX,_Z,_Z,_Z,2008-01,89.496717859758
DATAFLOW,OECD.SDD.STES:DSD_KEI@DF_KEI(4.0),I,ITA,M,CP,IX,_Z,_Z,_Z,2008-02,89.6963387917872
DATAFLOW,OECD.SDD.STES:DSD_KEI@DF_KEI(4.0),I,ITA,M,CP,IX,_Z,_Z,_Z,2008-03,90.162120966522
DATAFLOW,OECD.SDD.STES:DSD_KEI@DF_KEI(4.0),I,ITA,M,CP,IX,_Z,_Z,_Z,2008-04,90.3617418985512
DATAFLOW,OECD.SDD.STES:DSD_KEI@DF_KEI(4.0),I,ITA,M,CP,IX,_Z,_Z,_Z,2008-05,90.827524073286
DATAFLOW,OECD.SDD.STES:DSD_KEI@DF_KEI(4.0),I,ITA,M,CP,IX,_Z,_Z,_Z,2008-06,91.2267659373444
DATAFLOW,OECD.SDD.STES:DSD_KEI@DF_KEI(4.0),I,ITA,M,CP,IX,_Z,_Z,_Z,2008-07,91.6925481120792
DATAFLOW,OECD.SDD.STES:DSD_KEI@DF_KEI(4.0),I,ITA,M,CP,IX,_Z,_Z,_Z,2008-08,91.825628733432
DATAFLOW,OECD.SDD.STES:DSD_KEI@DF_KEI(4.0),I,ITA,M,CP,IX,_Z,_Z,_Z,2008-09,91.5594674907264
DATAFLOW,OECD.SDD.STES:DSD_KEI@DF_KEI(4.0),I,ITA,M,CP,IX,_Z,_Z,_Z,2008-10,91.5594674907264
DATAFLOW,OECD.SDD.STES:DSD_KEI@DF_KEI(4.0),I,ITA,M,CP,IX,_Z,_Z,_Z,2008-11,91.2267659373444
DATAFLOW,OECD.SDD.STES:DSD_KEI@DF_KEI(4.0),I,ITA,M,CP,IX,_Z,_Z,_Z,2008-12,91.0936853159916
DATAFLOW,OECD.SDD.STES:DSD_KEI@DF_KEI(4.0),I,ITA,M,CP,IX,_Z,_Z,_Z,2009-01,90.9606046946388
DATAFLOW,OECD.SDD.STES:DSD_KEI@DF_KEI(4.0),I,ITA,M,CP,IX,_Z,_Z,_Z,2009-02,91.160225626668
DATAFLOW,OECD.SDD.STES:DSD_KEI@DF_KEI(4.0),I,ITA,M,CP,IX,_Z,_Z,_Z,2009-03,91.2267659373444
DATAFLOW,OECD.SDD.STES:DSD_KEI@DF_KEI(4.0),I,ITA,M,CP,IX,_Z,_Z,_Z,2014-11,99.7209776
DATAFLOW,OECD.SDD.STES:DSD_KEI@DF_KEI(4.0),I,ITA,M,CP,IX,_Z,_Z,_Z,2014-12,99.7209776
DATAFLOW,OECD.SDD.STES:DSD_KEI@DF_KEI(4.0),I,ITA,M,CP,IX,_Z,_Z,_Z,2015-01,99.3488844
DATAFLOW,OECD.SDD.STES:DSD_KEI@DF_KEI(4.0),I,ITA,M,CP,IX,_Z,_Z,_Z,2015-02,99.7209776
DATAFLOW,OECD.SDD.STES:DSD_KEI@DF_KEI(4.0),I,ITA,M,CP,IX,_Z,_Z,_Z,2015-03,99.8140009
DATAFLOW,OECD.SDD.STES:DSD_KEI@DF_KEI(4.0),I,ITA,M,CP,IX,_Z,_Z,_Z,2015-04,100.0000475
DATAFLOW,OECD.SDD.STES:DSD_KEI@DF_KEI(4.0),I,ITA,M,CP,IX,_Z,_Z,_Z,2015-05,100.0930708
DATAFLOW,OECD.SDD.STES:DSD_KEI@DF_KEI(4.0),I,ITA,M,CP,IX,_Z,_Z,_Z,2015-06,100.2791174
DATAFLOW,OECD.SDD.STES:DSD_KEI@DF_KEI(4.0),I,ITA,M,CP,IX,_Z,_Z,_Z,2015-07,100.1860941
DATAFLOW,OECD.SDD.STES:DSD_KEI@DF_KEI(4.0),I,ITA,M,CP,IX,_Z,_Z,_Z,2015-08,100.3721407
DATAFLOW,OECD.SDD.STES:DSD_KEI@DF_KEI(4.0),I,ITA,M,CP,IX,_Z,_Z,_Z,2015-09,100.0000475
DATAFLOW,OECD.SDD.STES:DSD_KEI@DF_KEI(4.0),I,ITA,M,CP,IX,_Z,_Z,_Z,2015-10,100.1860941
DATAFLOW,OECD.SDD.STES:DSD_KEI@DF_KEI(4.0),I,ITA,M,CP,IX,_Z,_Z,_Z,2015-11,99.8140009
DATAFLOW,OECD.SDD.STES:DSD_KEI@DF_KEI(4.0),I,ITA,M,CP,IX,_Z,_Z,_Z,2015-12,99.8140009
DATAFLOW,OECD.SDD.STES:DSD_KEI@DF_KEI(4.0),I,ITA,M,CP,IX,_Z,_Z,_Z,2016-07,100.09999999999998
DATAFLOW,OECD.SDD.STES:DSD_KEI@DF_KEI(4.0),I,ITA,M,CP,IX,_Z,_Z,_Z,2016-08,100.29999999999998
DATAFLOW,OECD.SDD.STES:DSD_KEI@DF_KEI(4.0),I,ITA,M,CP,IX,_Z,_Z,_Z,2016-09,100.09999999999998
DATAFLOW,OECD.SDD.STES:DSD_KEI@DF_KEI(4.0),I,ITA,M,CP,IX,_Z,_Z,_Z,2016-12,100.29999999999998
DATAFLOW,OECD.SDD.STES:DSD_KEI@DF_KEI(4.0),I,ITA,M,CP,IX,_Z,_Z,_Z,2019-02,102.5
DATAFLOW,OECD.SDD.STES:DSD_KEI@DF_KEI(4.0),I,ITA,M,CP,IX,_Z,_Z,_Z,2019-08,103.5
DATAFLOW,OECD.SDD.STES:DSD_KEI@DF_KEI(4.0),I,ITA,M,CP,IX,_Z,_Z,_Z,2020-09,102.29999999999998
DATAFLOW,OECD.SDD.STES:DSD_KEI@DF_KEI(4.0),I,ITA,M,CP,IX,_Z,_Z,_Z,2020-10,102.5
DATAFLOW,OECD.SDD.STES:DSD_KEI@DF_KEI(4.0),I,ITA,M,CP,IX,_Z,_Z,_Z,2021-01,103.29999999999998
DATAFLOW,OECD.SDD.STES:DSD_KEI@DF_KEI(4.0),I,ITA,M,CP,IX,_Z,_Z,_Z,2021-10,105.6
DATAFLOW,OECD.SDD.STES:DSD_KEI@DF_KEI(4.0),I,ITA,M,CP,IX,_Z,_Z,_Z,2021-12,106.6
DATAFLOW,OECD.SDD.STES:DSD_KEI@DF_KEI(4.0),I,ITA,M,CP,IX,_Z,_Z,_Z,2022-10,118.1
DATAFLOW,OECD.SDD.STES:DSD_KEI@DF_KEI(4.0),I,ITA,M,CP,IX,_Z,_Z,_Z,2022-12,119.0
DATAFLOW,OECD.SDD.STES:DSD_KEI@DF_KEI(4.0),I,ITA,M,CP,IX,_Z,_Z,_Z,2023-01,119.1
DATAFLOW,OECD.SDD.STES:DSD_KEI@DF_KEI(4.0),I,ITA,M,CP,IX,_Z,_Z,_Z,2023-08,120.1
DATAFLOW,OECD.SDD.STES:DSD_KEI@DF_KEI(4.0),I,ITA,M,CP,IX,_Z,_Z,_Z,2023-09,120.3
DATAFLOW,OECD.SDD.STES:DSD_KEI@DF_KEI(4.0),I,ITA,M,CP,IX,_Z,_Z,_Z,2023-10,120.1
DATAFLOW,OECD.SDD.STES:DSD_KEI@DF_KEI(4.0),I,ITA,M,CP,IX,_Z,_Z,_Z,2018-12,102.29999999999998
DATAFLOW,OECD.SDD.STES:DSD_KEI@DF_KEI(4.0),I,ITA,M,CP,IX,_Z,_Z,_Z,2023-12,119.7
DATAFLOW,OECD.SDD.STES:DSD_KEI@DF_KEI(4.0),I,ITA,M,CP,IX,_Z,_Z,_Z,2024-01,120.1
DATAFLOW,OECD.SDD.STES:DSD_KEI@DF_KEI(4.0),I,ITA,M,CP,IX,_Z,_Z,_Z,2024-02,120.2
DATAFLOW,OECD.SDD.STES:DSD_KEI@DF_KEI(4.0),I,ITA,M,CP,IX,_Z,_Z,_Z,2024-03,120.2
DATAFLOW,OECD.SDD.STES:DSD_KEI@DF_KEI(4.0),I,ITA,M,CP,IX,_Z,_Z,_Z,2024-04,120.3
DATAFLOW,OECD.SDD.STES:DSD_KEI@DF_KEI(4.0),I,ITA,M,CP,IX,_Z,_Z,_Z,2024-05,120.6
DATAFLOW,OECD.SDD.STES:DSD_KEI@DF_KEI(4.0),I,ITA,M,CP,IX,_Z,_Z,_Z,2024-06,120.7
DATAFLOW,OECD.SDD.STES:DSD_KEI@DF_KEI(4.0),I,ITA,M,CP,GR,_Z,_Z,G1,2008-04,0.221402214022137
DATAFLOW,OECD.SDD.STES:DSD_KEI@DF_KEI(4.0),I,ITA,M,CP,GR,_Z,_Z,G1,2009-12,0.217391304347814
DATAFLOW,OECD.SDD.STES:DSD_KEI@DF_KEI(4.0),I,ITA,M,CP,GR,_Z,_Z,G1,2010-01,0.144613159797546
DATAFLOW,OECD.SDD.STES:DSD_KEI@DF_KEI(4.0),I,ITA,M,CP,GR,_Z,_Z,G1,2010-02,0.072202166064983
DATAFLOW,OECD.SDD.STES:DSD_KEI@DF_KEI(4.0),I,ITA,M,CP,GR,_Z,_Z,G1,2010-03,0.288600288600294
DATAFLOW,OECD.SDD.STES:DSD_KEI@DF_KEI(4.0),I,ITA,M,CP,GR,_Z,_Z,G1,2010-04,0.359712230215825
DATAFLOW,OECD.SDD.STES:DSD_KEI@DF_KEI(4.0),I,ITA,M,CP,GR,_Z,_Z,G1,2010-05,0.0716845878136141
DATAFLOW,OECD.SDD.STES:DSD_KEI@DF_KEI(4.0),I,ITA,M,CP,GR,_Z,_Z,G1,2010-07,0.358166189111753
DATAFLOW,OECD.SDD.STES:DSD_KEI@DF_KEI(4.0),I,ITA,M,CP,GR,_Z,_Z,G1,2010-08,0.214132762312635
DATAFLOW,OECD.SDD.STES:DSD_KEI@DF_KEI(4.0),I,ITA,M,CP,GR,_Z,_Z,G1,2010-09,-0.213675213675213
DATAFLOW,OECD.SDD.STES:DSD_KEI@DF_KEI(4.0),I,ITA,M,CP,GR,_Z,_Z,G1,2010-10,0.214132762312635
DATAFLOW,OECD.SDD.STES:DSD_KEI@DF_KEI(4.0),I,ITA,M,CP,GR,_Z,_Z,G1,2010-12,0.35612535612537
DATAFLOW,OECD.SDD.STES:DSD_KEI@DF_KEI(4.0),I,ITA,M,CP,GR,_Z,_Z,G1,2011-01,0.40987748554282
DATAFLOW,OECD.SDD.STES:DSD_KEI@DF_KEI(4.0),I,ITA,M,CP,GR,_Z,_Z,G1,2011-02,0.296442687747023
DATAFLOW,OECD.SDD.STES:DSD_KEI@DF_KEI(4.0),I,ITA,M,CP,GR,_Z,_Z,G1,2011-03,0.394088669950743
DATAFLOW,OECD.SDD.STES:DSD_KEI@DF_KEI(4.0),I,ITA,M,CP,GR,_Z,_Z,G1,2011-04,0.49067713444555
DATAFLOW,OECD.SDD.STES:DSD_KEI@DF_KEI(4.0),I,ITA,M,CP,GR,_Z,_Z,G1,2011-05,0.09765625
DATAFLOW,OECD.SDD.STES:DSD_KEI@DF_KEI(4.0),I,ITA,M,CP,GR,_Z,_Z,G1,2011-06,0.0975609756097562
DATAFLOW,OECD.SDD.STES:DSD_KEI@DF_KEI(4.0),I,ITA,M,CP,GR,_Z,_Z,G1,2011-07,0.2923976608187
DATAFLOW,OECD.SDD.STES:DSD_KEI@DF_KEI(4.0),I,ITA,M,CP,GR,_Z,_Z,G1,2011-08,0.291545189504361
DATAFLOW,OECD.SDD.STES:DSD_KEI@DF_KEI(4.0),I,ITA,M,CP,GR,_Z,_Z,G1,2011-10,0.58139534883721
DATAFLOW,OECD.SDD.STES:DSD_KEI@DF_KEI(4.0),I,ITA,M,CP,GR,_Z,_Z,G1,2011-11,-0.0963391136801439
DATAFLOW,OECD.SDD.STES:DSD_KEI@DF_KEI(4.0),I,ITA,M,CP,GR,_Z,_Z,G1,2011-12,0.385728061716484
DATAFLOW,OECD.SDD.STES:DSD_KEI@DF_KEI(4.0),I,ITA,M,CP,GR,_Z,_Z,G1,2012-01,0.288184438040351
DATAFLOW,OECD.SDD.STES:DSD_KEI@DF_KEI(4.0),I,ITA,M,CP,GR,_Z,_Z,G1,2012-02,0.383141762452111
DATAFLOW,OECD.SDD.STES:DSD_KEI@DF_KEI(4.0),I,ITA,M,CP,GR,_Z,_Z,G1,2012-03,0.477099236641232
DATAFLOW,OECD.SDD.STES:DSD_KEI@DF_KEI(4.0),I,ITA,M,CP,GR,_Z,_Z,G1,2012-04,0.47483380816713
DATAFLOW,OECD.SDD.STES:DSD_KEI@DF_KEI(4.0),I,ITA,M,CP,GR,_Z,_Z,G1,2012-06,0.189035916824198
DATAFLOW,OECD.SDD.STES:DSD_KEI@DF_KEI(4.0),I,ITA,M,CP,GR,_Z,_Z,G1,2012-07,0.094339622641515
DATAFLOW,OECD.SDD.STES:DSD_KEI@DF_KEI(4.0),I,ITA,M,CP,GR,_Z,_Z,G1,2012-08,0.3770028275212
DATAFLOW,OECD.SDD.STES:DSD_KEI@DF_KEI(4.0),I,ITA,M,CP,GR,_Z,_Z,G1,2012-11,-0.187793427230043
DATAFLOW,OECD.SDD.STES:DSD_KEI@DF_KEI(4.0),I,ITA,M,CP,GR,_Z,_Z,G1,2012-12,0.188146754468477
DATAFLOW,OECD.SDD.STES:DSD_KEI@DF_KEI(4.0),I,ITA,M,CP,GR,_Z,_Z,G1,2013-01,0.187793427230054
DATAFLOW,OECD.SDD.STES:DSD_KEI@DF_KEI(4.0),I,ITA,M,CP,GR,_Z,_Z,G1,2013-02,0.0937207122774231
DATAFLOW,OECD.SDD.STES:DSD_KEI@DF_KEI(4.0),I,ITA,M,CP,GR,_Z,_Z,G1,2013-03,0.187265917603008
DATAFLOW,OECD.SDD.STES:DSD_KEI@DF_KEI(4.0),I,ITA,M,CP,GR,_Z,_Z,G1,2013-06,0.280373831775704
DATAFLOW,OECD.SDD.STES:DSD_KEI@DF_KEI(4.0),I,ITA,M,CP,GR,_Z,_Z,G1,2013-07,0.0931966449207788
DATAFLOW,OECD.SDD.STES:DSD_KEI@DF_KEI(4.0),I,ITA,M,CP,GR,_Z,_Z,G1,2013-08,0.372439478584718
DATAFLOW,OECD.SDD.STES:DSD_KEI@DF_KEI(4.0),I,ITA,M,CP,GR,_Z,_Z,G1,2013-09,-0.278293135435992
DATAFLOW,OECD.SDD.STES:DSD_KEI@DF_KEI(4.0),I,ITA,M,CP,GR,_Z,_Z,G1,2013-10,-0.186046511627902
DATAFLOW,OECD.SDD.STES:DSD_KEI@DF_KEI(4.0),I,ITA,M,CP,GR,_Z,_Z,G1,2013-11,-0.279589934762348
DATAFLOW,OECD.SDD.STES:DSD_KEI@DF_KEI(4.0),I,ITA,M,CP,GR,_Z,_Z,G1,2013-12,0.18691588785047
DATAFLOW,OECD.SDD.STES:DSD_KEI@DF_KEI(4.0),I,ITA,M,CP,GR,_Z,_Z,G1,2014-01,0.186567164179108
DATAFLOW,OECD.SDD.STES:DSD_KEI@DF_KEI(4.0),I,ITA,M,CP,GR,_Z,_Z,G1,2014-02,-0.0931098696461907
DATAFLOW,OECD.SDD.STES:DSD_KEI@DF_KEI(4.0),I,ITA,M,CP,GR,_Z,_Z,G1,2014-03,0.0931966449207788
DATAFLOW,OECD.SDD.STES:DSD_KEI@DF_KEI(4.0),I,ITA,M,CP,GR,_Z,_Z,G1,2014-04,0.186219739292359
DATAFLOW,OECD.SDD.STES:DSD_KEI@DF_KEI(4.0),I,ITA,M,CP,GR,_Z,_Z,G1,2014-05,-0.0929368029739863
DATAFLOW,OECD.SDD.STES:DSD_KEI@DF_KEI(4.0),I,ITA,M,CP,GR,_Z,_Z,G1,2014-06,0.093023255813951
DATAFLOW,OECD.SDD.STES:DSD_KEI@DF_KEI(4.0),I,ITA,M,CP,GR,_Z,_Z,G1,2014-07,-0.0929368029739863
DATAFLOW,OECD.SDD.STES:DSD_KEI@DF_KEI(4.0),I,ITA,M,CP,GR,_Z,_Z,G1,2014-08,0.186046511627902
DATAFLOW,OECD.SDD.STES:DSD_KEI@DF_KEI(4.0),I,ITA,M,CP,GR,_Z,_Z,G1,2014-09,-0.371402042711222
DATAFLOW,OECD.SDD.STES:DSD_KEI@DF_KEI(4.0),I,ITA,M,CP,GR,_Z,_Z,G1,2014-10,0.0931966449207788
DATAFLOW,OECD.SDD.STES:DSD_KEI@DF_KEI(4.0),I,ITA,M,CP,GR,_Z,_Z,G1,2014-11,-0.18621973929237
DATAFLOW,OECD.SDD.STES:DSD_KEI@DF_KEI(4.0),I,ITA,M,CP,GR,_Z,_Z,G1,2015-01,-0.373134328358204
DATAFLOW,OECD.SDD.STES:DSD_KEI@DF_KEI(4.0),I,ITA,M,CP,GR,_Z,_Z,G1,2015-02,0.374531835205993
DATAFLOW,OECD.SDD.STES:DSD_KEI@DF_KEI(4.0),I,ITA,M,CP,GR,_Z,_Z,G1,2015-03,0.0932835820895539
DATAFLOW,OECD.SDD.STES:DSD_KEI@DF_KEI(4.0),I,ITA,M,CP,GR,_Z,_Z,G1,2015-04,0.186393289841558
DATAFLOW,OECD.SDD.STES:DSD_KEI@DF_KEI(4.0),I,ITA,M,CP,GR,_Z,_Z,G1,2015-05,0.093023255813951
DATAFLOW,OECD.SDD.STES:DSD_KEI@DF_KEI(4.0),I,ITA,M,CP,GR,_Z,_Z,G1,2015-06,0.18587360594795
DATAFLOW,OECD.SDD.STES:DSD_KEI@DF_KEI(4.0),I,ITA,M,CP,GR,_Z,_Z,G1,2015-07,-0.0927643784786714
DATAFLOW,OECD.SDD.STES:DSD_KEI@DF_KEI(4.0),I,ITA,M,CP,GR,_Z,_Z,G1,2015-08,0.185701021355622
DATAFLOW,OECD.SDD.STES:DSD_KEI@DF_KEI(4.0),I,ITA,M,CP,GR,_Z,_Z,G1,2015-09,-0.370713623725671
DATAFLOW,OECD.SDD.STES:DSD_KEI@DF_KEI(4.0),I,ITA,M,CP,GR,_Z,_Z,G1,2015-10,0.186046511627902
DATAFLOW,OECD.SDD.STES:DSD_KEI@DF_KEI(4.0),I,ITA,M,CP,GR,_Z,_Z,G1,2015-11,-0.371402042711222
DATAFLOW,OECD.SDD.STES:DSD_KEI@DF_KEI(4.0),I,ITA,M,CP,GR,_Z,_Z,G1,2016-01,-0.21439968147795
DATAFLOW,OECD.SDD.STES:DSD_KEI@DF_KEI(4.0),I,ITA,M,CP,GR,_Z,_Z,G1,2016-02,-0.200803212851397
DATAFLOW,OECD.SDD.STES:DSD_KEI@DF_KEI(4.0),I,ITA,M,CP,GR,_Z,_Z,G1,2016-03,0.201207243460755
DATAFLOW,OECD.SDD.STES:DSD_KEI@DF_KEI(4.0),I,ITA,M,CP,GR,_Z,_Z,G1,2016-04,-0.100401606425704
DATAFLOW,OECD.SDD.STES:DSD_KEI@DF_KEI(4.0),I,ITA,M,CP,GR,_Z,_Z,G1,2016-05,0.30150753768845
DATAFLOW,OECD.SDD.STES:DSD_KEI@DF_KEI(4.0),I,ITA,M,CP,GR,_Z,_Z,G1,2016-06,0.100200400801609
DATAFLOW,OECD.SDD.STES:DSD_KEI@DF_KEI(4.0),I,ITA,M,CP,GR,_Z,_Z,G1,2016-07,0.200200200200173
DATAFLOW,OECD.SDD.STES:DSD_KEI@DF_KEI(4.0),I,ITA,M,CP,GR,_Z,_Z,G1,2016-08,0.199800199800193
DATAFLOW,OECD.SDD.STES:DSD_KEI@DF_KEI(4.0),I,ITA,M,CP,GR,_Z,_Z,G1,2016-09,-0.19940179461615
DATAFLOW,OECD.SDD.STES:DSD_KEI@DF_KEI(4.0),I,ITA,M,CP,GR,_Z,_Z,G1,2016-10,-0.0999000999000854
DATAFLOW,OECD.SDD.STES:DSD_KEI@DF_KEI(4.0),I,ITA,M,CP,GR,_Z,_Z,G1,2016-11,-0.099999999999989
DATAFLOW,OECD.SDD.STES:DSD_KEI@DF_KEI(4.0),I,ITA,M,CP,GR,_Z,_Z,G1,2016-12,0.400400400400369
DATAFLOW,OECD.SDD.STES:DSD_KEI@DF_KEI(4.0),I,ITA,M,CP,GR,_Z,_Z,G1,2017-01,0.299102691924236
DATAFLOW,OECD.SDD.STES:DSD_KEI@DF_KEI(4.0),I,ITA,M,CP,GR,_Z,_Z,G1,2017-02,0.397614314115313
DATAFLOW,OECD.SDD.STES:DSD_KEI@DF_KEI(4.0),I,ITA,M,CP,GR,_Z,_Z,G1,2017-04,0.396039603960396
DATAFLOW,OECD.SDD.STES:DSD_KEI@DF_KEI(4.0),I,ITA,M,CP,GR,_Z,_Z,G1,2017-05,-0.197238658777121
DATAFLOW,OECD.SDD.STES:DSD_KEI@DF_KEI(4.0),I,ITA,M,CP,GR,_Z,_Z,G1,2017-06,-0.0988142292490224
DATAFLOW,OECD.SDD.STES:DSD_KEI@DF_KEI(4.0),I,ITA,M,CP,GR,_Z,_Z,G1,2017-07,0.098911968348192
DATAFLOW,OECD.SDD.STES:DSD_KEI@DF_KEI(4.0),I,ITA,M,CP,GR,_Z,_Z,G1,2017-08,0.296442687747045
DATAFLOW,OECD.SDD.STES:DSD_KEI@DF_KEI(4.0),I,ITA,M,CP,GR,_Z,_Z,G1,2017-09,-0.295566502463063
DATAFLOW,OECD.SDD.STES:DSD_KEI@DF_KEI(4.0),I,ITA,M,CP,GR,_Z,_Z,G1,2017-10,-0.197628458498023
DATAFLOW,OECD.SDD.STES:DSD_KEI@DF_KEI(4.0),I,ITA,M,CP,GR,_Z,_Z,G1,2017-11,-0.198019801980198
DATAFLOW,OECD.SDD.STES:DSD_KEI@DF_KEI(4.0),I,ITA,M,CP,GR,_Z,_Z,G1,2017-12,0.396825396825395
DATAFLOW,OECD.SDD.STES:DSD_KEI@DF_KEI(4.0),I,ITA,M,CP,GR,_Z,_Z,G1,2018-01,0.296442687747045
DATAFLOW,OECD.SDD.STES:DSD_KEI@DF_KEI(4.0),I,ITA,M,CP,GR,_Z,_Z,G1,2018-03,0.295566502463052
DATAFLOW,OECD.SDD.STES:DSD_KEI@DF_KEI(4.0),I,ITA,M,CP,GR,_Z,_Z,G1,2018-04,0.0982318271119942
DATAFLOW,OECD.SDD.STES:DSD_KEI@DF_KEI(4.0),I,ITA,M,CP,GR,_Z,_Z,G1,2018-05,0.294406280667303
DATAFLOW,OECD.SDD.STES:DSD_KEI@DF_KEI(4.0),I,ITA,M,CP,GR,_Z,_Z,G1,2018-06,0.195694716242656
DATAFLOW,OECD.SDD.STES:DSD_KEI@DF_KEI(4.0),I,ITA,M,CP,GR,_Z,_Z,G1,2018-07,0.29296875
DATAFLOW,OECD.SDD.STES:DSD_KEI@DF_KEI(4.0),I,ITA,M,CP,GR,_Z,_Z,G1,2018-08,0.389483933787704
DATAFLOW,OECD.SDD.STES:DSD_KEI@DF_KEI(4.0),I,ITA,M,CP,GR,_Z,_Z,G1,2018-09,-0.484966052376323
DATAFLOW,OECD.SDD.STES:DSD_KEI@DF_KEI(4.0),I,ITA,M,CP,GR,_Z,_Z,G1,2018-11,-0.194931773879148
DATAFLOW,OECD.SDD.STES:DSD_KEI@DF_KEI(4.0),I,ITA,M,CP,GR,_Z,_Z,G1,2018-12,-0.0976562500000111
DATAFLOW,OECD.SDD.STES:DSD_KEI@DF_KEI(4.0),I,ITA,M,CP,GR,_Z,_Z,G1,2019-01,0.0977517106549364
DATAFLOW,OECD.SDD.STES:DSD_KEI@DF_KEI(4.0),I,ITA,M,CP,GR,_Z,_Z,G1,2019-02,0.09765625
DATAFLOW,OECD.SDD.STES:DSD_KEI@DF_KEI(4.0),I,ITA,M,CP,GR,_Z,_Z,G1,2019-03,0.292682926829269
DATAFLOW,OECD.SDD.STES:DSD_KEI@DF_KEI(4.0),I,ITA,M,CP,GR,_Z,_Z,G1,2019-04,0.194552529182879
DATAFLOW,OECD.SDD.STES:DSD_KEI@DF_KEI(4.0),I,ITA,M,CP,GR,_Z,_Z,G1,2019-06,0.0970873786407589
DATAFLOW,OECD.SDD.STES:DSD_KEI@DF_KEI(4.0),I,ITA,M,CP,GR,_Z,_Z,G1,2019-08,0.387972841901063
DATAFLOW,OECD.SDD.STES:DSD_KEI@DF_KEI(4.0),I,ITA,M,CP,GR,_Z,_Z,G1,2019-09,-0.579710144927514
DATAFLOW,OECD.SDD.STES:DSD_KEI@DF_KEI(4.0),I,ITA,M,CP,GR,_Z,_Z,G1,2019-10,-0.0971817298348054
DATAFLOW,OECD.SDD.STES:DSD_KEI@DF_KEI(4.0),I,ITA,M,CP,GR,_Z,_Z,G1,2019-11,-0.194552529182879
DATAFLOW,OECD.SDD.STES:DSD_KEI@DF_KEI(4.0),I,ITA,M,CP,GR,_Z,_Z,G1,2019-12,0.194931773879148
DATAFLOW,OECD.SDD.STES:DSD_KEI@DF_KEI(4.0),I,ITA,M,CP,GR,_Z,_Z,G1,2020-01,0.0972762645914615
DATAFLOW,OECD.SDD.STES:DSD_KEI@DF_KEI(4.0),I,ITA,M,CP,GR,_Z,_Z,G1,2020-02,-0.0971817298348054
DATAFLOW,OECD.SDD.STES:DSD_KEI@DF_KEI(4.0),I,ITA,M,CP,GR,_Z,_Z,G1,2020-03,0.0972762645914615
DATAFLOW,OECD.SDD.STES:DSD_KEI@DF_KEI(4.0),I,ITA,M,CP,GR,_Z,_Z,G1,2020-04,0.0971817298347721
DATAFLOW,OECD.SDD.STES:DSD_KEI@DF_KEI(4.0),I,ITA,M,CP,GR,_Z,_Z,G1,2020-05,-0.194174757281551
DATAFLOW,OECD.SDD.STES:DSD_KEI@DF_KEI(4.0),I,ITA,M,CP,GR,_Z,_Z,G1,2020-06,0.0972762645914615
DATAFLOW,OECD.SDD.STES:DSD_KEI@DF_KEI(4.0),I,ITA,M,CP,GR,_Z,_Z,G1,2020-07,-0.194363459669578
DATAFLOW,OECD.SDD.STES:DSD_KEI@DF_KEI(4.0),I,ITA,M,CP,GR,_Z,_Z,G1,2020-08,0.292112950340795
DATAFLOW,OECD.SDD.STES:DSD_KEI@DF_KEI(4.0),I,ITA,M,CP,GR,_Z,_Z,G1,2020-09,-0.679611650485445
DATAFLOW,OECD.SDD.STES:DSD_KEI@DF_KEI(4.0),I,ITA,M,CP,GR,_Z,_Z,G1,2020-10,0.195503421309873
DATAFLOW,OECD.SDD.STES:DSD_KEI@DF_KEI(4.0),I,ITA,M,CP,GR,_Z,_Z,G1,2020-11,-0.0975609756097451
DATAFLOW,OECD.SDD.STES:DSD_KEI@DF_KEI(4.0),I,ITA,M,CP,GR,_Z,_Z,G1,2020-12,0.1953125
DATAFLOW,OECD.SDD.STES:DSD_KEI@DF_KEI(4.0),I,ITA,M,CP,GR,_Z,_Z,G1,2021-01,0.682261208576995
DATAFLOW,OECD.SDD.STES:DSD_KEI@DF_KEI(4.0),I,ITA,M,CP,GR,_Z,_Z,G1,2021-02,0.0968054211035962
DATAFLOW,OECD.SDD.STES:DSD_KEI@DF_KEI(4.0),I,ITA,M,CP,GR,_Z,_Z,G1,2021-03,0.290135396518387
DATAFLOW,OECD.SDD.STES:DSD_KEI@DF_KEI(4.0),I,ITA,M,CP,GR,_Z,_Z,G1,2021-04,0.385728061716462
DATAFLOW,OECD.SDD.STES:DSD_KEI@DF_KEI(4.0),I,ITA,M,CP,GR,_Z,_Z,G1,2021-06,0.0960614793467984
DATAFLOW,OECD.SDD.STES:DSD_KEI@DF_KEI(4.0),I,ITA,M,CP,GR,_Z,_Z,G1,2021-07,0.479846449136279
DATAFLOW,OECD.SDD.STES:DSD_KEI@DF_KEI(4.0),I,ITA,M,CP,GR,_Z,_Z,G1,2021-08,0.382043935052501
DATAFLOW,OECD.SDD.STES:DSD_KEI@DF_KEI(4.0),I,ITA,M,CP,GR,_Z,_Z,G1,2021-09,-0.190294957183612
DATAFLOW,OECD.SDD.STES:DSD_KEI@DF_KEI(4.0),I,ITA,M,CP,GR,_Z,_Z,G1,2021-10,0.667302192564345
DATAFLOW,OECD.SDD.STES:DSD_KEI@DF_KEI(4.0),I,ITA,M,CP,GR,_Z,_Z,G1,2021-11,0.568181818181812
DATAFLOW,OECD.SDD.STES:DSD_KEI@DF_KEI(4.0),I,ITA,M,CP,GR,_Z,_Z,G1,2021-12,0.376647834274957
DATAFLOW,OECD.SDD.STES:DSD_KEI@DF_KEI(4.0),I,ITA,M,CP,GR,_Z,_Z,G1,2022-01,1.59474671669793
DATAFLOW,OECD.SDD.STES:DSD_KEI@DF_KEI(4.0),I,ITA,M,CP,GR,_Z,_Z,G1,2022-02,0.923361034164349
DATAFLOW,OECD.SDD.STES:DSD_KEI@DF_KEI(4.0),I,ITA,M,CP,GR,_Z,_Z,G1,2022-03,1.00640439158282
DATAFLOW,OECD.SDD.STES:DSD_KEI@DF_KEI(4.0),I,ITA,M,CP,GR,_Z,_Z,G1,2022-04,-0.0905797101449335
DATAFLOW,OECD.SDD.STES:DSD_KEI@DF_KEI(4.0),I,ITA,M,CP,GR,_Z,_Z,G1,2022-05,0.815956482320956
DATAFLOW,OECD.SDD.STES:DSD_KEI@DF_KEI(4.0),I,ITA,M,CP,GR,_Z,_Z,G1,2022-06,1.16906474820142
DATAFLOW,OECD.SDD.STES:DSD_KEI@DF_KEI(4.0),I,ITA,M,CP,GR,_Z,_Z,GY,2020-08,-0.483091787439605
DATAFLOW,OECD.SDD.STES:DSD_KEI@DF_KEI(4.0),I,ITA,M,CP,GR,_Z,_Z,GY,2020-09,-0.583090379008766
DATAFLOW,OECD.SDD.STES:DSD_KEI@DF_KEI(4.0),I,ITA,M,CP,GR,_Z,_Z,GY,2016-03,-0.21439968147795
DATAFLOW,OECD.SDD.STES:DSD_KEI@DF_KEI(4.0),I,ITA,M,CP,GR,_Z,_Z,GY,2016-04,-0.500047262477554
DATAFLOW,OECD.SDD.STES:DSD_KEI@DF_KEI(4.0),I,ITA,M,CP,GR,_Z,_Z,GY,2016-05,-0.292798290288843
DATAFLOW,OECD.SDD.STES:DSD_KEI@DF_KEI(4.0),I,ITA,M,CP,GR,_Z,_Z,GY,2016-06,-0.378062162721016
DATAFLOW,OECD.SDD.STES:DSD_KEI@DF_KEI(4.0),I,ITA,M,CP,GR,_Z,_Z,GY,2016-07,-0.0859341815582337
DATAFLOW,OECD.SDD.STES:DSD_KEI@DF_KEI(4.0),I,ITA,M,CP,GR,_Z,_Z,GY,2016-08,-0.0718732304570757
DATAFLOW,OECD.SDD.STES:DSD_KEI@DF_KEI(4.0),I,ITA,M,CP,GR,_Z,_Z,GY,2016-09,0.099952452522567
DATAFLOW,OECD.SDD.STES:DSD_KEI@DF_KEI(4.0),I,ITA,M,CP,GR,_Z,_Z,GY,2016-10,-0.185748433125099
DATAFLOW,OECD.SDD.STES:DSD_KEI@DF_KEI(4.0),I,ITA,M,CP,GR,_Z,_Z,GY,2016-11,0.0861593556260365
DATAFLOW,OECD.SDD.STES:DSD_KEI@DF_KEI(4.0),I,ITA,M,CP,GR,_Z,_Z,GY,2016-12,0.486904738431337
DATAFLOW,OECD.SDD.STES:DSD_KEI@DF_KEI(4.0),I,ITA,M,CP,GR,_Z,_Z,GY,2017-01,1.00401606425702
DATAFLOW,OECD.SDD.STES:DSD_KEI@DF_KEI(4.0),I,ITA,M,CP,GR,_Z,_Z,GY,2017-02,1.60965794768611
DATAFLOW,OECD.SDD.STES:DSD_KEI@DF_KEI(4.0),I,ITA,M,CP,GR,_Z,_Z,GY,2017-03,1.40562248995983
DATAFLOW,OECD.SDD.STES:DSD_KEI@DF_KEI(4.0),I,ITA,M,CP,GR,_Z,_Z,GY,2017-04,1.90954773869347
DATAFLOW,OECD.SDD.STES:DSD_KEI@DF_KEI(4.0),I,ITA,M,CP,GR,_Z,_Z,GY,2017-05,1.40280561122244
DATAFLOW,OECD.SDD.STES:DSD_KEI@DF_KEI(4.0),I,ITA,M,CP,GR,_Z,_Z,GY,2017-06,1.20120120120117
DATAFLOW,OECD.SDD.STES:DSD_KEI@DF_KEI(4.0),I,ITA,M,CP,GR,_Z,_Z,GY,2017-07,1.09890109890112
DATAFLOW,OECD.SDD.STES:DSD_KEI@DF_KEI(4.0),I,ITA,M,CP,GR,_Z,_Z,GY,2017-08,1.19641076769694
DATAFLOW,OECD.SDD.STES:DSD_KEI@DF_KEI(4.0),I,ITA,M,CP,GR,_Z,_Z,GY,2017-09,1.09890109890112
DATAFLOW,OECD.SDD.STES:DSD_KEI@DF_KEI(4.0),I,ITA,M,CP,GR,_Z,_Z,GY,2017-10,1.0
DATAFLOW,OECD.SDD.STES:DSD_KEI@DF_KEI(4.0),I,ITA,M,CP,GR,_Z,_Z,G1,2022-07,0.444444444444447
DATAFLOW,OECD.SDD.STES:DSD_KEI@DF_KEI(4.0),I,ITA,M,CP,GR,_Z,_Z,G1,2022-08,0.796460176991132
DATAFLOW,OECD.SDD.STES:DSD_KEI@DF_KEI(4.0),I,ITA,M,CP,GR,_Z,_Z,G1,2022-09,0.263388937664621
DATAFLOW,OECD.SDD.STES:DSD_KEI@DF_KEI(4.0),I,ITA,M,CP,GR,_Z,_Z,G1,2022-10,3.41506129597198
DATAFLOW,OECD.SDD.STES:DSD_KEI@DF_KEI(4.0),I,ITA,M,CP,GR,_Z,_Z,G1,2022-11,0.508044030482635
DATAFLOW,OECD.SDD.STES:DSD_KEI@DF_KEI(4.0),I,ITA,M,CP,GR,_Z,_Z,G1,2022-12,0.252737994945229
DATAFLOW,OECD.SDD.STES:DSD_KEI@DF_KEI(4.0),I,ITA,M,CP,GR,_Z,_Z,G1,2023-01,0.0840336134453779
DATAFLOW,OECD.SDD.STES:DSD_KEI@DF_KEI(4.0),I,ITA,M,CP,GR,_Z,_Z,G1,2023-02,0.167926112510486
DATAFLOW,OECD.SDD.STES:DSD_KEI@DF_KEI(4.0),I,ITA,M,CP,GR,_Z,_Z,G1,2023-03,-0.419111483654666
DATAFLOW,OECD.SDD.STES:DSD_KEI@DF_KEI(4.0),I,ITA,M,CP,GR,_Z,_Z,G1,2023-04,0.420875420875433
DATAFLOW,OECD.SDD.STES:DSD_KEI@DF_KEI(4.0),I,ITA,M,CP,GR,_Z,_Z,G1,2023-05,0.335289186923715
DATAFLOW,OECD.SDD.STES:DSD_KEI@DF_KEI(4.0),I,ITA,M,CP,GR,_Z,_Z,G1,2023-08,0.334168755221387
DATAFLOW,OECD.SDD.STES:DSD_KEI@DF_KEI(4.0),I,ITA,M,CP,GR,_Z,_Z,G1,2023-09,0.166527893422153
DATAFLOW,OECD.SDD.STES:DSD_KEI@DF_KEI(4.0),I,ITA,M,CP,GR,_Z,_Z,G1,2023-10,-0.166251039068999
DATAFLOW,OECD.SDD.STES:DSD_KEI@DF_KEI(4.0),I,ITA,M,CP,GR,_Z,_Z,G1,2023-11,-0.499583680266447
DATAFLOW,OECD.SDD.STES:DSD_KEI@DF_KEI(4.0),I,ITA,M,CP,GR,_Z,_Z,G1,2023-12,0.167364016736404
DATAFLOW,OECD.SDD.STES:DSD_KEI@DF_KEI(4.0),I,ITA,M,CP,GR,_Z,_Z,G1,2024-01,0.334168755221387
DATAFLOW,OECD.SDD.STES:DSD_KEI@DF_KEI(4.0),I,ITA,M,CP,GR,_Z,_Z,G1,2024-02,0.0832639467110541
DATAFLOW,OECD.SDD.STES:DSD_KEI@DF_KEI(4.0),I,ITA,M,CP,GR,_Z,_Z,G1,2024-04,0.0831946755407653
DATAFLOW,OECD.SDD.STES:DSD_KEI@DF_KEI(4.0),I,ITA,M,CP,GR,_Z,_Z,G1,2024-05,0.249376558603487
DATAFLOW,OECD.SDD.STES:DSD_KEI@DF_KEI(4.0),I,ITA,M,CP,GR,_Z,_Z,G1,2024-06,0.0829187396351738
DATAFLOW,OECD.SDD.STES:DSD_KEI@DF_KEI(4.0),I,ITA,M,CP,GR,_Z,_Z,G1,2024-07,0.414250207125089
DATAFLOW,OECD.SDD.STES:DSD_KEI@DF_KEI(4.0),I,ITA,M,CP,GR,_Z,_Z,G1,2024-08,0.165016501650173
DATAFLOW,OECD.SDD.STES:DSD_KEI@DF_KEI(4.0),I,ITA,M,CP,GR,_Z,_Z,G1,2024-09,-0.164744645799031
DATAFLOW,OECD.SDD.STES:DSD_KEI@DF_KEI(4.0),I,ITA,M,CP,GR,_Z,_Z,G1,2024-11,-0.0825082508250752
DATAFLOW,OECD.SDD.STES:DSD_KEI@DF_KEI(4.0),I,ITA,M,CP,GR,_Z,_Z,G1,2024-12,0.0825763831544091
DATAFLOW,OECD.SDD.STES:DSD_KEI@DF_KEI(4.0),I,ITA,M,CP,GR,_Z,_Z,G1,2025-01,0.577557755775593
DATAFLOW,OECD.SDD.STES:DSD_KEI@DF_KEI(4.0),I,ITA,M,CP,GR,_Z,_Z,G1,2025-02,0.164068908941739
DATAFLOW,OECD.SDD.STES:DSD_KEI@DF_KEI(4.0),I,ITA,M,CP,GR,_Z,_Z,G1,2025-03,0.327600327600353
DATAFLOW,OECD.SDD.STES:DSD_KEI@DF_KEI(4.0),I,ITA,M,CP,GR,_Z,_Z,G1,2025-04,0.0816326530612255
DATAFLOW,OECD.SDD.STES:DSD_KEI@DF_KEI(4.0),I,ITA,M,CP,GR,_Z,_Z,G1,2025-05,-0.0815660685154929
DATAFLOW,OECD.SDD.STES:DSD_KEI@DF_KEI(4.0),I,ITA,M,CP,GR,_Z,_Z,G1,2025-06,0.163265306122451
DATAFLOW,OECD.SDD.STES:DSD_KEI@DF_KEI(4.0),I,ITA,M,CP,GR,_Z,_Z,G1,2025-07,0.407497962510184
DATAFLOW,OECD.SDD.STES:DSD_KEI@DF_KEI(4.0),I,ITA,M,CP,GR,_Z,_Z,G1,2025-08,0.081168831168843
DATAFLOW,OECD.SDD.STES:DSD_KEI@DF_KEI(4.0),I,ITA,M,CP,GR,_Z,_Z,G1,2025-09,-0.162206001622078
DATAFLOW,OECD.SDD.STES:DSD_KEI@DF_KEI(4.0),I,ITA,M,CP,GR,_Z,_Z,G1,2025-10,-0.324939073923625
DATAFLOW,OECD.SDD.STES:DSD_KEI@DF_KEI(4.0),I,ITA,M,CP,GR,_Z,_Z,G1,2025-11,-0.244498777506119
DATAFLOW,OECD.SDD.STES:DSD_KEI@DF_KEI(4.0),I,ITA,M,CP,GR,_Z,_Z,G1,2025-12,0.163398692810457
DATAFLOW,OECD.SDD.STES:DSD_KEI@DF_KEI(4.0),I,ITA,M,CP,GR,_Z,_Z,G1,2007-01,0.0766283524904265
DATAFLOW,OECD.SDD.STES:DSD_KEI@DF_KEI(4.0),I,ITA,M,CP,GR,_Z,_Z,G1,2007-02,0.306278713629404
DATAFLOW,OECD.SDD.STES:DSD_KEI@DF_KEI(4.0),I,ITA,M,CP,GR,_Z,_Z,GY,2007-01,1.71339563862929
DATAFLOW,OECD.SDD.STES:DSD_KEI@DF_KEI(4.0),I,ITA,M,CP,GR,_Z,_Z,GY,2007-02,1.7871017871018
DATAFLOW,OECD.SDD.STES:DSD_KEI@DF_KEI(4.0),I,ITA,M,CP,GR,_Z,_Z,GY,2007-03,1.70542635658915
DATAFLOW,OECD.SDD.STES:DSD_KEI@DF_KEI(4.0),I,ITA,M,CP,GR,_Z,_Z,GY,2007-04,1.54559505409584
DATAFLOW,OECD.SDD.STES:DSD_KEI@DF_KEI(4.0),I,ITA,M,CP,GR,_Z,_Z,GY,2007-05,1.54083204930662
DATAFLOW,OECD.SDD.STES:DSD_KEI@DF_KEI(4.0),I,ITA,M,CP,GR,_Z,_Z,GY,2007-06,1.693610469592
DATAFLOW,OECD.SDD.STES:DSD_KEI@DF_KEI(4.0),I,ITA,M,CP,GR,_Z,_Z,GY,2007-07,1.61166538756716
DATAFLOW,OECD.SDD.STES:DSD_KEI@DF_KEI(4.0),I,ITA,M,CP,GR,_Z,_Z,GY,2007-08,1.60919540229885
DATAFLOW,OECD.SDD.STES:DSD_KEI@DF_KEI(4.0),I,ITA,M,CP,GR,_Z,_Z,GY,2007-09,1.68711656441718
DATAFLOW,OECD.SDD.STES:DSD_KEI@DF_KEI(4.0),I,ITA,M,CP,GR,_Z,_Z,GY,2007-10,2.07214121258634
DATAFLOW,OECD.SDD.STES:DSD_KEI@DF_KEI(4.0),I,ITA,M,CP,GR,_Z,_Z,GY,2007-11,2.37730061349692
DATAFLOW,OECD.SDD.STES:DSD_KEI@DF_KEI(4.0),I,ITA,M,CP,GR,_Z,_Z,GY,2007-12,2.60536398467435
DATAFLOW,OECD.SDD.STES:DSD_KEI@DF_KEI(4.0),I,ITA,M,CP,GR,_Z,_Z,GY,2008-01,2.98621745788668
DATAFLOW,OECD.SDD.STES:DSD_KEI@DF_KEI(4.0),I,ITA,M,CP,GR,_Z,_Z,GY,2008-02,2.90076335877862
DATAFLOW,OECD.SDD.STES:DSD_KEI@DF_KEI(4.0),I,ITA,M,CP,GR,_Z,_Z,GY,2008-03,3.27743902439024
DATAFLOW,OECD.SDD.STES:DSD_KEI@DF_KEI(4.0),I,ITA,M,CP,GR,_Z,_Z,GY,2008-04,3.34855403348553
DATAFLOW,OECD.SDD.STES:DSD_KEI@DF_KEI(4.0),I,ITA,M,CP,GR,_Z,_Z,GY,2008-05,3.5660091047041
DATAFLOW,OECD.SDD.STES:DSD_KEI@DF_KEI(4.0),I,ITA,M,CP,GR,_Z,_Z,GY,2008-06,3.78501135503406
DATAFLOW,OECD.SDD.STES:DSD_KEI@DF_KEI(4.0),I,ITA,M,CP,GR,_Z,_Z,GY,2008-07,4.0785498489426
DATAFLOW,OECD.SDD.STES:DSD_KEI@DF_KEI(4.0),I,ITA,M,CP,GR,_Z,_Z,GY,2008-08,4.07239819004526
DATAFLOW,OECD.SDD.STES:DSD_KEI@DF_KEI(4.0),I,ITA,M,CP,GR,_Z,_Z,GY,2008-09,3.77073906485672
DATAFLOW,OECD.SDD.STES:DSD_KEI@DF_KEI(4.0),I,ITA,M,CP,GR,_Z,_Z,GY,2008-10,3.45864661654136
DATAFLOW,OECD.SDD.STES:DSD_KEI@DF_KEI(4.0),I,ITA,M,CP,GR,_Z,_Z,GY,2008-11,2.69662921348315
DATAFLOW,OECD.SDD.STES:DSD_KEI@DF_KEI(4.0),I,ITA,M,CP,GR,_Z,_Z,GY,2008-12,2.24047796863331
DATAFLOW,OECD.SDD.STES:DSD_KEI@DF_KEI(4.0),I,ITA,M,CP,GR,_Z,_Z,GY,2009-01,1.63568773234202
DATAFLOW,OECD.SDD.STES:DSD_KEI@DF_KEI(4.0),I,ITA,M,CP,GR,_Z,_Z,GY,2009-02,1.63204747774481
DATAFLOW,OECD.SDD.STES:DSD_KEI@DF_KEI(4.0),I,ITA,M,CP,GR,_Z,_Z,GY,2009-03,1.18081180811809
DATAFLOW,OECD.SDD.STES:DSD_KEI@DF_KEI(4.0),I,ITA,M,CP,GR,_Z,_Z,GY,2009-04,1.17820324005891
DATAFLOW,OECD.SDD.STES:DSD_KEI@DF_KEI(4.0),I,ITA,M,CP,GR,_Z,_Z,GY,2009-05,0.879120879120876
DATAFLOW,OECD.SDD.STES:DSD_KEI@DF_KEI(4.0),I,ITA,M,CP,GR,_Z,_Z,GY,2009-06,0.510576221735959
DATAFLOW,OECD.SDD.STES:DSD_KEI@DF_KEI(4.0),I,ITA,M,CP,GR,_Z,_Z,GY,2009-08,0.144927536231876
DATAFLOW,OECD.SDD.STES:DSD_KEI@DF_KEI(4.0),I,ITA,M,CP,GR,_Z,_Z,GY,2009-09,0.218023255813948
DATAFLOW,OECD.SDD.STES:DSD_KEI@DF_KEI(4.0),I,ITA,M,CP,GR,_Z,_Z,GY,2009-10,0.290697674418605
DATAFLOW,OECD.SDD.STES:DSD_KEI@DF_KEI(4.0),I,ITA,M,CP,GR,_Z,_Z,GY,2009-11,0.656455142231938
DATAFLOW,OECD.SDD.STES:DSD_KEI@DF_KEI(4.0),I,ITA,M,CP,GR,_Z,_Z,GY,2009-12,1.0226442658875
DATAFLOW,OECD.SDD.STES:DSD_KEI@DF_KEI(4.0),I,ITA,M,CP,GR,_Z,_Z,GY,2010-01,1.31675201170447
DATAFLOW,OECD.SDD.STES:DSD_KEI@DF_KEI(4.0),I,ITA,M,CP,GR,_Z,_Z,GY,2010-02,1.16788321167884
DATAFLOW,OECD.SDD.STES:DSD_KEI@DF_KEI(4.0),I,ITA,M,CP,GR,_Z,_Z,GY,2010-03,1.3858497447119
DATAFLOW,OECD.SDD.STES:DSD_KEI@DF_KEI(4.0),I,ITA,M,CP,GR,_Z,_Z,GY,2010-04,1.52838427947599
DATAFLOW,OECD.SDD.STES:DSD_KEI@DF_KEI(4.0),I,ITA,M,CP,GR,_Z,_Z,GY,2010-05,1.37981118373276
DATAFLOW,OECD.SDD.STES:DSD_KEI@DF_KEI(4.0),I,ITA,M,CP,GR,_Z,_Z,GY,2010-06,1.30624092888245
DATAFLOW,OECD.SDD.STES:DSD_KEI@DF_KEI(4.0),I,ITA,M,CP,GR,_Z,_Z,GY,2010-07,1.66908563134978
DATAFLOW,OECD.SDD.STES:DSD_KEI@DF_KEI(4.0),I,ITA,M,CP,GR,_Z,_Z,GY,2010-08,1.5918958031838
DATAFLOW,OECD.SDD.STES:DSD_KEI@DF_KEI(4.0),I,ITA,M,CP,GR,_Z,_Z,GY,2010-09,1.59535895576506
DATAFLOW,OECD.SDD.STES:DSD_KEI@DF_KEI(4.0),I,ITA,M,CP,GR,_Z,_Z,GY,2010-10,1.7391304347826
DATAFLOW,OECD.SDD.STES:DSD_KEI@DF_KEI(4.0),I,ITA,M,CP,GR,_Z,_Z,GY,2010-11,1.7391304347826
DATAFLOW,OECD.SDD.STES:DSD_KEI@DF_KEI(4.0),I,ITA,M,CP,GR,_Z,_Z,GY,2010-12,1.87997107736806
DATAFLOW,OECD.SDD.STES:DSD_KEI@DF_KEI(4.0),I,ITA,M,CP,GR,_Z,_Z,GY,2011-01,2.14983204124899
DATAFLOW,OECD.SDD.STES:DSD_KEI@DF_KEI(4.0),I,ITA,M,CP,GR,_Z,_Z,GY,2011-02,2.37872808961066
DATAFLOW,OECD.SDD.STES:DSD_KEI@DF_KEI(4.0),I,ITA,M,CP,GR,_Z,_Z,GY,2011-03,2.48641496807753
DATAFLOW,OECD.SDD.STES:DSD_KEI@DF_KEI(4.0),I,ITA,M,CP,GR,_Z,_Z,GY,2011-04,2.62015512359286
DATAFLOW,OECD.SDD.STES:DSD_KEI@DF_KEI(4.0),I,ITA,M,CP,GR,_Z,_Z,GY,2011-05,2.6467881918115
DATAFLOW,OECD.SDD.STES:DSD_KEI@DF_KEI(4.0),I,ITA,M,CP,GR,_Z,_Z,GY,2011-06,2.74693139980353
DATAFLOW,OECD.SDD.STES:DSD_KEI@DF_KEI(4.0),I,ITA,M,CP,GR,_Z,_Z,GY,2011-07,2.67959742269541
DATAFLOW,OECD.SDD.STES:DSD_KEI@DF_KEI(4.0),I,ITA,M,CP,GR,_Z,_Z,GY,2011-08,2.75891434776838
DATAFLOW,OECD.SDD.STES:DSD_KEI@DF_KEI(4.0),I,ITA,M,CP,GR,_Z,_Z,GY,2011-09,2.97895484958373
DATAFLOW,OECD.SDD.STES:DSD_KEI@DF_KEI(4.0),I,ITA,M,CP,GR,_Z,_Z,GY,2011-10,3.35634989630191
DATAFLOW,OECD.SDD.STES:DSD_KEI@DF_KEI(4.0),I,ITA,M,CP,GR,_Z,_Z,GY,2011-11,3.25677730487968
DATAFLOW,OECD.SDD.STES:DSD_KEI@DF_KEI(4.0),I,ITA,M,CP,GR,_Z,_Z,GY,2011-12,3.28723563483211
DATAFLOW,OECD.SDD.STES:DSD_KEI@DF_KEI(4.0),I,ITA,M,CP,GR,_Z,_Z,GY,2012-01,3.16205533596838
DATAFLOW,OECD.SDD.STES:DSD_KEI@DF_KEI(4.0),I,ITA,M,CP,GR,_Z,_Z,GY,2012-02,3.25123152709359
DATAFLOW,OECD.SDD.STES:DSD_KEI@DF_KEI(4.0),I,ITA,M,CP,GR,_Z,_Z,GY,2012-03,3.33660451422964
DATAFLOW,OECD.SDD.STES:DSD_KEI@DF_KEI(4.0),I,ITA,M,CP,GR,_Z,_Z,GY,2012-04,3.3203125
DATAFLOW,OECD.SDD.STES:DSD_KEI@DF_KEI(4.0),I,ITA,M,CP,GR,_Z,_Z,GY,2012-05,3.21951219512195
DATAFLOW,OECD.SDD.STES:DSD_KEI@DF_KEI(4.0),I,ITA,M,CP,GR,_Z,_Z,GY,2012-06,3.31384015594542
DATAFLOW,OECD.SDD.STES:DSD_KEI@DF_KEI(4.0),I,ITA,M,CP,GR,_Z,_Z,GY,2012-07,3.10981535471331
DATAFLOW,OECD.SDD.STES:DSD_KEI@DF_KEI(4.0),I,ITA,M,CP,IX,_Z,_Z,_Z,2009-04,91.4263868693736
DATAFLOW,OECD.SDD.STES:DSD_KEI@DF_KEI(4.0),I,ITA,M,CP,IX,_Z,_Z,_Z,2009-05,91.6260078014028
DATAFLOW,OECD.SDD.STES:DSD_KEI@DF_KEI(4.0),I,ITA,M,CP,GR,_Z,_Z,GY,2017-11,0.900900900900892
DATAFLOW,OECD.SDD.STES:DSD_KEI@DF_KEI(4.0),I,ITA,M,CP,GR,_Z,_Z,GY,2017-12,0.897308075772685
DATAFLOW,OECD.SDD.STES:DSD_KEI@DF_KEI(4.0),I,ITA,M,CP,GR,_Z,_Z,GY,2018-01,0.894632206759449
DATAFLOW,OECD.SDD.STES:DSD_KEI@DF_KEI(4.0),I,ITA,M,CP,GR,_Z,_Z,GY,2018-02,0.495049504950495
DATAFLOW,OECD.SDD.STES:DSD_KEI@DF_KEI(4.0),I,ITA,M,CP,GR,_Z,_Z,GY,2018-03,0.792079207920793
DATAFLOW,OECD.SDD.STES:DSD_KEI@DF_KEI(4.0),I,ITA,M,CP,GR,_Z,_Z,G1,2007-11,0.375939849624052
DATAFLOW,OECD.SDD.STES:DSD_KEI@DF_KEI(4.0),I,ITA,M,CP,GR,_Z,_Z,G1,2007-12,0.299625468164799
DATAFLOW,OECD.SDD.STES:DSD_KEI@DF_KEI(4.0),I,ITA,M,CP,GR,_Z,_Z,G1,2008-01,0.44809559372665
DATAFLOW,OECD.SDD.STES:DSD_KEI@DF_KEI(4.0),I,ITA,M,CP,GR,_Z,_Z,G1,2008-02,0.223048327137554
DATAFLOW,OECD.SDD.STES:DSD_KEI@DF_KEI(4.0),I,ITA,M,CP,GR,_Z,_Z,G1,2008-03,0.519287833827886
DATAFLOW,OECD.SDD.STES:DSD_KEI@DF_KEI(4.0),I,ITA,M,CP,GR,_Z,_Z,G1,2012-10,0.0
DATAFLOW,OECD.SDD.STES:DSD_KEI@DF_KEI(4.0),I,ITA,M,CP,GR,_Z,_Z,G1,2013-04,0.0
DATAFLOW,OECD.SDD.STES:DSD_KEI@DF_KEI(4.0),I,ITA,M,CP,GR,_Z,_Z,G1,2013-05,0.0
DATAFLOW,OECD.SDD.STES:DSD_KEI@DF_KEI(4.0),I,ITA,M,CP,GR,_Z,_Z,G1,2014-12,0.0
DATAFLOW,OECD.SDD.STES:DSD_KEI@DF_KEI(4.0),I,ITA,M,CP,GR,_Z,_Z,G1,2015-12,0.0
DATAFLOW,OECD.SDD.STES:DSD_KEI@DF_KEI(4.0),I,ITA,M,CP,GR,_Z,_Z,G1,2017-03,0.0
DATAFLOW,OECD.SDD.STES:DSD_KEI@DF_KEI(4.0),I,ITA,M,CP,GR,_Z,_Z,G1,2018-02,0.0
DATAFLOW,OECD.SDD.STES:DSD_KEI@DF_KEI(4.0),I,ITA,M,CP,GR,_Z,_Z,G1,2018-10,0.0
DATAFLOW,OECD.SDD.STES:DSD_KEI@DF_KEI(4.0),I,ITA,M,CP,GR,_Z,_Z,G1,2019-05,0.0
DATAFLOW,OECD.SDD.STES:DSD_KEI@DF_KEI(4.0),I,ITA,M,CP,GR,_Z,_Z,G1,2019-07,0.0
DATAFLOW,OECD.SDD.STES:DSD_KEI@DF_KEI(4.0),I,ITA,M,CP,GR,_Z,_Z,G1,2021-05,0.0
DATAFLOW,OECD.SDD.STES:DSD_KEI@DF_KEI(4.0),I,ITA,M,CP,GR,_Z,_Z,G1,2023-06,0.0
DATAFLOW,OECD.SDD.STES:DSD_KEI@DF_KEI(4.0),I,ITA,M,CP,GR,_Z,_Z,G1,2023-07,0.0
DATAFLOW,OECD.SDD.STES:DSD_KEI@DF_KEI(4.0),I,ITA,M,CP,GR,_Z,_Z,G1,2024-03,0.0
DATAFLOW,OECD.SDD.STES:DSD_KEI@DF_KEI(4.0),I,ITA,M,CP,GR,_Z,_Z,G1,2024-10,0.0
DATAFLOW,OECD.SDD.STES:DSD_KEI@DF_KEI(4.0),I,ITA,M,CP,GR,_Z,_Z,GY,2009-07,0.0
DATAFLOW,OECD.SDD.STES:DSD_KEI@DF_KEI(4.0),I,ITA,M,CP,GR,_Z,_Z,GY,2014-12,0.0
DATAFLOW,OECD.SDD.STES:DSD_KEI@DF_KEI(4.0),I,ITA,M,CP,GR,_Z,_Z,GY,2020-04,0.0
DATAFLOW,OECD.SDD.STES:DSD_KEI@DF_KEI(4.0),I,ITA,M,CP,GR,_Z,_Z,G1,2007-09,0.0
DATAFLOW,OECD.SDD.STES:DSD_KEI@DF_KEI(4.0),I,ITA,M,CP,GR,_Z,_Z,G1,2008-10,0.0
DATAFLOW,OECD.SDD.STES:DSD_KEI@DF_KEI(4.0),I,ITA,M,CP,GR,_Z,_Z,G1,2009-07,0.0
DATAFLOW,OECD.SDD.STES:DSD_KEI@DF_KEI(4.0),I,ITA,M,CP,GR,_Z,_Z,G1,2009-11,0.0
DATAFLOW,OECD.SDD.STES:DSD_KEI@DF_KEI(4.0),I,ITA,M,CP,GR,_Z,_Z,G1,2010-06,0.0
DATAFLOW,OECD.SDD.STES:DSD_KEI@DF_KEI(4.0),I,ITA,M,CP,GR,_Z,_Z,G1,2010-11,0.0
DATAFLOW,OECD.SDD.STES:DSD_KEI@DF_KEI(4.0),I,ITA,M,CP,GR,_Z,_Z,G1,2011-09,0.0
DATAFLOW,OECD.SDD.STES:DSD_KEI@DF_KEI(4.0),I,USA,M,CP,IX,_Z,_Z,_Z,2022-02,119.702806127831
DATAFLOW,OECD.SDD.STES:DSD_KEI@DF_KEI(4.0),I,USA,M,CP,IX,_Z,_Z,_Z,2022-11,125.60744587941
DATAFLOW,OECD.SDD.STES:DSD_KEI@DF_KEI(4.0),I,USA,M,CP,IX,_Z,_Z,_Z,2007-02,85.8583983427349
DATAFLOW,OECD.SDD.STES:DSD_KEI@DF_KEI(4.0),I,USA,M,CP,IX,_Z,_Z,_Z,2008-04,90.6361147090715
DATAFLOW,OECD.SDD.STES:DSD_KEI@DF_KEI(4.0),I,USA,M,CP,IX,_Z,_Z,_Z,2008-07,92.8051574359645
DATAFLOW,OECD.SDD.STES:DSD_KEI@DF_KEI(4.0),I,USA,M,CP,IX,_Z,_Z,_Z,2009-05,90.2281270963686
DATAFLOW,OECD.SDD.STES:DSD_KEI@DF_KEI(4.0),I,USA,M,CP,IX,_Z,_Z,_Z,2009-06,91.0031769873047
DATAFLOW,OECD.SDD.STES:DSD_KEI@DF_KEI(4.0),I,USA,M,CP,IX,_Z,_Z,_Z,2009-12,91.1111861174515
DATAFLOW,OECD.SDD.STES:DSD_KEI@DF_KEI(4.0),I,USA,M,CP,IX,_Z,_Z,_Z,2010-02,91.4453393638431
DATAFLOW,OECD.SDD.STES:DSD_KEI@DF_KEI(4.0),I,USA,M,CP,GR,_Z,_Z,G1,2007-08,-0.183390222708713
DATAFLOW,OECD.SDD.STES:DSD_KEI@DF_KEI(4.0),I,USA,M,CP,GR,_Z,_Z,GY,2010-05,2.02098608409396
DATAFLOW,OECD.SDD.STES:DSD_KEI@DF_KEI(4.0),I,USA,M,CP,GR,_Z,_Z,G1,2013-02,0.819002952926917
DATAFLOW,OECD.SDD.STES:DSD_KEI@DF_KEI(4.0),I,USA,M,CP,GR,_Z,_Z,GY,2013-09,1.18492526155214
DATAFLOW,OECD.SDD.STES:DSD_KEI@DF_KEI(4.0),I,USA,M,CP,GR,_Z,_Z,GY,2015-03,-0.0736373908664212
DATAFLOW,OECD.SDD.STES:DSD_KEI@DF_KEI(4.0),I,USA,M,CP,GR,_Z,_Z,GY,2016-08,1.06287450276104
DATAFLOW,OECD.SDD.STES:DSD_KEI@DF_KEI(4.0),I,USA,M,CP,GR,_Z,_Z,GY,2023-07,3.17778017794217
DATAFLOW,OECD.SDD.STES:DSD_KEI@DF_KEI(4.0),I,USA,M,CP,GR,_Z,_Z,GY,2024-03,3.47738507003803
DATAFLOW,OECD.SDD.STES:DSD_KEI@DF_KEI(4.0),I,USA,M,CP,GR,_Z,_Z,G1,2024-03,0.646416993742394
DATAFLOW,OECD.SDD.STES:DSD_KEI@DF_KEI(4.0),I,USA,M,CP,GR,_Z,_Z,GY,2026-01,2.38643124490432
DATAFLOW,OECD.SDD.STES:DSD_KEI@DF_KEI(4.0),I,USA,M,CP,GR,_Z,_Z,G1,2026-01,0.369691471174738
DATAFLOW,OECD.SDD.STES:DSD_KEI@DF_KEI(4.0),I,USA,M,CP,GR,_Z,_Z,GY,2007-11,4.30620347394541
DATAFLOW,OECD.SDD.STES:DSD_KEI@DF_KEI(4.0),I,USA,M,CP,GR,_Z,_Z,GY,2014-01,1.57894736842106
DATAFLOW,OECD.SDD.STES:DSD_KEI@DF_KEI(4.0),I,USA,M,CP,IX,_Z,_Z,_Z,2014-05,100.372547116873
DATAFLOW,OECD.SDD.STES:DSD_KEI@DF_KEI(4.0),I,USA,M,CP,IX,_Z,_Z,_Z,2014-06,100.559453541307
DATAFLOW,OECD.SDD.STES:DSD_KEI@DF_KEI(4.0),I,USA,M,CP,IX,_Z,_Z,_Z,2014-08,100.352295404971
DATAFLOW,OECD.SDD.STES:DSD_KEI@DF_KEI(4.0),I,USA,M,CP,IX,_Z,_Z,_Z,2014-09,100.427817413941
DATAFLOW,OECD.SDD.STES:DSD_KEI@DF_KEI(4.0),I,USA,M,CP,IX,_Z,_Z,_Z,2014-11,99.6346253644253
DATAFLOW,OECD.SDD.STES:DSD_KEI@DF_KEI(4.0),I,USA,M,CP,IX,_Z,_Z,_Z,2015-01,98.6034757000553
DATAFLOW,OECD.SDD.STES:DSD_KEI@DF_KEI(4.0),I,USA,M,CP,IX,_Z,_Z,_Z,2015-02,99.0317150246607
DATAFLOW,OECD.SDD.STES:DSD_KEI@DF_KEI(4.0),I,USA,M,CP,IX,_Z,_Z,_Z,2015-03,99.621124223157
DATAFLOW,OECD.SDD.STES:DSD_KEI@DF_KEI(4.0),I,USA,M,CP,IX,_Z,_Z,_Z,2015-04,99.8236413421822
DATAFLOW,OECD.SDD.STES:DSD_KEI@DF_KEI(4.0),I,USA,M,CP,IX,_Z,_Z,_Z,2015-05,100.33246560373298
DATAFLOW,OECD.SDD.STES:DSD_KEI@DF_KEI(4.0),I,USA,M,CP,IX,_Z,_Z,_Z,2015-06,100.683917187375
DATAFLOW,OECD.SDD.STES:DSD_KEI@DF_KEI(4.0),I,USA,M,CP,IX,_Z,_Z,_Z,2015-07,100.69066775800898
DATAFLOW,OECD.SDD.STES:DSD_KEI@DF_KEI(4.0),I,USA,M,CP,IX,_Z,_Z,_Z,2015-09,100.39153309678198
DATAFLOW,OECD.SDD.STES:DSD_KEI@DF_KEI(4.0),I,USA,M,CP,IX,_Z,_Z,_Z,2015-10,100.346388655666
DATAFLOW,OECD.SDD.STES:DSD_KEI@DF_KEI(4.0),I,USA,M,CP,IX,_Z,_Z,_Z,2015-11,100.13458950201898
DATAFLOW,OECD.SDD.STES:DSD_KEI@DF_KEI(4.0),I,USA,M,CP,IX,_Z,_Z,_Z,2016-01,99.9573870228718
DATAFLOW,OECD.SDD.STES:DSD_KEI@DF_KEI(4.0),I,USA,M,CP,IX,_Z,_Z,_Z,2016-02,100.039659602476
DATAFLOW,OECD.SDD.STES:DSD_KEI@DF_KEI(4.0),I,USA,M,CP,IX,_Z,_Z,_Z,2016-03,100.470430391069
DATAFLOW,OECD.SDD.STES:DSD_KEI@DF_KEI(4.0),I,USA,M,CP,IX,_Z,_Z,_Z,2016-04,100.946767531443
DATAFLOW,OECD.SDD.STES:DSD_KEI@DF_KEI(4.0),I,USA,M,CP,IX,_Z,_Z,_Z,2016-05,101.35517705481
DATAFLOW,OECD.SDD.STES:DSD_KEI@DF_KEI(4.0),I,USA,M,CP,IX,_Z,_Z,_Z,2016-06,101.688064569208
DATAFLOW,OECD.SDD.STES:DSD_KEI@DF_KEI(4.0),I,USA,M,CP,IX,_Z,_Z,_Z,2016-07,101.52351941
DATAFLOW,OECD.SDD.STES:DSD_KEI@DF_KEI(4.0),I,USA,M,CP,IX,_Z,_Z,_Z,2016-08,101.616761666885
DATAFLOW,OECD.SDD.STES:DSD_KEI@DF_KEI(4.0),I,USA,M,CP,IX,_Z,_Z,_Z,2016-09,101.861047941709
DATAFLOW,OECD.SDD.STES:DSD_KEI@DF_KEI(4.0),I,USA,M,CP,IX,_Z,_Z,_Z,2016-10,101.988043051764
DATAFLOW,OECD.SDD.STES:DSD_KEI@DF_KEI(4.0),I,USA,M,CP,IX,_Z,_Z,_Z,2016-11,101.829404641861
DATAFLOW,OECD.SDD.STES:DSD_KEI@DF_KEI(4.0),I,USA,M,CP,IX,_Z,_Z,_Z,2016-12,101.862735584367
DATAFLOW,OECD.SDD.STES:DSD_KEI@DF_KEI(4.0),I,USA,M,CP,IX,_Z,_Z,_Z,2017-02,102.778703637292
DATAFLOW,OECD.SDD.STES:DSD_KEI@DF_KEI(4.0),I,USA,M,CP,IX,_Z,_Z,_Z,2017-03,102.86224194889
DATAFLOW,OECD.SDD.STES:DSD_KEI@DF_KEI(4.0),I,USA,M,CP,IX,_Z,_Z,_Z,2017-04,103.167283359421
DATAFLOW,OECD.SDD.STES:DSD_KEI@DF_KEI(4.0),I,USA,M,CP,IX,_Z,_Z,_Z,2017-05,103.25546268832998
DATAFLOW,OECD.SDD.STES:DSD_KEI@DF_KEI(4.0),I,USA,M,CP,IX,_Z,_Z,_Z,2017-06,103.34912685588
DATAFLOW,OECD.SDD.STES:DSD_KEI@DF_KEI(4.0),I,USA,M,CP,IX,_Z,_Z,_Z,2017-07,103.277823953556
DATAFLOW,OECD.SDD.STES:DSD_KEI@DF_KEI(4.0),I,USA,M,CP,IX,_Z,_Z,_Z,2017-08,103.58708447073398
DATAFLOW,OECD.SDD.STES:DSD_KEI@DF_KEI(4.0),I,USA,M,CP,IX,_Z,_Z,_Z,2017-09,104.135568334761
DATAFLOW,OECD.SDD.STES:DSD_KEI@DF_KEI(4.0),I,USA,M,CP,IX,_Z,_Z,_Z,2017-10,104.069750271078
DATAFLOW,OECD.SDD.STES:DSD_KEI@DF_KEI(4.0),I,USA,M,CP,IX,_Z,_Z,_Z,2017-11,104.072281735065
DATAFLOW,OECD.SDD.STES:DSD_KEI@DF_KEI(4.0),I,USA,M,CP,IX,_Z,_Z,_Z,2017-12,104.01110468869298
DATAFLOW,OECD.SDD.STES:DSD_KEI@DF_KEI(4.0),I,USA,M,CP,IX,_Z,_Z,_Z,2018-01,104.577730711299
DATAFLOW,OECD.SDD.STES:DSD_KEI@DF_KEI(4.0),I,USA,M,CP,IX,_Z,_Z,_Z,2018-02,105.05195829835
DATAFLOW,OECD.SDD.STES:DSD_KEI@DF_KEI(4.0),I,USA,M,CP,IX,_Z,_Z,_Z,2018-03,105.28949400254
DATAFLOW,OECD.SDD.STES:DSD_KEI@DF_KEI(4.0),I,USA,M,CP,IX,_Z,_Z,_Z,2018-04,105.708029381859
DATAFLOW,OECD.SDD.STES:DSD_KEI@DF_KEI(4.0),I,USA,M,CP,IX,_Z,_Z,_Z,2018-05,106.147660294409
DATAFLOW,OECD.SDD.STES:DSD_KEI@DF_KEI(4.0),I,USA,M,CP,IX,_Z,_Z,_Z,2018-06,106.316846470928
DATAFLOW,OECD.SDD.STES:DSD_KEI@DF_KEI(4.0),I,USA,M,CP,IX,_Z,_Z,_Z,2018-07,106.324018952227
DATAFLOW,OECD.SDD.STES:DSD_KEI@DF_KEI(4.0),I,USA,M,CP,IX,_Z,_Z,_Z,2018-08,106.383086445276
DATAFLOW,OECD.SDD.STES:DSD_KEI@DF_KEI(4.0),I,USA,M,CP,IX,_Z,_Z,_Z,2018-09,106.506706270014
DATAFLOW,OECD.SDD.STES:DSD_KEI@DF_KEI(4.0),I,USA,M,CP,IX,_Z,_Z,_Z,2018-10,106.694878426442
DATAFLOW,OECD.SDD.STES:DSD_KEI@DF_KEI(4.0),I,USA,M,CP,IX,_Z,_Z,_Z,2018-11,106.337520093495
DATAFLOW,OECD.SDD.STES:DSD_KEI@DF_KEI(4.0),I,USA,M,CP,IX,_Z,_Z,_Z,2018-12,105.997882008464
DATAFLOW,OECD.SDD.STES:DSD_KEI@DF_KEI(4.0),I,USA,M,CP,IX,_Z,_Z,_Z,2019-01,106.199977216824
DATAFLOW,OECD.SDD.STES:DSD_KEI@DF_KEI(4.0),I,USA,M,CP,IX,_Z,_Z,_Z,2019-02,106.64889016399698
DATAFLOW,OECD.SDD.STES:DSD_KEI@DF_KEI(4.0),I,USA,M,CP,IX,_Z,_Z,_Z,2019-03,107.250534771767
DATAFLOW,OECD.SDD.STES:DSD_KEI@DF_KEI(4.0),I,USA,M,CP,IX,_Z,_Z,_Z,2019-04,107.818426526367
DATAFLOW,OECD.SDD.STES:DSD_KEI@DF_KEI(4.0),I,USA,M,CP,IX,_Z,_Z,_Z,2019-05,108.047945927929
DATAFLOW,OECD.SDD.STES:DSD_KEI@DF_KEI(4.0),I,USA,M,CP,IX,_Z,_Z,_Z,2019-06,108.069463371826
DATAFLOW,OECD.SDD.STES:DSD_KEI@DF_KEI(4.0),I,USA,M,CP,IX,_Z,_Z,_Z,2019-07,108.25004113629
DATAFLOW,OECD.SDD.STES:DSD_KEI@DF_KEI(4.0),I,USA,M,CP,IX,_Z,_Z,_Z,2019-08,108.24455629765
DATAFLOW,OECD.SDD.STES:DSD_KEI@DF_KEI(4.0),I,USA,M,CP,IX,_Z,_Z,_Z,2019-09,108.329360341241
DATAFLOW,OECD.SDD.STES:DSD_KEI@DF_KEI(4.0),I,USA,M,CP,IX,_Z,_Z,_Z,2019-10,108.577021901383
DATAFLOW,OECD.SDD.STES:DSD_KEI@DF_KEI(4.0),I,USA,M,CP,IX,_Z,_Z,_Z,2019-11,108.518798229663
DATAFLOW,OECD.SDD.STES:DSD_KEI@DF_KEI(4.0),I,USA,M,CP,IX,_Z,_Z,_Z,2019-12,108.420071134138
DATAFLOW,OECD.SDD.STES:DSD_KEI@DF_KEI(4.0),I,USA,M,CP,IX,_Z,_Z,_Z,2020-02,109.139006906678
DATAFLOW,OECD.SDD.STES:DSD_KEI@DF_KEI(4.0),I,USA,M,CP,IX,_Z,_Z,_Z,2020-03,108.901471202488
DATAFLOW,OECD.SDD.STES:DSD_KEI@DF_KEI(4.0),I,USA,M,CP,IX,_Z,_Z,_Z,2020-04,108.173253395326
DATAFLOW,OECD.SDD.STES:DSD_KEI@DF_KEI(4.0),I,USA,M,CP,IX,_Z,_Z,_Z,2020-05,108.175362948649
DATAFLOW,OECD.SDD.STES:DSD_KEI@DF_KEI(4.0),I,ITA,M,CP,GR,_Z,_Z,GY,2012-08,3.19767441860466
DATAFLOW,OECD.SDD.STES:DSD_KEI@DF_KEI(4.0),I,ITA,M,CP,GR,_Z,_Z,GY,2012-09,3.19767441860466
DATAFLOW,OECD.SDD.STES:DSD_KEI@DF_KEI(4.0),I,ITA,M,CP,GR,_Z,_Z,GY,2012-10,2.60115606936415
DATAFLOW,OECD.SDD.STES:DSD_KEI@DF_KEI(4.0),I,ITA,M,CP,GR,_Z,_Z,GY,2012-11,2.50723240115718
DATAFLOW,OECD.SDD.STES:DSD_KEI@DF_KEI(4.0),I,ITA,M,CP,GR,_Z,_Z,GY,2012-12,2.30547550432276
DATAFLOW,OECD.SDD.STES:DSD_KEI@DF_KEI(4.0),I,ITA,M,CP,GR,_Z,_Z,GY,2013-01,2.20306513409962
DATAFLOW,OECD.SDD.STES:DSD_KEI@DF_KEI(4.0),I,ITA,M,CP,GR,_Z,_Z,GY,2013-02,1.90839694656488
DATAFLOW,OECD.SDD.STES:DSD_KEI@DF_KEI(4.0),I,ITA,M,CP,GR,_Z,_Z,GY,2013-03,1.61443494776827
DATAFLOW,OECD.SDD.STES:DSD_KEI@DF_KEI(4.0),I,ITA,M,CP,GR,_Z,_Z,GY,2013-04,1.13421550094519
DATAFLOW,OECD.SDD.STES:DSD_KEI@DF_KEI(4.0),I,ITA,M,CP,GR,_Z,_Z,GY,2013-05,1.13421550094519
DATAFLOW,OECD.SDD.STES:DSD_KEI@DF_KEI(4.0),I,ITA,M,CP,GR,_Z,_Z,GY,2013-06,1.22641509433963
DATAFLOW,OECD.SDD.STES:DSD_KEI@DF_KEI(4.0),I,ITA,M,CP,GR,_Z,_Z,GY,2013-07,1.22525918944394
DATAFLOW,OECD.SDD.STES:DSD_KEI@DF_KEI(4.0),I,ITA,M,CP,GR,_Z,_Z,GY,2013-08,1.2206572769953
DATAFLOW,OECD.SDD.STES:DSD_KEI@DF_KEI(4.0),I,ITA,M,CP,GR,_Z,_Z,GY,2013-09,0.938967136150248
DATAFLOW,OECD.SDD.STES:DSD_KEI@DF_KEI(4.0),I,ITA,M,CP,GR,_Z,_Z,GY,2013-10,0.751173708920194
DATAFLOW,OECD.SDD.STES:DSD_KEI@DF_KEI(4.0),I,ITA,M,CP,GR,_Z,_Z,GY,2013-11,0.658513640639713
DATAFLOW,OECD.SDD.STES:DSD_KEI@DF_KEI(4.0),I,ITA,M,CP,GR,_Z,_Z,GY,2013-12,0.657276995305178
DATAFLOW,OECD.SDD.STES:DSD_KEI@DF_KEI(4.0),I,ITA,M,CP,GR,_Z,_Z,GY,2015-08,0.185701021355622
DATAFLOW,OECD.SDD.STES:DSD_KEI@DF_KEI(4.0),I,ITA,M,CP,GR,_Z,_Z,GY,2015-09,0.186393289841558
DATAFLOW,OECD.SDD.STES:DSD_KEI@DF_KEI(4.0),I,ITA,M,CP,GR,_Z,_Z,GY,2015-10,0.279329608938528
DATAFLOW,OECD.SDD.STES:DSD_KEI@DF_KEI(4.0),I,ITA,M,CP,GR,_Z,_Z,GY,2015-11,0.0932835820895539
DATAFLOW,OECD.SDD.STES:DSD_KEI@DF_KEI(4.0),I,ITA,M,CP,GR,_Z,_Z,GY,2015-12,0.0932835820895539
DATAFLOW,OECD.SDD.STES:DSD_KEI@DF_KEI(4.0),I,ITA,M,CP,GR,_Z,_Z,GY,2016-01,0.252761368702381
DATAFLOW,OECD.SDD.STES:DSD_KEI@DF_KEI(4.0),I,ITA,M,CP,GR,_Z,_Z,GY,2016-02,-0.321875705317987
DATAFLOW,OECD.SDD.STES:DSD_KEI@DF_KEI(4.0),I,USA,M,CP,IX,_Z,_Z,_Z,2020-06,108.767303611133
DATAFLOW,OECD.SDD.STES:DSD_KEI@DF_KEI(4.0),I,USA,M,CP,IX,_Z,_Z,_Z,2020-07,109.317475117819
DATAFLOW,OECD.SDD.STES:DSD_KEI@DF_KEI(4.0),I,USA,M,CP,IX,_Z,_Z,_Z,2020-08,109.662176130826
DATAFLOW,OECD.SDD.STES:DSD_KEI@DF_KEI(4.0),I,USA,M,CP,IX,_Z,_Z,_Z,2020-09,109.814907791424
DATAFLOW,OECD.SDD.STES:DSD_KEI@DF_KEI(4.0),I,USA,M,CP,IX,_Z,_Z,_Z,2020-10,109.86047414320498
DATAFLOW,OECD.SDD.STES:DSD_KEI@DF_KEI(4.0),I,USA,M,CP,IX,_Z,_Z,_Z,2020-11,109.793390347528
DATAFLOW,OECD.SDD.STES:DSD_KEI@DF_KEI(4.0),I,USA,M,CP,IX,_Z,_Z,_Z,2020-12,109.896758460364
DATAFLOW,OECD.SDD.STES:DSD_KEI@DF_KEI(4.0),I,USA,M,CP,IX,_Z,_Z,_Z,2021-01,110.36423547678
DATAFLOW,OECD.SDD.STES:DSD_KEI@DF_KEI(4.0),I,USA,M,CP,IX,_Z,_Z,_Z,2021-02,110.968411548539
DATAFLOW,OECD.SDD.STES:DSD_KEI@DF_KEI(4.0),I,USA,M,CP,IX,_Z,_Z,_Z,2021-03,111.754431116755
DATAFLOW,OECD.SDD.STES:DSD_KEI@DF_KEI(4.0),I,USA,M,CP,IX,_Z,_Z,_Z,2021-04,112.672930633668
DATAFLOW,OECD.SDD.STES:DSD_KEI@DF_KEI(4.0),I,USA,M,CP,IX,_Z,_Z,_Z,2021-06,114.631439938907
DATAFLOW,OECD.SDD.STES:DSD_KEI@DF_KEI(4.0),I,USA,M,CP,IX,_Z,_Z,_Z,2021-07,115.182877177586
DATAFLOW,OECD.SDD.STES:DSD_KEI@DF_KEI(4.0),I,USA,M,CP,IX,_Z,_Z,_Z,2021-08,115.420834792441
DATAFLOW,OECD.SDD.STES:DSD_KEI@DF_KEI(4.0),I,USA,M,CP,IX,_Z,_Z,_Z,2021-10,116.695848820971
DATAFLOW,OECD.SDD.STES:DSD_KEI@DF_KEI(4.0),I,USA,M,CP,IX,_Z,_Z,_Z,2021-11,117.269225414211
DATAFLOW,OECD.SDD.STES:DSD_KEI@DF_KEI(4.0),I,USA,M,CP,IX,_Z,_Z,_Z,2021-12,117.62953712181
DATAFLOW,OECD.SDD.STES:DSD_KEI@DF_KEI(4.0),I,USA,M,CP,IX,_Z,_Z,_Z,2022-01,118.619339541046
DATAFLOW,OECD.SDD.STES:DSD_KEI@DF_KEI(4.0),I,USA,M,CP,IX,_Z,_Z,_Z,2022-03,121.301003725471
DATAFLOW,OECD.SDD.STES:DSD_KEI@DF_KEI(4.0),I,USA,M,CP,IX,_Z,_Z,_Z,2022-04,121.97817034221198
DATAFLOW,OECD.SDD.STES:DSD_KEI@DF_KEI(4.0),I,USA,M,CP,IX,_Z,_Z,_Z,2022-05,123.322799630406
DATAFLOW,OECD.SDD.STES:DSD_KEI@DF_KEI(4.0),I,USA,M,CP,IX,_Z,_Z,_Z,2022-06,125.016770948919
DATAFLOW,OECD.SDD.STES:DSD_KEI@DF_KEI(4.0),I,USA,M,CP,IX,_Z,_Z,_Z,2022-07,125.002004075657
DATAFLOW,OECD.SDD.STES:DSD_KEI@DF_KEI(4.0),I,USA,M,CP,IX,_Z,_Z,_Z,2022-08,124.95770345587
DATAFLOW,OECD.SDD.STES:DSD_KEI@DF_KEI(4.0),I,USA,M,CP,IX,_Z,_Z,_Z,2022-09,125.226460549243
DATAFLOW,OECD.SDD.STES:DSD_KEI@DF_KEI(4.0),I,USA,M,CP,IX,_Z,_Z,_Z,2022-10,125.734440989465
DATAFLOW,OECD.SDD.STES:DSD_KEI@DF_KEI(4.0),I,USA,M,CP,IX,_Z,_Z,_Z,2022-12,125.221819531932
DATAFLOW,OECD.SDD.STES:DSD_KEI@DF_KEI(4.0),I,USA,M,CP,IX,_Z,_Z,_Z,2023-01,126.223013539113
DATAFLOW,OECD.SDD.STES:DSD_KEI@DF_KEI(4.0),I,USA,M,CP,IX,_Z,_Z,_Z,2023-02,126.927604349055
DATAFLOW,OECD.SDD.STES:DSD_KEI@DF_KEI(4.0),I,USA,M,CP,IX,_Z,_Z,_Z,2023-03,127.347827371032
DATAFLOW,OECD.SDD.STES:DSD_KEI@DF_KEI(4.0),I,USA,M,CP,IX,_Z,_Z,_Z,2023-04,127.992084955931
DATAFLOW,OECD.SDD.STES:DSD_KEI@DF_KEI(4.0),I,USA,M,CP,IX,_Z,_Z,_Z,2023-05,128.314424703713
DATAFLOW,OECD.SDD.STES:DSD_KEI@DF_KEI(4.0),I,USA,M,CP,IX,_Z,_Z,_Z,2023-06,128.728740976386
DATAFLOW,OECD.SDD.STES:DSD_KEI@DF_KEI(4.0),I,USA,M,CP,IX,_Z,_Z,_Z,2023-07,128.97429298320398
DATAFLOW,OECD.SDD.STES:DSD_KEI@DF_KEI(4.0),I,USA,M,CP,IX,_Z,_Z,_Z,2023-08,129.537543720493
DATAFLOW,OECD.SDD.STES:DSD_KEI@DF_KEI(4.0),I,USA,M,CP,IX,_Z,_Z,_Z,2023-09,129.85946155761
DATAFLOW,OECD.SDD.STES:DSD_KEI@DF_KEI(4.0),I,USA,M,CP,IX,_Z,_Z,_Z,2023-10,129.80967609918298
DATAFLOW,OECD.SDD.STES:DSD_KEI@DF_KEI(4.0),I,USA,M,CP,IX,_Z,_Z,_Z,2023-11,129.548091487109
DATAFLOW,OECD.SDD.STES:DSD_KEI@DF_KEI(4.0),I,USA,M,CP,IX,_Z,_Z,_Z,2023-12,129.41940873439498
DATAFLOW,OECD.SDD.STES:DSD_KEI@DF_KEI(4.0),I,USA,M,CP,IX,_Z,_Z,_Z,2024-01,130.124421455001
DATAFLOW,OECD.SDD.STES:DSD_KEI@DF_KEI(4.0),I,USA,M,CP,IX,_Z,_Z,_Z,2024-02,130.929848913791
DATAFLOW,OECD.SDD.STES:DSD_KEI@DF_KEI(4.0),I,USA,M,CP,IX,_Z,_Z,_Z,2024-03,131.776201707051
DATAFLOW,OECD.SDD.STES:DSD_KEI@DF_KEI(4.0),I,USA,M,CP,IX,_Z,_Z,_Z,2024-04,132.289245075248
DATAFLOW,OECD.SDD.STES:DSD_KEI@DF_KEI(4.0),I,USA,M,CP,IX,_Z,_Z,_Z,2024-05,132.509060531523
DATAFLOW,OECD.SDD.STES:DSD_KEI@DF_KEI(4.0),I,USA,M,CP,IX,_Z,_Z,_Z,2024-06,132.553783061974
DATAFLOW,OECD.SDD.STES:DSD_KEI@DF_KEI(4.0),I,USA,M,CP,IX,_Z,_Z,_Z,2024-07,132.707780454567
DATAFLOW,OECD.SDD.STES:DSD_KEI@DF_KEI(4.0),I,USA,M,CP,IX,_Z,_Z,_Z,2024-08,132.815789584713
DATAFLOW,OECD.SDD.STES:DSD_KEI@DF_KEI(4.0),I,USA,M,CP,IX,_Z,_Z,_Z,2024-09,133.028854470354
DATAFLOW,OECD.SDD.STES:DSD_KEI@DF_KEI(4.0),I,USA,M,CP,IX,_Z,_Z,_Z,2024-10,133.182008041617
DATAFLOW,OECD.SDD.STES:DSD_KEI@DF_KEI(4.0),I,USA,M,CP,IX,_Z,_Z,_Z,2024-11,133.109861317965
DATAFLOW,OECD.SDD.STES:DSD_KEI@DF_KEI(4.0),I,USA,M,CP,IX,_Z,_Z,_Z,2024-12,133.157115312404
DATAFLOW,OECD.SDD.STES:DSD_KEI@DF_KEI(4.0),I,USA,M,CP,IX,_Z,_Z,_Z,2025-01,134.028782745541
DATAFLOW,OECD.SDD.STES:DSD_KEI@DF_KEI(4.0),I,USA,M,CP,IX,_Z,_Z,_Z,2025-02,134.624098693343
DATAFLOW,OECD.SDD.STES:DSD_KEI@DF_KEI(4.0),I,USA,M,CP,IX,_Z,_Z,_Z,2025-03,134.92660863988698
DATAFLOW,OECD.SDD.STES:DSD_KEI@DF_KEI(4.0),I,USA,M,CP,IX,_Z,_Z,_Z,2025-04,135.346831661864
DATAFLOW,OECD.SDD.STES:DSD_KEI@DF_KEI(4.0),I,USA,M,CP,IX,_Z,_Z,_Z,2025-05,135.62951180717
DATAFLOW,OECD.SDD.STES:DSD_KEI@DF_KEI(4.0),I,USA,M,CP,IX,_Z,_Z,_Z,2025-06,136.091925895611
DATAFLOW,OECD.SDD.STES:DSD_KEI@DF_KEI(4.0),I,USA,M,CP,IX,_Z,_Z,_Z,2025-07,136.297396389289
DATAFLOW,OECD.SDD.STES:DSD_KEI@DF_KEI(4.0),I,USA,M,CP,IX,_Z,_Z,_Z,2025-08,136.688929486071
DATAFLOW,OECD.SDD.STES:DSD_KEI@DF_KEI(4.0),I,USA,M,CP,IX,_Z,_Z,_Z,2025-09,137.03658387373102
DATAFLOW,OECD.SDD.STES:DSD_KEI@DF_KEI(4.0),I,USA,M,CP,IX,_Z,_Z,_Z,2025-11,136.750528443107
DATAFLOW,OECD.SDD.STES:DSD_KEI@DF_KEI(4.0),I,USA,M,CP,IX,_Z,_Z,_Z,2025-12,136.721838517912
DATAFLOW,OECD.SDD.STES:DSD_KEI@DF_KEI(4.0),I,USA,M,CP,IX,_Z,_Z,_Z,2007-01,85.4014690929343
DATAFLOW,OECD.SDD.STES:DSD_KEI@DF_KEI(4.0),I,USA,M,CP,IX,_Z,_Z,_Z,2007-03,86.6401988043052
DATAFLOW,OECD.SDD.STES:DSD_KEI@DF_KEI(4.0),I,USA,M,CP,IX,_Z,_Z,_Z,2007-04,87.2030276309294
DATAFLOW,OECD.SDD.STES:DSD_KEI@DF_KEI(4.0),I,USA,M,CP,IX,_Z,_Z,_Z,2007-06,87.9059307982128
DATAFLOW,OECD.SDD.STES:DSD_KEI@DF_KEI(4.0),I,USA,M,CP,IX,_Z,_Z,_Z,2007-07,87.8835695329871
DATAFLOW,OECD.SDD.STES:DSD_KEI@DF_KEI(4.0),I,USA,M,CP,IX,_Z,_Z,_Z,2007-08,87.7223996590962
DATAFLOW,OECD.SDD.STES:DSD_KEI@DF_KEI(4.0),I,USA,M,CP,IX,_Z,_Z,_Z,2007-10,88.1523266263601
DATAFLOW,OECD.SDD.STES:DSD_KEI@DF_KEI(4.0),I,USA,M,CP,IX,_Z,_Z,_Z,2007-12,88.6164283574596
DATAFLOW,OECD.SDD.STES:DSD_KEI@DF_KEI(4.0),I,USA,M,CP,IX,_Z,_Z,_Z,2008-02,89.3155343287612
DATAFLOW,OECD.SDD.STES:DSD_KEI@DF_KEI(4.0),I,USA,M,CP,IX,_Z,_Z,_Z,2008-03,90.089740398368
DATAFLOW,OECD.SDD.STES:DSD_KEI@DF_KEI(4.0),I,USA,M,CP,IX,_Z,_Z,_Z,2008-05,91.3993511013978
DATAFLOW,OECD.SDD.STES:DSD_KEI@DF_KEI(4.0),I,USA,M,CP,IX,_Z,_Z,_Z,2008-06,92.3203820822979
DATAFLOW,OECD.SDD.STES:DSD_KEI@DF_KEI(4.0),I,USA,M,CP,IX,_Z,_Z,_Z,2008-08,92.4347198724142
DATAFLOW,OECD.SDD.STES:DSD_KEI@DF_KEI(4.0),I,USA,M,CP,IX,_Z,_Z,_Z,2008-09,92.3068809410295
DATAFLOW,OECD.SDD.STES:DSD_KEI@DF_KEI(4.0),I,USA,M,CP,IX,_Z,_Z,_Z,2008-10,91.3744583721843
DATAFLOW,OECD.SDD.STES:DSD_KEI@DF_KEI(4.0),I,USA,M,CP,IX,_Z,_Z,_Z,2008-11,89.62437293527469
DATAFLOW,OECD.SDD.STES:DSD_KEI@DF_KEI(4.0),I,USA,M,CP,IX,_Z,_Z,_Z,2008-12,88.6974352050697
DATAFLOW,OECD.SDD.STES:DSD_KEI@DF_KEI(4.0),I,USA,M,CP,IX,_Z,_Z,_Z,2009-01,89.0834834632115
DATAFLOW,OECD.SDD.STES:DSD_KEI@DF_KEI(4.0),I,USA,M,CP,IX,_Z,_Z,_Z,2009-02,89.5264896610792
DATAFLOW,OECD.SDD.STES:DSD_KEI@DF_KEI(4.0),I,USA,M,CP,IX,_Z,_Z,_Z,2009-03,89.7441955640313
DATAFLOW,OECD.SDD.STES:DSD_KEI@DF_KEI(4.0),I,USA,M,CP,IX,_Z,_Z,_Z,2009-04,89.96823012695289
DATAFLOW,OECD.SDD.STES:DSD_KEI@DF_KEI(4.0),I,USA,M,CP,IX,_Z,_Z,_Z,2009-08,91.0626663910184
DATAFLOW,OECD.SDD.STES:DSD_KEI@DF_KEI(4.0),I,USA,M,CP,IX,_Z,_Z,_Z,2009-09,91.1196243307442
DATAFLOW,OECD.SDD.STES:DSD_KEI@DF_KEI(4.0),I,USA,M,CP,IX,_Z,_Z,_Z,2009-10,91.2073817489885
DATAFLOW,OECD.SDD.STES:DSD_KEI@DF_KEI(4.0),I,USA,M,CP,IX,_Z,_Z,_Z,2026-01,137.227287494146
DATAFLOW,OECD.SDD.STES:DSD_KEI@DF_KEI(4.0),I,USA,M,CP,IX,_Z,_Z,_Z,2015-08,100.54806195336198
DATAFLOW,OECD.SDD.STES:DSD_KEI@DF_KEI(4.0),I,USA,M,CP,IX,_Z,_Z,_Z,2021-05,113.576241366653
DATAFLOW,OECD.SDD.STES:DSD_KEI@DF_KEI(4.0),I,USA,M,CP,IX,_Z,_Z,_Z,2010-06,91.9617580173574
DATAFLOW,OECD.SDD.STES:DSD_KEI@DF_KEI(4.0),I,USA,M,CP,IX,_Z,_Z,_Z,2011-10,95.5294345975183
DATAFLOW,OECD.SDD.STES:DSD_KEI@DF_KEI(4.0),I,USA,M,CP,IX,_Z,_Z,_Z,2013-09,98.7899602138243
DATAFLOW,OECD.SDD.STES:DSD_KEI@DF_KEI(4.0),I,USA,M,CP,IX,_Z,_Z,_Z,2014-07,100.520215849496
DATAFLOW,OECD.SDD.STES:DSD_KEI@DF_KEI(4.0),I,USA,M,CP,IX,_Z,_Z,_Z,2014-12,99.0696869844779
DATAFLOW,OECD.SDD.STES:DSD_KEI@DF_KEI(4.0),I,USA,M,CP,IX,_Z,_Z,_Z,2017-01,102.45636388951
DATAFLOW,OECD.SDD.STES:DSD_KEI@DF_KEI(4.0),I,USA,M,CP,IX,_Z,_Z,_Z,2020-01,108.84071606678
DATAFLOW,OECD.SDD.STES:DSD_KEI@DF_KEI(4.0),I,USA,M,CP,IX,_Z,_Z,_Z,2007-05,87.73590080036459
DATAFLOW,OECD.SDD.STES:DSD_KEI@DF_KEI(4.0),I,USA,M,CP,IX,_Z,_Z,_Z,2007-09,87.9641544699326
DATAFLOW,OECD.SDD.STES:DSD_KEI@DF_KEI(4.0),I,USA,M,CP,IX,_Z,_Z,_Z,2007-11,88.6759177611733
DATAFLOW,OECD.SDD.STES:DSD_KEI@DF_KEI(4.0),I,USA,M,CP,IX,_Z,_Z,_Z,2008-01,89.05690309133949
DATAFLOW,OECD.SDD.STES:DSD_KEI@DF_KEI(4.0),I,USA,M,CP,IX,_Z,_Z,_Z,2009-07,90.8588835399993
DATAFLOW,OECD.SDD.STES:DSD_KEI@DF_KEI(4.0),I,USA,M,CP,IX,_Z,_Z,_Z,2009-11,91.2719340806778
DATAFLOW,OECD.SDD.STES:DSD_KEI@DF_KEI(4.0),I,USA,M,CP,IX,_Z,_Z,_Z,2010-07,91.98116590793067
DATAFLOW,OECD.SDD.STES:DSD_KEI@DF_KEI(4.0),I,USA,M,CP,IX,_Z,_Z,_Z,2010-08,92.1081610179861
DATAFLOW,OECD.SDD.STES:DSD_KEI@DF_KEI(4.0),I,USA,M,CP,IX,_Z,_Z,_Z,2010-12,92.4739575642254
DATAFLOW,OECD.SDD.STES:DSD_KEI@DF_KEI(4.0),I,USA,M,CP,IX,_Z,_Z,_Z,2011-06,95.2345190429379
DATAFLOW,OECD.SDD.STES:DSD_KEI@DF_KEI(4.0),I,USA,M,CP,IX,_Z,_Z,_Z,2011-11,95.44884966057288
DATAFLOW,OECD.SDD.STES:DSD_KEI@DF_KEI(4.0),I,USA,M,CP,IX,_Z,_Z,_Z,2011-12,95.21342350970608
DATAFLOW,OECD.SDD.STES:DSD_KEI@DF_KEI(4.0),I,USA,M,CP,IX,_Z,_Z,_Z,2012-04,97.0753152727442
DATAFLOW,OECD.SDD.STES:DSD_KEI@DF_KEI(4.0),I,USA,M,CP,IX,_Z,_Z,_Z,2014-10,100.175514836489
DATAFLOW,OECD.SDD.STES:DSD_KEI@DF_KEI(4.0),I,USA,M,CP,IX,_Z,_Z,_Z,2015-12,99.7924199529992
DATAFLOW,OECD.SDD.STES:DSD_KEI@DF_KEI(4.0),I,USA,M,CP,IX,_Z,_Z,_Z,2021-09,115.734314416266
DATAFLOW,OECD.SDD.STES:DSD_KEI@DF_KEI(4.0),I,USA,M,CP,GR,_Z,_Z,G1,2014-08,-0.167051416579156
DATAFLOW,OECD.SDD.STES:DSD_KEI@DF_KEI(4.0),I,USA,M,CP,GR,_Z,_Z,G1,2014-09,0.0752568824312849
DATAFLOW,OECD.SDD.STES:DSD_KEI@DF_KEI(4.0),I,USA,M,CP,GR,_Z,_Z,G1,2014-10,-0.251227781255126
DATAFLOW,OECD.SDD.STES:DSD_KEI@DF_KEI(4.0),I,USA,M,CP,GR,_Z,_Z,G1,2014-11,-0.539941794106646
DATAFLOW,OECD.SDD.STES:DSD_KEI@DF_KEI(4.0),I,USA,M,CP,GR,_Z,_Z,G1,2014-12,-0.567010091001063
DATAFLOW,OECD.SDD.STES:DSD_KEI@DF_KEI(4.0),I,USA,M,CP,GR,_Z,_Z,G1,2015-01,-0.470589237347285
DATAFLOW,OECD.SDD.STES:DSD_KEI@DF_KEI(4.0),I,ITA,M,CP,GR,_Z,_Z,G1,2008-05,0.515463917525771
DATAFLOW,OECD.SDD.STES:DSD_KEI@DF_KEI(4.0),I,ITA,M,CP,GR,_Z,_Z,G1,2008-06,0.439560439560438
DATAFLOW,OECD.SDD.STES:DSD_KEI@DF_KEI(4.0),I,ITA,M,CP,GR,_Z,_Z,G1,2008-07,0.510576221735959
DATAFLOW,OECD.SDD.STES:DSD_KEI@DF_KEI(4.0),I,USA,M,CP,GR,_Z,_Z,G1,2016-10,0.124674851301032
DATAFLOW,OECD.SDD.STES:DSD_KEI@DF_KEI(4.0),I,USA,M,CP,GR,_Z,_Z,G1,2016-11,-0.155546086733405
DATAFLOW,OECD.SDD.STES:DSD_KEI@DF_KEI(4.0),I,USA,M,CP,GR,_Z,_Z,G1,2016-12,0.0327321392315172
DATAFLOW,OECD.SDD.STES:DSD_KEI@DF_KEI(4.0),I,USA,M,CP,GR,_Z,_Z,G1,2017-01,0.582772789025809
DATAFLOW,OECD.SDD.STES:DSD_KEI@DF_KEI(4.0),I,USA,M,CP,GR,_Z,_Z,G1,2017-02,0.314611738641846
DATAFLOW,OECD.SDD.STES:DSD_KEI@DF_KEI(4.0),I,USA,M,CP,GR,_Z,_Z,G1,2017-03,0.0812797871948323
DATAFLOW,OECD.SDD.STES:DSD_KEI@DF_KEI(4.0),I,USA,M,CP,GR,_Z,_Z,G1,2017-04,0.296553336531957
DATAFLOW,OECD.SDD.STES:DSD_KEI@DF_KEI(4.0),I,USA,M,CP,GR,_Z,_Z,G1,2017-05,0.0854721826897276
DATAFLOW,OECD.SDD.STES:DSD_KEI@DF_KEI(4.0),I,USA,M,CP,GR,_Z,_Z,G1,2017-06,0.0907111014869288
DATAFLOW,OECD.SDD.STES:DSD_KEI@DF_KEI(4.0),I,ITA,M,CP,GR,_Z,_Z,GY,2014-04,0.560747663551409
DATAFLOW,OECD.SDD.STES:DSD_KEI@DF_KEI(4.0),I,ITA,M,CP,GR,_Z,_Z,G1,2012-05,0.0
DATAFLOW,OECD.SDD.STES:DSD_KEI@DF_KEI(4.0),I,ITA,M,CP,GR,_Z,_Z,G1,2012-09,0.0
DATAFLOW,OECD.SDD.STES:DSD_KEI@DF_KEI(4.0),I,USA,M,CP,GR,_Z,_Z,GY,2009-10,-0.182848277486103
DATAFLOW,OECD.SDD.STES:DSD_KEI@DF_KEI(4.0),I,USA,M,CP,GR,_Z,_Z,GY,2009-11,1.83829586913029
DATAFLOW,OECD.SDD.STES:DSD_KEI@DF_KEI(4.0),I,USA,M,CP,GR,_Z,_Z,GY,2009-12,2.72133112620585
DATAFLOW,OECD.SDD.STES:DSD_KEI@DF_KEI(4.0),I,USA,M,CP,GR,_Z,_Z,GY,2010-01,2.62570864295764
DATAFLOW,OECD.SDD.STES:DSD_KEI@DF_KEI(4.0),I,USA,M,CP,GR,_Z,_Z,GY,2010-02,2.14333177814536
DATAFLOW,OECD.SDD.STES:DSD_KEI@DF_KEI(4.0),I,USA,M,CP,GR,_Z,_Z,GY,2010-03,2.31395944694395
DATAFLOW,OECD.SDD.STES:DSD_KEI@DF_KEI(4.0),I,USA,M,CP,GR,_Z,_Z,GY,2010-04,2.23644719564808
DATAFLOW,OECD.SDD.STES:DSD_KEI@DF_KEI(4.0),I,USA,M,CP,GR,_Z,_Z,GY,2010-06,1.05334897284566
DATAFLOW,OECD.SDD.STES:DSD_KEI@DF_KEI(4.0),I,USA,M,CP,GR,_Z,_Z,GY,2010-07,1.23519277830146
DATAFLOW,OECD.SDD.STES:DSD_KEI@DF_KEI(4.0),I,USA,M,CP,GR,_Z,_Z,GY,2010-08,1.1481045618392
DATAFLOW,OECD.SDD.STES:DSD_KEI@DF_KEI(4.0),I,USA,M,CP,GR,_Z,_Z,GY,2010-09,1.14368265815927
DATAFLOW,OECD.SDD.STES:DSD_KEI@DF_KEI(4.0),I,USA,M,CP,GR,_Z,_Z,GY,2010-10,1.17218760552695
DATAFLOW,OECD.SDD.STES:DSD_KEI@DF_KEI(4.0),I,USA,M,CP,GR,_Z,_Z,GY,2010-11,1.14316091157027
DATAFLOW,OECD.SDD.STES:DSD_KEI@DF_KEI(4.0),I,USA,M,CP,GR,_Z,_Z,GY,2010-12,1.49572352731431
DATAFLOW,OECD.SDD.STES:DSD_KEI@DF_KEI(4.0),I,USA,M,CP,GR,_Z,_Z,GY,2011-01,1.63184685744875
DATAFLOW,OECD.SDD.STES:DSD_KEI@DF_KEI(4.0),I,USA,M,CP,GR,_Z,_Z,GY,2011-02,2.10758462865817
DATAFLOW,OECD.SDD.STES:DSD_KEI@DF_KEI(4.0),I,USA,M,CP,GR,_Z,_Z,GY,2011-03,2.68160326424087
DATAFLOW,OECD.SDD.STES:DSD_KEI@DF_KEI(4.0),I,USA,M,CP,GR,_Z,_Z,GY,2011-04,3.16363085927647
DATAFLOW,OECD.SDD.STES:DSD_KEI@DF_KEI(4.0),I,USA,M,CP,GR,_Z,_Z,GY,2011-05,3.56864578463458
DATAFLOW,OECD.SDD.STES:DSD_KEI@DF_KEI(4.0),I,USA,M,CP,GR,_Z,_Z,GY,2011-06,3.55882825224234
DATAFLOW,OECD.SDD.STES:DSD_KEI@DF_KEI(4.0),I,USA,M,CP,GR,_Z,_Z,GY,2011-07,3.62871598222108
DATAFLOW,OECD.SDD.STES:DSD_KEI@DF_KEI(4.0),I,USA,M,CP,GR,_Z,_Z,GY,2011-08,3.77120817911978
DATAFLOW,OECD.SDD.STES:DSD_KEI@DF_KEI(4.0),I,USA,M,CP,GR,_Z,_Z,GY,2011-09,3.8683568410403
DATAFLOW,OECD.SDD.STES:DSD_KEI@DF_KEI(4.0),I,USA,M,CP,GR,_Z,_Z,GY,2011-10,3.5251999213574
DATAFLOW,OECD.SDD.STES:DSD_KEI@DF_KEI(4.0),I,USA,M,CP,GR,_Z,_Z,GY,2011-11,3.39437759080086
DATAFLOW,OECD.SDD.STES:DSD_KEI@DF_KEI(4.0),I,USA,M,CP,GR,_Z,_Z,GY,2011-12,2.96241884487107
DATAFLOW,OECD.SDD.STES:DSD_KEI@DF_KEI(4.0),I,USA,M,CP,GR,_Z,_Z,G1,2007-01,0.305252725470773
DATAFLOW,OECD.SDD.STES:DSD_KEI@DF_KEI(4.0),I,USA,M,CP,GR,_Z,_Z,G1,2007-02,0.535036755987606
DATAFLOW,OECD.SDD.STES:DSD_KEI@DF_KEI(4.0),I,USA,M,CP,GR,_Z,_Z,G1,2007-03,0.910569585108578
DATAFLOW,OECD.SDD.STES:DSD_KEI@DF_KEI(4.0),I,USA,M,CP,GR,_Z,_Z,G1,2007-04,0.649616268650832
DATAFLOW,OECD.SDD.STES:DSD_KEI@DF_KEI(4.0),I,USA,M,CP,GR,_Z,_Z,G1,2007-05,0.611071867470581
DATAFLOW,OECD.SDD.STES:DSD_KEI@DF_KEI(4.0),I,USA,M,CP,GR,_Z,_Z,G1,2007-06,0.19379751766051
DATAFLOW,OECD.SDD.STES:DSD_KEI@DF_KEI(4.0),I,USA,M,CP,GR,_Z,_Z,G1,2007-07,-0.0254377207802081
DATAFLOW,OECD.SDD.STES:DSD_KEI@DF_KEI(4.0),I,USA,M,CP,GR,_Z,_Z,G1,2007-09,0.275590740535936
DATAFLOW,OECD.SDD.STES:DSD_KEI@DF_KEI(4.0),I,USA,M,CP,GR,_Z,_Z,G1,2007-10,0.213919132812013
DATAFLOW,OECD.SDD.STES:DSD_KEI@DF_KEI(4.0),I,USA,M,CP,GR,_Z,_Z,G1,2007-11,0.593961787341679
DATAFLOW,OECD.SDD.STES:DSD_KEI@DF_KEI(4.0),I,USA,M,CP,GR,_Z,_Z,G1,2007-12,-0.0670863129648369
DATAFLOW,OECD.SDD.STES:DSD_KEI@DF_KEI(4.0),I,USA,M,CP,GR,_Z,_Z,G1,2008-01,0.497057647260535
DATAFLOW,OECD.SDD.STES:DSD_KEI@DF_KEI(4.0),I,USA,M,CP,GR,_Z,_Z,G1,2008-02,0.290411218495268
DATAFLOW,OECD.SDD.STES:DSD_KEI@DF_KEI(4.0),I,USA,M,CP,GR,_Z,_Z,G1,2008-03,0.866821293098941
DATAFLOW,OECD.SDD.STES:DSD_KEI@DF_KEI(4.0),I,USA,M,CP,GR,_Z,_Z,G1,2008-04,0.606477838971986
DATAFLOW,OECD.SDD.STES:DSD_KEI@DF_KEI(4.0),I,USA,M,CP,GR,_Z,_Z,G1,2008-05,0.84208860317565
DATAFLOW,OECD.SDD.STES:DSD_KEI@DF_KEI(4.0),I,USA,M,CP,GR,_Z,_Z,G1,2008-06,1.00769969348942
DATAFLOW,OECD.SDD.STES:DSD_KEI@DF_KEI(4.0),I,USA,M,CP,GR,_Z,_Z,G1,2008-07,0.525101112812187
DATAFLOW,OECD.SDD.STES:DSD_KEI@DF_KEI(4.0),I,USA,M,CP,GR,_Z,_Z,G1,2008-08,-0.399156225564201
DATAFLOW,OECD.SDD.STES:DSD_KEI@DF_KEI(4.0),I,USA,M,CP,GR,_Z,_Z,G1,2008-09,-0.138301854066469
DATAFLOW,OECD.SDD.STES:DSD_KEI@DF_KEI(4.0),I,USA,M,CP,GR,_Z,_Z,G1,2008-10,-1.01013332845781
DATAFLOW,OECD.SDD.STES:DSD_KEI@DF_KEI(4.0),I,USA,M,CP,GR,_Z,_Z,G1,2008-11,-1.9152895328596
DATAFLOW,OECD.SDD.STES:DSD_KEI@DF_KEI(4.0),I,USA,M,CP,GR,_Z,_Z,G1,2008-12,-1.03424738142873
DATAFLOW,OECD.SDD.STES:DSD_KEI@DF_KEI(4.0),I,USA,M,CP,GR,_Z,_Z,G1,2009-01,0.43524173754208
DATAFLOW,OECD.SDD.STES:DSD_KEI@DF_KEI(4.0),I,USA,M,CP,GR,_Z,_Z,G1,2009-02,0.497293303590496
DATAFLOW,OECD.SDD.STES:DSD_KEI@DF_KEI(4.0),I,USA,M,CP,GR,_Z,_Z,G1,2009-03,0.243174845541549
DATAFLOW,OECD.SDD.STES:DSD_KEI@DF_KEI(4.0),I,USA,M,CP,GR,_Z,_Z,G1,2009-04,0.249636827778743
DATAFLOW,OECD.SDD.STES:DSD_KEI@DF_KEI(4.0),I,USA,M,CP,GR,_Z,_Z,G1,2009-05,0.288876383417769
DATAFLOW,OECD.SDD.STES:DSD_KEI@DF_KEI(4.0),I,USA,M,CP,GR,_Z,_Z,G1,2009-06,0.858989226395335
DATAFLOW,OECD.SDD.STES:DSD_KEI@DF_KEI(4.0),I,USA,M,CP,GR,_Z,_Z,G1,2009-07,-0.158558692215249
DATAFLOW,OECD.SDD.STES:DSD_KEI@DF_KEI(4.0),I,USA,M,CP,GR,_Z,_Z,G1,2009-08,0.224285004481017
DATAFLOW,OECD.SDD.STES:DSD_KEI@DF_KEI(4.0),I,USA,M,CP,GR,_Z,_Z,G1,2009-09,0.062548069349555
DATAFLOW,OECD.SDD.STES:DSD_KEI@DF_KEI(4.0),I,USA,M,CP,GR,_Z,_Z,G1,2009-10,0.0963101185818882
DATAFLOW,OECD.SDD.STES:DSD_KEI@DF_KEI(4.0),I,USA,M,CP,GR,_Z,_Z,G1,2009-11,0.0707753368767383
DATAFLOW,OECD.SDD.STES:DSD_KEI@DF_KEI(4.0),I,USA,M,CP,GR,_Z,_Z,G1,2009-12,-0.176119816946363
DATAFLOW,OECD.SDD.STES:DSD_KEI@DF_KEI(4.0),I,USA,M,CP,GR,_Z,_Z,G1,2010-01,0.341747357014865
DATAFLOW,OECD.SDD.STES:DSD_KEI@DF_KEI(4.0),I,USA,M,CP,GR,_Z,_Z,G1,2010-02,0.0249207382076122
DATAFLOW,OECD.SDD.STES:DSD_KEI@DF_KEI(4.0),I,USA,M,CP,GR,_Z,_Z,G1,2010-03,0.410628353657105
DATAFLOW,OECD.SDD.STES:DSD_KEI@DF_KEI(4.0),I,USA,M,CP,GR,_Z,_Z,G1,2010-04,0.173688491069801
DATAFLOW,OECD.SDD.STES:DSD_KEI@DF_KEI(4.0),I,USA,M,CP,GR,_Z,_Z,G1,2010-05,0.0775197354236923
DATAFLOW,OECD.SDD.STES:DSD_KEI@DF_KEI(4.0),I,USA,M,CP,GR,_Z,_Z,G1,2010-06,-0.0976267084673577
DATAFLOW,OECD.SDD.STES:DSD_KEI@DF_KEI(4.0),I,USA,M,CP,GR,_Z,_Z,G1,2010-07,0.0211043057372073
DATAFLOW,OECD.SDD.STES:DSD_KEI@DF_KEI(4.0),I,USA,M,CP,GR,_Z,_Z,G1,2010-08,0.138066427840799
DATAFLOW,OECD.SDD.STES:DSD_KEI@DF_KEI(4.0),I,USA,M,CP,GR,_Z,_Z,G1,2010-09,0.0581736230715002
DATAFLOW,OECD.SDD.STES:DSD_KEI@DF_KEI(4.0),I,USA,M,CP,GR,_Z,_Z,G1,2010-10,0.124519888847741
DATAFLOW,OECD.SDD.STES:DSD_KEI@DF_KEI(4.0),I,USA,M,CP,GR,_Z,_Z,G1,2010-11,0.0420646423819449
DATAFLOW,OECD.SDD.STES:DSD_KEI@DF_KEI(4.0),I,USA,M,CP,GR,_Z,_Z,G1,2010-12,0.171844078920325
DATAFLOW,OECD.SDD.STES:DSD_KEI@DF_KEI(4.0),I,USA,M,CP,GR,_Z,_Z,G1,2011-01,0.476323005397372
DATAFLOW,OECD.SDD.STES:DSD_KEI@DF_KEI(4.0),I,USA,M,CP,GR,_Z,_Z,G1,2011-02,0.493136502545188
DATAFLOW,OECD.SDD.STES:DSD_KEI@DF_KEI(4.0),I,USA,M,CP,GR,_Z,_Z,G1,2011-03,0.975107203050918
DATAFLOW,OECD.SDD.STES:DSD_KEI@DF_KEI(4.0),I,USA,M,CP,GR,_Z,_Z,G1,2017-07,-0.0689922638857254
DATAFLOW,OECD.SDD.STES:DSD_KEI@DF_KEI(4.0),I,USA,M,CP,GR,_Z,_Z,G1,2017-08,0.299445229710749
DATAFLOW,OECD.SDD.STES:DSD_KEI@DF_KEI(4.0),I,USA,M,CP,GR,_Z,_Z,G1,2017-09,0.529490589323389
DATAFLOW,OECD.SDD.STES:DSD_KEI@DF_KEI(4.0),I,USA,M,CP,GR,_Z,_Z,G1,2017-10,-0.0632042103725916
DATAFLOW,OECD.SDD.STES:DSD_KEI@DF_KEI(4.0),I,USA,M,CP,GR,_Z,_Z,G1,2017-11,0.0024324685899523
DATAFLOW,OECD.SDD.STES:DSD_KEI@DF_KEI(4.0),I,USA,M,CP,GR,_Z,_Z,G1,2017-12,-0.0587832277260336
DATAFLOW,OECD.SDD.STES:DSD_KEI@DF_KEI(4.0),I,USA,M,CP,GR,_Z,_Z,G1,2018-01,0.544774545277593
DATAFLOW,OECD.SDD.STES:DSD_KEI@DF_KEI(4.0),I,USA,M,CP,GR,_Z,_Z,G1,2018-02,0.453468997486817
DATAFLOW,OECD.SDD.STES:DSD_KEI@DF_KEI(4.0),I,USA,M,CP,GR,_Z,_Z,G1,2018-03,0.226112590414917
DATAFLOW,OECD.SDD.STES:DSD_KEI@DF_KEI(4.0),I,USA,M,CP,GR,_Z,_Z,G1,2018-04,0.397509156335096
DATAFLOW,OECD.SDD.STES:DSD_KEI@DF_KEI(4.0),I,USA,M,CP,GR,_Z,_Z,G1,2018-05,0.415891692542947
DATAFLOW,OECD.SDD.STES:DSD_KEI@DF_KEI(4.0),I,USA,M,CP,GR,_Z,_Z,G1,2018-06,0.15938757015439
DATAFLOW,OECD.SDD.STES:DSD_KEI@DF_KEI(4.0),I,USA,M,CP,GR,_Z,_Z,G1,2018-07,0.0067463262287015
DATAFLOW,OECD.SDD.STES:DSD_KEI@DF_KEI(4.0),I,USA,M,CP,GR,_Z,_Z,G1,2018-08,0.0555542328357195
DATAFLOW,OECD.SDD.STES:DSD_KEI@DF_KEI(4.0),I,USA,M,CP,GR,_Z,_Z,G1,2018-09,0.116202517588704
DATAFLOW,OECD.SDD.STES:DSD_KEI@DF_KEI(4.0),I,USA,M,CP,GR,_Z,_Z,G1,2018-10,0.17667634557299
DATAFLOW,OECD.SDD.STES:DSD_KEI@DF_KEI(4.0),I,USA,M,CP,GR,_Z,_Z,G1,2018-11,-0.334934851810509
DATAFLOW,OECD.SDD.STES:DSD_KEI@DF_KEI(4.0),I,USA,M,CP,GR,_Z,_Z,G1,2018-12,-0.319396281512274
DATAFLOW,OECD.SDD.STES:DSD_KEI@DF_KEI(4.0),I,USA,M,CP,GR,_Z,_Z,G1,2019-01,0.19065966652414
DATAFLOW,OECD.SDD.STES:DSD_KEI@DF_KEI(4.0),I,USA,M,CP,GR,_Z,_Z,G1,2019-02,0.422705314010074
DATAFLOW,OECD.SDD.STES:DSD_KEI@DF_KEI(4.0),I,USA,M,CP,GR,_Z,_Z,G1,2019-03,0.564135835679913
DATAFLOW,OECD.SDD.STES:DSD_KEI@DF_KEI(4.0),I,USA,M,CP,GR,_Z,_Z,G1,2019-04,0.529500161289165
DATAFLOW,OECD.SDD.STES:DSD_KEI@DF_KEI(4.0),I,USA,M,CP,GR,_Z,_Z,G1,2019-05,0.212875858938522
DATAFLOW,OECD.SDD.STES:DSD_KEI@DF_KEI(4.0),I,USA,M,CP,GR,_Z,_Z,G1,2019-06,0.0199147181487058
DATAFLOW,OECD.SDD.STES:DSD_KEI@DF_KEI(4.0),I,USA,M,CP,GR,_Z,_Z,G1,2019-07,0.167094162245163
DATAFLOW,OECD.SDD.STES:DSD_KEI@DF_KEI(4.0),I,USA,M,CP,GR,_Z,_Z,G1,2019-08,-0.0050668236080353
DATAFLOW,OECD.SDD.STES:DSD_KEI@DF_KEI(4.0),I,USA,M,CP,GR,_Z,_Z,G1,2019-09,0.0783448576922696
DATAFLOW,OECD.SDD.STES:DSD_KEI@DF_KEI(4.0),I,USA,M,CP,GR,_Z,_Z,G1,2019-10,0.228619055223667
DATAFLOW,OECD.SDD.STES:DSD_KEI@DF_KEI(4.0),I,USA,M,CP,GR,_Z,_Z,G1,2019-11,-0.0536243034671702
DATAFLOW,OECD.SDD.STES:DSD_KEI@DF_KEI(4.0),I,USA,M,CP,GR,_Z,_Z,G1,2019-12,-0.0909769525055393
DATAFLOW,OECD.SDD.STES:DSD_KEI@DF_KEI(4.0),I,USA,M,CP,GR,_Z,_Z,G1,2020-01,0.387976993781503
DATAFLOW,OECD.SDD.STES:DSD_KEI@DF_KEI(4.0),I,USA,M,CP,GR,_Z,_Z,G1,2020-02,0.274061813149928
DATAFLOW,OECD.SDD.STES:DSD_KEI@DF_KEI(4.0),I,USA,M,CP,GR,_Z,_Z,G1,2020-03,-0.217645103178454
DATAFLOW,OECD.SDD.STES:DSD_KEI@DF_KEI(4.0),I,USA,M,CP,GR,_Z,_Z,G1,2020-04,-0.668694186700181
DATAFLOW,OECD.SDD.STES:DSD_KEI@DF_KEI(4.0),I,USA,M,CP,GR,_Z,_Z,G1,2020-05,0.0019501616682404
DATAFLOW,OECD.SDD.STES:DSD_KEI@DF_KEI(4.0),I,USA,M,CP,GR,_Z,_Z,G1,2020-06,0.547204692777403
DATAFLOW,OECD.SDD.STES:DSD_KEI@DF_KEI(4.0),I,USA,M,CP,GR,_Z,_Z,G1,2020-07,0.50582435016775
DATAFLOW,OECD.SDD.STES:DSD_KEI@DF_KEI(4.0),I,USA,M,CP,IX,_Z,_Z,_Z,2010-01,91.4225561879528
DATAFLOW,OECD.SDD.STES:DSD_KEI@DF_KEI(4.0),I,USA,M,CP,IX,_Z,_Z,_Z,2010-03,91.820839855369
DATAFLOW,OECD.SDD.STES:DSD_KEI@DF_KEI(4.0),I,USA,M,CP,IX,_Z,_Z,_Z,2010-04,91.9803220866014
DATAFLOW,OECD.SDD.STES:DSD_KEI@DF_KEI(4.0),I,USA,M,CP,IX,_Z,_Z,_Z,2010-05,92.0516249889248
DATAFLOW,OECD.SDD.STES:DSD_KEI@DF_KEI(4.0),I,ITA,M,CP,GR,_Z,_Z,GY,2014-01,0.656044985941895
DATAFLOW,OECD.SDD.STES:DSD_KEI@DF_KEI(4.0),I,ITA,M,CP,GR,_Z,_Z,GY,2014-02,0.468164794007486
DATAFLOW,OECD.SDD.STES:DSD_KEI@DF_KEI(4.0),I,ITA,M,CP,GR,_Z,_Z,GY,2014-03,0.373831775700939
DATAFLOW,OECD.SDD.STES:DSD_KEI@DF_KEI(4.0),I,ITA,M,CP,GR,_Z,_Z,GY,2014-05,0.467289719626174
DATAFLOW,OECD.SDD.STES:DSD_KEI@DF_KEI(4.0),I,ITA,M,CP,GR,_Z,_Z,GY,2014-06,0.279589934762359
DATAFLOW,OECD.SDD.STES:DSD_KEI@DF_KEI(4.0),I,ITA,M,CP,GR,_Z,_Z,GY,2014-07,0.0931098696461685
DATAFLOW,OECD.SDD.STES:DSD_KEI@DF_KEI(4.0),I,ITA,M,CP,GR,_Z,_Z,GY,2014-08,-0.0927643784786714
DATAFLOW,OECD.SDD.STES:DSD_KEI@DF_KEI(4.0),I,ITA,M,CP,GR,_Z,_Z,GY,2014-09,-0.186046511627902
DATAFLOW,OECD.SDD.STES:DSD_KEI@DF_KEI(4.0),I,ITA,M,CP,GR,_Z,_Z,GY,2014-10,0.0931966449207788
DATAFLOW,OECD.SDD.STES:DSD_KEI@DF_KEI(4.0),I,ITA,M,CP,GR,_Z,_Z,GY,2014-11,0.18691588785047
DATAFLOW,OECD.SDD.STES:DSD_KEI@DF_KEI(4.0),I,ITA,M,CP,GR,_Z,_Z,GY,2015-01,-0.5586592178771
DATAFLOW,OECD.SDD.STES:DSD_KEI@DF_KEI(4.0),I,ITA,M,CP,GR,_Z,_Z,GY,2015-02,-0.0931966449207788
DATAFLOW,OECD.SDD.STES:DSD_KEI@DF_KEI(4.0),I,USA,M,CP,IX,_Z,_Z,_Z,2013-06,98.5178278351342
DATAFLOW,OECD.SDD.STES:DSD_KEI@DF_KEI(4.0),I,USA,M,CP,IX,_Z,_Z,_Z,2013-07,98.5566436162807
DATAFLOW,OECD.SDD.STES:DSD_KEI@DF_KEI(4.0),I,USA,M,CP,IX,_Z,_Z,_Z,2013-08,98.6752005130434
DATAFLOW,OECD.SDD.STES:DSD_KEI@DF_KEI(4.0),I,USA,M,CP,IX,_Z,_Z,_Z,2013-10,98.5355480830489
DATAFLOW,OECD.SDD.STES:DSD_KEI@DF_KEI(4.0),I,USA,M,CP,IX,_Z,_Z,_Z,2013-11,98.3342966960176
DATAFLOW,OECD.SDD.STES:DSD_KEI@DF_KEI(4.0),I,USA,M,CP,IX,_Z,_Z,_Z,2013-12,98.3258584827249
DATAFLOW,OECD.SDD.STES:DSD_KEI@DF_KEI(4.0),I,USA,M,CP,IX,_Z,_Z,_Z,2014-01,98.6916550289642
DATAFLOW,OECD.SDD.STES:DSD_KEI@DF_KEI(4.0),I,USA,M,CP,IX,_Z,_Z,_Z,2014-02,99.0566077538742
DATAFLOW,OECD.SDD.STES:DSD_KEI@DF_KEI(4.0),I,USA,M,CP,IX,_Z,_Z,_Z,2014-03,99.6945366788036
DATAFLOW,OECD.SDD.STES:DSD_KEI@DF_KEI(4.0),I,USA,M,CP,GR,_Z,_Z,GY,2020-09,1.37132486105647
DATAFLOW,OECD.SDD.STES:DSD_KEI@DF_KEI(4.0),I,USA,M,CP,GR,_Z,_Z,GY,2020-10,1.18206616772747
DATAFLOW,OECD.SDD.STES:DSD_KEI@DF_KEI(4.0),I,USA,M,CP,GR,_Z,_Z,GY,2020-11,1.17453578426798
DATAFLOW,OECD.SDD.STES:DSD_KEI@DF_KEI(4.0),I,USA,M,CP,GR,_Z,_Z,GY,2020-12,1.36200549471932
DATAFLOW,OECD.SDD.STES:DSD_KEI@DF_KEI(4.0),I,USA,M,CP,GR,_Z,_Z,GY,2021-01,1.39976974156009
DATAFLOW,OECD.SDD.STES:DSD_KEI@DF_KEI(4.0),I,USA,M,CP,GR,_Z,_Z,GY,2021-02,1.67621521737451
DATAFLOW,OECD.SDD.STES:DSD_KEI@DF_KEI(4.0),I,USA,M,CP,GR,_Z,_Z,GY,2021-03,2.61976250895919
DATAFLOW,OECD.SDD.STES:DSD_KEI@DF_KEI(4.0),I,USA,M,CP,GR,_Z,_Z,GY,2021-04,4.15969483870211
DATAFLOW,OECD.SDD.STES:DSD_KEI@DF_KEI(4.0),I,USA,M,CP,GR,_Z,_Z,GY,2021-05,4.99270653759447
DATAFLOW,OECD.SDD.STES:DSD_KEI@DF_KEI(4.0),I,USA,M,CP,GR,_Z,_Z,GY,2021-06,5.39145141332134
DATAFLOW,OECD.SDD.STES:DSD_KEI@DF_KEI(4.0),I,USA,M,CP,GR,_Z,_Z,G1,2022-12,-0.307009146454751
DATAFLOW,OECD.SDD.STES:DSD_KEI@DF_KEI(4.0),I,USA,M,CP,GR,_Z,_Z,G1,2023-01,0.799536383454069
DATAFLOW,OECD.SDD.STES:DSD_KEI@DF_KEI(4.0),I,USA,M,CP,GR,_Z,_Z,G1,2023-02,0.558211050573321
DATAFLOW,OECD.SDD.STES:DSD_KEI@DF_KEI(4.0),I,USA,M,CP,GR,_Z,_Z,G1,2023-03,0.331072995612036
DATAFLOW,OECD.SDD.STES:DSD_KEI@DF_KEI(4.0),I,USA,M,CP,GR,_Z,_Z,G1,2023-04,0.505903868325852
DATAFLOW,OECD.SDD.STES:DSD_KEI@DF_KEI(4.0),I,USA,M,CP,GR,_Z,_Z,G1,2023-05,0.251843501020388
DATAFLOW,OECD.SDD.STES:DSD_KEI@DF_KEI(4.0),I,USA,M,CP,GR,_Z,_Z,G1,2023-06,0.322891423649141
DATAFLOW,OECD.SDD.STES:DSD_KEI@DF_KEI(4.0),I,USA,M,CP,GR,_Z,_Z,G1,2023-07,0.190751501922204
DATAFLOW,OECD.SDD.STES:DSD_KEI@DF_KEI(4.0),I,USA,M,CP,GR,_Z,_Z,G1,2023-08,0.436715506835417
DATAFLOW,OECD.SDD.STES:DSD_KEI@DF_KEI(4.0),I,USA,M,CP,GR,_Z,_Z,G1,2023-09,0.248513155237529
DATAFLOW,OECD.SDD.STES:DSD_KEI@DF_KEI(4.0),I,USA,M,CP,GR,_Z,_Z,G1,2023-10,-0.0383379522984617
DATAFLOW,OECD.SDD.STES:DSD_KEI@DF_KEI(4.0),I,USA,M,CP,GR,_Z,_Z,G1,2023-11,-0.201513954841182
DATAFLOW,OECD.SDD.STES:DSD_KEI@DF_KEI(4.0),I,USA,M,CP,GR,_Z,_Z,G1,2023-12,-0.0993320327893898
DATAFLOW,OECD.SDD.STES:DSD_KEI@DF_KEI(4.0),I,USA,M,CP,GR,_Z,_Z,G1,2011-04,0.643942953545706
DATAFLOW,OECD.SDD.STES:DSD_KEI@DF_KEI(4.0),I,USA,M,CP,GR,_Z,_Z,G1,2011-05,0.470418752723312
DATAFLOW,OECD.SDD.STES:DSD_KEI@DF_KEI(4.0),I,USA,M,CP,GR,_Z,_Z,G1,2011-06,-0.10709670566984
DATAFLOW,OECD.SDD.STES:DSD_KEI@DF_KEI(4.0),I,USA,M,CP,GR,_Z,_Z,G1,2011-07,0.0886045666792956
DATAFLOW,OECD.SDD.STES:DSD_KEI@DF_KEI(4.0),I,USA,M,CP,GR,_Z,_Z,G1,2011-08,0.275758890236499
DATAFLOW,OECD.SDD.STES:DSD_KEI@DF_KEI(4.0),I,USA,M,CP,GR,_Z,_Z,G1,2011-09,0.151846211569406
DATAFLOW,OECD.SDD.STES:DSD_KEI@DF_KEI(4.0),I,USA,M,CP,GR,_Z,_Z,G1,2011-10,-0.206268263335829
DATAFLOW,OECD.SDD.STES:DSD_KEI@DF_KEI(4.0),I,USA,M,CP,GR,_Z,_Z,G1,2011-11,-0.08435613304415
DATAFLOW,OECD.SDD.STES:DSD_KEI@DF_KEI(4.0),I,USA,M,CP,GR,_Z,_Z,G1,2011-12,-0.246651637713813
DATAFLOW,OECD.SDD.STES:DSD_KEI@DF_KEI(4.0),I,USA,M,CP,GR,_Z,_Z,G1,2012-01,0.440019142826742
DATAFLOW,OECD.SDD.STES:DSD_KEI@DF_KEI(4.0),I,USA,M,CP,GR,_Z,_Z,G1,2012-02,0.440297355127628
DATAFLOW,OECD.SDD.STES:DSD_KEI@DF_KEI(4.0),I,USA,M,CP,GR,_Z,_Z,G1,2012-03,0.759455862393077
DATAFLOW,OECD.SDD.STES:DSD_KEI@DF_KEI(4.0),I,USA,M,CP,GR,_Z,_Z,G1,2012-04,0.30210295040809
DATAFLOW,OECD.SDD.STES:DSD_KEI@DF_KEI(4.0),I,USA,M,CP,GR,_Z,_Z,G1,2012-05,-0.117347936632128
DATAFLOW,OECD.SDD.STES:DSD_KEI@DF_KEI(4.0),I,USA,M,CP,GR,_Z,_Z,G1,2012-06,-0.146639688445072
DATAFLOW,OECD.SDD.STES:DSD_KEI@DF_KEI(4.0),I,USA,M,CP,GR,_Z,_Z,G1,2012-07,-0.162978586182538
DATAFLOW,OECD.SDD.STES:DSD_KEI@DF_KEI(4.0),I,USA,M,CP,GR,_Z,_Z,G1,2012-08,0.556515818143688
DATAFLOW,OECD.SDD.STES:DSD_KEI@DF_KEI(4.0),I,USA,M,CP,GR,_Z,_Z,G1,2012-09,0.446221226761145
DATAFLOW,OECD.SDD.STES:DSD_KEI@DF_KEI(4.0),I,USA,M,CP,GR,_Z,_Z,G1,2012-10,-0.0388925140553886
DATAFLOW,OECD.SDD.STES:DSD_KEI@DF_KEI(4.0),I,USA,M,CP,GR,_Z,_Z,G1,2012-11,-0.473808669488174
DATAFLOW,OECD.SDD.STES:DSD_KEI@DF_KEI(4.0),I,USA,M,CP,GR,_Z,_Z,G1,2012-12,-0.26930644902069
DATAFLOW,OECD.SDD.STES:DSD_KEI@DF_KEI(4.0),I,USA,M,CP,GR,_Z,_Z,G1,2013-01,0.295730419292539
DATAFLOW,OECD.SDD.STES:DSD_KEI@DF_KEI(4.0),I,USA,M,CP,GR,_Z,_Z,G1,2013-03,0.261450858437517
DATAFLOW,OECD.SDD.STES:DSD_KEI@DF_KEI(4.0),I,USA,M,CP,GR,_Z,_Z,G1,2013-04,-0.10396394770873
DATAFLOW,OECD.SDD.STES:DSD_KEI@DF_KEI(4.0),I,USA,M,CP,GR,_Z,_Z,G1,2013-05,0.178040777358657
DATAFLOW,OECD.SDD.STES:DSD_KEI@DF_KEI(4.0),I,USA,M,CP,GR,_Z,_Z,G1,2013-06,0.239970808559997
DATAFLOW,OECD.SDD.STES:DSD_KEI@DF_KEI(4.0),I,USA,M,CP,GR,_Z,_Z,G1,2013-07,0.0393997533232993
DATAFLOW,OECD.SDD.STES:DSD_KEI@DF_KEI(4.0),I,USA,M,CP,GR,_Z,_Z,G1,2013-08,0.120293155704743
DATAFLOW,OECD.SDD.STES:DSD_KEI@DF_KEI(4.0),I,USA,M,CP,GR,_Z,_Z,G1,2013-09,0.116300448526307
DATAFLOW,OECD.SDD.STES:DSD_KEI@DF_KEI(4.0),I,USA,M,CP,GR,_Z,_Z,G1,2013-10,-0.257528325980438
DATAFLOW,OECD.SDD.STES:DSD_KEI@DF_KEI(4.0),I,USA,M,CP,GR,_Z,_Z,G1,2013-11,-0.204242419052336
DATAFLOW,OECD.SDD.STES:DSD_KEI@DF_KEI(4.0),I,USA,M,CP,GR,_Z,_Z,G1,2013-12,-0.0085811497882337
DATAFLOW,OECD.SDD.STES:DSD_KEI@DF_KEI(4.0),I,USA,M,CP,GR,_Z,_Z,G1,2014-01,0.372024767323609
DATAFLOW,OECD.SDD.STES:DSD_KEI@DF_KEI(4.0),I,USA,M,CP,GR,_Z,_Z,G1,2014-02,0.369790865096853
DATAFLOW,OECD.SDD.STES:DSD_KEI@DF_KEI(4.0),I,USA,M,CP,GR,_Z,_Z,G1,2014-03,0.644004412622801
DATAFLOW,OECD.SDD.STES:DSD_KEI@DF_KEI(4.0),I,USA,M,CP,GR,_Z,_Z,G1,2014-04,0.329675445315836
DATAFLOW,OECD.SDD.STES:DSD_KEI@DF_KEI(4.0),I,USA,M,CP,GR,_Z,_Z,G1,2014-05,0.349260984004363
DATAFLOW,OECD.SDD.STES:DSD_KEI@DF_KEI(4.0),I,USA,M,CP,GR,_Z,_Z,G1,2014-06,0.186212694409726
DATAFLOW,OECD.SDD.STES:DSD_KEI@DF_KEI(4.0),I,USA,M,CP,GR,_Z,_Z,G1,2014-07,-0.0390193964159513
DATAFLOW,OECD.SDD.STES:DSD_KEI@DF_KEI(4.0),I,USA,M,CP,GR,_Z,_Z,GY,2021-07,5.3654752393854
DATAFLOW,OECD.SDD.STES:DSD_KEI@DF_KEI(4.0),I,USA,M,CP,GR,_Z,_Z,GY,2021-08,5.25127155487501
DATAFLOW,OECD.SDD.STES:DSD_KEI@DF_KEI(4.0),I,USA,M,CP,GR,_Z,_Z,GY,2021-09,5.39034885507916
DATAFLOW,OECD.SDD.STES:DSD_KEI@DF_KEI(4.0),I,USA,M,CP,GR,_Z,_Z,GY,2021-10,6.2218689033289
DATAFLOW,OECD.SDD.STES:DSD_KEI@DF_KEI(4.0),I,USA,M,CP,GR,_Z,_Z,GY,2021-11,6.80900283980648
DATAFLOW,OECD.SDD.STES:DSD_KEI@DF_KEI(4.0),I,USA,M,CP,GR,_Z,_Z,GY,2021-12,7.03640286554514
DATAFLOW,OECD.SDD.STES:DSD_KEI@DF_KEI(4.0),I,USA,M,CP,GR,_Z,_Z,GY,2022-01,7.47987246828912
DATAFLOW,OECD.SDD.STES:DSD_KEI@DF_KEI(4.0),I,USA,M,CP,GR,_Z,_Z,GY,2022-02,7.87106389773928
DATAFLOW,OECD.SDD.STES:DSD_KEI@DF_KEI(4.0),I,USA,M,CP,GR,_Z,_Z,GY,2022-03,8.54245555484243
DATAFLOW,OECD.SDD.STES:DSD_KEI@DF_KEI(4.0),I,USA,M,CP,GR,_Z,_Z,GY,2022-04,8.25862934088235
DATAFLOW,OECD.SDD.STES:DSD_KEI@DF_KEI(4.0),I,USA,M,CP,GR,_Z,_Z,GY,2022-05,8.58151154367652
DATAFLOW,OECD.SDD.STES:DSD_KEI@DF_KEI(4.0),I,USA,M,CP,GR,_Z,_Z,GY,2022-06,9.05975796478415
DATAFLOW,OECD.SDD.STES:DSD_KEI@DF_KEI(4.0),I,USA,M,CP,GR,_Z,_Z,GY,2022-07,8.52481474562552
DATAFLOW,OECD.SDD.STES:DSD_KEI@DF_KEI(4.0),I,USA,M,CP,GR,_Z,_Z,GY,2022-08,8.26269250311622
DATAFLOW,OECD.SDD.STES:DSD_KEI@DF_KEI(4.0),I,USA,M,CP,GR,_Z,_Z,GY,2022-09,8.20166964383362
DATAFLOW,OECD.SDD.STES:DSD_KEI@DF_KEI(4.0),I,USA,M,CP,GR,_Z,_Z,GY,2022-10,7.7454273308049
DATAFLOW,OECD.SDD.STES:DSD_KEI@DF_KEI(4.0),I,USA,M,CP,GR,_Z,_Z,GY,2022-11,7.11032279419173
DATAFLOW,OECD.SDD.STES:DSD_KEI@DF_KEI(4.0),I,USA,M,CP,GR,_Z,_Z,GY,2022-12,6.45440133141082
DATAFLOW,OECD.SDD.STES:DSD_KEI@DF_KEI(4.0),I,USA,M,CP,GR,_Z,_Z,GY,2023-01,6.41014696885625
DATAFLOW,OECD.SDD.STES:DSD_KEI@DF_KEI(4.0),I,USA,M,CP,GR,_Z,_Z,GY,2023-02,6.03561307786658
DATAFLOW,OECD.SDD.STES:DSD_KEI@DF_KEI(4.0),I,USA,M,CP,GR,_Z,_Z,GY,2023-03,4.98497412209917
DATAFLOW,OECD.SDD.STES:DSD_KEI@DF_KEI(4.0),I,USA,M,CP,GR,_Z,_Z,GY,2023-04,4.93032039818893
DATAFLOW,OECD.SDD.STES:DSD_KEI@DF_KEI(4.0),I,USA,M,CP,GR,_Z,_Z,GY,2023-05,4.04760927279197
DATAFLOW,OECD.SDD.STES:DSD_KEI@DF_KEI(4.0),I,USA,M,CP,GR,_Z,_Z,GY,2023-06,2.96917765455889
DATAFLOW,OECD.SDD.STES:DSD_KEI@DF_KEI(4.0),I,USA,M,CP,GR,_Z,_Z,GY,2023-08,3.66511238439955
DATAFLOW,OECD.SDD.STES:DSD_KEI@DF_KEI(4.0),I,USA,M,CP,GR,_Z,_Z,GY,2023-09,3.69969812134443
DATAFLOW,OECD.SDD.STES:DSD_KEI@DF_KEI(4.0),I,USA,M,CP,GR,_Z,_Z,GY,2023-10,3.2411446518932
DATAFLOW,OECD.SDD.STES:DSD_KEI@DF_KEI(4.0),I,USA,M,CP,GR,_Z,_Z,GY,2023-11,3.1372707088418
DATAFLOW,OECD.SDD.STES:DSD_KEI@DF_KEI(4.0),I,USA,M,CP,GR,_Z,_Z,GY,2023-12,3.35212283143023
DATAFLOW,OECD.SDD.STES:DSD_KEI@DF_KEI(4.0),I,USA,M,CP,GR,_Z,_Z,GY,2024-01,3.09088478122805
DATAFLOW,OECD.SDD.STES:DSD_KEI@DF_KEI(4.0),I,USA,M,CP,GR,_Z,_Z,GY,2024-02,3.1531711208616
DATAFLOW,OECD.SDD.STES:DSD_KEI@DF_KEI(4.0),I,USA,M,CP,GR,_Z,_Z,GY,2024-04,3.35736395011916
DATAFLOW,OECD.SDD.STES:DSD_KEI@DF_KEI(4.0),I,USA,M,CP,GR,_Z,_Z,GY,2024-05,3.26902905694002
DATAFLOW,OECD.SDD.STES:DSD_KEI@DF_KEI(4.0),I,USA,M,CP,GR,_Z,_Z,GY,2024-06,2.97139710726331
DATAFLOW,OECD.SDD.STES:DSD_KEI@DF_KEI(4.0),I,USA,M,CP,GR,_Z,_Z,GY,2024-07,2.89475319849131
DATAFLOW,OECD.SDD.STES:DSD_KEI@DF_KEI(4.0),I,USA,M,CP,GR,_Z,_Z,GY,2024-08,2.53073029645696
DATAFLOW,OECD.SDD.STES:DSD_KEI@DF_KEI(4.0),I,USA,M,CP,GR,_Z,_Z,GY,2024-09,2.44063303106998
DATAFLOW,OECD.SDD.STES:DSD_KEI@DF_KEI(4.0),I,USA,M,CP,GR,_Z,_Z,GY,2024-10,2.59790490491467
DATAFLOW,OECD.SDD.STES:DSD_KEI@DF_KEI(4.0),I,USA,M,CP,GR,_Z,_Z,GY,2024-11,2.74938039609056
DATAFLOW,OECD.SDD.STES:DSD_KEI@DF_KEI(4.0),I,USA,M,CP,GR,_Z,_Z,GY,2024-12,2.88805721998007
DATAFLOW,OECD.SDD.STES:DSD_KEI@DF_KEI(4.0),I,USA,M,CP,GR,_Z,_Z,GY,2025-01,3.00048311215011
DATAFLOW,OECD.SDD.STES:DSD_KEI@DF_KEI(4.0),I,USA,M,CP,GR,_Z,_Z,GY,2025-02,2.82154895174751
DATAFLOW,OECD.SDD.STES:DSD_KEI@DF_KEI(4.0),I,USA,M,CP,GR,_Z,_Z,GY,2025-03,2.3907252538965
DATAFLOW,OECD.SDD.STES:DSD_KEI@DF_KEI(4.0),I,USA,M,CP,GR,_Z,_Z,GY,2025-04,2.31128886167349
DATAFLOW,OECD.SDD.STES:DSD_KEI@DF_KEI(4.0),I,USA,M,CP,GR,_Z,_Z,GY,2025-05,2.35489653547467
DATAFLOW,OECD.SDD.STES:DSD_KEI@DF_KEI(4.0),I,USA,M,CP,GR,_Z,_Z,GY,2025-06,2.66921301822232
DATAFLOW,OECD.SDD.STES:DSD_KEI@DF_KEI(4.0),I,USA,M,CP,GR,_Z,_Z,GY,2025-07,2.70490239715138
DATAFLOW,OECD.SDD.STES:DSD_KEI@DF_KEI(4.0),I,USA,M,CP,GR,_Z,_Z,G1,2015-02,0.434304492377202
DATAFLOW,OECD.SDD.STES:DSD_KEI@DF_KEI(4.0),I,USA,M,CP,GR,_Z,_Z,G1,2015-03,0.595172161109714
DATAFLOW,OECD.SDD.STES:DSD_KEI@DF_KEI(4.0),I,USA,M,CP,GR,_Z,_Z,G1,2015-04,0.203287325458756
DATAFLOW,OECD.SDD.STES:DSD_KEI@DF_KEI(4.0),I,USA,M,CP,GR,_Z,_Z,G1,2015-05,0.509723202549384
DATAFLOW,OECD.SDD.STES:DSD_KEI@DF_KEI(4.0),I,USA,M,CP,GR,_Z,_Z,G1,2015-06,0.350286999853133
DATAFLOW,OECD.SDD.STES:DSD_KEI@DF_KEI(4.0),I,USA,M,CP,GR,_Z,_Z,G1,2015-07,0.0067047159293842
DATAFLOW,OECD.SDD.STES:DSD_KEI@DF_KEI(4.0),I,USA,M,CP,GR,_Z,_Z,G1,2015-08,-0.141627628282026
DATAFLOW,OECD.SDD.STES:DSD_KEI@DF_KEI(4.0),I,USA,M,CP,GR,_Z,_Z,G1,2015-09,-0.15567565753043
DATAFLOW,OECD.SDD.STES:DSD_KEI@DF_KEI(4.0),I,USA,M,CP,GR,_Z,_Z,G1,2015-10,-0.0449683750445962
DATAFLOW,OECD.SDD.STES:DSD_KEI@DF_KEI(4.0),I,USA,M,CP,GR,_Z,_Z,G1,2015-11,-0.211068037907969
DATAFLOW,OECD.SDD.STES:DSD_KEI@DF_KEI(4.0),I,USA,M,CP,GR,_Z,_Z,G1,2015-12,-0.341709643711963
DATAFLOW,OECD.SDD.STES:DSD_KEI@DF_KEI(4.0),I,USA,M,CP,GR,_Z,_Z,G1,2016-01,0.165310220906867
DATAFLOW,OECD.SDD.STES:DSD_KEI@DF_KEI(4.0),I,USA,M,CP,GR,_Z,_Z,G1,2016-02,0.0823076533456923
DATAFLOW,OECD.SDD.STES:DSD_KEI@DF_KEI(4.0),I,USA,M,CP,GR,_Z,_Z,G1,2016-03,0.430600014339055
DATAFLOW,OECD.SDD.STES:DSD_KEI@DF_KEI(4.0),I,USA,M,CP,GR,_Z,_Z,G1,2016-04,0.474106797910512
DATAFLOW,OECD.SDD.STES:DSD_KEI@DF_KEI(4.0),I,USA,M,CP,GR,_Z,_Z,G1,2016-05,0.404579099810998
DATAFLOW,OECD.SDD.STES:DSD_KEI@DF_KEI(4.0),I,USA,M,CP,GR,_Z,_Z,G1,2016-06,0.3284366167285
DATAFLOW,OECD.SDD.STES:DSD_KEI@DF_KEI(4.0),I,USA,M,CP,GR,_Z,_Z,G1,2016-07,-0.161813640475006
DATAFLOW,OECD.SDD.STES:DSD_KEI@DF_KEI(4.0),I,USA,M,CP,GR,_Z,_Z,G1,2016-08,0.0918430107889057
DATAFLOW,OECD.SDD.STES:DSD_KEI@DF_KEI(4.0),I,USA,M,CP,GR,_Z,_Z,G1,2016-09,0.240399586462714
DATAFLOW,OECD.SDD.STES:DSD_KEI@DF_KEI(4.0),I,USA,M,CP,GR,_Z,_Z,GY,2009-01,0.0298465036952633
DATAFLOW,OECD.SDD.STES:DSD_KEI@DF_KEI(4.0),I,USA,M,CP,GR,_Z,_Z,GY,2009-02,0.236191088037874
DATAFLOW,OECD.SDD.STES:DSD_KEI@DF_KEI(4.0),I,USA,M,CP,GR,_Z,_Z,GY,2009-03,-0.383556254917383
DATAFLOW,OECD.SDD.STES:DSD_KEI@DF_KEI(4.0),I,USA,M,CP,GR,_Z,_Z,GY,2009-04,-0.736885715216729
DATAFLOW,OECD.SDD.STES:DSD_KEI@DF_KEI(4.0),I,USA,M,CP,GR,_Z,_Z,GY,2009-05,-1.28143579895861
DATAFLOW,OECD.SDD.STES:DSD_KEI@DF_KEI(4.0),I,USA,M,CP,GR,_Z,_Z,GY,2009-06,-1.42677604368987
DATAFLOW,OECD.SDD.STES:DSD_KEI@DF_KEI(4.0),I,USA,M,CP,GR,_Z,_Z,GY,2009-07,-2.09716135367605
DATAFLOW,OECD.SDD.STES:DSD_KEI@DF_KEI(4.0),I,USA,M,CP,GR,_Z,_Z,GY,2009-08,-1.48434861196062
DATAFLOW,OECD.SDD.STES:DSD_KEI@DF_KEI(4.0),I,USA,M,CP,GR,_Z,_Z,GY,2009-09,-1.28620596664275
DATAFLOW,OECD.SDD.STES:DSD_KEI@DF_KEI(4.0),I,CHN,M,CP,GR,_Z,_Z,GY,2015-04,1.5
DATAFLOW,OECD.SDD.STES:DSD_KEI@DF_KEI(4.0),I,CHN,M,CP,GR,_Z,_Z,GY,2015-05,1.2
DATAFLOW,OECD.SDD.STES:DSD_KEI@DF_KEI(4.0),I,CHN,M,CP,GR,_Z,_Z,GY,2015-06,1.4
DATAFLOW,OECD.SDD.STES:DSD_KEI@DF_KEI(4.0),I,CHN,M,CP,GR,_Z,_Z,GY,2015-07,1.6
DATAFLOW,OECD.SDD.STES:DSD_KEI@DF_KEI(4.0),I,CHN,M,CP,GR,_Z,_Z,GY,2015-08,2.0
DATAFLOW,OECD.SDD.STES:DSD_KEI@DF_KEI(4.0),I,CHN,M,CP,GR,_Z,_Z,GY,2015-09,1.6
DATAFLOW,OECD.SDD.STES:DSD_KEI@DF_KEI(4.0),I,CHN,M,CP,GR,_Z,_Z,GY,2015-10,1.3
DATAFLOW,OECD.SDD.STES:DSD_KEI@DF_KEI(4.0),I,CHN,M,CP,GR,_Z,_Z,GY,2015-11,1.5
DATAFLOW,OECD.SDD.STES:DSD_KEI@DF_KEI(4.0),I,CHN,M,CP,GR,_Z,_Z,GY,2015-12,1.6
DATAFLOW,OECD.SDD.STES:DSD_KEI@DF_KEI(4.0),I,CHN,M,CP,GR,_Z,_Z,GY,2016-01,1.8
DATAFLOW,OECD.SDD.STES:DSD_KEI@DF_KEI(4.0),I,CHN,M,CP,GR,_Z,_Z,GY,2016-02,2.3
DATAFLOW,OECD.SDD.STES:DSD_KEI@DF_KEI(4.0),I,CHN,M,CP,GR,_Z,_Z,GY,2016-03,2.3
DATAFLOW,OECD.SDD.STES:DSD_KEI@DF_KEI(4.0),I,CHN,M,CP,GR,_Z,_Z,GY,2016-04,2.3
DATAFLOW,OECD.SDD.STES:DSD_KEI@DF_KEI(4.0),I,CHN,M,CP,GR,_Z,_Z,GY,2016-05,2.0
DATAFLOW,OECD.SDD.STES:DSD_KEI@DF_KEI(4.0),I,CHN,M,CP,GR,_Z,_Z,GY,2016-06,1.9
DATAFLOW,OECD.SDD.STES:DSD_KEI@DF_KEI(4.0),I,CHN,M,CP,GR,_Z,_Z,GY,2016-07,1.8
DATAFLOW,OECD.SDD.STES:DSD_KEI@DF_KEI(4.0),I,CHN,M,CP,GR,_Z,_Z,GY,2016-08,1.3
DATAFLOW,OECD.SDD.STES:DSD_KEI@DF_KEI(4.0),I,CHN,M,CP,GR,_Z,_Z,GY,2016-09,1.9
DATAFLOW,OECD.SDD.STES:DSD_KEI@DF_KEI(4.0),I,CHN,M,CP,GR,_Z,_Z,G1,2018-01,0.6
DATAFLOW,OECD.SDD.STES:DSD_KEI@DF_KEI(4.0),I,CHN,M,CP,GR,_Z,_Z,G1,2020-07,0.6
DATAFLOW,OECD.SDD.STES:DSD_KEI@DF_KEI(4.0),I,CHN,M,CP,GR,_Z,_Z,G1,2021-02,0.6
DATAFLOW,OECD.SDD.STES:DSD_KEI@DF_KEI(4.0),I,CHN,M,CP,GR,_Z,_Z,G1,2022-02,0.6
DATAFLOW,OECD.SDD.STES:DSD_KEI@DF_KEI(4.0),I,CHN,M,CP,GR,_Z,_Z,G1,2016-06,-0.1
DATAFLOW,OECD.SDD.STES:DSD_KEI@DF_KEI(4.0),I,CHN,M,CP,GR,_Z,_Z,G1,2016-10,-0.1
DATAFLOW,OECD.SDD.STES:DSD_KEI@DF_KEI(4.0),I,CHN,M,CP,GR,_Z,_Z,G1,2017-05,-0.1
DATAFLOW,OECD.SDD.STES:DSD_KEI@DF_KEI(4.0),I,CHN,M,CP,GR,_Z,_Z,G1,2018-06,-0.1
DATAFLOW,OECD.SDD.STES:DSD_KEI@DF_KEI(4.0),I,CHN,M,CP,GR,_Z,_Z,G1,2019-06,-0.1
DATAFLOW,OECD.SDD.STES:DSD_KEI@DF_KEI(4.0),I,CHN,M,CP,GR,_Z,_Z,G1,2020-06,-0.1
DATAFLOW,OECD.SDD.STES:DSD_KEI@DF_KEI(4.0),I,CHN,M,CP,GR,_Z,_Z,G1,2022-08,-0.1
DATAFLOW,OECD.SDD.STES:DSD_KEI@DF_KEI(4.0),I,CHN,M,CP,GR,_Z,_Z,G1,2023-04,-0.1
DATAFLOW,OECD.SDD.STES:DSD_KEI@DF_KEI(4.0),I,CHN,M,CP,GR,_Z,_Z,G1,2023-10,-0.1
DATAFLOW,OECD.SDD.STES:DSD_KEI@DF_KEI(4.0),I,CHN,M,CP,GR,_Z,_Z,G1,2022-03,0.0
DATAFLOW,OECD.SDD.STES:DSD_KEI@DF_KEI(4.0),I,CHN,M,CP,GR,_Z,_Z,G1,2022-06,0.0
DATAFLOW,OECD.SDD.STES:DSD_KEI@DF_KEI(4.0),I,CHN,M,CP,GR,_Z,_Z,G1,2022-12,0.0
DATAFLOW,OECD.SDD.STES:DSD_KEI@DF_KEI(4.0),I,CHN,M,CP,GR,_Z,_Z,GY,2023-06,0.0
DATAFLOW,OECD.SDD.STES:DSD_KEI@DF_KEI(4.0),I,CHN,M,CP,GR,_Z,_Z,GY,2023-09,0.0
DATAFLOW,OECD.SDD.STES:DSD_KEI@DF_KEI(4.0),I,CHN,M,CP,GR,_Z,_Z,G1,2016-07,0.2
DATAFLOW,OECD.SDD.STES:DSD_KEI@DF_KEI(4.0),I,CHN,M,CP,GR,_Z,_Z,G1,2016-12,0.2
DATAFLOW,OECD.SDD.STES:DSD_KEI@DF_KEI(4.0),I,CHN,M,CP,GR,_Z,_Z,G1,2018-10,0.2
DATAFLOW,OECD.SDD.STES:DSD_KEI@DF_KEI(4.0),I,CHN,M,CP,GR,_Z,_Z,G1,2020-09,0.2
DATAFLOW,OECD.SDD.STES:DSD_KEI@DF_KEI(4.0),I,CHN,M,CP,GR,_Z,_Z,GY,2020-12,0.2
DATAFLOW,OECD.SDD.STES:DSD_KEI@DF_KEI(4.0),I,CHN,M,CP,GR,_Z,_Z,GY,2023-05,0.2
DATAFLOW,OECD.SDD.STES:DSD_KEI@DF_KEI(4.0),I,CHN,M,CP,GR,_Z,_Z,G1,2023-07,0.2
DATAFLOW,OECD.SDD.STES:DSD_KEI@DF_KEI(4.0),I,CHN,M,CP,GR,_Z,_Z,G1,2023-09,0.2
DATAFLOW,OECD.SDD.STES:DSD_KEI@DF_KEI(4.0),I,CHN,M,CP,GR,_Z,_Z,G1,2017-08,0.4
DATAFLOW,OECD.SDD.STES:DSD_KEI@DF_KEI(4.0),I,CHN,M,CP,GR,_Z,_Z,G1,2019-07,0.4
DATAFLOW,OECD.SDD.STES:DSD_KEI@DF_KEI(4.0),I,CHN,M,CP,GR,_Z,_Z,G1,2019-11,0.4
DATAFLOW,OECD.SDD.STES:DSD_KEI@DF_KEI(4.0),I,CHN,M,CP,GR,_Z,_Z,G1,2020-08,0.4
DATAFLOW,OECD.SDD.STES:DSD_KEI@DF_KEI(4.0),I,CHN,M,CP,GR,_Z,_Z,GY,2021-03,0.4
DATAFLOW,OECD.SDD.STES:DSD_KEI@DF_KEI(4.0),I,CHN,M,CP,GR,_Z,_Z,G1,2021-11,0.4
DATAFLOW,OECD.SDD.STES:DSD_KEI@DF_KEI(4.0),I,CHN,M,CP,GR,_Z,_Z,G1,2022-01,0.4
DATAFLOW,OECD.SDD.STES:DSD_KEI@DF_KEI(4.0),I,CHN,M,CP,GR,_Z,_Z,G1,2022-04,0.4
DATAFLOW,OECD.SDD.STES:DSD_KEI@DF_KEI(4.0),I,CHN,M,CP,GR,_Z,_Z,GY,2016-10,2.1
DATAFLOW,OECD.SDD.STES:DSD_KEI@DF_KEI(4.0),I,CHN,M,CP,GR,_Z,_Z,GY,2016-11,2.3
DATAFLOW,OECD.SDD.STES:DSD_KEI@DF_KEI(4.0),I,CHN,M,CP,GR,_Z,_Z,GY,2016-12,2.1
DATAFLOW,OECD.SDD.STES:DSD_KEI@DF_KEI(4.0),I,CHN,M,CP,GR,_Z,_Z,GY,2017-01,2.5
DATAFLOW,OECD.SDD.STES:DSD_KEI@DF_KEI(4.0),I,CHN,M,CP,GR,_Z,_Z,GY,2017-02,0.8
DATAFLOW,OECD.SDD.STES:DSD_KEI@DF_KEI(4.0),I,CHN,M,CP,GR,_Z,_Z,GY,2017-03,0.9
DATAFLOW,OECD.SDD.STES:DSD_KEI@DF_KEI(4.0),I,CHN,M,CP,GR,_Z,_Z,GY,2017-04,1.2
DATAFLOW,OECD.SDD.STES:DSD_KEI@DF_KEI(4.0),I,CHN,M,CP,GR,_Z,_Z,GY,2017-05,1.5
DATAFLOW,OECD.SDD.STES:DSD_KEI@DF_KEI(4.0),I,CHN,M,CP,GR,_Z,_Z,GY,2017-06,1.5
DATAFLOW,OECD.SDD.STES:DSD_KEI@DF_KEI(4.0),I,CHN,M,CP,GR,_Z,_Z,GY,2017-07,1.4
DATAFLOW,OECD.SDD.STES:DSD_KEI@DF_KEI(4.0),I,CHN,M,CP,GR,_Z,_Z,GY,2017-08,1.8
DATAFLOW,OECD.SDD.STES:DSD_KEI@DF_KEI(4.0),I,CHN,M,CP,GR,_Z,_Z,GY,2017-09,1.6
DATAFLOW,OECD.SDD.STES:DSD_KEI@DF_KEI(4.0),I,CHN,M,CP,GR,_Z,_Z,GY,2017-10,1.9
DATAFLOW,OECD.SDD.STES:DSD_KEI@DF_KEI(4.0),I,CHN,M,CP,GR,_Z,_Z,GY,2017-11,1.7
DATAFLOW,OECD.SDD.STES:DSD_KEI@DF_KEI(4.0),I,CHN,M,CP,GR,_Z,_Z,GY,2017-12,1.8
DATAFLOW,OECD.SDD.STES:DSD_KEI@DF_KEI(4.0),I,CHN,M,CP,GR,_Z,_Z,GY,2018-01,1.5
DATAFLOW,OECD.SDD.STES:DSD_KEI@DF_KEI(4.0),I,CHN,M,CP,GR,_Z,_Z,GY,2018-02,2.9
DATAFLOW,OECD.SDD.STES:DSD_KEI@DF_KEI(4.0),I,CHN,M,CP,GR,_Z,_Z,GY,2018-03,2.1
DATAFLOW,OECD.SDD.STES:DSD_KEI@DF_KEI(4.0),I,CHN,M,CP,GR,_Z,_Z,GY,2018-04,1.8
DATAFLOW,OECD.SDD.STES:DSD_KEI@DF_KEI(4.0),I,CHN,M,CP,GR,_Z,_Z,GY,2018-05,1.8
DATAFLOW,OECD.SDD.STES:DSD_KEI@DF_KEI(4.0),I,CHN,M,CP,GR,_Z,_Z,GY,2018-06,1.9
DATAFLOW,OECD.SDD.STES:DSD_KEI@DF_KEI(4.0),I,CHN,M,CP,GR,_Z,_Z,GY,2018-07,2.1
DATAFLOW,OECD.SDD.STES:DSD_KEI@DF_KEI(4.0),I,CHN,M,CP,GR,_Z,_Z,GY,2018-08,2.3
DATAFLOW,OECD.SDD.STES:DSD_KEI@DF_KEI(4.0),I,USA,M,CP,GR,_Z,_Z,GY,2013-08,1.5183675595432
DATAFLOW,OECD.SDD.STES:DSD_KEI@DF_KEI(4.0),I,USA,M,CP,GR,_Z,_Z,GY,2013-10,0.963612704643402
DATAFLOW,OECD.SDD.STES:DSD_KEI@DF_KEI(4.0),I,USA,M,CP,GR,_Z,_Z,GY,2013-11,1.23707220453391
DATAFLOW,OECD.SDD.STES:DSD_KEI@DF_KEI(4.0),I,USA,M,CP,GR,_Z,_Z,GY,2013-12,1.50173561961839
DATAFLOW,OECD.SDD.STES:DSD_KEI@DF_KEI(4.0),I,USA,M,CP,GR,_Z,_Z,GY,2014-02,1.12634925010553
DATAFLOW,OECD.SDD.STES:DSD_KEI@DF_KEI(4.0),I,USA,M,CP,GR,_Z,_Z,GY,2014-03,1.51220287576308
DATAFLOW,OECD.SDD.STES:DSD_KEI@DF_KEI(4.0),I,USA,M,CP,GR,_Z,_Z,GY,2014-04,1.95285789851676
DATAFLOW,OECD.SDD.STES:DSD_KEI@DF_KEI(4.0),I,USA,M,CP,GR,_Z,_Z,GY,2014-05,2.12711154993668
DATAFLOW,OECD.SDD.STES:DSD_KEI@DF_KEI(4.0),I,USA,M,CP,GR,_Z,_Z,GY,2014-06,2.07234137316707
DATAFLOW,OECD.SDD.STES:DSD_KEI@DF_KEI(4.0),I,USA,M,CP,GR,_Z,_Z,GY,2014-07,1.99232863576431
DATAFLOW,OECD.SDD.STES:DSD_KEI@DF_KEI(4.0),I,USA,M,CP,GR,_Z,_Z,GY,2014-08,1.69961133416281
DATAFLOW,OECD.SDD.STES:DSD_KEI@DF_KEI(4.0),I,USA,M,CP,GR,_Z,_Z,GY,2014-09,1.65791867571505
DATAFLOW,OECD.SDD.STES:DSD_KEI@DF_KEI(4.0),I,USA,M,CP,GR,_Z,_Z,GY,2014-10,1.66434021563204
DATAFLOW,OECD.SDD.STES:DSD_KEI@DF_KEI(4.0),I,USA,M,CP,GR,_Z,_Z,GY,2014-11,1.32235518237087
DATAFLOW,OECD.SDD.STES:DSD_KEI@DF_KEI(4.0),I,USA,M,CP,GR,_Z,_Z,GY,2014-12,0.756493269655745
DATAFLOW,OECD.SDD.STES:DSD_KEI@DF_KEI(4.0),I,USA,M,CP,GR,_Z,_Z,GY,2015-01,-0.0893483130696482
DATAFLOW,OECD.SDD.STES:DSD_KEI@DF_KEI(4.0),I,USA,M,CP,GR,_Z,_Z,GY,2015-02,-0.0251298018153046
DATAFLOW,OECD.SDD.STES:DSD_KEI@DF_KEI(4.0),I,USA,M,CP,GR,_Z,_Z,GY,2015-04,-0.199517446176689
DATAFLOW,OECD.SDD.STES:DSD_KEI@DF_KEI(4.0),I,USA,M,CP,GR,_Z,_Z,GY,2015-05,-0.0399327448507791
DATAFLOW,OECD.SDD.STES:DSD_KEI@DF_KEI(4.0),I,USA,M,CP,GR,_Z,_Z,GY,2015-06,0.12377120368543
DATAFLOW,OECD.SDD.STES:DSD_KEI@DF_KEI(4.0),I,USA,M,CP,GR,_Z,_Z,GY,2015-07,0.169569779643242
DATAFLOW,OECD.SDD.STES:DSD_KEI@DF_KEI(4.0),I,USA,M,CP,GR,_Z,_Z,GY,2015-08,0.195079293005751
DATAFLOW,OECD.SDD.STES:DSD_KEI@DF_KEI(4.0),I,USA,M,CP,GR,_Z,_Z,GY,2015-09,-0.0361297478059686
DATAFLOW,OECD.SDD.STES:DSD_KEI@DF_KEI(4.0),I,USA,M,CP,GR,_Z,_Z,GY,2015-10,0.17057443573556
DATAFLOW,OECD.SDD.STES:DSD_KEI@DF_KEI(4.0),I,USA,M,CP,GR,_Z,_Z,GY,2015-11,0.501797578667906
DATAFLOW,OECD.SDD.STES:DSD_KEI@DF_KEI(4.0),I,USA,M,CP,GR,_Z,_Z,GY,2015-12,0.729519786041588
DATAFLOW,OECD.SDD.STES:DSD_KEI@DF_KEI(4.0),I,USA,M,CP,GR,_Z,_Z,GY,2016-01,1.37308681383099
DATAFLOW,OECD.SDD.STES:DSD_KEI@DF_KEI(4.0),I,USA,M,CP,IX,_Z,_Z,_Z,2010-09,92.1617436723948
DATAFLOW,OECD.SDD.STES:DSD_KEI@DF_KEI(4.0),I,USA,M,CP,IX,_Z,_Z,_Z,2010-10,92.2765033731758
DATAFLOW,OECD.SDD.STES:DSD_KEI@DF_KEI(4.0),I,USA,M,CP,IX,_Z,_Z,_Z,2010-11,92.3153191543223
DATAFLOW,OECD.SDD.STES:DSD_KEI@DF_KEI(4.0),I,USA,M,CP,IX,_Z,_Z,_Z,2011-01,92.9144322981052
DATAFLOW,OECD.SDD.STES:DSD_KEI@DF_KEI(4.0),I,USA,M,CP,IX,_Z,_Z,_Z,2011-02,93.3726272798998
DATAFLOW,OECD.SDD.STES:DSD_KEI@DF_KEI(4.0),I,USA,M,CP,IX,_Z,_Z,_Z,2011-03,94.283110494184
DATAFLOW,OECD.SDD.STES:DSD_KEI@DF_KEI(4.0),I,USA,M,CP,IX,_Z,_Z,_Z,2011-04,94.890239940595
DATAFLOW,OECD.SDD.STES:DSD_KEI@DF_KEI(4.0),I,USA,M,CP,IX,_Z,_Z,_Z,2011-05,95.3366214237797
DATAFLOW,OECD.SDD.STES:DSD_KEI@DF_KEI(4.0),I,USA,M,CP,IX,_Z,_Z,_Z,2011-07,95.318901175865
DATAFLOW,OECD.SDD.STES:DSD_KEI@DF_KEI(4.0),I,USA,M,CP,IX,_Z,_Z,_Z,2011-08,95.5817515199332
DATAFLOW,OECD.SDD.STES:DSD_KEI@DF_KEI(4.0),I,USA,M,CP,IX,_Z,_Z,_Z,2011-09,95.72688878856788
DATAFLOW,OECD.SDD.STES:DSD_KEI@DF_KEI(4.0),I,USA,M,CP,IX,_Z,_Z,_Z,2012-01,95.6323807996895
DATAFLOW,OECD.SDD.STES:DSD_KEI@DF_KEI(4.0),I,USA,M,CP,IX,_Z,_Z,_Z,2012-02,96.0534476429961
DATAFLOW,OECD.SDD.STES:DSD_KEI@DF_KEI(4.0),I,USA,M,CP,IX,_Z,_Z,_Z,2012-03,96.7829311821515
DATAFLOW,OECD.SDD.STES:DSD_KEI@DF_KEI(4.0),I,USA,M,CP,IX,_Z,_Z,_Z,2012-05,96.9613993932925
DATAFLOW,OECD.SDD.STES:DSD_KEI@DF_KEI(4.0),I,USA,M,CP,IX,_Z,_Z,_Z,2012-06,96.8192154993102
DATAFLOW,OECD.SDD.STES:DSD_KEI@DF_KEI(4.0),I,USA,M,CP,IX,_Z,_Z,_Z,2012-07,96.6614209107364
DATAFLOW,OECD.SDD.STES:DSD_KEI@DF_KEI(4.0),I,USA,M,CP,IX,_Z,_Z,_Z,2012-08,97.1993570081471
DATAFLOW,OECD.SDD.STES:DSD_KEI@DF_KEI(4.0),I,USA,M,CP,IX,_Z,_Z,_Z,2012-09,97.6330811713928
DATAFLOW,OECD.SDD.STES:DSD_KEI@DF_KEI(4.0),I,USA,M,CP,IX,_Z,_Z,_Z,2012-10,97.5951092115755
DATAFLOW,OECD.SDD.STES:DSD_KEI@DF_KEI(4.0),I,USA,M,CP,IX,_Z,_Z,_Z,2012-11,97.1326951231346
DATAFLOW,OECD.SDD.STES:DSD_KEI@DF_KEI(4.0),I,USA,M,CP,IX,_Z,_Z,_Z,2012-12,96.8711105110604
DATAFLOW,OECD.SDD.STES:DSD_KEI@DF_KEI(4.0),I,USA,M,CP,IX,_Z,_Z,_Z,2013-01,97.1575878523481
DATAFLOW,OECD.SDD.STES:DSD_KEI@DF_KEI(4.0),I,USA,M,CP,IX,_Z,_Z,_Z,2013-02,97.9533113658514
DATAFLOW,OECD.SDD.STES:DSD_KEI@DF_KEI(4.0),I,USA,M,CP,IX,_Z,_Z,_Z,2013-03,98.2094111392854
DATAFLOW,OECD.SDD.STES:DSD_KEI@DF_KEI(4.0),I,USA,M,CP,IX,_Z,_Z,_Z,2013-04,98.1073087584435
DATAFLOW,OECD.SDD.STES:DSD_KEI@DF_KEI(4.0),I,USA,M,CP,IX,_Z,_Z,_Z,2013-05,98.2819797736027
DATAFLOW,OECD.SDD.STES:DSD_KEI@DF_KEI(4.0),I,USA,M,CP,GR,_Z,_Z,GY,2020-01,2.48657195525046
DATAFLOW,OECD.SDD.STES:DSD_KEI@DF_KEI(4.0),I,USA,M,CP,GR,_Z,_Z,GY,2020-02,2.33487356394593
DATAFLOW,OECD.SDD.STES:DSD_KEI@DF_KEI(4.0),I,USA,M,CP,GR,_Z,_Z,GY,2020-03,1.53932699191981
DATAFLOW,OECD.SDD.STES:DSD_KEI@DF_KEI(4.0),I,USA,M,CP,GR,_Z,_Z,GY,2020-04,0.329096686336805
DATAFLOW,OECD.SDD.STES:DSD_KEI@DF_KEI(4.0),I,USA,M,CP,GR,_Z,_Z,GY,2020-05,0.117926370210708
DATAFLOW,OECD.SDD.STES:DSD_KEI@DF_KEI(4.0),I,USA,M,CP,GR,_Z,_Z,GY,2020-06,0.645733047555486
DATAFLOW,OECD.SDD.STES:DSD_KEI@DF_KEI(4.0),I,USA,M,CP,GR,_Z,_Z,GY,2020-07,0.986081825303731
DATAFLOW,OECD.SDD.STES:DSD_KEI@DF_KEI(4.0),I,USA,M,CP,GR,_Z,_Z,GY,2020-08,1.30964538233069
DATAFLOW,OECD.SDD.STES:DSD_KEI@DF_KEI(4.0),I,CHN,M,CP,GR,_Z,_Z,GY,2008-02,8.7
DATAFLOW,OECD.SDD.STES:DSD_KEI@DF_KEI(4.0),I,CHN,M,CP,GR,_Z,_Z,GY,2008-03,8.3
DATAFLOW,OECD.SDD.STES:DSD_KEI@DF_KEI(4.0),I,CHN,M,CP,GR,_Z,_Z,GY,2008-04,8.5
DATAFLOW,OECD.SDD.STES:DSD_KEI@DF_KEI(4.0),I,CHN,M,CP,GR,_Z,_Z,GY,2008-05,7.7
DATAFLOW,OECD.SDD.STES:DSD_KEI@DF_KEI(4.0),I,CHN,M,CP,GR,_Z,_Z,GY,2008-06,7.1
DATAFLOW,OECD.SDD.STES:DSD_KEI@DF_KEI(4.0),I,CHN,M,CP,GR,_Z,_Z,GY,2008-07,6.3
DATAFLOW,OECD.SDD.STES:DSD_KEI@DF_KEI(4.0),I,CHN,M,CP,GR,_Z,_Z,GY,2008-08,4.9
DATAFLOW,OECD.SDD.STES:DSD_KEI@DF_KEI(4.0),I,CHN,M,CP,GR,_Z,_Z,GY,2008-09,4.6
DATAFLOW,OECD.SDD.STES:DSD_KEI@DF_KEI(4.0),I,CHN,M,CP,GR,_Z,_Z,GY,2008-10,4.0
DATAFLOW,OECD.SDD.STES:DSD_KEI@DF_KEI(4.0),I,CHN,M,CP,GR,_Z,_Z,GY,2008-11,2.4
DATAFLOW,OECD.SDD.STES:DSD_KEI@DF_KEI(4.0),I,CHN,M,CP,GR,_Z,_Z,GY,2008-12,1.2
DATAFLOW,OECD.SDD.STES:DSD_KEI@DF_KEI(4.0),I,CHN,M,CP,GR,_Z,_Z,GY,2009-01,1.0
DATAFLOW,OECD.SDD.STES:DSD_KEI@DF_KEI(4.0),I,CHN,M,CP,GR,_Z,_Z,GY,2009-02,-1.6
DATAFLOW,OECD.SDD.STES:DSD_KEI@DF_KEI(4.0),I,CHN,M,CP,GR,_Z,_Z,GY,2009-03,-1.2
DATAFLOW,OECD.SDD.STES:DSD_KEI@DF_KEI(4.0),I,CHN,M,CP,GR,_Z,_Z,GY,2009-04,-1.5
DATAFLOW,OECD.SDD.STES:DSD_KEI@DF_KEI(4.0),I,CHN,M,CP,GR,_Z,_Z,GY,2009-05,-1.4
DATAFLOW,OECD.SDD.STES:DSD_KEI@DF_KEI(4.0),I,CHN,M,CP,GR,_Z,_Z,GY,2009-06,-1.7
DATAFLOW,OECD.SDD.STES:DSD_KEI@DF_KEI(4.0),I,CHN,M,CP,GR,_Z,_Z,GY,2009-07,-1.8
DATAFLOW,OECD.SDD.STES:DSD_KEI@DF_KEI(4.0),I,CHN,M,CP,GR,_Z,_Z,GY,2009-08,-1.2
DATAFLOW,OECD.SDD.STES:DSD_KEI@DF_KEI(4.0),I,CHN,M,CP,GR,_Z,_Z,GY,2009-09,-0.8
DATAFLOW,OECD.SDD.STES:DSD_KEI@DF_KEI(4.0),I,CHN,M,CP,GR,_Z,_Z,GY,2009-10,-0.5
DATAFLOW,OECD.SDD.STES:DSD_KEI@DF_KEI(4.0),I,CHN,M,CP,GR,_Z,_Z,GY,2009-11,0.6
DATAFLOW,OECD.SDD.STES:DSD_KEI@DF_KEI(4.0),I,CHN,M,CP,GR,_Z,_Z,GY,2009-12,1.9
DATAFLOW,OECD.SDD.STES:DSD_KEI@DF_KEI(4.0),I,CHN,M,CP,GR,_Z,_Z,GY,2010-01,1.5
DATAFLOW,OECD.SDD.STES:DSD_KEI@DF_KEI(4.0),I,CHN,M,CP,GR,_Z,_Z,GY,2010-02,2.7
DATAFLOW,OECD.SDD.STES:DSD_KEI@DF_KEI(4.0),I,CHN,M,CP,GR,_Z,_Z,GY,2010-03,2.4
DATAFLOW,OECD.SDD.STES:DSD_KEI@DF_KEI(4.0),I,CHN,M,CP,GR,_Z,_Z,GY,2010-04,2.8
DATAFLOW,OECD.SDD.STES:DSD_KEI@DF_KEI(4.0),I,CHN,M,CP,GR,_Z,_Z,GY,2010-05,3.1
DATAFLOW,OECD.SDD.STES:DSD_KEI@DF_KEI(4.0),I,CHN,M,CP,GR,_Z,_Z,GY,2010-06,2.9
DATAFLOW,OECD.SDD.STES:DSD_KEI@DF_KEI(4.0),I,CHN,M,CP,GR,_Z,_Z,GY,2010-07,3.3
DATAFLOW,OECD.SDD.STES:DSD_KEI@DF_KEI(4.0),I,CHN,M,CP,GR,_Z,_Z,GY,2010-08,3.5
DATAFLOW,OECD.SDD.STES:DSD_KEI@DF_KEI(4.0),I,CHN,M,CP,GR,_Z,_Z,GY,2010-09,3.6
DATAFLOW,OECD.SDD.STES:DSD_KEI@DF_KEI(4.0),I,CHN,M,CP,GR,_Z,_Z,GY,2010-10,4.4
DATAFLOW,OECD.SDD.STES:DSD_KEI@DF_KEI(4.0),I,CHN,M,CP,GR,_Z,_Z,GY,2010-11,5.1
DATAFLOW,OECD.SDD.STES:DSD_KEI@DF_KEI(4.0),I,CHN,M,CP,GR,_Z,_Z,GY,2010-12,4.6
DATAFLOW,OECD.SDD.STES:DSD_KEI@DF_KEI(4.0),I,CHN,M,CP,GR,_Z,_Z,GY,2011-01,4.9
DATAFLOW,OECD.SDD.STES:DSD_KEI@DF_KEI(4.0),I,CHN,M,CP,GR,_Z,_Z,GY,2011-02,4.9
DATAFLOW,OECD.SDD.STES:DSD_KEI@DF_KEI(4.0),I,CHN,M,CP,GR,_Z,_Z,GY,2011-03,5.4
DATAFLOW,OECD.SDD.STES:DSD_KEI@DF_KEI(4.0),I,CHN,M,CP,GR,_Z,_Z,GY,2011-04,5.3
DATAFLOW,OECD.SDD.STES:DSD_KEI@DF_KEI(4.0),I,CHN,M,CP,GR,_Z,_Z,GY,2011-05,5.5
DATAFLOW,OECD.SDD.STES:DSD_KEI@DF_KEI(4.0),I,CHN,M,CP,GR,_Z,_Z,GY,2011-06,6.4
DATAFLOW,OECD.SDD.STES:DSD_KEI@DF_KEI(4.0),I,CHN,M,CP,GR,_Z,_Z,GY,2011-07,6.5
DATAFLOW,OECD.SDD.STES:DSD_KEI@DF_KEI(4.0),I,CHN,M,CP,GR,_Z,_Z,GY,2011-08,6.2
DATAFLOW,OECD.SDD.STES:DSD_KEI@DF_KEI(4.0),I,CHN,M,CP,GR,_Z,_Z,GY,2011-09,6.1
DATAFLOW,OECD.SDD.STES:DSD_KEI@DF_KEI(4.0),I,CHN,M,CP,GR,_Z,_Z,GY,2011-10,5.5
DATAFLOW,OECD.SDD.STES:DSD_KEI@DF_KEI(4.0),I,CHN,M,CP,GR,_Z,_Z,GY,2011-11,4.2
DATAFLOW,OECD.SDD.STES:DSD_KEI@DF_KEI(4.0),I,CHN,M,CP,GR,_Z,_Z,GY,2011-12,4.1
DATAFLOW,OECD.SDD.STES:DSD_KEI@DF_KEI(4.0),I,CHN,M,CP,GR,_Z,_Z,GY,2012-01,4.5
DATAFLOW,OECD.SDD.STES:DSD_KEI@DF_KEI(4.0),I,CHN,M,CP,GR,_Z,_Z,GY,2012-02,3.2
DATAFLOW,OECD.SDD.STES:DSD_KEI@DF_KEI(4.0),I,CHN,M,CP,GR,_Z,_Z,GY,2012-03,3.6
DATAFLOW,OECD.SDD.STES:DSD_KEI@DF_KEI(4.0),I,CHN,M,CP,GR,_Z,_Z,GY,2012-04,3.4
DATAFLOW,OECD.SDD.STES:DSD_KEI@DF_KEI(4.0),I,CHN,M,CP,GR,_Z,_Z,GY,2012-05,3.0
DATAFLOW,OECD.SDD.STES:DSD_KEI@DF_KEI(4.0),I,CHN,M,CP,GR,_Z,_Z,GY,2012-06,2.2
DATAFLOW,OECD.SDD.STES:DSD_KEI@DF_KEI(4.0),I,CHN,M,CP,GR,_Z,_Z,GY,2012-07,1.8
DATAFLOW,OECD.SDD.STES:DSD_KEI@DF_KEI(4.0),I,CHN,M,CP,GR,_Z,_Z,GY,2012-08,2.0
DATAFLOW,OECD.SDD.STES:DSD_KEI@DF_KEI(4.0),I,CHN,M,CP,GR,_Z,_Z,GY,2012-09,1.9
DATAFLOW,OECD.SDD.STES:DSD_KEI@DF_KEI(4.0),I,CHN,M,CP,GR,_Z,_Z,GY,2012-10,1.7
DATAFLOW,OECD.SDD.STES:DSD_KEI@DF_KEI(4.0),I,CHN,M,CP,GR,_Z,_Z,GY,2012-11,2.0
DATAFLOW,OECD.SDD.STES:DSD_KEI@DF_KEI(4.0),I,CHN,M,CP,GR,_Z,_Z,GY,2012-12,2.5
DATAFLOW,OECD.SDD.STES:DSD_KEI@DF_KEI(4.0),I,CHN,M,CP,GR,_Z,_Z,GY,2013-01,2.0
DATAFLOW,OECD.SDD.STES:DSD_KEI@DF_KEI(4.0),I,CHN,M,CP,GR,_Z,_Z,GY,2013-02,3.2
DATAFLOW,OECD.SDD.STES:DSD_KEI@DF_KEI(4.0),I,CHN,M,CP,GR,_Z,_Z,GY,2013-03,2.1
DATAFLOW,OECD.SDD.STES:DSD_KEI@DF_KEI(4.0),I,CHN,M,CP,GR,_Z,_Z,GY,2013-04,2.4
DATAFLOW,OECD.SDD.STES:DSD_KEI@DF_KEI(4.0),I,CHN,M,CP,GR,_Z,_Z,GY,2013-05,2.1
DATAFLOW,OECD.SDD.STES:DSD_KEI@DF_KEI(4.0),I,CHN,M,CP,GR,_Z,_Z,GY,2013-06,2.7
DATAFLOW,OECD.SDD.STES:DSD_KEI@DF_KEI(4.0),I,CHN,M,CP,GR,_Z,_Z,GY,2013-07,2.7
DATAFLOW,OECD.SDD.STES:DSD_KEI@DF_KEI(4.0),I,CHN,M,CP,GR,_Z,_Z,GY,2013-08,2.6
DATAFLOW,OECD.SDD.STES:DSD_KEI@DF_KEI(4.0),I,CHN,M,CP,GR,_Z,_Z,GY,2013-09,3.1
DATAFLOW,OECD.SDD.STES:DSD_KEI@DF_KEI(4.0),I,CHN,M,CP,GR,_Z,_Z,GY,2013-10,3.2
DATAFLOW,OECD.SDD.STES:DSD_KEI@DF_KEI(4.0),I,CHN,M,CP,GR,_Z,_Z,GY,2013-11,3.0
DATAFLOW,OECD.SDD.STES:DSD_KEI@DF_KEI(4.0),I,CHN,M,CP,GR,_Z,_Z,GY,2025-10,0.2
DATAFLOW,OECD.SDD.STES:DSD_KEI@DF_KEI(4.0),I,CHN,M,CP,GR,_Z,_Z,GY,2025-11,0.7
DATAFLOW,OECD.SDD.STES:DSD_KEI@DF_KEI(4.0),I,CHN,M,CP,GR,_Z,_Z,GY,2025-12,0.8
DATAFLOW,OECD.SDD.STES:DSD_KEI@DF_KEI(4.0),I,CHN,M,CP,GR,_Z,_Z,G1,2023-12,0.1
DATAFLOW,OECD.SDD.STES:DSD_KEI@DF_KEI(4.0),I,CHN,M,CP,GR,_Z,_Z,G1,2024-01,0.3
DATAFLOW,OECD.SDD.STES:DSD_KEI@DF_KEI(4.0),I,CHN,M,CP,GR,_Z,_Z,G1,2024-02,1.0
DATAFLOW,OECD.SDD.STES:DSD_KEI@DF_KEI(4.0),I,CHN,M,CP,GR,_Z,_Z,G1,2024-03,-1.0
DATAFLOW,OECD.SDD.STES:DSD_KEI@DF_KEI(4.0),I,CHN,M,CP,GR,_Z,_Z,G1,2024-04,0.1
DATAFLOW,OECD.SDD.STES:DSD_KEI@DF_KEI(4.0),I,CHN,M,CP,GR,_Z,_Z,G1,2024-05,-0.1
DATAFLOW,OECD.SDD.STES:DSD_KEI@DF_KEI(4.0),I,CHN,M,CP,GR,_Z,_Z,G1,2024-06,-0.2
DATAFLOW,OECD.SDD.STES:DSD_KEI@DF_KEI(4.0),I,USA,M,CP,GR,_Z,_Z,G1,2024-01,0.544750379792647
DATAFLOW,OECD.SDD.STES:DSD_KEI@DF_KEI(4.0),I,USA,M,CP,GR,_Z,_Z,G1,2024-02,0.618967177555163
DATAFLOW,OECD.SDD.STES:DSD_KEI@DF_KEI(4.0),I,USA,M,CP,GR,_Z,_Z,G1,2024-04,0.389329303433361
DATAFLOW,OECD.SDD.STES:DSD_KEI@DF_KEI(4.0),I,USA,M,CP,GR,_Z,_Z,G1,2024-05,0.166162756579324
DATAFLOW,OECD.SDD.STES:DSD_KEI@DF_KEI(4.0),I,USA,M,CP,GR,_Z,_Z,G1,2024-06,0.0337505452620457
DATAFLOW,OECD.SDD.STES:DSD_KEI@DF_KEI(4.0),I,USA,M,CP,GR,_Z,_Z,G1,2024-07,0.116177289727748
DATAFLOW,OECD.SDD.STES:DSD_KEI@DF_KEI(4.0),I,USA,M,CP,GR,_Z,_Z,G1,2024-08,0.0813886946010589
DATAFLOW,OECD.SDD.STES:DSD_KEI@DF_KEI(4.0),I,USA,M,CP,GR,_Z,_Z,G1,2024-09,0.160421352240725
DATAFLOW,OECD.SDD.STES:DSD_KEI@DF_KEI(4.0),I,USA,M,CP,GR,_Z,_Z,G1,2024-10,0.115128083957994
DATAFLOW,OECD.SDD.STES:DSD_KEI@DF_KEI(4.0),I,USA,M,CP,GR,_Z,_Z,G1,2024-11,-0.0541715241517027
DATAFLOW,OECD.SDD.STES:DSD_KEI@DF_KEI(4.0),I,USA,M,CP,GR,_Z,_Z,G1,2024-12,0.0354999952453694
DATAFLOW,OECD.SDD.STES:DSD_KEI@DF_KEI(4.0),I,USA,M,CP,GR,_Z,_Z,G1,2025-01,0.654615738026432
DATAFLOW,OECD.SDD.STES:DSD_KEI@DF_KEI(4.0),I,USA,M,CP,GR,_Z,_Z,GY,2012-01,2.92521671215085
DATAFLOW,OECD.SDD.STES:DSD_KEI@DF_KEI(4.0),I,USA,M,CP,GR,_Z,_Z,GY,2012-02,2.87109878043821
DATAFLOW,OECD.SDD.STES:DSD_KEI@DF_KEI(4.0),I,USA,M,CP,GR,_Z,_Z,GY,2025-08,2.9161742842984
DATAFLOW,OECD.SDD.STES:DSD_KEI@DF_KEI(4.0),I,USA,M,CP,GR,_Z,_Z,GY,2025-09,3.01267677552561
DATAFLOW,OECD.SDD.STES:DSD_KEI@DF_KEI(4.0),I,USA,M,CP,GR,_Z,_Z,GY,2025-11,2.73508445512263
DATAFLOW,OECD.SDD.STES:DSD_KEI@DF_KEI(4.0),I,USA,M,CP,GR,_Z,_Z,GY,2025-12,2.67708052787501
DATAFLOW,OECD.SDD.STES:DSD_KEI@DF_KEI(4.0),I,USA,M,CP,GR,_Z,_Z,G1,2025-02,0.444170226429819
DATAFLOW,OECD.SDD.STES:DSD_KEI@DF_KEI(4.0),I,USA,M,CP,GR,_Z,_Z,G1,2025-03,0.224707128575163
DATAFLOW,OECD.SDD.STES:DSD_KEI@DF_KEI(4.0),I,USA,M,CP,GR,_Z,_Z,G1,2025-04,0.31144562678409
DATAFLOW,OECD.SDD.STES:DSD_KEI@DF_KEI(4.0),I,USA,M,CP,GR,_Z,_Z,G1,2025-05,0.208856123069223
DATAFLOW,OECD.SDD.STES:DSD_KEI@DF_KEI(4.0),I,USA,M,CP,GR,_Z,_Z,G1,2025-06,0.340939138008878
DATAFLOW,OECD.SDD.STES:DSD_KEI@DF_KEI(4.0),I,USA,M,CP,GR,_Z,_Z,G1,2025-07,0.150979194633183
DATAFLOW,OECD.SDD.STES:DSD_KEI@DF_KEI(4.0),I,USA,M,CP,GR,_Z,_Z,G1,2025-08,0.287263812188843
DATAFLOW,OECD.SDD.STES:DSD_KEI@DF_KEI(4.0),I,USA,M,CP,GR,_Z,_Z,G1,2025-09,0.254339827641581
DATAFLOW,OECD.SDD.STES:DSD_KEI@DF_KEI(4.0),I,USA,M,CP,GR,_Z,_Z,G1,2025-12,-0.0209797545366985
DATAFLOW,OECD.SDD.STES:DSD_KEI@DF_KEI(4.0),I,USA,M,CP,IX,_Z,_Z,_Z,2014-04,100.023205086555
DATAFLOW,OECD.SDD.STES:DSD_KEI@DF_KEI(4.0),I,USA,M,CP,GR,_Z,_Z,GY,2007-01,2.07564296520424
DATAFLOW,OECD.SDD.STES:DSD_KEI@DF_KEI(4.0),I,USA,M,CP,GR,_Z,_Z,GY,2007-02,2.41519879214898
DATAFLOW,OECD.SDD.STES:DSD_KEI@DF_KEI(4.0),I,USA,M,CP,GR,_Z,_Z,GY,2007-03,2.77877877877879
DATAFLOW,OECD.SDD.STES:DSD_KEI@DF_KEI(4.0),I,USA,M,CP,GR,_Z,_Z,GY,2007-04,2.57369727047148
DATAFLOW,OECD.SDD.STES:DSD_KEI@DF_KEI(4.0),I,USA,M,CP,GR,_Z,_Z,GY,2007-05,2.69086419753088
DATAFLOW,OECD.SDD.STES:DSD_KEI@DF_KEI(4.0),I,USA,M,CP,GR,_Z,_Z,GY,2007-06,2.68703794972893
DATAFLOW,OECD.SDD.STES:DSD_KEI@DF_KEI(4.0),I,USA,M,CP,GR,_Z,_Z,GY,2007-07,2.35823095823096
DATAFLOW,OECD.SDD.STES:DSD_KEI@DF_KEI(4.0),I,USA,M,CP,GR,_Z,_Z,GY,2007-08,1.97008337420304
DATAFLOW,OECD.SDD.STES:DSD_KEI@DF_KEI(4.0),I,USA,M,CP,GR,_Z,_Z,GY,2007-09,2.75505174963038
DATAFLOW,OECD.SDD.STES:DSD_KEI@DF_KEI(4.0),I,USA,M,CP,GR,_Z,_Z,GY,2007-10,3.53617443012884
DATAFLOW,OECD.SDD.STES:DSD_KEI@DF_KEI(4.0),I,USA,M,CP,GR,_Z,_Z,GY,2007-12,4.08126858275519
DATAFLOW,OECD.SDD.STES:DSD_KEI@DF_KEI(4.0),I,USA,M,CP,GR,_Z,_Z,GY,2008-01,4.28029404790136
DATAFLOW,OECD.SDD.STES:DSD_KEI@DF_KEI(4.0),I,USA,M,CP,GR,_Z,_Z,GY,2008-02,4.0265554130487
DATAFLOW,OECD.SDD.STES:DSD_KEI@DF_KEI(4.0),I,USA,M,CP,GR,_Z,_Z,GY,2008-03,3.98145623125168
DATAFLOW,OECD.SDD.STES:DSD_KEI@DF_KEI(4.0),I,USA,M,CP,GR,_Z,_Z,GY,2008-04,3.93688977482753
DATAFLOW,OECD.SDD.STES:DSD_KEI@DF_KEI(4.0),I,USA,M,CP,GR,_Z,_Z,GY,2008-05,4.17554304180352
DATAFLOW,OECD.SDD.STES:DSD_KEI@DF_KEI(4.0),I,USA,M,CP,GR,_Z,_Z,GY,2008-06,5.02179004761172
DATAFLOW,OECD.SDD.STES:DSD_KEI@DF_KEI(4.0),I,USA,M,CP,GR,_Z,_Z,GY,2008-07,5.60012290025396
DATAFLOW,OECD.SDD.STES:DSD_KEI@DF_KEI(4.0),I,USA,M,CP,GR,_Z,_Z,GY,2008-08,5.37185511526235
DATAFLOW,OECD.SDD.STES:DSD_KEI@DF_KEI(4.0),I,USA,M,CP,GR,_Z,_Z,GY,2008-09,4.93692743057219
DATAFLOW,OECD.SDD.STES:DSD_KEI@DF_KEI(4.0),I,USA,M,CP,GR,_Z,_Z,GY,2008-10,3.65518627713748
DATAFLOW,OECD.SDD.STES:DSD_KEI@DF_KEI(4.0),I,USA,M,CP,GR,_Z,_Z,GY,2008-11,1.06957469180737
DATAFLOW,OECD.SDD.STES:DSD_KEI@DF_KEI(4.0),I,USA,M,CP,GR,_Z,_Z,GY,2008-12,0.0914129006455822
DATAFLOW,OECD.SDD.STES:DSD_KEI@DF_KEI(4.0),I,CHN,M,CP,GR,_Z,_Z,GY,2014-09,1.6
DATAFLOW,OECD.SDD.STES:DSD_KEI@DF_KEI(4.0),I,CHN,M,CP,GR,_Z,_Z,GY,2014-10,1.6
DATAFLOW,OECD.SDD.STES:DSD_KEI@DF_KEI(4.0),I,CHN,M,CP,GR,_Z,_Z,GY,2014-11,1.4
DATAFLOW,OECD.SDD.STES:DSD_KEI@DF_KEI(4.0),I,CHN,M,CP,GR,_Z,_Z,GY,2014-12,1.5
DATAFLOW,OECD.SDD.STES:DSD_KEI@DF_KEI(4.0),I,CHN,M,CP,GR,_Z,_Z,GY,2015-01,0.8
DATAFLOW,OECD.SDD.STES:DSD_KEI@DF_KEI(4.0),I,CHN,M,CP,GR,_Z,_Z,GY,2015-02,1.4
DATAFLOW,OECD.SDD.STES:DSD_KEI@DF_KEI(4.0),I,CHN,M,CP,GR,_Z,_Z,GY,2015-03,1.4
DATAFLOW,OECD.SDD.STES:DSD_KEI@DF_KEI(4.0),I,CHN,M,CP,GR,_Z,_Z,G1,2012-11,0.104594695554737
DATAFLOW,OECD.SDD.STES:DSD_KEI@DF_KEI(4.0),I,CHN,M,CP,GR,_Z,_Z,G1,2012-12,0.798567057243073
DATAFLOW,OECD.SDD.STES:DSD_KEI@DF_KEI(4.0),I,CHN,M,CP,GR,_Z,_Z,G1,2013-01,0.999555752998665
DATAFLOW,OECD.SDD.STES:DSD_KEI@DF_KEI(4.0),I,CHN,M,CP,GR,_Z,_Z,G1,2013-02,1.09962612711678
DATAFLOW,OECD.SDD.STES:DSD_KEI@DF_KEI(4.0),I,CHN,M,CP,GR,_Z,_Z,G1,2013-03,-0.899137118410564
DATAFLOW,OECD.SDD.STES:DSD_KEI@DF_KEI(4.0),I,CHN,M,CP,GR,_Z,_Z,G1,2013-04,0.197702495061105
DATAFLOW,OECD.SDD.STES:DSD_KEI@DF_KEI(4.0),I,CHN,M,CP,GR,_Z,_Z,G1,2013-05,-0.598947569815152
DATAFLOW,OECD.SDD.STES:DSD_KEI@DF_KEI(4.0),I,CHN,M,CP,GR,_Z,_Z,G1,2013-07,0.098883338230973
DATAFLOW,OECD.SDD.STES:DSD_KEI@DF_KEI(4.0),I,CHN,M,CP,GR,_Z,_Z,G1,2013-08,0.503028888565957
DATAFLOW,OECD.SDD.STES:DSD_KEI@DF_KEI(4.0),I,CHN,M,CP,GR,_Z,_Z,G1,2013-09,0.796991383087488
DATAFLOW,OECD.SDD.STES:DSD_KEI@DF_KEI(4.0),I,CHN,M,CP,GR,_Z,_Z,G1,2013-10,0.100411935255306
DATAFLOW,OECD.SDD.STES:DSD_KEI@DF_KEI(4.0),I,CHN,M,CP,GR,_Z,_Z,G1,2013-11,-0.10038358543822
DATAFLOW,OECD.SDD.STES:DSD_KEI@DF_KEI(4.0),I,CHN,M,CP,GR,_Z,_Z,G1,2013-12,0.300004419287507
DATAFLOW,OECD.SDD.STES:DSD_KEI@DF_KEI(4.0),I,CHN,M,CP,GR,_Z,_Z,G1,2014-01,0.999960995453802
DATAFLOW,OECD.SDD.STES:DSD_KEI@DF_KEI(4.0),I,CHN,M,CP,GR,_Z,_Z,G1,2014-02,0.500036472912069
DATAFLOW,OECD.SDD.STES:DSD_KEI@DF_KEI(4.0),I,CHN,M,CP,GR,_Z,_Z,G1,2014-03,-0.500039137829193
DATAFLOW,OECD.SDD.STES:DSD_KEI@DF_KEI(4.0),I,CHN,M,CP,GR,_Z,_Z,G1,2014-04,-0.300015090151146
DATAFLOW,OECD.SDD.STES:DSD_KEI@DF_KEI(4.0),I,CHN,M,CP,GR,_Z,_Z,G1,2014-05,0.0999951221891712
DATAFLOW,OECD.SDD.STES:DSD_KEI@DF_KEI(4.0),I,CHN,M,CP,GR,_Z,_Z,G1,2014-06,-0.0976020844709594
DATAFLOW,OECD.SDD.STES:DSD_KEI@DF_KEI(4.0),I,CHN,M,CP,GR,_Z,_Z,G1,2014-07,0.100423212108161
DATAFLOW,OECD.SDD.STES:DSD_KEI@DF_KEI(4.0),I,CHN,M,CP,GR,_Z,_Z,G1,2014-08,0.200644930132591
DATAFLOW,OECD.SDD.STES:DSD_KEI@DF_KEI(4.0),I,CHN,M,CP,GR,_Z,_Z,G1,2014-09,0.493456339841224
DATAFLOW,OECD.SDD.STES:DSD_KEI@DF_KEI(4.0),I,CHN,M,CP,GR,_Z,_Z,G1,2014-10,0.0030600626245425
DATAFLOW,OECD.SDD.STES:DSD_KEI@DF_KEI(4.0),I,CHN,M,CP,GR,_Z,_Z,G1,2014-11,-0.199965415234244
DATAFLOW,OECD.SDD.STES:DSD_KEI@DF_KEI(4.0),I,CHN,M,CP,GR,_Z,_Z,G1,2014-12,0.297126493743389
DATAFLOW,OECD.SDD.STES:DSD_KEI@DF_KEI(4.0),I,CHN,M,CP,GR,_Z,_Z,G1,2015-01,0.305701692023318
DATAFLOW,OECD.SDD.STES:DSD_KEI@DF_KEI(4.0),I,CHN,M,CP,GR,_Z,_Z,G1,2015-02,1.19710822879012
DATAFLOW,OECD.SDD.STES:DSD_KEI@DF_KEI(4.0),I,CHN,M,CP,GR,_Z,_Z,G1,2015-03,-0.500003501915547
DATAFLOW,OECD.SDD.STES:DSD_KEI@DF_KEI(4.0),I,CHN,M,CP,GR,_Z,_Z,G1,2015-04,-0.199978742140041
DATAFLOW,OECD.SDD.STES:DSD_KEI@DF_KEI(4.0),I,CHN,M,CP,GR,_Z,_Z,G1,2015-05,-0.200026801898712
DATAFLOW,OECD.SDD.STES:DSD_KEI@DF_KEI(4.0),I,CHN,M,CP,GR,_Z,_Z,G1,2015-06,0.0018374895934469
DATAFLOW,OECD.SDD.STES:DSD_KEI@DF_KEI(4.0),I,CHN,M,CP,GR,_Z,_Z,G1,2015-07,0.298189399293276
DATAFLOW,OECD.SDD.STES:DSD_KEI@DF_KEI(4.0),I,CHN,M,CP,GR,_Z,_Z,G1,2015-08,0.499966397020328
DATAFLOW,OECD.SDD.STES:DSD_KEI@DF_KEI(4.0),I,CHN,M,CP,GR,_Z,_Z,G1,2015-09,0.100048025856847
DATAFLOW,OECD.SDD.STES:DSD_KEI@DF_KEI(4.0),I,CHN,M,CP,GR,_Z,_Z,G1,2015-10,-0.299984170809584
DATAFLOW,OECD.SDD.STES:DSD_KEI@DF_KEI(4.0),I,CHN,M,CP,GR,_Z,_Z,G1,2015-11,0.0028803077573823
DATAFLOW,OECD.SDD.STES:DSD_KEI@DF_KEI(4.0),I,CHN,M,CP,GR,_Z,_Z,G1,2016-02,1.6
DATAFLOW,OECD.SDD.STES:DSD_KEI@DF_KEI(4.0),I,CHN,M,CP,GR,_Z,_Z,G1,2016-03,-0.4
DATAFLOW,OECD.SDD.STES:DSD_KEI@DF_KEI(4.0),I,CHN,M,CP,GR,_Z,_Z,G1,2016-04,-0.2
DATAFLOW,OECD.SDD.STES:DSD_KEI@DF_KEI(4.0),I,CHN,M,CP,GR,_Z,_Z,G1,2016-05,-0.5
DATAFLOW,OECD.SDD.STES:DSD_KEI@DF_KEI(4.0),I,CHN,M,CP,GR,_Z,_Z,G1,2016-09,0.7
DATAFLOW,OECD.SDD.STES:DSD_KEI@DF_KEI(4.0),I,CHN,M,CP,GR,_Z,_Z,G1,2017-01,1.0
DATAFLOW,OECD.SDD.STES:DSD_KEI@DF_KEI(4.0),I,CHN,M,CP,GR,_Z,_Z,G1,2017-02,-0.2
DATAFLOW,OECD.SDD.STES:DSD_KEI@DF_KEI(4.0),I,CHN,M,CP,GR,_Z,_Z,G1,2017-03,-0.3
DATAFLOW,OECD.SDD.STES:DSD_KEI@DF_KEI(4.0),I,CHN,M,CP,GR,_Z,_Z,G1,2017-06,-0.2
DATAFLOW,OECD.SDD.STES:DSD_KEI@DF_KEI(4.0),I,CHN,M,CP,GR,_Z,_Z,G1,2018-02,1.2
DATAFLOW,OECD.SDD.STES:DSD_KEI@DF_KEI(4.0),I,CHN,M,CP,GR,_Z,_Z,G1,2018-03,-1.1
DATAFLOW,OECD.SDD.STES:DSD_KEI@DF_KEI(4.0),I,CHN,M,CP,GR,_Z,_Z,G1,2018-04,-0.2
DATAFLOW,OECD.SDD.STES:DSD_KEI@DF_KEI(4.0),I,CHN,M,CP,GR,_Z,_Z,G1,2018-05,-0.2
DATAFLOW,OECD.SDD.STES:DSD_KEI@DF_KEI(4.0),I,CHN,M,CP,GR,_Z,_Z,G1,2018-08,0.7
DATAFLOW,OECD.SDD.STES:DSD_KEI@DF_KEI(4.0),I,CHN,M,CP,GR,_Z,_Z,G1,2018-09,0.7
DATAFLOW,OECD.SDD.STES:DSD_KEI@DF_KEI(4.0),I,CHN,M,CP,GR,_Z,_Z,G1,2018-11,-0.3
DATAFLOW,OECD.SDD.STES:DSD_KEI@DF_KEI(4.0),I,CHN,M,CP,GR,_Z,_Z,G1,2019-02,1.0
DATAFLOW,OECD.SDD.STES:DSD_KEI@DF_KEI(4.0),I,CHN,M,CP,GR,_Z,_Z,G1,2019-03,-0.4
DATAFLOW,OECD.SDD.STES:DSD_KEI@DF_KEI(4.0),I,CHN,M,CP,GR,_Z,_Z,G1,2019-08,0.7
DATAFLOW,OECD.SDD.STES:DSD_KEI@DF_KEI(4.0),I,CHN,M,CP,GR,_Z,_Z,G1,2019-09,0.9
DATAFLOW,OECD.SDD.STES:DSD_KEI@DF_KEI(4.0),I,CHN,M,CP,GR,_Z,_Z,G1,2019-10,0.9
DATAFLOW,OECD.SDD.STES:DSD_KEI@DF_KEI(4.0),I,CHN,M,CP,GR,_Z,_Z,G1,2020-01,1.4
DATAFLOW,OECD.SDD.STES:DSD_KEI@DF_KEI(4.0),I,CHN,M,CP,GR,_Z,_Z,G1,2020-02,0.8
DATAFLOW,OECD.SDD.STES:DSD_KEI@DF_KEI(4.0),I,CHN,M,CP,GR,_Z,_Z,G1,2020-03,-1.2
DATAFLOW,OECD.SDD.STES:DSD_KEI@DF_KEI(4.0),I,CHN,M,CP,GR,_Z,_Z,G1,2020-04,-0.9
DATAFLOW,OECD.SDD.STES:DSD_KEI@DF_KEI(4.0),I,CHN,M,CP,GR,_Z,_Z,G1,2020-05,-0.8
DATAFLOW,OECD.SDD.STES:DSD_KEI@DF_KEI(4.0),I,CHN,M,CP,GR,_Z,_Z,G1,2020-10,-0.3
DATAFLOW,OECD.SDD.STES:DSD_KEI@DF_KEI(4.0),I,CHN,M,CP,GR,_Z,_Z,G1,2020-11,-0.6
DATAFLOW,OECD.SDD.STES:DSD_KEI@DF_KEI(4.0),I,CHN,M,CP,GR,_Z,_Z,G1,2020-12,0.7
DATAFLOW,OECD.SDD.STES:DSD_KEI@DF_KEI(4.0),I,CHN,M,CP,GR,_Z,_Z,G1,2021-01,1.0
DATAFLOW,OECD.SDD.STES:DSD_KEI@DF_KEI(4.0),I,CHN,M,CP,GR,_Z,_Z,G1,2021-03,-0.5
DATAFLOW,OECD.SDD.STES:DSD_KEI@DF_KEI(4.0),I,CHN,M,CP,GR,_Z,_Z,G1,2021-04,-0.3
DATAFLOW,OECD.SDD.STES:DSD_KEI@DF_KEI(4.0),I,CHN,M,CP,GR,_Z,_Z,G1,2021-05,-0.2
DATAFLOW,OECD.SDD.STES:DSD_KEI@DF_KEI(4.0),I,CHN,M,CP,GR,_Z,_Z,G1,2021-06,-0.4
DATAFLOW,OECD.SDD.STES:DSD_KEI@DF_KEI(4.0),I,CHN,M,CP,GR,_Z,_Z,GY,2018-09,2.5
DATAFLOW,OECD.SDD.STES:DSD_KEI@DF_KEI(4.0),I,CHN,M,CP,GR,_Z,_Z,GY,2018-10,2.5
DATAFLOW,OECD.SDD.STES:DSD_KEI@DF_KEI(4.0),I,CHN,M,CP,GR,_Z,_Z,GY,2018-11,2.2
DATAFLOW,OECD.SDD.STES:DSD_KEI@DF_KEI(4.0),I,CHN,M,CP,GR,_Z,_Z,GY,2018-12,1.9
DATAFLOW,OECD.SDD.STES:DSD_KEI@DF_KEI(4.0),I,CHN,M,CP,GR,_Z,_Z,GY,2019-01,1.7
DATAFLOW,OECD.SDD.STES:DSD_KEI@DF_KEI(4.0),I,CHN,M,CP,GR,_Z,_Z,GY,2019-02,1.5
DATAFLOW,OECD.SDD.STES:DSD_KEI@DF_KEI(4.0),I,CHN,M,CP,GR,_Z,_Z,GY,2019-03,2.3
DATAFLOW,OECD.SDD.STES:DSD_KEI@DF_KEI(4.0),I,CHN,M,CP,GR,_Z,_Z,GY,2019-04,2.5
DATAFLOW,OECD.SDD.STES:DSD_KEI@DF_KEI(4.0),I,CHN,M,CP,GR,_Z,_Z,GY,2019-05,2.7
DATAFLOW,OECD.SDD.STES:DSD_KEI@DF_KEI(4.0),I,CHN,M,CP,GR,_Z,_Z,GY,2019-06,2.7
DATAFLOW,OECD.SDD.STES:DSD_KEI@DF_KEI(4.0),I,CHN,M,CP,GR,_Z,_Z,GY,2019-07,2.8
DATAFLOW,OECD.SDD.STES:DSD_KEI@DF_KEI(4.0),I,CHN,M,CP,GR,_Z,_Z,GY,2019-08,2.8
DATAFLOW,OECD.SDD.STES:DSD_KEI@DF_KEI(4.0),I,CHN,M,CP,GR,_Z,_Z,GY,2019-09,3.0
DATAFLOW,OECD.SDD.STES:DSD_KEI@DF_KEI(4.0),I,CHN,M,CP,GR,_Z,_Z,GY,2019-10,3.8
DATAFLOW,OECD.SDD.STES:DSD_KEI@DF_KEI(4.0),I,CHN,M,CP,GR,_Z,_Z,GY,2019-11,4.5
DATAFLOW,OECD.SDD.STES:DSD_KEI@DF_KEI(4.0),I,CHN,M,CP,GR,_Z,_Z,GY,2019-12,4.5
DATAFLOW,OECD.SDD.STES:DSD_KEI@DF_KEI(4.0),I,USA,M,CP,GR,_Z,_Z,GY,2016-02,1.01779978016545
DATAFLOW,OECD.SDD.STES:DSD_KEI@DF_KEI(4.0),I,USA,M,CP,GR,_Z,_Z,GY,2016-03,0.852536221142719
DATAFLOW,OECD.SDD.STES:DSD_KEI@DF_KEI(4.0),I,USA,M,CP,GR,_Z,_Z,GY,2016-04,1.1251104188944
DATAFLOW,OECD.SDD.STES:DSD_KEI@DF_KEI(4.0),I,USA,M,CP,GR,_Z,_Z,GY,2016-05,1.01932255419357
DATAFLOW,OECD.SDD.STES:DSD_KEI@DF_KEI(4.0),I,USA,M,CP,GR,_Z,_Z,GY,2016-06,0.997326494523088
DATAFLOW,OECD.SDD.STES:DSD_KEI@DF_KEI(4.0),I,USA,M,CP,GR,_Z,_Z,GY,2016-07,0.8271388704987
DATAFLOW,OECD.SDD.STES:DSD_KEI@DF_KEI(4.0),I,USA,M,CP,GR,_Z,_Z,GY,2016-09,1.46378364748159
DATAFLOW,OECD.SDD.STES:DSD_KEI@DF_KEI(4.0),I,USA,M,CP,GR,_Z,_Z,GY,2016-10,1.63598752091763
DATAFLOW,OECD.SDD.STES:DSD_KEI@DF_KEI(4.0),I,USA,M,CP,GR,_Z,_Z,GY,2016-11,1.69253716250379
DATAFLOW,OECD.SDD.STES:DSD_KEI@DF_KEI(4.0),I,USA,M,CP,GR,_Z,_Z,GY,2016-12,2.07462213296692
DATAFLOW,OECD.SDD.STES:DSD_KEI@DF_KEI(4.0),I,USA,M,CP,GR,_Z,_Z,GY,2017-01,2.500042209053
DATAFLOW,OECD.SDD.STES:DSD_KEI@DF_KEI(4.0),I,USA,M,CP,GR,_Z,_Z,GY,2017-02,2.73795817148932
DATAFLOW,OECD.SDD.STES:DSD_KEI@DF_KEI(4.0),I,USA,M,CP,GR,_Z,_Z,GY,2017-03,2.38061243344025
DATAFLOW,OECD.SDD.STES:DSD_KEI@DF_KEI(4.0),I,USA,M,CP,GR,_Z,_Z,GY,2017-04,2.1996898784173
DATAFLOW,OECD.SDD.STES:DSD_KEI@DF_KEI(4.0),I,USA,M,CP,GR,_Z,_Z,GY,2017-05,1.87487772084136
DATAFLOW,OECD.SDD.STES:DSD_KEI@DF_KEI(4.0),I,USA,M,CP,GR,_Z,_Z,GY,2017-06,1.63348795525646
DATAFLOW,OECD.SDD.STES:DSD_KEI@DF_KEI(4.0),I,USA,M,CP,GR,_Z,_Z,GY,2017-07,1.72797845637249
DATAFLOW,OECD.SDD.STES:DSD_KEI@DF_KEI(4.0),I,USA,M,CP,GR,_Z,_Z,GY,2017-08,1.93897421205818
DATAFLOW,OECD.SDD.STES:DSD_KEI@DF_KEI(4.0),I,USA,M,CP,GR,_Z,_Z,GY,2017-09,2.23296386500322
DATAFLOW,OECD.SDD.STES:DSD_KEI@DF_KEI(4.0),I,USA,M,CP,GR,_Z,_Z,GY,2017-10,2.04112870197617
DATAFLOW,OECD.SDD.STES:DSD_KEI@DF_KEI(4.0),I,USA,M,CP,GR,_Z,_Z,GY,2017-11,2.20258293868318
DATAFLOW,OECD.SDD.STES:DSD_KEI@DF_KEI(4.0),I,USA,M,CP,GR,_Z,_Z,GY,2017-12,2.1090824745684
DATAFLOW,OECD.SDD.STES:DSD_KEI@DF_KEI(4.0),I,USA,M,CP,GR,_Z,_Z,GY,2018-01,2.07050762027519
DATAFLOW,OECD.SDD.STES:DSD_KEI@DF_KEI(4.0),I,USA,M,CP,GR,_Z,_Z,GY,2018-02,2.21179542123866
DATAFLOW,OECD.SDD.STES:DSD_KEI@DF_KEI(4.0),I,USA,M,CP,GR,_Z,_Z,GY,2018-03,2.35971140397293
DATAFLOW,OECD.SDD.STES:DSD_KEI@DF_KEI(4.0),I,USA,M,CP,GR,_Z,_Z,GY,2018-04,2.46274394333479
DATAFLOW,OECD.SDD.STES:DSD_KEI@DF_KEI(4.0),I,USA,M,CP,GR,_Z,_Z,GY,2018-05,2.80101171480758
DATAFLOW,OECD.SDD.STES:DSD_KEI@DF_KEI(4.0),I,USA,M,CP,GR,_Z,_Z,GY,2018-06,2.87154783531669
DATAFLOW,OECD.SDD.STES:DSD_KEI@DF_KEI(4.0),I,USA,M,CP,GR,_Z,_Z,GY,2018-07,2.94951508664711
DATAFLOW,OECD.SDD.STES:DSD_KEI@DF_KEI(4.0),I,USA,M,CP,GR,_Z,_Z,GY,2018-08,2.69918010418746
DATAFLOW,OECD.SDD.STES:DSD_KEI@DF_KEI(4.0),I,USA,M,CP,GR,_Z,_Z,GY,2018-09,2.27697219419898
DATAFLOW,OECD.SDD.STES:DSD_KEI@DF_KEI(4.0),I,USA,M,CP,GR,_Z,_Z,GY,2018-10,2.52246992860703
DATAFLOW,OECD.SDD.STES:DSD_KEI@DF_KEI(4.0),I,USA,M,CP,GR,_Z,_Z,GY,2018-11,2.1766010321524
DATAFLOW,OECD.SDD.STES:DSD_KEI@DF_KEI(4.0),I,USA,M,CP,GR,_Z,_Z,GY,2018-12,1.91015884863137
DATAFLOW,OECD.SDD.STES:DSD_KEI@DF_KEI(4.0),I,USA,M,CP,GR,_Z,_Z,GY,2019-01,1.5512351381991
DATAFLOW,OECD.SDD.STES:DSD_KEI@DF_KEI(4.0),I,USA,M,CP,GR,_Z,_Z,GY,2019-02,1.52013526593331
DATAFLOW,OECD.SDD.STES:DSD_KEI@DF_KEI(4.0),I,USA,M,CP,GR,_Z,_Z,GY,2019-03,1.86252274056917
DATAFLOW,OECD.SDD.STES:DSD_KEI@DF_KEI(4.0),I,USA,M,CP,GR,_Z,_Z,GY,2019-04,1.99643977553026
DATAFLOW,OECD.SDD.STES:DSD_KEI@DF_KEI(4.0),I,USA,M,CP,GR,_Z,_Z,GY,2019-05,1.79022846876637
DATAFLOW,OECD.SDD.STES:DSD_KEI@DF_KEI(4.0),I,USA,M,CP,GR,_Z,_Z,GY,2019-06,1.64848465607623
DATAFLOW,OECD.SDD.STES:DSD_KEI@DF_KEI(4.0),I,USA,M,CP,GR,_Z,_Z,GY,2019-07,1.81146480639351
DATAFLOW,OECD.SDD.STES:DSD_KEI@DF_KEI(4.0),I,USA,M,CP,GR,_Z,_Z,GY,2019-08,1.74977988942915
DATAFLOW,OECD.SDD.STES:DSD_KEI@DF_KEI(4.0),I,USA,M,CP,GR,_Z,_Z,GY,2019-09,1.71130451316952
DATAFLOW,OECD.SDD.STES:DSD_KEI@DF_KEI(4.0),I,USA,M,CP,GR,_Z,_Z,GY,2019-10,1.76404294442141
DATAFLOW,OECD.SDD.STES:DSD_KEI@DF_KEI(4.0),I,USA,M,CP,GR,_Z,_Z,GY,2019-11,2.05127798189162
DATAFLOW,OECD.SDD.STES:DSD_KEI@DF_KEI(4.0),I,USA,M,CP,GR,_Z,_Z,GY,2019-12,2.28512974012172
DATAFLOW,OECD.SDD.STES:DSD_KEI@DF_KEI(4.0),I,CHN,M,CP,GR,_Z,_Z,GY,2007-08,6.5
DATAFLOW,OECD.SDD.STES:DSD_KEI@DF_KEI(4.0),I,CHN,M,CP,GR,_Z,_Z,GY,2007-09,6.2
DATAFLOW,OECD.SDD.STES:DSD_KEI@DF_KEI(4.0),I,CHN,M,CP,GR,_Z,_Z,GY,2007-10,6.5
DATAFLOW,OECD.SDD.STES:DSD_KEI@DF_KEI(4.0),I,CHN,M,CP,GR,_Z,_Z,GY,2007-11,6.9
DATAFLOW,OECD.SDD.STES:DSD_KEI@DF_KEI(4.0),I,CHN,M,CP,GR,_Z,_Z,GY,2007-12,6.5
DATAFLOW,OECD.SDD.STES:DSD_KEI@DF_KEI(4.0),I,CHN,M,CP,GR,_Z,_Z,GY,2008-01,7.1
DATAFLOW,OECD.SDD.STES:DSD_KEI@DF_KEI(4.0),I,CHN,M,CP,GR,_Z,_Z,G1,2022-05,-0.2
DATAFLOW,OECD.SDD.STES:DSD_KEI@DF_KEI(4.0),I,CHN,M,CP,GR,_Z,_Z,G1,2022-11,-0.2
DATAFLOW,OECD.SDD.STES:DSD_KEI@DF_KEI(4.0),I,CHN,M,CP,GR,_Z,_Z,G1,2023-01,0.8
DATAFLOW,OECD.SDD.STES:DSD_KEI@DF_KEI(4.0),I,CHN,M,CP,GR,_Z,_Z,G1,2023-02,-0.5
DATAFLOW,OECD.SDD.STES:DSD_KEI@DF_KEI(4.0),I,CHN,M,CP,GR,_Z,_Z,G1,2023-03,-0.3
DATAFLOW,OECD.SDD.STES:DSD_KEI@DF_KEI(4.0),I,CHN,M,CP,GR,_Z,_Z,G1,2023-05,-0.2
DATAFLOW,OECD.SDD.STES:DSD_KEI@DF_KEI(4.0),I,CHN,M,CP,GR,_Z,_Z,G1,2023-06,-0.2
DATAFLOW,OECD.SDD.STES:DSD_KEI@DF_KEI(4.0),I,CHN,M,CP,GR,_Z,_Z,G1,2023-11,-0.5
DATAFLOW,OECD.SDD.STES:DSD_KEI@DF_KEI(4.0),I,CHN,M,CP,GR,_Z,_Z,G1,2017-12,0.3
DATAFLOW,OECD.SDD.STES:DSD_KEI@DF_KEI(4.0),I,CHN,M,CP,GR,_Z,_Z,G1,2018-07,0.3
DATAFLOW,OECD.SDD.STES:DSD_KEI@DF_KEI(4.0),I,CHN,M,CP,GR,_Z,_Z,G1,2021-07,0.3
DATAFLOW,OECD.SDD.STES:DSD_KEI@DF_KEI(4.0),I,CHN,M,CP,GR,_Z,_Z,G1,2022-09,0.3
DATAFLOW,OECD.SDD.STES:DSD_KEI@DF_KEI(4.0),I,CHN,M,CP,GR,_Z,_Z,G1,2023-08,0.3
DATAFLOW,OECD.SDD.STES:DSD_KEI@DF_KEI(4.0),I,CHN,M,CP,GR,_Z,_Z,G1,2008-09,0.0
DATAFLOW,OECD.SDD.STES:DSD_KEI@DF_KEI(4.0),I,CHN,M,CP,GR,_Z,_Z,G1,2009-02,0.0
DATAFLOW,OECD.SDD.STES:DSD_KEI@DF_KEI(4.0),I,CHN,M,CP,GR,_Z,_Z,G1,2009-07,0.0
DATAFLOW,OECD.SDD.STES:DSD_KEI@DF_KEI(4.0),I,CHN,M,CP,GR,_Z,_Z,G1,2013-06,0.0
DATAFLOW,OECD.SDD.STES:DSD_KEI@DF_KEI(4.0),I,CHN,M,CP,GR,_Z,_Z,G1,2017-11,0.0
DATAFLOW,OECD.SDD.STES:DSD_KEI@DF_KEI(4.0),I,CHN,M,CP,GR,_Z,_Z,G1,2018-12,0.0
DATAFLOW,OECD.SDD.STES:DSD_KEI@DF_KEI(4.0),I,CHN,M,CP,GR,_Z,_Z,G1,2019-05,0.0
DATAFLOW,OECD.SDD.STES:DSD_KEI@DF_KEI(4.0),I,CHN,M,CP,GR,_Z,_Z,G1,2019-12,0.0
DATAFLOW,OECD.SDD.STES:DSD_KEI@DF_KEI(4.0),I,CHN,M,CP,GR,_Z,_Z,G1,2021-09,0.0
DATAFLOW,OECD.SDD.STES:DSD_KEI@DF_KEI(4.0),I,CHN,M,CP,IX,_Z,_Z,_Z,2010-12,89.28942786220621
DATAFLOW,OECD.SDD.STES:DSD_KEI@DF_KEI(4.0),I,CHN,M,CP,IX,_Z,_Z,_Z,2013-09,97.33187088875192
DATAFLOW,OECD.SDD.STES:DSD_KEI@DF_KEI(4.0),I,CHN,M,CP,IX,_Z,_Z,_Z,2011-03,91.1538313006242
DATAFLOW,OECD.SDD.STES:DSD_KEI@DF_KEI(4.0),I,CHN,M,CP,IX,_Z,_Z,_Z,2011-04,91.2454998862903
DATAFLOW,OECD.SDD.STES:DSD_KEI@DF_KEI(4.0),I,CHN,M,CP,IX,_Z,_Z,_Z,2011-09,92.7111254396416
DATAFLOW,OECD.SDD.STES:DSD_KEI@DF_KEI(4.0),I,CHN,M,CP,IX,_Z,_Z,_Z,2012-01,94.2795467346733
DATAFLOW,OECD.SDD.STES:DSD_KEI@DF_KEI(4.0),I,CHN,M,CP,IX,_Z,_Z,_Z,2012-04,94.2795467346733
DATAFLOW,OECD.SDD.STES:DSD_KEI@DF_KEI(4.0),I,CHN,M,CP,IX,_Z,_Z,_Z,2012-05,94.0181431855012
DATAFLOW,OECD.SDD.STES:DSD_KEI@DF_KEI(4.0),I,CHN,M,CP,IX,_Z,_Z,_Z,2012-07,93.582470603548
DATAFLOW,OECD.SDD.STES:DSD_KEI@DF_KEI(4.0),I,CHN,M,CP,IX,_Z,_Z,_Z,2012-08,94.192997486945
DATAFLOW,OECD.SDD.STES:DSD_KEI@DF_KEI(4.0),I,CHN,M,CP,IX,_Z,_Z,_Z,2012-12,95.2366090776073
DATAFLOW,OECD.SDD.STES:DSD_KEI@DF_KEI(4.0),I,CHN,M,CP,IX,_Z,_Z,_Z,2013-05,95.98406062227087
DATAFLOW,OECD.SDD.STES:DSD_KEI@DF_KEI(4.0),I,CHN,M,CP,IX,_Z,_Z,_Z,2013-06,95.98406062227087
DATAFLOW,OECD.SDD.STES:DSD_KEI@DF_KEI(4.0),I,CHN,M,CP,IX,_Z,_Z,_Z,2013-08,96.5622778549352
DATAFLOW,OECD.SDD.STES:DSD_KEI@DF_KEI(4.0),I,CHN,M,CP,IX,_Z,_Z,_Z,2013-11,97.3318003744552
DATAFLOW,OECD.SDD.STES:DSD_KEI@DF_KEI(4.0),I,CHN,M,CP,IX,_Z,_Z,_Z,2013-12,97.6238000769508
DATAFLOW,OECD.SDD.STES:DSD_KEI@DF_KEI(4.0),I,CHN,M,CP,IX,_Z,_Z,_Z,2014-01,98.6000000000001
DATAFLOW,OECD.SDD.STES:DSD_KEI@DF_KEI(4.0),I,CHN,M,CP,IX,_Z,_Z,_Z,2014-03,98.6000000000001
DATAFLOW,OECD.SDD.STES:DSD_KEI@DF_KEI(4.0),I,CHN,M,CP,IX,_Z,_Z,_Z,2014-04,98.2000000000001
DATAFLOW,OECD.SDD.STES:DSD_KEI@DF_KEI(4.0),I,CHN,M,CP,IX,_Z,_Z,_Z,2014-06,98.2000000000001
DATAFLOW,OECD.SDD.STES:DSD_KEI@DF_KEI(4.0),I,CHN,M,CP,IX,_Z,_Z,_Z,2014-07,98.2000000000001
DATAFLOW,OECD.SDD.STES:DSD_KEI@DF_KEI(4.0),I,CHN,M,CP,IX,_Z,_Z,_Z,2014-08,98.40000000000008
DATAFLOW,OECD.SDD.STES:DSD_KEI@DF_KEI(4.0),I,CHN,M,CP,IX,_Z,_Z,_Z,2014-11,98.6000000000001
DATAFLOW,OECD.SDD.STES:DSD_KEI@DF_KEI(4.0),I,CHN,M,CP,IX,_Z,_Z,_Z,2014-12,99.0000000000001
DATAFLOW,OECD.SDD.STES:DSD_KEI@DF_KEI(4.0),I,CHN,M,CP,IX,_Z,_Z,_Z,2015-03,99.90000000000008
DATAFLOW,OECD.SDD.STES:DSD_KEI@DF_KEI(4.0),I,CHN,M,CP,IX,_Z,_Z,_Z,2015-07,99.90000000000008
DATAFLOW,OECD.SDD.STES:DSD_KEI@DF_KEI(4.0),I,CHN,M,CP,IX,_Z,_Z,_Z,2007-05,79.0412082388673
DATAFLOW,OECD.SDD.STES:DSD_KEI@DF_KEI(4.0),I,CHN,M,CP,IX,_Z,_Z,_Z,2008-10,84.8022695001291
DATAFLOW,OECD.SDD.STES:DSD_KEI@DF_KEI(4.0),I,CHN,M,CP,IX,_Z,_Z,_Z,2009-05,84.0352921266583
DATAFLOW,OECD.SDD.STES:DSD_KEI@DF_KEI(4.0),I,CHN,M,CP,IX,_Z,_Z,_Z,2010-11,88.8455523824209
DATAFLOW,OECD.SDD.STES:DSD_KEI@DF_KEI(4.0),I,CHN,M,CP,IX,_Z,_Z,_Z,2011-06,91.6121742289555
DATAFLOW,OECD.SDD.STES:DSD_KEI@DF_KEI(4.0),I,CHN,M,CP,IX,_Z,_Z,_Z,2011-11,92.623990923251
DATAFLOW,OECD.SDD.STES:DSD_KEI@DF_KEI(4.0),I,CHN,M,CP,IX,_Z,_Z,_Z,2012-11,94.5409502838451
DATAFLOW,OECD.SDD.STES:DSD_KEI@DF_KEI(4.0),I,CHN,M,CP,IX,_Z,_Z,_Z,2007-10,81.51937279271529
DATAFLOW,OECD.SDD.STES:DSD_KEI@DF_KEI(4.0),I,CHN,M,CP,IX,_Z,_Z,_Z,2007-11,82.0900078364992
DATAFLOW,OECD.SDD.STES:DSD_KEI@DF_KEI(4.0),I,CHN,M,CP,IX,_Z,_Z,_Z,2007-12,82.91090833055709
DATAFLOW,OECD.SDD.STES:DSD_KEI@DF_KEI(4.0),I,CHN,M,CP,IX,_Z,_Z,_Z,2008-01,83.905839013518
DATAFLOW,OECD.SDD.STES:DSD_KEI@DF_KEI(4.0),I,CHN,M,CP,IX,_Z,_Z,_Z,2008-02,86.0873911759242
DATAFLOW,OECD.SDD.STES:DSD_KEI@DF_KEI(4.0),I,CHN,M,CP,IX,_Z,_Z,_Z,2008-04,85.5702635598178
DATAFLOW,OECD.SDD.STES:DSD_KEI@DF_KEI(4.0),I,CHN,M,CP,IX,_Z,_Z,_Z,2008-06,85.0575267881401
DATAFLOW,OECD.SDD.STES:DSD_KEI@DF_KEI(4.0),I,CHN,M,CP,IX,_Z,_Z,_Z,2008-08,85.0574415358654
DATAFLOW,OECD.SDD.STES:DSD_KEI@DF_KEI(4.0),I,CHN,M,CP,IX,_Z,_Z,_Z,2008-09,85.0574415358654
DATAFLOW,OECD.SDD.STES:DSD_KEI@DF_KEI(4.0),I,CHN,M,CP,IX,_Z,_Z,_Z,2008-11,84.1238516259537
DATAFLOW,OECD.SDD.STES:DSD_KEI@DF_KEI(4.0),I,CHN,M,CP,IX,_Z,_Z,_Z,2008-12,83.9556037958802
DATAFLOW,OECD.SDD.STES:DSD_KEI@DF_KEI(4.0),I,CHN,M,CP,IX,_Z,_Z,_Z,2009-01,84.7112038657834
DATAFLOW,OECD.SDD.STES:DSD_KEI@DF_KEI(4.0),I,CHN,M,CP,IX,_Z,_Z,_Z,2009-02,84.7112038657834
DATAFLOW,OECD.SDD.STES:DSD_KEI@DF_KEI(4.0),I,CHN,M,CP,IX,_Z,_Z,_Z,2009-03,84.457070357757
DATAFLOW,OECD.SDD.STES:DSD_KEI@DF_KEI(4.0),I,CHN,M,CP,IX,_Z,_Z,_Z,2009-10,84.2870216614514
DATAFLOW,OECD.SDD.STES:DSD_KEI@DF_KEI(4.0),I,CHN,M,CP,IX,_Z,_Z,_Z,2026-01,115.82648130472998
DATAFLOW,OECD.SDD.STES:DSD_KEI@DF_KEI(4.0),I,CHN,M,CP,IX,_Z,_Z,_Z,2009-09,84.36931476627501
DATAFLOW,OECD.SDD.STES:DSD_KEI@DF_KEI(4.0),I,CHN,M,CP,GR,_Z,_Z,G1,2024-07,0.5
DATAFLOW,OECD.SDD.STES:DSD_KEI@DF_KEI(4.0),I,CHN,M,CP,GR,_Z,_Z,G1,2024-08,0.4
DATAFLOW,OECD.SDD.STES:DSD_KEI@DF_KEI(4.0),I,CHN,M,CP,GR,_Z,_Z,G1,2024-10,-0.3
DATAFLOW,OECD.SDD.STES:DSD_KEI@DF_KEI(4.0),I,CHN,M,CP,GR,_Z,_Z,G1,2024-11,-0.6
DATAFLOW,OECD.SDD.STES:DSD_KEI@DF_KEI(4.0),I,CHN,M,CP,GR,_Z,_Z,G1,2025-01,0.7
DATAFLOW,OECD.SDD.STES:DSD_KEI@DF_KEI(4.0),I,USA,M,CP,GR,_Z,_Z,GY,2012-03,2.65139819302176
DATAFLOW,OECD.SDD.STES:DSD_KEI@DF_KEI(4.0),I,USA,M,CP,GR,_Z,_Z,GY,2012-04,2.30273981129894
DATAFLOW,OECD.SDD.STES:DSD_KEI@DF_KEI(4.0),I,USA,M,CP,GR,_Z,_Z,GY,2012-05,1.70425377493759
DATAFLOW,OECD.SDD.STES:DSD_KEI@DF_KEI(4.0),I,USA,M,CP,GR,_Z,_Z,GY,2012-06,1.66399376223851
DATAFLOW,OECD.SDD.STES:DSD_KEI@DF_KEI(4.0),I,USA,M,CP,GR,_Z,_Z,GY,2012-07,1.40845070422535
DATAFLOW,OECD.SDD.STES:DSD_KEI@DF_KEI(4.0),I,USA,M,CP,GR,_Z,_Z,GY,2012-08,1.69237899755015
DATAFLOW,OECD.SDD.STES:DSD_KEI@DF_KEI(4.0),I,USA,M,CP,GR,_Z,_Z,GY,2012-09,1.99128208066499
DATAFLOW,OECD.SDD.STES:DSD_KEI@DF_KEI(4.0),I,USA,M,CP,GR,_Z,_Z,GY,2012-10,2.16234359887113
DATAFLOW,OECD.SDD.STES:DSD_KEI@DF_KEI(4.0),I,USA,M,CP,GR,_Z,_Z,GY,2012-11,1.76413384608585
DATAFLOW,OECD.SDD.STES:DSD_KEI@DF_KEI(4.0),I,USA,M,CP,GR,_Z,_Z,GY,2012-12,1.74102236874756
DATAFLOW,OECD.SDD.STES:DSD_KEI@DF_KEI(4.0),I,USA,M,CP,GR,_Z,_Z,GY,2013-01,1.59486466812258
DATAFLOW,OECD.SDD.STES:DSD_KEI@DF_KEI(4.0),I,USA,M,CP,GR,_Z,_Z,GY,2013-02,1.97792350974904
DATAFLOW,OECD.SDD.STES:DSD_KEI@DF_KEI(4.0),I,USA,M,CP,GR,_Z,_Z,GY,2013-03,1.47389621259677
DATAFLOW,OECD.SDD.STES:DSD_KEI@DF_KEI(4.0),I,USA,M,CP,GR,_Z,_Z,GY,2013-04,1.06308538148945
DATAFLOW,OECD.SDD.STES:DSD_KEI@DF_KEI(4.0),I,USA,M,CP,GR,_Z,_Z,GY,2013-05,1.36196505885169
DATAFLOW,OECD.SDD.STES:DSD_KEI@DF_KEI(4.0),I,USA,M,CP,GR,_Z,_Z,GY,2013-06,1.75441654537687
DATAFLOW,OECD.SDD.STES:DSD_KEI@DF_KEI(4.0),I,USA,M,CP,GR,_Z,_Z,GY,2013-07,1.96068161184439
DATAFLOW,OECD.SDD.STES:DSD_KEI@DF_KEI(4.0),I,USA,M,CP,GR,_Z,_Z,G1,2021-04,0.821890915406653
DATAFLOW,OECD.SDD.STES:DSD_KEI@DF_KEI(4.0),I,USA,M,CP,GR,_Z,_Z,G1,2021-05,0.801710515475929
DATAFLOW,OECD.SDD.STES:DSD_KEI@DF_KEI(4.0),I,USA,M,CP,GR,_Z,_Z,G1,2021-06,0.929066290235436
DATAFLOW,OECD.SDD.STES:DSD_KEI@DF_KEI(4.0),I,USA,M,CP,GR,_Z,_Z,G1,2021-07,0.481052352629319
DATAFLOW,OECD.SDD.STES:DSD_KEI@DF_KEI(4.0),I,USA,M,CP,GR,_Z,_Z,G1,2021-08,0.206591136361478
DATAFLOW,OECD.SDD.STES:DSD_KEI@DF_KEI(4.0),I,USA,M,CP,GR,_Z,_Z,G1,2021-09,0.271597085906294
DATAFLOW,OECD.SDD.STES:DSD_KEI@DF_KEI(4.0),I,USA,M,CP,GR,_Z,_Z,G1,2021-10,0.830811855200175
DATAFLOW,OECD.SDD.STES:DSD_KEI@DF_KEI(4.0),I,USA,M,CP,GR,_Z,_Z,G1,2021-11,0.491342750434653
DATAFLOW,OECD.SDD.STES:DSD_KEI@DF_KEI(4.0),I,USA,M,CP,GR,_Z,_Z,G1,2021-12,0.307251716148293
DATAFLOW,OECD.SDD.STES:DSD_KEI@DF_KEI(4.0),I,USA,M,CP,GR,_Z,_Z,G1,2022-01,0.841457378354749
DATAFLOW,OECD.SDD.STES:DSD_KEI@DF_KEI(4.0),I,USA,M,CP,GR,_Z,_Z,G1,2022-02,0.913397925647774
DATAFLOW,OECD.SDD.STES:DSD_KEI@DF_KEI(4.0),I,USA,M,CP,GR,_Z,_Z,G1,2022-03,1.33513795485569
DATAFLOW,OECD.SDD.STES:DSD_KEI@DF_KEI(4.0),I,USA,M,CP,GR,_Z,_Z,G1,2022-04,0.558253102565875
DATAFLOW,OECD.SDD.STES:DSD_KEI@DF_KEI(4.0),I,USA,M,CP,GR,_Z,_Z,G1,2022-05,1.10235239995946
DATAFLOW,OECD.SDD.STES:DSD_KEI@DF_KEI(4.0),I,USA,M,CP,GR,_Z,_Z,G1,2022-06,1.37360757588199
DATAFLOW,OECD.SDD.STES:DSD_KEI@DF_KEI(4.0),I,USA,M,CP,GR,_Z,_Z,G1,2022-07,-0.0118119138335815
DATAFLOW,OECD.SDD.STES:DSD_KEI@DF_KEI(4.0),I,USA,M,CP,GR,_Z,_Z,G1,2022-08,-0.035439927635228
DATAFLOW,OECD.SDD.STES:DSD_KEI@DF_KEI(4.0),I,USA,M,CP,GR,_Z,_Z,G1,2022-09,0.215078451300044
DATAFLOW,OECD.SDD.STES:DSD_KEI@DF_KEI(4.0),I,USA,M,CP,GR,_Z,_Z,G1,2022-10,0.405649443411549
DATAFLOW,OECD.SDD.STES:DSD_KEI@DF_KEI(4.0),I,USA,M,CP,GR,_Z,_Z,G1,2022-11,-0.101002644188508
DATAFLOW,OECD.SDD.STES:DSD_KEI@DF_KEI(4.0),I,USA,M,CP,GR,_Z,_Z,G1,2020-08,0.31532105240768
DATAFLOW,OECD.SDD.STES:DSD_KEI@DF_KEI(4.0),I,USA,M,CP,GR,_Z,_Z,G1,2020-09,0.139274694326508
DATAFLOW,OECD.SDD.STES:DSD_KEI@DF_KEI(4.0),I,USA,M,CP,GR,_Z,_Z,G1,2020-10,0.0414937759338985
DATAFLOW,OECD.SDD.STES:DSD_KEI@DF_KEI(4.0),I,USA,M,CP,GR,_Z,_Z,G1,2020-11,-0.0610627217843107
DATAFLOW,OECD.SDD.STES:DSD_KEI@DF_KEI(4.0),I,USA,M,CP,GR,_Z,_Z,G1,2020-12,0.094147846704451
DATAFLOW,OECD.SDD.STES:DSD_KEI@DF_KEI(4.0),I,USA,M,CP,GR,_Z,_Z,G1,2021-01,0.425378348702266
DATAFLOW,OECD.SDD.STES:DSD_KEI@DF_KEI(4.0),I,USA,M,CP,GR,_Z,_Z,G1,2021-02,0.547438279392698
DATAFLOW,OECD.SDD.STES:DSD_KEI@DF_KEI(4.0),I,USA,M,CP,GR,_Z,_Z,G1,2021-03,0.708327313374379
DATAFLOW,OECD.SDD.STES:DSD_KEI@DF_KEI(4.0),I,CHN,M,CP,GR,_Z,_Z,GY,2013-12,2.5
DATAFLOW,OECD.SDD.STES:DSD_KEI@DF_KEI(4.0),I,CHN,M,CP,GR,_Z,_Z,GY,2014-01,2.5
DATAFLOW,OECD.SDD.STES:DSD_KEI@DF_KEI(4.0),I,CHN,M,CP,GR,_Z,_Z,GY,2014-02,2.0
DATAFLOW,OECD.SDD.STES:DSD_KEI@DF_KEI(4.0),I,CHN,M,CP,GR,_Z,_Z,GY,2014-03,2.4
DATAFLOW,OECD.SDD.STES:DSD_KEI@DF_KEI(4.0),I,CHN,M,CP,GR,_Z,_Z,GY,2014-04,1.8
DATAFLOW,OECD.SDD.STES:DSD_KEI@DF_KEI(4.0),I,CHN,M,CP,GR,_Z,_Z,GY,2014-05,2.5
DATAFLOW,OECD.SDD.STES:DSD_KEI@DF_KEI(4.0),I,CHN,M,CP,GR,_Z,_Z,GY,2014-06,2.3
DATAFLOW,OECD.SDD.STES:DSD_KEI@DF_KEI(4.0),I,CHN,M,CP,GR,_Z,_Z,GY,2014-07,2.3
DATAFLOW,OECD.SDD.STES:DSD_KEI@DF_KEI(4.0),I,CHN,M,CP,GR,_Z,_Z,GY,2014-08,2.0
DATAFLOW,OECD.SDD.STES:DSD_KEI@DF_KEI(4.0),I,CHN,M,CP,GR,_Z,_Z,G1,2012-05,-0.298819662333782
DATAFLOW,OECD.SDD.STES:DSD_KEI@DF_KEI(4.0),I,CHN,M,CP,GR,_Z,_Z,G1,2012-06,-0.599430540986063
DATAFLOW,OECD.SDD.STES:DSD_KEI@DF_KEI(4.0),I,CHN,M,CP,GR,_Z,_Z,G1,2012-07,0.0962611186491748
DATAFLOW,OECD.SDD.STES:DSD_KEI@DF_KEI(4.0),I,CHN,M,CP,GR,_Z,_Z,G1,2012-08,0.596666709341303
DATAFLOW,OECD.SDD.STES:DSD_KEI@DF_KEI(4.0),I,CHN,M,CP,GR,_Z,_Z,G1,2012-09,0.306932175475377
DATAFLOW,OECD.SDD.STES:DSD_KEI@DF_KEI(4.0),I,CHN,M,CP,GR,_Z,_Z,G1,2012-10,-0.104485409358919
DATAFLOW,OECD.SDD.STES:DSD_KEI@DF_KEI(4.0),I,CHN,M,CP,IX,_Z,_Z,_Z,2025-12,115.832341098108
DATAFLOW,OECD.SDD.STES:DSD_KEI@DF_KEI(4.0),I,CHN,M,CP,IX,_Z,_Z,_Z,2007-01,78.3376641942791
DATAFLOW,OECD.SDD.STES:DSD_KEI@DF_KEI(4.0),I,CHN,M,CP,IX,_Z,_Z,_Z,2007-02,79.1210403007531
DATAFLOW,OECD.SDD.STES:DSD_KEI@DF_KEI(4.0),I,CHN,M,CP,IX,_Z,_Z,_Z,2007-03,78.8836775356557
DATAFLOW,OECD.SDD.STES:DSD_KEI@DF_KEI(4.0),I,CHN,M,CP,IX,_Z,_Z,_Z,2007-04,78.8047938172553
DATAFLOW,OECD.SDD.STES:DSD_KEI@DF_KEI(4.0),I,CHN,M,CP,IX,_Z,_Z,_Z,2007-06,79.35737299291159
DATAFLOW,OECD.SDD.STES:DSD_KEI@DF_KEI(4.0),I,CHN,M,CP,IX,_Z,_Z,_Z,2007-07,80.07158907224941
DATAFLOW,OECD.SDD.STES:DSD_KEI@DF_KEI(4.0),I,CHN,M,CP,IX,_Z,_Z,_Z,2007-08,81.0324484370334
DATAFLOW,OECD.SDD.STES:DSD_KEI@DF_KEI(4.0),I,CHN,M,CP,IX,_Z,_Z,_Z,2007-09,81.275545650591
DATAFLOW,OECD.SDD.STES:DSD_KEI@DF_KEI(4.0),I,CHN,M,CP,IX,_Z,_Z,_Z,2008-03,85.48477877892519
DATAFLOW,OECD.SDD.STES:DSD_KEI@DF_KEI(4.0),I,CHN,M,CP,IX,_Z,_Z,_Z,2008-05,85.2279827225844
DATAFLOW,OECD.SDD.STES:DSD_KEI@DF_KEI(4.0),I,CHN,M,CP,IX,_Z,_Z,_Z,2008-07,85.14258460309489
DATAFLOW,OECD.SDD.STES:DSD_KEI@DF_KEI(4.0),I,CHN,M,CP,IX,_Z,_Z,_Z,2009-04,84.2881560098997
DATAFLOW,OECD.SDD.STES:DSD_KEI@DF_KEI(4.0),I,CHN,M,CP,IX,_Z,_Z,_Z,2009-06,83.615115370108
DATAFLOW,OECD.SDD.STES:DSD_KEI@DF_KEI(4.0),I,CHN,M,CP,IX,_Z,_Z,_Z,2009-07,83.615115370108
DATAFLOW,OECD.SDD.STES:DSD_KEI@DF_KEI(4.0),I,CHN,M,CP,IX,_Z,_Z,_Z,2009-08,84.0331909751411
DATAFLOW,OECD.SDD.STES:DSD_KEI@DF_KEI(4.0),I,CHN,M,CP,IX,_Z,_Z,_Z,2009-11,84.5406647927572
DATAFLOW,OECD.SDD.STES:DSD_KEI@DF_KEI(4.0),I,CHN,M,CP,IX,_Z,_Z,_Z,2009-12,85.3861418971101
DATAFLOW,OECD.SDD.STES:DSD_KEI@DF_KEI(4.0),I,CHN,M,CP,IX,_Z,_Z,_Z,2010-01,85.89342815972189
DATAFLOW,OECD.SDD.STES:DSD_KEI@DF_KEI(4.0),I,CHN,M,CP,GR,_Z,_Z,G1,2024-09,0.0
DATAFLOW,OECD.SDD.STES:DSD_KEI@DF_KEI(4.0),I,CHN,M,CP,GR,_Z,_Z,G1,2024-12,0.0
DATAFLOW,OECD.SDD.STES:DSD_KEI@DF_KEI(4.0),I,CHN,M,CP,GR,_Z,_Z,GY,2025-07,0.0
DATAFLOW,OECD.SDD.STES:DSD_KEI@DF_KEI(4.0),I,CHN,M,CP,GR,_Z,_Z,G1,2025-08,0.0
DATAFLOW,OECD.SDD.STES:DSD_KEI@DF_KEI(4.0),I,CHN,M,CP,GR,_Z,_Z,GY,2023-12,-0.3
DATAFLOW,OECD.SDD.STES:DSD_KEI@DF_KEI(4.0),I,CHN,M,CP,GR,_Z,_Z,GY,2024-01,-0.8
DATAFLOW,OECD.SDD.STES:DSD_KEI@DF_KEI(4.0),I,CHN,M,CP,GR,_Z,_Z,GY,2024-02,0.7
DATAFLOW,OECD.SDD.STES:DSD_KEI@DF_KEI(4.0),I,CHN,M,CP,GR,_Z,_Z,GY,2024-03,0.1
DATAFLOW,OECD.SDD.STES:DSD_KEI@DF_KEI(4.0),I,CHN,M,CP,GR,_Z,_Z,GY,2024-04,0.3
DATAFLOW,OECD.SDD.STES:DSD_KEI@DF_KEI(4.0),I,CHN,M,CP,GR,_Z,_Z,GY,2024-05,0.3
DATAFLOW,OECD.SDD.STES:DSD_KEI@DF_KEI(4.0),I,CHN,M,CP,GR,_Z,_Z,GY,2024-06,0.2
DATAFLOW,OECD.SDD.STES:DSD_KEI@DF_KEI(4.0),I,CHN,M,CP,GR,_Z,_Z,GY,2024-07,0.5
DATAFLOW,OECD.SDD.STES:DSD_KEI@DF_KEI(4.0),I,CHN,M,CP,GR,_Z,_Z,GY,2024-08,0.6
DATAFLOW,OECD.SDD.STES:DSD_KEI@DF_KEI(4.0),I,CHN,M,CP,GR,_Z,_Z,GY,2024-09,0.4
DATAFLOW,OECD.SDD.STES:DSD_KEI@DF_KEI(4.0),I,CHN,M,CP,GR,_Z,_Z,GY,2024-10,0.3
DATAFLOW,OECD.SDD.STES:DSD_KEI@DF_KEI(4.0),I,CHN,M,CP,GR,_Z,_Z,GY,2024-11,0.2
DATAFLOW,OECD.SDD.STES:DSD_KEI@DF_KEI(4.0),I,CHN,M,CP,GR,_Z,_Z,GY,2024-12,0.1
DATAFLOW,OECD.SDD.STES:DSD_KEI@DF_KEI(4.0),I,CHN,M,CP,GR,_Z,_Z,GY,2025-01,0.5
DATAFLOW,OECD.SDD.STES:DSD_KEI@DF_KEI(4.0),I,CHN,M,CP,GR,_Z,_Z,GY,2025-02,-0.7
DATAFLOW,OECD.SDD.STES:DSD_KEI@DF_KEI(4.0),I,CHN,M,CP,GR,_Z,_Z,GY,2025-03,-0.1
DATAFLOW,OECD.SDD.STES:DSD_KEI@DF_KEI(4.0),I,CHN,M,CP,GR,_Z,_Z,GY,2025-04,-0.1
DATAFLOW,OECD.SDD.STES:DSD_KEI@DF_KEI(4.0),I,CHN,M,CP,GR,_Z,_Z,GY,2025-05,-0.1
DATAFLOW,OECD.SDD.STES:DSD_KEI@DF_KEI(4.0),I,CHN,M,CP,GR,_Z,_Z,GY,2025-06,0.1
DATAFLOW,OECD.SDD.STES:DSD_KEI@DF_KEI(4.0),I,CHN,M,CP,GR,_Z,_Z,GY,2025-08,-0.4
DATAFLOW,OECD.SDD.STES:DSD_KEI@DF_KEI(4.0),I,CHN,M,CP,GR,_Z,_Z,GY,2025-09,-0.3
DATAFLOW,OECD.SDD.STES:DSD_KEI@DF_KEI(4.0),I,CHN,M,CP,IX,_Z,_Z,_Z,2010-02,86.9291376125543
DATAFLOW,OECD.SDD.STES:DSD_KEI@DF_KEI(4.0),I,CHN,M,CP,IX,_Z,_Z,_Z,2010-03,86.3161667118984
DATAFLOW,OECD.SDD.STES:DSD_KEI@DF_KEI(4.0),I,CHN,M,CP,IX,_Z,_Z,_Z,2010-04,86.49230777530519
DATAFLOW,OECD.SDD.STES:DSD_KEI@DF_KEI(4.0),I,CHN,M,CP,IX,_Z,_Z,_Z,2010-05,86.40776006486989
DATAFLOW,OECD.SDD.STES:DSD_KEI@DF_KEI(4.0),I,CHN,M,CP,IX,_Z,_Z,_Z,2010-06,85.8863825171856
DATAFLOW,OECD.SDD.STES:DSD_KEI@DF_KEI(4.0),I,CHN,M,CP,IX,_Z,_Z,_Z,2010-07,86.2316190014631
DATAFLOW,OECD.SDD.STES:DSD_KEI@DF_KEI(4.0),I,CHN,M,CP,IX,_Z,_Z,_Z,2010-08,86.7459509066111
DATAFLOW,OECD.SDD.STES:DSD_KEI@DF_KEI(4.0),I,CHN,M,CP,IX,_Z,_Z,_Z,2010-09,87.2673284542954
DATAFLOW,OECD.SDD.STES:DSD_KEI@DF_KEI(4.0),I,CHN,M,CP,IX,_Z,_Z,_Z,2010-10,87.88029935495129
DATAFLOW,OECD.SDD.STES:DSD_KEI@DF_KEI(4.0),I,CHN,M,CP,IX,_Z,_Z,_Z,2011-01,90.1842244643131
DATAFLOW,OECD.SDD.STES:DSD_KEI@DF_KEI(4.0),I,CHN,M,CP,IX,_Z,_Z,_Z,2011-02,91.3371684719566
DATAFLOW,OECD.SDD.STES:DSD_KEI@DF_KEI(4.0),I,CHN,M,CP,IX,_Z,_Z,_Z,2011-05,91.3371684719566
DATAFLOW,OECD.SDD.STES:DSD_KEI@DF_KEI(4.0),I,CHN,M,CP,IX,_Z,_Z,_Z,2011-07,92.01404930851648
DATAFLOW,OECD.SDD.STES:DSD_KEI@DF_KEI(4.0),I,CHN,M,CP,IX,_Z,_Z,_Z,2011-08,92.2754528576884
DATAFLOW,OECD.SDD.STES:DSD_KEI@DF_KEI(4.0),I,CHN,M,CP,IX,_Z,_Z,_Z,2011-10,92.7982599560323
DATAFLOW,OECD.SDD.STES:DSD_KEI@DF_KEI(4.0),I,CHN,M,CP,IX,_Z,_Z,_Z,2011-12,92.8853944724229
DATAFLOW,OECD.SDD.STES:DSD_KEI@DF_KEI(4.0),I,CHN,M,CP,IX,_Z,_Z,_Z,2012-02,94.1924122182825
DATAFLOW,OECD.SDD.STES:DSD_KEI@DF_KEI(4.0),I,CHN,M,CP,IX,_Z,_Z,_Z,2012-03,94.3666812510638
DATAFLOW,OECD.SDD.STES:DSD_KEI@DF_KEI(4.0),I,CHN,M,CP,IX,_Z,_Z,_Z,2012-06,93.4953360871574
DATAFLOW,OECD.SDD.STES:DSD_KEI@DF_KEI(4.0),I,CHN,M,CP,IX,_Z,_Z,_Z,2012-09,94.482106103277
DATAFLOW,OECD.SDD.STES:DSD_KEI@DF_KEI(4.0),I,CHN,M,CP,IX,_Z,_Z,_Z,2012-10,94.3833860879441
DATAFLOW,OECD.SDD.STES:DSD_KEI@DF_KEI(4.0),I,CHN,M,CP,IX,_Z,_Z,_Z,2013-01,96.1885520826033
DATAFLOW,OECD.SDD.STES:DSD_KEI@DF_KEI(4.0),I,CHN,M,CP,IX,_Z,_Z,_Z,2013-02,97.2462665325989
DATAFLOW,OECD.SDD.STES:DSD_KEI@DF_KEI(4.0),I,CHN,M,CP,IX,_Z,_Z,_Z,2013-03,96.3718892539359
DATAFLOW,OECD.SDD.STES:DSD_KEI@DF_KEI(4.0),I,CHN,M,CP,IX,_Z,_Z,_Z,2013-04,96.5624188835284
DATAFLOW,OECD.SDD.STES:DSD_KEI@DF_KEI(4.0),I,CHN,M,CP,GR,_Z,_Z,GY,2020-01,5.4
DATAFLOW,OECD.SDD.STES:DSD_KEI@DF_KEI(4.0),I,CHN,M,CP,GR,_Z,_Z,GY,2020-02,5.2
DATAFLOW,OECD.SDD.STES:DSD_KEI@DF_KEI(4.0),I,CHN,M,CP,GR,_Z,_Z,GY,2020-03,4.3
DATAFLOW,OECD.SDD.STES:DSD_KEI@DF_KEI(4.0),I,CHN,M,CP,GR,_Z,_Z,GY,2020-04,3.3
DATAFLOW,OECD.SDD.STES:DSD_KEI@DF_KEI(4.0),I,CHN,M,CP,GR,_Z,_Z,GY,2020-05,2.4
DATAFLOW,OECD.SDD.STES:DSD_KEI@DF_KEI(4.0),I,CHN,M,CP,GR,_Z,_Z,GY,2020-06,2.5
DATAFLOW,OECD.SDD.STES:DSD_KEI@DF_KEI(4.0),I,CHN,M,CP,GR,_Z,_Z,GY,2020-07,2.7
DATAFLOW,OECD.SDD.STES:DSD_KEI@DF_KEI(4.0),I,CHN,M,CP,GR,_Z,_Z,GY,2020-08,2.4
DATAFLOW,OECD.SDD.STES:DSD_KEI@DF_KEI(4.0),I,CHN,M,CP,GR,_Z,_Z,GY,2020-09,1.7
DATAFLOW,OECD.SDD.STES:DSD_KEI@DF_KEI(4.0),I,CHN,M,CP,GR,_Z,_Z,GY,2020-11,-0.5
DATAFLOW,OECD.SDD.STES:DSD_KEI@DF_KEI(4.0),I,CHN,M,CP,GR,_Z,_Z,GY,2021-01,-0.3
DATAFLOW,OECD.SDD.STES:DSD_KEI@DF_KEI(4.0),I,CHN,M,CP,GR,_Z,_Z,GY,2021-02,-0.2
DATAFLOW,OECD.SDD.STES:DSD_KEI@DF_KEI(4.0),I,CHN,M,CP,GR,_Z,_Z,GY,2021-04,0.9
DATAFLOW,OECD.SDD.STES:DSD_KEI@DF_KEI(4.0),I,CHN,M,CP,GR,_Z,_Z,GY,2021-05,1.3
DATAFLOW,OECD.SDD.STES:DSD_KEI@DF_KEI(4.0),I,CHN,M,CP,GR,_Z,_Z,GY,2021-06,1.1
DATAFLOW,OECD.SDD.STES:DSD_KEI@DF_KEI(4.0),I,CHN,M,CP,GR,_Z,_Z,GY,2021-07,1.0
DATAFLOW,OECD.SDD.STES:DSD_KEI@DF_KEI(4.0),I,CHN,M,CP,GR,_Z,_Z,GY,2021-08,0.8
DATAFLOW,OECD.SDD.STES:DSD_KEI@DF_KEI(4.0),I,CHN,M,CP,GR,_Z,_Z,GY,2021-09,0.7
DATAFLOW,OECD.SDD.STES:DSD_KEI@DF_KEI(4.0),I,CHN,M,CP,GR,_Z,_Z,GY,2021-10,1.5
DATAFLOW,OECD.SDD.STES:DSD_KEI@DF_KEI(4.0),I,CHN,M,CP,GR,_Z,_Z,GY,2021-11,2.3
DATAFLOW,OECD.SDD.STES:DSD_KEI@DF_KEI(4.0),I,CHN,M,CP,GR,_Z,_Z,GY,2021-12,1.5
DATAFLOW,OECD.SDD.STES:DSD_KEI@DF_KEI(4.0),I,CHN,M,CP,GR,_Z,_Z,GY,2022-01,0.9
DATAFLOW,OECD.SDD.STES:DSD_KEI@DF_KEI(4.0),I,CHN,M,CP,GR,_Z,_Z,GY,2022-02,0.9
DATAFLOW,OECD.SDD.STES:DSD_KEI@DF_KEI(4.0),I,CHN,M,CP,GR,_Z,_Z,GY,2022-03,1.5
DATAFLOW,OECD.SDD.STES:DSD_KEI@DF_KEI(4.0),I,CHN,M,CP,GR,_Z,_Z,GY,2022-04,2.1
DATAFLOW,OECD.SDD.STES:DSD_KEI@DF_KEI(4.0),I,CHN,M,CP,GR,_Z,_Z,GY,2022-05,2.1
DATAFLOW,OECD.SDD.STES:DSD_KEI@DF_KEI(4.0),I,CHN,M,CP,GR,_Z,_Z,GY,2022-06,2.5
DATAFLOW,OECD.SDD.STES:DSD_KEI@DF_KEI(4.0),I,CHN,M,CP,GR,_Z,_Z,GY,2022-07,2.7
DATAFLOW,OECD.SDD.STES:DSD_KEI@DF_KEI(4.0),I,CHN,M,CP,GR,_Z,_Z,GY,2022-08,2.5
DATAFLOW,OECD.SDD.STES:DSD_KEI@DF_KEI(4.0),I,CHN,M,CP,GR,_Z,_Z,GY,2022-09,2.8
DATAFLOW,OECD.SDD.STES:DSD_KEI@DF_KEI(4.0),I,CHN,M,CP,GR,_Z,_Z,GY,2022-10,2.1
DATAFLOW,OECD.SDD.STES:DSD_KEI@DF_KEI(4.0),I,CHN,M,CP,GR,_Z,_Z,GY,2022-11,1.6
DATAFLOW,OECD.SDD.STES:DSD_KEI@DF_KEI(4.0),I,CHN,M,CP,GR,_Z,_Z,GY,2022-12,1.8
DATAFLOW,OECD.SDD.STES:DSD_KEI@DF_KEI(4.0),I,CHN,M,CP,GR,_Z,_Z,GY,2023-01,2.1
DATAFLOW,OECD.SDD.STES:DSD_KEI@DF_KEI(4.0),I,CHN,M,CP,GR,_Z,_Z,GY,2023-02,1.0
DATAFLOW,OECD.SDD.STES:DSD_KEI@DF_KEI(4.0),I,CHN,M,CP,GR,_Z,_Z,GY,2023-03,0.7
DATAFLOW,OECD.SDD.STES:DSD_KEI@DF_KEI(4.0),I,CHN,M,CP,GR,_Z,_Z,GY,2023-07,-0.3
DATAFLOW,OECD.SDD.STES:DSD_KEI@DF_KEI(4.0),I,CHN,M,CP,GR,_Z,_Z,GY,2023-10,-0.2
DATAFLOW,OECD.SDD.STES:DSD_KEI@DF_KEI(4.0),I,CHN,M,CP,GR,_Z,_Z,GY,2023-11,-0.5
DATAFLOW,OECD.SDD.STES:DSD_KEI@DF_KEI(4.0),I,CHN,M,CP,GR,_Z,_Z,G1,2015-12,0.5
DATAFLOW,OECD.SDD.STES:DSD_KEI@DF_KEI(4.0),I,CHN,M,CP,GR,_Z,_Z,G1,2016-01,0.5
DATAFLOW,OECD.SDD.STES:DSD_KEI@DF_KEI(4.0),I,CHN,M,CP,GR,_Z,_Z,G1,2017-09,0.5
DATAFLOW,OECD.SDD.STES:DSD_KEI@DF_KEI(4.0),I,CHN,M,CP,GR,_Z,_Z,G1,2019-01,0.5
DATAFLOW,OECD.SDD.STES:DSD_KEI@DF_KEI(4.0),I,CHN,M,CP,GR,_Z,_Z,GY,2020-10,0.5
DATAFLOW,OECD.SDD.STES:DSD_KEI@DF_KEI(4.0),I,CHN,M,CP,GR,_Z,_Z,G1,2022-07,0.5
DATAFLOW,OECD.SDD.STES:DSD_KEI@DF_KEI(4.0),I,CHN,M,CP,GR,_Z,_Z,G1,2016-08,0.1
DATAFLOW,OECD.SDD.STES:DSD_KEI@DF_KEI(4.0),I,CHN,M,CP,GR,_Z,_Z,G1,2016-11,0.1
DATAFLOW,OECD.SDD.STES:DSD_KEI@DF_KEI(4.0),I,CHN,M,CP,GR,_Z,_Z,G1,2017-04,0.1
DATAFLOW,OECD.SDD.STES:DSD_KEI@DF_KEI(4.0),I,CHN,M,CP,GR,_Z,_Z,G1,2017-07,0.1
DATAFLOW,OECD.SDD.STES:DSD_KEI@DF_KEI(4.0),I,CHN,M,CP,GR,_Z,_Z,G1,2017-10,0.1
DATAFLOW,OECD.SDD.STES:DSD_KEI@DF_KEI(4.0),I,CHN,M,CP,GR,_Z,_Z,G1,2019-04,0.1
DATAFLOW,OECD.SDD.STES:DSD_KEI@DF_KEI(4.0),I,CHN,M,CP,GR,_Z,_Z,G1,2021-08,0.1
DATAFLOW,OECD.SDD.STES:DSD_KEI@DF_KEI(4.0),I,CHN,M,CP,GR,_Z,_Z,G1,2022-10,0.1
DATAFLOW,OECD.SDD.STES:DSD_KEI@DF_KEI(4.0),I,CHN,M,CP,GR,_Z,_Z,GY,2023-04,0.1
DATAFLOW,OECD.SDD.STES:DSD_KEI@DF_KEI(4.0),I,CHN,M,CP,GR,_Z,_Z,GY,2023-08,0.1
DATAFLOW,OECD.SDD.STES:DSD_KEI@DF_KEI(4.0),I,CHN,M,CP,GR,_Z,_Z,GY,2007-01,2.2
DATAFLOW,OECD.SDD.STES:DSD_KEI@DF_KEI(4.0),I,CHN,M,CP,GR,_Z,_Z,GY,2007-02,2.7
DATAFLOW,OECD.SDD.STES:DSD_KEI@DF_KEI(4.0),I,CHN,M,CP,GR,_Z,_Z,GY,2007-03,3.3
DATAFLOW,OECD.SDD.STES:DSD_KEI@DF_KEI(4.0),I,CHN,M,CP,GR,_Z,_Z,GY,2007-04,3.0
DATAFLOW,OECD.SDD.STES:DSD_KEI@DF_KEI(4.0),I,CHN,M,CP,GR,_Z,_Z,GY,2007-05,3.4
DATAFLOW,OECD.SDD.STES:DSD_KEI@DF_KEI(4.0),I,CHN,M,CP,GR,_Z,_Z,GY,2007-06,4.4
DATAFLOW,OECD.SDD.STES:DSD_KEI@DF_KEI(4.0),I,CHN,M,CP,GR,_Z,_Z,GY,2007-07,5.6
DATAFLOW,OECD.SDD.STES:DSD_KEI@DF_KEI(4.0),I,CHN,M,CP,IX,_Z,_Z,_Z,2020-12,111.5
DATAFLOW,OECD.SDD.STES:DSD_KEI@DF_KEI(4.0),I,CHN,M,CP,IX,_Z,_Z,_Z,2021-01,112.55
DATAFLOW,OECD.SDD.STES:DSD_KEI@DF_KEI(4.0),I,CHN,M,CP,IX,_Z,_Z,_Z,2021-02,113.219276511397
DATAFLOW,OECD.SDD.STES:DSD_KEI@DF_KEI(4.0),I,CHN,M,CP,GR,_Z,_Z,G1,2021-10,0.7
DATAFLOW,OECD.SDD.STES:DSD_KEI@DF_KEI(4.0),I,CHN,M,CP,GR,_Z,_Z,G1,2021-12,-0.3
DATAFLOW,OECD.SDD.STES:DSD_KEI@DF_KEI(4.0),I,GBR,M,CP,GR,_Z,_Z,G1,2016-02,0.2
DATAFLOW,OECD.SDD.STES:DSD_KEI@DF_KEI(4.0),I,GBR,M,CP,GR,_Z,_Z,G1,2016-04,0.2
DATAFLOW,OECD.SDD.STES:DSD_KEI@DF_KEI(4.0),I,GBR,M,CP,GR,_Z,_Z,G1,2016-05,0.2
DATAFLOW,OECD.SDD.STES:DSD_KEI@DF_KEI(4.0),I,GBR,M,CP,GR,_Z,_Z,G1,2016-06,0.2
DATAFLOW,OECD.SDD.STES:DSD_KEI@DF_KEI(4.0),I,GBR,M,CP,GR,_Z,_Z,G1,2016-09,0.2
DATAFLOW,OECD.SDD.STES:DSD_KEI@DF_KEI(4.0),I,GBR,M,CP,GR,_Z,_Z,G1,2016-11,0.2
DATAFLOW,OECD.SDD.STES:DSD_KEI@DF_KEI(4.0),I,GBR,M,CP,GR,_Z,_Z,G1,2018-11,0.2
DATAFLOW,OECD.SDD.STES:DSD_KEI@DF_KEI(4.0),I,GBR,M,CP,GR,_Z,_Z,G1,2019-03,0.2
DATAFLOW,OECD.SDD.STES:DSD_KEI@DF_KEI(4.0),I,GBR,M,CP,GR,_Z,_Z,G1,2019-11,0.2
DATAFLOW,OECD.SDD.STES:DSD_KEI@DF_KEI(4.0),I,GBR,M,CP,GR,_Z,_Z,G1,2020-12,0.2
DATAFLOW,OECD.SDD.STES:DSD_KEI@DF_KEI(4.0),I,GBR,M,CP,GR,_Z,_Z,G1,2021-03,0.2
DATAFLOW,OECD.SDD.STES:DSD_KEI@DF_KEI(4.0),I,GBR,M,CP,GR,_Z,_Z,G1,2023-06,0.2
DATAFLOW,OECD.SDD.STES:DSD_KEI@DF_KEI(4.0),I,GBR,M,CP,GR,_Z,_Z,G1,2007-03,0.4
DATAFLOW,OECD.SDD.STES:DSD_KEI@DF_KEI(4.0),I,GBR,M,CP,GR,_Z,_Z,G1,2007-04,0.4
DATAFLOW,OECD.SDD.STES:DSD_KEI@DF_KEI(4.0),I,GBR,M,CP,GR,_Z,_Z,G1,2007-08,0.4
DATAFLOW,OECD.SDD.STES:DSD_KEI@DF_KEI(4.0),I,CHN,M,CP,GR,_Z,_Z,GY,2026-01,0.2
DATAFLOW,OECD.SDD.STES:DSD_KEI@DF_KEI(4.0),I,CHN,M,CP,GR,_Z,_Z,G1,2026-01,0.2
DATAFLOW,OECD.SDD.STES:DSD_KEI@DF_KEI(4.0),I,GBR,M,CP,GR,_Z,_Z,G1,2019-01,-0.6
DATAFLOW,OECD.SDD.STES:DSD_KEI@DF_KEI(4.0),I,GBR,M,CP,GR,_Z,_Z,G1,2020-01,-0.2
DATAFLOW,OECD.SDD.STES:DSD_KEI@DF_KEI(4.0),I,GBR,M,CP,GR,_Z,_Z,G1,2020-08,-0.3
DATAFLOW,OECD.SDD.STES:DSD_KEI@DF_KEI(4.0),I,GBR,M,CP,GR,_Z,_Z,G1,2021-04,0.7
DATAFLOW,OECD.SDD.STES:DSD_KEI@DF_KEI(4.0),I,GBR,M,CP,GR,_Z,_Z,G1,2021-10,0.9
DATAFLOW,OECD.SDD.STES:DSD_KEI@DF_KEI(4.0),I,GBR,M,CP,GR,_Z,_Z,G1,2022-02,0.7
DATAFLOW,OECD.SDD.STES:DSD_KEI@DF_KEI(4.0),I,GBR,M,CP,GR,_Z,_Z,G1,2022-03,0.9
DATAFLOW,OECD.SDD.STES:DSD_KEI@DF_KEI(4.0),I,GBR,M,CP,GR,_Z,_Z,G1,2022-04,2.1
DATAFLOW,OECD.SDD.STES:DSD_KEI@DF_KEI(4.0),I,GBR,M,CP,GR,_Z,_Z,G1,2022-06,0.7
DATAFLOW,OECD.SDD.STES:DSD_KEI@DF_KEI(4.0),I,GBR,M,CP,GR,_Z,_Z,G1,2022-10,1.6
DATAFLOW,OECD.SDD.STES:DSD_KEI@DF_KEI(4.0),I,GBR,M,CP,GR,_Z,_Z,G1,2023-01,-0.4
DATAFLOW,OECD.SDD.STES:DSD_KEI@DF_KEI(4.0),I,GBR,M,CP,GR,_Z,_Z,G1,2023-02,1.0
DATAFLOW,OECD.SDD.STES:DSD_KEI@DF_KEI(4.0),I,GBR,M,CP,GR,_Z,_Z,G1,2023-03,0.7
DATAFLOW,OECD.SDD.STES:DSD_KEI@DF_KEI(4.0),I,GBR,M,CP,GR,_Z,_Z,G1,2023-04,1.2
DATAFLOW,OECD.SDD.STES:DSD_KEI@DF_KEI(4.0),I,GBR,M,CP,GR,_Z,_Z,G1,2023-07,-0.3
DATAFLOW,OECD.SDD.STES:DSD_KEI@DF_KEI(4.0),I,GBR,M,CP,GR,_Z,_Z,GY,2020-04,0.9
DATAFLOW,OECD.SDD.STES:DSD_KEI@DF_KEI(4.0),I,GBR,M,CP,GR,_Z,_Z,GY,2020-05,0.7
DATAFLOW,OECD.SDD.STES:DSD_KEI@DF_KEI(4.0),I,GBR,M,CP,GR,_Z,_Z,GY,2020-06,0.8
DATAFLOW,OECD.SDD.STES:DSD_KEI@DF_KEI(4.0),I,GBR,M,CP,GR,_Z,_Z,GY,2020-07,1.1
DATAFLOW,OECD.SDD.STES:DSD_KEI@DF_KEI(4.0),I,GBR,M,CP,GR,_Z,_Z,GY,2020-09,0.7
DATAFLOW,OECD.SDD.STES:DSD_KEI@DF_KEI(4.0),I,GBR,M,CP,GR,_Z,_Z,GY,2020-10,0.9
DATAFLOW,OECD.SDD.STES:DSD_KEI@DF_KEI(4.0),I,GBR,M,CP,GR,_Z,_Z,GY,2020-11,0.6
DATAFLOW,OECD.SDD.STES:DSD_KEI@DF_KEI(4.0),I,GBR,M,CP,GR,_Z,_Z,GY,2020-12,0.8
DATAFLOW,OECD.SDD.STES:DSD_KEI@DF_KEI(4.0),I,GBR,M,CP,GR,_Z,_Z,GY,2021-01,0.9
DATAFLOW,OECD.SDD.STES:DSD_KEI@DF_KEI(4.0),I,GBR,M,CP,GR,_Z,_Z,GY,2021-02,0.7
DATAFLOW,OECD.SDD.STES:DSD_KEI@DF_KEI(4.0),I,GBR,M,CP,GR,_Z,_Z,GY,2021-03,1.0
DATAFLOW,OECD.SDD.STES:DSD_KEI@DF_KEI(4.0),I,GBR,M,CP,GR,_Z,_Z,GY,2021-04,1.6
DATAFLOW,OECD.SDD.STES:DSD_KEI@DF_KEI(4.0),I,GBR,M,CP,GR,_Z,_Z,GY,2021-05,2.1
DATAFLOW,OECD.SDD.STES:DSD_KEI@DF_KEI(4.0),I,GBR,M,CP,GR,_Z,_Z,GY,2021-06,2.4
DATAFLOW,OECD.SDD.STES:DSD_KEI@DF_KEI(4.0),I,GBR,M,CP,GR,_Z,_Z,GY,2021-07,2.1
DATAFLOW,OECD.SDD.STES:DSD_KEI@DF_KEI(4.0),I,GBR,M,CP,GR,_Z,_Z,GY,2021-08,3.0
DATAFLOW,OECD.SDD.STES:DSD_KEI@DF_KEI(4.0),I,GBR,M,CP,GR,_Z,_Z,GY,2021-09,2.9
DATAFLOW,OECD.SDD.STES:DSD_KEI@DF_KEI(4.0),I,GBR,M,CP,GR,_Z,_Z,GY,2021-10,3.8
DATAFLOW,OECD.SDD.STES:DSD_KEI@DF_KEI(4.0),I,GBR,M,CP,GR,_Z,_Z,GY,2021-11,4.6
DATAFLOW,OECD.SDD.STES:DSD_KEI@DF_KEI(4.0),I,GBR,M,CP,GR,_Z,_Z,GY,2021-12,4.8
DATAFLOW,OECD.SDD.STES:DSD_KEI@DF_KEI(4.0),I,GBR,M,CP,GR,_Z,_Z,GY,2022-01,4.9
DATAFLOW,OECD.SDD.STES:DSD_KEI@DF_KEI(4.0),I,GBR,M,CP,GR,_Z,_Z,GY,2022-02,5.5
DATAFLOW,OECD.SDD.STES:DSD_KEI@DF_KEI(4.0),I,GBR,M,CP,GR,_Z,_Z,GY,2022-03,6.2
DATAFLOW,OECD.SDD.STES:DSD_KEI@DF_KEI(4.0),I,GBR,M,CP,GR,_Z,_Z,GY,2022-04,7.8
DATAFLOW,OECD.SDD.STES:DSD_KEI@DF_KEI(4.0),I,GBR,M,CP,GR,_Z,_Z,GY,2022-05,7.9
DATAFLOW,OECD.SDD.STES:DSD_KEI@DF_KEI(4.0),I,GBR,M,CP,GR,_Z,_Z,GY,2022-06,8.2
DATAFLOW,OECD.SDD.STES:DSD_KEI@DF_KEI(4.0),I,GBR,M,CP,GR,_Z,_Z,GY,2022-07,8.8
DATAFLOW,OECD.SDD.STES:DSD_KEI@DF_KEI(4.0),I,GBR,M,CP,GR,_Z,_Z,GY,2022-08,8.6
DATAFLOW,OECD.SDD.STES:DSD_KEI@DF_KEI(4.0),I,GBR,M,CP,GR,_Z,_Z,GY,2022-09,8.8
DATAFLOW,OECD.SDD.STES:DSD_KEI@DF_KEI(4.0),I,GBR,M,CP,GR,_Z,_Z,GY,2022-10,9.6
DATAFLOW,OECD.SDD.STES:DSD_KEI@DF_KEI(4.0),I,GBR,M,CP,GR,_Z,_Z,GY,2022-11,9.3
DATAFLOW,OECD.SDD.STES:DSD_KEI@DF_KEI(4.0),I,CHN,M,CP,GR,_Z,_Z,G1,2025-02,-0.2
DATAFLOW,OECD.SDD.STES:DSD_KEI@DF_KEI(4.0),I,CHN,M,CP,GR,_Z,_Z,G1,2025-03,-0.4
DATAFLOW,OECD.SDD.STES:DSD_KEI@DF_KEI(4.0),I,CHN,M,CP,GR,_Z,_Z,G1,2025-04,0.1
DATAFLOW,OECD.SDD.STES:DSD_KEI@DF_KEI(4.0),I,CHN,M,CP,GR,_Z,_Z,G1,2025-05,-0.2
DATAFLOW,OECD.SDD.STES:DSD_KEI@DF_KEI(4.0),I,CHN,M,CP,GR,_Z,_Z,G1,2025-06,-0.1
DATAFLOW,OECD.SDD.STES:DSD_KEI@DF_KEI(4.0),I,CHN,M,CP,GR,_Z,_Z,G1,2025-07,0.4
DATAFLOW,OECD.SDD.STES:DSD_KEI@DF_KEI(4.0),I,CHN,M,CP,GR,_Z,_Z,G1,2025-09,0.1
DATAFLOW,OECD.SDD.STES:DSD_KEI@DF_KEI(4.0),I,CHN,M,CP,GR,_Z,_Z,G1,2025-10,0.2
DATAFLOW,OECD.SDD.STES:DSD_KEI@DF_KEI(4.0),I,CHN,M,CP,GR,_Z,_Z,G1,2025-11,-0.1
DATAFLOW,OECD.SDD.STES:DSD_KEI@DF_KEI(4.0),I,CHN,M,CP,GR,_Z,_Z,G1,2025-12,0.2
DATAFLOW,OECD.SDD.STES:DSD_KEI@DF_KEI(4.0),I,CHN,M,CP,GR,_Z,_Z,G1,2007-01,0.700000373144168
DATAFLOW,OECD.SDD.STES:DSD_KEI@DF_KEI(4.0),I,CHN,M,CP,GR,_Z,_Z,G1,2007-02,0.99999931646057
DATAFLOW,OECD.SDD.STES:DSD_KEI@DF_KEI(4.0),I,CHN,M,CP,GR,_Z,_Z,G1,2007-03,-0.29999955030301
DATAFLOW,OECD.SDD.STES:DSD_KEI@DF_KEI(4.0),I,CHN,M,CP,GR,_Z,_Z,G1,2007-04,-0.100000051803764
DATAFLOW,OECD.SDD.STES:DSD_KEI@DF_KEI(4.0),I,CHN,M,CP,GR,_Z,_Z,G1,2007-05,0.300000050961567
DATAFLOW,OECD.SDD.STES:DSD_KEI@DF_KEI(4.0),I,CHN,M,CP,GR,_Z,_Z,G1,2007-06,0.399999900164498
DATAFLOW,OECD.SDD.STES:DSD_KEI@DF_KEI(4.0),I,CHN,M,CP,GR,_Z,_Z,G1,2007-07,0.899999650192138
DATAFLOW,OECD.SDD.STES:DSD_KEI@DF_KEI(4.0),I,CHN,M,CP,GR,_Z,_Z,G1,2007-08,1.20000036956552
DATAFLOW,OECD.SDD.STES:DSD_KEI@DF_KEI(4.0),I,CHN,M,CP,GR,_Z,_Z,G1,2007-09,0.299999837406485
DATAFLOW,OECD.SDD.STES:DSD_KEI@DF_KEI(4.0),I,CHN,M,CP,GR,_Z,_Z,G1,2007-10,0.300000621555438
DATAFLOW,OECD.SDD.STES:DSD_KEI@DF_KEI(4.0),I,CHN,M,CP,GR,_Z,_Z,G1,2007-11,0.699999305974672
DATAFLOW,OECD.SDD.STES:DSD_KEI@DF_KEI(4.0),I,CHN,M,CP,GR,_Z,_Z,G1,2007-12,1.00000050638672
DATAFLOW,OECD.SDD.STES:DSD_KEI@DF_KEI(4.0),I,CHN,M,CP,GR,_Z,_Z,G1,2008-01,1.1999997382663
DATAFLOW,OECD.SDD.STES:DSD_KEI@DF_KEI(4.0),I,CHN,M,CP,GR,_Z,_Z,G1,2008-02,2.60000041481587
DATAFLOW,OECD.SDD.STES:DSD_KEI@DF_KEI(4.0),I,CHN,M,CP,GR,_Z,_Z,G1,2008-03,-0.700000765231196
DATAFLOW,OECD.SDD.STES:DSD_KEI@DF_KEI(4.0),I,CHN,M,CP,GR,_Z,_Z,G1,2008-04,0.100000002472598
DATAFLOW,OECD.SDD.STES:DSD_KEI@DF_KEI(4.0),I,CHN,M,CP,GR,_Z,_Z,G1,2008-05,-0.399999746400461
DATAFLOW,OECD.SDD.STES:DSD_KEI@DF_KEI(4.0),I,CHN,M,CP,GR,_Z,_Z,G1,2008-06,-0.199999963625995
DATAFLOW,OECD.SDD.STES:DSD_KEI@DF_KEI(4.0),I,CHN,M,CP,GR,_Z,_Z,G1,2008-07,0.10000033879043
DATAFLOW,OECD.SDD.STES:DSD_KEI@DF_KEI(4.0),I,CHN,M,CP,GR,_Z,_Z,G1,2008-08,-0.100000566845019
DATAFLOW,OECD.SDD.STES:DSD_KEI@DF_KEI(4.0),I,CHN,M,CP,GR,_Z,_Z,G1,2008-10,-0.299999660380869
DATAFLOW,OECD.SDD.STES:DSD_KEI@DF_KEI(4.0),I,CHN,M,CP,GR,_Z,_Z,G1,2008-11,-0.799999667667267
DATAFLOW,OECD.SDD.STES:DSD_KEI@DF_KEI(4.0),I,CHN,M,CP,GR,_Z,_Z,G1,2008-12,-0.200000150755786
DATAFLOW,OECD.SDD.STES:DSD_KEI@DF_KEI(4.0),I,CHN,M,CP,GR,_Z,_Z,G1,2009-01,0.899999566128172
DATAFLOW,OECD.SDD.STES:DSD_KEI@DF_KEI(4.0),I,CHN,M,CP,GR,_Z,_Z,G1,2009-03,-0.299999877736428
DATAFLOW,OECD.SDD.STES:DSD_KEI@DF_KEI(4.0),I,CHN,M,CP,GR,_Z,_Z,G1,2009-04,-0.200000245262934
DATAFLOW,OECD.SDD.STES:DSD_KEI@DF_KEI(4.0),I,CHN,M,CP,GR,_Z,_Z,G1,2009-05,-0.299999306203433
DATAFLOW,OECD.SDD.STES:DSD_KEI@DF_KEI(4.0),I,CHN,M,CP,GR,_Z,_Z,G1,2009-06,-0.500000352134187
DATAFLOW,OECD.SDD.STES:DSD_KEI@DF_KEI(4.0),I,CHN,M,CP,GR,_Z,_Z,G1,2009-08,0.500000033705124
DATAFLOW,OECD.SDD.STES:DSD_KEI@DF_KEI(4.0),I,CHN,M,CP,GR,_Z,_Z,G1,2009-09,0.399989322353958
DATAFLOW,OECD.SDD.STES:DSD_KEI@DF_KEI(4.0),I,CHN,M,CP,GR,_Z,_Z,G1,2009-10,-0.0975391409206855
DATAFLOW,OECD.SDD.STES:DSD_KEI@DF_KEI(4.0),I,CHN,M,CP,GR,_Z,_Z,G1,2009-11,0.30092786090446
DATAFLOW,OECD.SDD.STES:DSD_KEI@DF_KEI(4.0),I,CHN,M,CP,GR,_Z,_Z,G1,2009-12,1.00008334027836
DATAFLOW,OECD.SDD.STES:DSD_KEI@DF_KEI(4.0),I,CHN,M,CP,GR,_Z,_Z,G1,2010-01,0.594108424787533
DATAFLOW,OECD.SDD.STES:DSD_KEI@DF_KEI(4.0),I,CHN,M,CP,GR,_Z,_Z,G1,2010-02,1.20580756295627
DATAFLOW,OECD.SDD.STES:DSD_KEI@DF_KEI(4.0),I,CHN,M,CP,GR,_Z,_Z,G1,2010-03,-0.705138596206836
DATAFLOW,OECD.SDD.STES:DSD_KEI@DF_KEI(4.0),I,CHN,M,CP,GR,_Z,_Z,G1,2010-04,0.204064974287816
DATAFLOW,OECD.SDD.STES:DSD_KEI@DF_KEI(4.0),I,CHN,M,CP,GR,_Z,_Z,G1,2010-05,-0.0977517106549454
DATAFLOW,OECD.SDD.STES:DSD_KEI@DF_KEI(4.0),I,CHN,M,CP,GR,_Z,_Z,G1,2010-06,-0.603392041748196
DATAFLOW,OECD.SDD.STES:DSD_KEI@DF_KEI(4.0),I,CHN,M,CP,GR,_Z,_Z,G1,2010-07,0.401968826907288
DATAFLOW,OECD.SDD.STES:DSD_KEI@DF_KEI(4.0),I,CHN,M,CP,GR,_Z,_Z,G1,2010-08,0.596453958656769
DATAFLOW,OECD.SDD.STES:DSD_KEI@DF_KEI(4.0),I,CHN,M,CP,GR,_Z,_Z,G1,2010-09,0.601039636127334
DATAFLOW,OECD.SDD.STES:DSD_KEI@DF_KEI(4.0),I,CHN,M,CP,GR,_Z,_Z,G1,2010-10,0.702405942192804
DATAFLOW,OECD.SDD.STES:DSD_KEI@DF_KEI(4.0),I,CHN,M,CP,GR,_Z,_Z,G1,2010-11,1.09837248456665
DATAFLOW,OECD.SDD.STES:DSD_KEI@DF_KEI(4.0),I,CHN,M,CP,GR,_Z,_Z,G1,2010-12,0.499603489294243
DATAFLOW,OECD.SDD.STES:DSD_KEI@DF_KEI(4.0),I,CHN,M,CP,GR,_Z,_Z,G1,2011-01,1.00213051369051
DATAFLOW,OECD.SDD.STES:DSD_KEI@DF_KEI(4.0),I,CHN,M,CP,GR,_Z,_Z,G1,2011-02,1.19531249999999
DATAFLOW,OECD.SDD.STES:DSD_KEI@DF_KEI(4.0),I,CHN,M,CP,GR,_Z,_Z,G1,2011-03,-0.200725700609886
DATAFLOW,OECD.SDD.STES:DSD_KEI@DF_KEI(4.0),I,CHN,M,CP,GR,_Z,_Z,G1,2011-04,0.100564709522709
DATAFLOW,OECD.SDD.STES:DSD_KEI@DF_KEI(4.0),I,CHN,M,CP,GR,_Z,_Z,G1,2011-05,0.100463678516212
DATAFLOW,OECD.SDD.STES:DSD_KEI@DF_KEI(4.0),I,CHN,M,CP,GR,_Z,_Z,G1,2011-06,0.301088550914839
DATAFLOW,OECD.SDD.STES:DSD_KEI@DF_KEI(4.0),I,CHN,M,CP,GR,_Z,_Z,G1,2011-07,0.500307881773423
DATAFLOW,OECD.SDD.STES:DSD_KEI@DF_KEI(4.0),I,CHN,M,CP,GR,_Z,_Z,G1,2011-08,0.29869035766255
DATAFLOW,OECD.SDD.STES:DSD_KEI@DF_KEI(4.0),I,CHN,M,CP,GR,_Z,_Z,G1,2011-09,0.503970678069628
DATAFLOW,OECD.SDD.STES:DSD_KEI@DF_KEI(4.0),I,CHN,M,CP,GR,_Z,_Z,G1,2011-10,0.0987691840145921
DATAFLOW,OECD.SDD.STES:DSD_KEI@DF_KEI(4.0),I,CHN,M,CP,GR,_Z,_Z,G1,2011-11,-0.197343453510446
DATAFLOW,OECD.SDD.STES:DSD_KEI@DF_KEI(4.0),I,CHN,M,CP,GR,_Z,_Z,G1,2011-12,0.296600501939325
DATAFLOW,OECD.SDD.STES:DSD_KEI@DF_KEI(4.0),I,CHN,M,CP,GR,_Z,_Z,G1,2012-01,1.50136487716106
DATAFLOW,OECD.SDD.STES:DSD_KEI@DF_KEI(4.0),I,CHN,M,CP,GR,_Z,_Z,G1,2012-02,-0.104586881816835
DATAFLOW,OECD.SDD.STES:DSD_KEI@DF_KEI(4.0),I,CHN,M,CP,GR,_Z,_Z,G1,2012-03,0.201914448100524
DATAFLOW,OECD.SDD.STES:DSD_KEI@DF_KEI(4.0),I,CHN,M,CP,GR,_Z,_Z,G1,2012-04,-0.0970221658332757
DATAFLOW,OECD.SDD.STES:DSD_KEI@DF_KEI(4.0),I,CHN,M,CP,IX,_Z,_Z,_Z,2025-08,115.36327480836698
DATAFLOW,OECD.SDD.STES:DSD_KEI@DF_KEI(4.0),I,CHN,M,CP,IX,_Z,_Z,_Z,2025-09,115.471364976312
DATAFLOW,OECD.SDD.STES:DSD_KEI@DF_KEI(4.0),I,CHN,M,CP,IX,_Z,_Z,_Z,2025-10,115.82897842559
DATAFLOW,OECD.SDD.STES:DSD_KEI@DF_KEI(4.0),I,CHN,M,CP,IX,_Z,_Z,_Z,2025-11,115.714895318231
DATAFLOW,OECD.SDD.STES:DSD_KEI@DF_KEI(4.0),I,GBR,M,CP,GR,_Z,_Z,GY,2013-05,2.4
DATAFLOW,OECD.SDD.STES:DSD_KEI@DF_KEI(4.0),I,GBR,M,CP,GR,_Z,_Z,GY,2013-06,2.6
DATAFLOW,OECD.SDD.STES:DSD_KEI@DF_KEI(4.0),I,GBR,M,CP,GR,_Z,_Z,GY,2013-07,2.5
DATAFLOW,OECD.SDD.STES:DSD_KEI@DF_KEI(4.0),I,GBR,M,CP,GR,_Z,_Z,GY,2013-08,2.4
DATAFLOW,OECD.SDD.STES:DSD_KEI@DF_KEI(4.0),I,GBR,M,CP,GR,_Z,_Z,GY,2013-09,2.4
DATAFLOW,OECD.SDD.STES:DSD_KEI@DF_KEI(4.0),I,GBR,M,CP,GR,_Z,_Z,GY,2013-10,2.0
DATAFLOW,OECD.SDD.STES:DSD_KEI@DF_KEI(4.0),I,GBR,M,CP,GR,_Z,_Z,GY,2013-11,1.9
DATAFLOW,OECD.SDD.STES:DSD_KEI@DF_KEI(4.0),I,GBR,M,CP,GR,_Z,_Z,GY,2013-12,1.9
DATAFLOW,OECD.SDD.STES:DSD_KEI@DF_KEI(4.0),I,GBR,M,CP,GR,_Z,_Z,GY,2014-01,1.8
DATAFLOW,OECD.SDD.STES:DSD_KEI@DF_KEI(4.0),I,GBR,M,CP,GR,_Z,_Z,GY,2014-02,1.6
DATAFLOW,OECD.SDD.STES:DSD_KEI@DF_KEI(4.0),I,GBR,M,CP,GR,_Z,_Z,GY,2014-03,1.5
DATAFLOW,OECD.SDD.STES:DSD_KEI@DF_KEI(4.0),I,GBR,M,CP,GR,_Z,_Z,GY,2014-04,1.7
DATAFLOW,OECD.SDD.STES:DSD_KEI@DF_KEI(4.0),I,GBR,M,CP,GR,_Z,_Z,GY,2014-05,1.5
DATAFLOW,OECD.SDD.STES:DSD_KEI@DF_KEI(4.0),I,GBR,M,CP,GR,_Z,_Z,GY,2014-06,1.8
DATAFLOW,OECD.SDD.STES:DSD_KEI@DF_KEI(4.0),I,GBR,M,CP,GR,_Z,_Z,GY,2014-07,1.6
DATAFLOW,OECD.SDD.STES:DSD_KEI@DF_KEI(4.0),I,GBR,M,CP,GR,_Z,_Z,GY,2014-08,1.5
DATAFLOW,OECD.SDD.STES:DSD_KEI@DF_KEI(4.0),I,GBR,M,CP,GR,_Z,_Z,GY,2014-09,1.3
DATAFLOW,OECD.SDD.STES:DSD_KEI@DF_KEI(4.0),I,GBR,M,CP,GR,_Z,_Z,GY,2014-10,1.3
DATAFLOW,OECD.SDD.STES:DSD_KEI@DF_KEI(4.0),I,GBR,M,CP,GR,_Z,_Z,GY,2014-11,1.1
DATAFLOW,OECD.SDD.STES:DSD_KEI@DF_KEI(4.0),I,GBR,M,CP,GR,_Z,_Z,GY,2014-12,0.7
DATAFLOW,OECD.SDD.STES:DSD_KEI@DF_KEI(4.0),I,GBR,M,CP,GR,_Z,_Z,GY,2016-01,0.6
DATAFLOW,OECD.SDD.STES:DSD_KEI@DF_KEI(4.0),I,GBR,M,CP,GR,_Z,_Z,GY,2016-02,0.6
DATAFLOW,OECD.SDD.STES:DSD_KEI@DF_KEI(4.0),I,GBR,M,CP,GR,_Z,_Z,GY,2016-03,0.8
DATAFLOW,OECD.SDD.STES:DSD_KEI@DF_KEI(4.0),I,GBR,M,CP,GR,_Z,_Z,GY,2016-04,0.7
DATAFLOW,OECD.SDD.STES:DSD_KEI@DF_KEI(4.0),I,GBR,M,CP,GR,_Z,_Z,GY,2016-05,0.7
DATAFLOW,OECD.SDD.STES:DSD_KEI@DF_KEI(4.0),I,GBR,M,CP,GR,_Z,_Z,GY,2016-06,0.8
DATAFLOW,OECD.SDD.STES:DSD_KEI@DF_KEI(4.0),I,GBR,M,CP,GR,_Z,_Z,GY,2016-07,0.9
DATAFLOW,OECD.SDD.STES:DSD_KEI@DF_KEI(4.0),I,GBR,M,CP,GR,_Z,_Z,GY,2016-08,1.0
DATAFLOW,OECD.SDD.STES:DSD_KEI@DF_KEI(4.0),I,GBR,M,CP,GR,_Z,_Z,GY,2016-09,1.3
DATAFLOW,OECD.SDD.STES:DSD_KEI@DF_KEI(4.0),I,GBR,M,CP,GR,_Z,_Z,GY,2016-10,1.3
DATAFLOW,OECD.SDD.STES:DSD_KEI@DF_KEI(4.0),I,GBR,M,CP,GR,_Z,_Z,GY,2016-11,1.5
DATAFLOW,OECD.SDD.STES:DSD_KEI@DF_KEI(4.0),I,GBR,M,CP,GR,_Z,_Z,GY,2016-12,1.8
DATAFLOW,OECD.SDD.STES:DSD_KEI@DF_KEI(4.0),I,GBR,M,CP,GR,_Z,_Z,GY,2017-01,1.9
DATAFLOW,OECD.SDD.STES:DSD_KEI@DF_KEI(4.0),I,GBR,M,CP,GR,_Z,_Z,GY,2017-02,2.3
DATAFLOW,OECD.SDD.STES:DSD_KEI@DF_KEI(4.0),I,GBR,M,CP,GR,_Z,_Z,GY,2017-03,2.3
DATAFLOW,OECD.SDD.STES:DSD_KEI@DF_KEI(4.0),I,GBR,M,CP,GR,_Z,_Z,GY,2017-04,2.6
DATAFLOW,OECD.SDD.STES:DSD_KEI@DF_KEI(4.0),I,GBR,M,CP,GR,_Z,_Z,GY,2017-05,2.7
DATAFLOW,OECD.SDD.STES:DSD_KEI@DF_KEI(4.0),I,GBR,M,CP,GR,_Z,_Z,GY,2017-06,2.6
DATAFLOW,OECD.SDD.STES:DSD_KEI@DF_KEI(4.0),I,GBR,M,CP,GR,_Z,_Z,GY,2017-07,2.6
DATAFLOW,OECD.SDD.STES:DSD_KEI@DF_KEI(4.0),I,GBR,M,CP,GR,_Z,_Z,GY,2017-08,2.7
DATAFLOW,OECD.SDD.STES:DSD_KEI@DF_KEI(4.0),I,GBR,M,CP,GR,_Z,_Z,GY,2017-09,2.8
DATAFLOW,OECD.SDD.STES:DSD_KEI@DF_KEI(4.0),I,GBR,M,CP,GR,_Z,_Z,GY,2017-10,2.8
DATAFLOW,OECD.SDD.STES:DSD_KEI@DF_KEI(4.0),I,GBR,M,CP,GR,_Z,_Z,GY,2017-11,2.8
DATAFLOW,OECD.SDD.STES:DSD_KEI@DF_KEI(4.0),I,GBR,M,CP,GR,_Z,_Z,GY,2017-12,2.7
DATAFLOW,OECD.SDD.STES:DSD_KEI@DF_KEI(4.0),I,GBR,M,CP,GR,_Z,_Z,GY,2018-01,2.7
DATAFLOW,OECD.SDD.STES:DSD_KEI@DF_KEI(4.0),I,GBR,M,CP,GR,_Z,_Z,GY,2018-02,2.5
DATAFLOW,OECD.SDD.STES:DSD_KEI@DF_KEI(4.0),I,GBR,M,CP,GR,_Z,_Z,GY,2018-03,2.3
DATAFLOW,OECD.SDD.STES:DSD_KEI@DF_KEI(4.0),I,GBR,M,CP,GR,_Z,_Z,GY,2018-04,2.2
DATAFLOW,OECD.SDD.STES:DSD_KEI@DF_KEI(4.0),I,GBR,M,CP,GR,_Z,_Z,GY,2018-05,2.3
DATAFLOW,OECD.SDD.STES:DSD_KEI@DF_KEI(4.0),I,GBR,M,CP,GR,_Z,_Z,GY,2018-06,2.3
DATAFLOW,OECD.SDD.STES:DSD_KEI@DF_KEI(4.0),I,GBR,M,CP,GR,_Z,_Z,GY,2018-07,2.3
DATAFLOW,OECD.SDD.STES:DSD_KEI@DF_KEI(4.0),I,GBR,M,CP,GR,_Z,_Z,GY,2018-08,2.4
DATAFLOW,OECD.SDD.STES:DSD_KEI@DF_KEI(4.0),I,GBR,M,CP,GR,_Z,_Z,GY,2018-09,2.2
DATAFLOW,OECD.SDD.STES:DSD_KEI@DF_KEI(4.0),I,GBR,M,CP,GR,_Z,_Z,GY,2018-10,2.2
DATAFLOW,OECD.SDD.STES:DSD_KEI@DF_KEI(4.0),I,GBR,M,CP,GR,_Z,_Z,GY,2018-11,2.2
DATAFLOW,OECD.SDD.STES:DSD_KEI@DF_KEI(4.0),I,GBR,M,CP,GR,_Z,_Z,GY,2018-12,2.0
DATAFLOW,OECD.SDD.STES:DSD_KEI@DF_KEI(4.0),I,CHN,M,CP,IX,_Z,_Z,_Z,2013-07,96.0789728655838
DATAFLOW,OECD.SDD.STES:DSD_KEI@DF_KEI(4.0),I,CHN,M,CP,IX,_Z,_Z,_Z,2013-10,97.42960370393148
DATAFLOW,OECD.SDD.STES:DSD_KEI@DF_KEI(4.0),I,CHN,M,CP,IX,_Z,_Z,_Z,2014-02,99.1
DATAFLOW,OECD.SDD.STES:DSD_KEI@DF_KEI(4.0),I,CHN,M,CP,IX,_Z,_Z,_Z,2014-05,98.3
DATAFLOW,OECD.SDD.STES:DSD_KEI@DF_KEI(4.0),I,CHN,M,CP,IX,_Z,_Z,_Z,2014-09,98.9
DATAFLOW,OECD.SDD.STES:DSD_KEI@DF_KEI(4.0),I,CHN,M,CP,IX,_Z,_Z,_Z,2014-10,98.9
DATAFLOW,OECD.SDD.STES:DSD_KEI@DF_KEI(4.0),I,CHN,M,CP,IX,_Z,_Z,_Z,2015-01,99.3
DATAFLOW,OECD.SDD.STES:DSD_KEI@DF_KEI(4.0),I,CHN,M,CP,IX,_Z,_Z,_Z,2015-02,100.5
DATAFLOW,OECD.SDD.STES:DSD_KEI@DF_KEI(4.0),I,CHN,M,CP,IX,_Z,_Z,_Z,2015-04,99.7
DATAFLOW,OECD.SDD.STES:DSD_KEI@DF_KEI(4.0),I,CHN,M,CP,IX,_Z,_Z,_Z,2015-05,99.5
DATAFLOW,OECD.SDD.STES:DSD_KEI@DF_KEI(4.0),I,CHN,M,CP,IX,_Z,_Z,_Z,2015-06,99.5
DATAFLOW,OECD.SDD.STES:DSD_KEI@DF_KEI(4.0),I,CHN,M,CP,IX,_Z,_Z,_Z,2015-08,100.4
DATAFLOW,OECD.SDD.STES:DSD_KEI@DF_KEI(4.0),I,CHN,M,CP,IX,_Z,_Z,_Z,2015-09,100.5
DATAFLOW,OECD.SDD.STES:DSD_KEI@DF_KEI(4.0),I,CHN,M,CP,IX,_Z,_Z,_Z,2015-10,100.09999999999998
DATAFLOW,OECD.SDD.STES:DSD_KEI@DF_KEI(4.0),I,CHN,M,CP,IX,_Z,_Z,_Z,2015-11,100.09999999999998
DATAFLOW,OECD.SDD.STES:DSD_KEI@DF_KEI(4.0),I,CHN,M,CP,IX,_Z,_Z,_Z,2015-12,100.6
DATAFLOW,OECD.SDD.STES:DSD_KEI@DF_KEI(4.0),I,CHN,M,CP,IX,_Z,_Z,_Z,2016-01,101.1
DATAFLOW,OECD.SDD.STES:DSD_KEI@DF_KEI(4.0),I,CHN,M,CP,IX,_Z,_Z,_Z,2016-02,102.7
DATAFLOW,OECD.SDD.STES:DSD_KEI@DF_KEI(4.0),I,CHN,M,CP,IX,_Z,_Z,_Z,2016-03,102.2
DATAFLOW,OECD.SDD.STES:DSD_KEI@DF_KEI(4.0),I,CHN,M,CP,IX,_Z,_Z,_Z,2016-04,102.0
DATAFLOW,OECD.SDD.STES:DSD_KEI@DF_KEI(4.0),I,CHN,M,CP,IX,_Z,_Z,_Z,2016-05,101.6
DATAFLOW,OECD.SDD.STES:DSD_KEI@DF_KEI(4.0),I,CHN,M,CP,IX,_Z,_Z,_Z,2016-06,101.4
DATAFLOW,OECD.SDD.STES:DSD_KEI@DF_KEI(4.0),I,CHN,M,CP,IX,_Z,_Z,_Z,2016-07,101.6
DATAFLOW,OECD.SDD.STES:DSD_KEI@DF_KEI(4.0),I,CHN,M,CP,IX,_Z,_Z,_Z,2016-08,101.7
DATAFLOW,OECD.SDD.STES:DSD_KEI@DF_KEI(4.0),I,CHN,M,CP,IX,_Z,_Z,_Z,2016-09,102.4
DATAFLOW,OECD.SDD.STES:DSD_KEI@DF_KEI(4.0),I,CHN,M,CP,IX,_Z,_Z,_Z,2016-10,102.29999999999998
DATAFLOW,OECD.SDD.STES:DSD_KEI@DF_KEI(4.0),I,CHN,M,CP,IX,_Z,_Z,_Z,2016-11,102.4
DATAFLOW,OECD.SDD.STES:DSD_KEI@DF_KEI(4.0),I,CHN,M,CP,IX,_Z,_Z,_Z,2016-12,102.6
DATAFLOW,OECD.SDD.STES:DSD_KEI@DF_KEI(4.0),I,CHN,M,CP,IX,_Z,_Z,_Z,2017-01,103.7
DATAFLOW,OECD.SDD.STES:DSD_KEI@DF_KEI(4.0),I,CHN,M,CP,IX,_Z,_Z,_Z,2017-02,103.5
DATAFLOW,OECD.SDD.STES:DSD_KEI@DF_KEI(4.0),I,CHN,M,CP,IX,_Z,_Z,_Z,2017-03,103.2
DATAFLOW,OECD.SDD.STES:DSD_KEI@DF_KEI(4.0),I,CHN,M,CP,IX,_Z,_Z,_Z,2017-04,103.2
DATAFLOW,OECD.SDD.STES:DSD_KEI@DF_KEI(4.0),I,CHN,M,CP,IX,_Z,_Z,_Z,2017-05,103.29999999999998
DATAFLOW,OECD.SDD.STES:DSD_KEI@DF_KEI(4.0),I,CHN,M,CP,IX,_Z,_Z,_Z,2017-06,103.1
DATAFLOW,OECD.SDD.STES:DSD_KEI@DF_KEI(4.0),I,CHN,M,CP,IX,_Z,_Z,_Z,2017-07,103.0
DATAFLOW,OECD.SDD.STES:DSD_KEI@DF_KEI(4.0),I,CHN,M,CP,IX,_Z,_Z,_Z,2017-08,103.5
DATAFLOW,OECD.SDD.STES:DSD_KEI@DF_KEI(4.0),I,CHN,M,CP,IX,_Z,_Z,_Z,2017-09,104.1
DATAFLOW,OECD.SDD.STES:DSD_KEI@DF_KEI(4.0),I,CHN,M,CP,IX,_Z,_Z,_Z,2017-10,104.2
DATAFLOW,OECD.SDD.STES:DSD_KEI@DF_KEI(4.0),I,CHN,M,CP,IX,_Z,_Z,_Z,2017-11,104.2
DATAFLOW,OECD.SDD.STES:DSD_KEI@DF_KEI(4.0),I,CHN,M,CP,IX,_Z,_Z,_Z,2017-12,104.5
DATAFLOW,OECD.SDD.STES:DSD_KEI@DF_KEI(4.0),I,CHN,M,CP,IX,_Z,_Z,_Z,2018-01,105.2
DATAFLOW,OECD.SDD.STES:DSD_KEI@DF_KEI(4.0),I,CHN,M,CP,IX,_Z,_Z,_Z,2018-02,106.5
DATAFLOW,OECD.SDD.STES:DSD_KEI@DF_KEI(4.0),I,CHN,M,CP,IX,_Z,_Z,_Z,2018-03,105.3
DATAFLOW,OECD.SDD.STES:DSD_KEI@DF_KEI(4.0),I,CHN,M,CP,IX,_Z,_Z,_Z,2018-04,105.1
DATAFLOW,OECD.SDD.STES:DSD_KEI@DF_KEI(4.0),I,CHN,M,CP,IX,_Z,_Z,_Z,2018-05,104.9
DATAFLOW,OECD.SDD.STES:DSD_KEI@DF_KEI(4.0),I,CHN,M,CP,IX,_Z,_Z,_Z,2018-06,104.9
DATAFLOW,OECD.SDD.STES:DSD_KEI@DF_KEI(4.0),I,CHN,M,CP,IX,_Z,_Z,_Z,2018-07,105.2
DATAFLOW,OECD.SDD.STES:DSD_KEI@DF_KEI(4.0),I,CHN,M,CP,IX,_Z,_Z,_Z,2018-08,105.9
DATAFLOW,OECD.SDD.STES:DSD_KEI@DF_KEI(4.0),I,CHN,M,CP,IX,_Z,_Z,_Z,2018-09,106.6
DATAFLOW,OECD.SDD.STES:DSD_KEI@DF_KEI(4.0),I,CHN,M,CP,IX,_Z,_Z,_Z,2018-10,106.8
DATAFLOW,OECD.SDD.STES:DSD_KEI@DF_KEI(4.0),I,CHN,M,CP,IX,_Z,_Z,_Z,2018-11,106.4
DATAFLOW,OECD.SDD.STES:DSD_KEI@DF_KEI(4.0),I,CHN,M,CP,IX,_Z,_Z,_Z,2018-12,106.5
DATAFLOW,OECD.SDD.STES:DSD_KEI@DF_KEI(4.0),I,CHN,M,CP,IX,_Z,_Z,_Z,2019-01,107.0
DATAFLOW,OECD.SDD.STES:DSD_KEI@DF_KEI(4.0),I,CHN,M,CP,IX,_Z,_Z,_Z,2019-02,108.1
DATAFLOW,OECD.SDD.STES:DSD_KEI@DF_KEI(4.0),I,CHN,M,CP,IX,_Z,_Z,_Z,2019-03,107.7
DATAFLOW,OECD.SDD.STES:DSD_KEI@DF_KEI(4.0),I,CHN,M,CP,IX,_Z,_Z,_Z,2019-04,107.8
DATAFLOW,OECD.SDD.STES:DSD_KEI@DF_KEI(4.0),I,CHN,M,CP,IX,_Z,_Z,_Z,2019-05,107.8
DATAFLOW,OECD.SDD.STES:DSD_KEI@DF_KEI(4.0),I,CHN,M,CP,IX,_Z,_Z,_Z,2019-06,107.7
DATAFLOW,OECD.SDD.STES:DSD_KEI@DF_KEI(4.0),I,CHN,M,CP,IX,_Z,_Z,_Z,2019-07,108.1
DATAFLOW,OECD.SDD.STES:DSD_KEI@DF_KEI(4.0),I,CHN,M,CP,IX,_Z,_Z,_Z,2019-08,108.9
DATAFLOW,OECD.SDD.STES:DSD_KEI@DF_KEI(4.0),I,CHN,M,CP,IX,_Z,_Z,_Z,2019-09,109.8
DATAFLOW,OECD.SDD.STES:DSD_KEI@DF_KEI(4.0),I,CHN,M,CP,IX,_Z,_Z,_Z,2019-10,110.8
DATAFLOW,OECD.SDD.STES:DSD_KEI@DF_KEI(4.0),I,CHN,M,CP,IX,_Z,_Z,_Z,2019-11,111.2
DATAFLOW,OECD.SDD.STES:DSD_KEI@DF_KEI(4.0),I,CHN,M,CP,IX,_Z,_Z,_Z,2019-12,111.2
DATAFLOW,OECD.SDD.STES:DSD_KEI@DF_KEI(4.0),I,CHN,M,CP,IX,_Z,_Z,_Z,2020-01,112.79999999999998
DATAFLOW,OECD.SDD.STES:DSD_KEI@DF_KEI(4.0),I,CHN,M,CP,IX,_Z,_Z,_Z,2020-02,113.7
DATAFLOW,OECD.SDD.STES:DSD_KEI@DF_KEI(4.0),I,CHN,M,CP,IX,_Z,_Z,_Z,2020-03,112.3
DATAFLOW,OECD.SDD.STES:DSD_KEI@DF_KEI(4.0),I,CHN,M,CP,IX,_Z,_Z,_Z,2020-04,111.3
DATAFLOW,OECD.SDD.STES:DSD_KEI@DF_KEI(4.0),I,CHN,M,CP,IX,_Z,_Z,_Z,2020-05,110.4
DATAFLOW,OECD.SDD.STES:DSD_KEI@DF_KEI(4.0),I,CHN,M,CP,IX,_Z,_Z,_Z,2020-06,110.4
DATAFLOW,OECD.SDD.STES:DSD_KEI@DF_KEI(4.0),I,CHN,M,CP,IX,_Z,_Z,_Z,2020-07,110.0
DATAFLOW,OECD.SDD.STES:DSD_KEI@DF_KEI(4.0),I,CHN,M,CP,IX,_Z,_Z,_Z,2020-08,111.5
DATAFLOW,OECD.SDD.STES:DSD_KEI@DF_KEI(4.0),I,CHN,M,CP,IX,_Z,_Z,_Z,2020-09,111.7
DATAFLOW,OECD.SDD.STES:DSD_KEI@DF_KEI(4.0),I,CHN,M,CP,IX,_Z,_Z,_Z,2020-10,111.4
DATAFLOW,OECD.SDD.STES:DSD_KEI@DF_KEI(4.0),I,CHN,M,CP,IX,_Z,_Z,_Z,2020-11,110.7
DATAFLOW,OECD.SDD.STES:DSD_KEI@DF_KEI(4.0),I,GBR,M,CP,GR,_Z,_Z,G1,2020-10,0.0
DATAFLOW,OECD.SDD.STES:DSD_KEI@DF_KEI(4.0),I,GBR,M,CP,GR,_Z,_Z,G1,2021-07,0.0
DATAFLOW,OECD.SDD.STES:DSD_KEI@DF_KEI(4.0),I,GBR,M,CP,GR,_Z,_Z,G1,2022-01,0.0
DATAFLOW,OECD.SDD.STES:DSD_KEI@DF_KEI(4.0),I,GBR,M,CP,GR,_Z,_Z,GY,2015-10,0.2
DATAFLOW,OECD.SDD.STES:DSD_KEI@DF_KEI(4.0),I,GBR,M,CP,IX,_Z,_Z,_Z,2022-02,115.4
DATAFLOW,OECD.SDD.STES:DSD_KEI@DF_KEI(4.0),I,GBR,M,CP,IX,_Z,_Z,_Z,2023-04,128.29999999999998
DATAFLOW,OECD.SDD.STES:DSD_KEI@DF_KEI(4.0),I,GBR,M,CP,IX,_Z,_Z,_Z,2024-04,132.20000000000002
DATAFLOW,OECD.SDD.STES:DSD_KEI@DF_KEI(4.0),I,GBR,M,CP,IX,_Z,_Z,_Z,2025-11,139.39999999999998
DATAFLOW,OECD.SDD.STES:DSD_KEI@DF_KEI(4.0),I,GBR,M,CP,IX,_Z,_Z,_Z,2025-12,139.9
DATAFLOW,OECD.SDD.STES:DSD_KEI@DF_KEI(4.0),I,GBR,M,CP,GR,_Z,_Z,G1,2024-07,0.0
DATAFLOW,OECD.SDD.STES:DSD_KEI@DF_KEI(4.0),I,GBR,M,CP,GR,_Z,_Z,G1,2025-01,0.0
DATAFLOW,OECD.SDD.STES:DSD_KEI@DF_KEI(4.0),I,GBR,M,CP,GR,_Z,_Z,G1,2025-07,0.0
DATAFLOW,OECD.SDD.STES:DSD_KEI@DF_KEI(4.0),I,GBR,M,CP,GR,_Z,_Z,G1,2025-09,0.1
DATAFLOW,OECD.SDD.STES:DSD_KEI@DF_KEI(4.0),I,GBR,M,CP,GR,_Z,_Z,G1,2025-10,0.4
DATAFLOW,OECD.SDD.STES:DSD_KEI@DF_KEI(4.0),I,GBR,M,CP,GR,_Z,_Z,G1,2025-11,-0.1
DATAFLOW,OECD.SDD.STES:DSD_KEI@DF_KEI(4.0),I,GBR,M,CP,GR,_Z,_Z,G1,2026-01,-0.3
DATAFLOW,OECD.SDD.STES:DSD_KEI@DF_KEI(4.0),I,GBR,M,CP,GR,_Z,_Z,GY,2023-12,4.2
DATAFLOW,OECD.SDD.STES:DSD_KEI@DF_KEI(4.0),I,GBR,M,CP,GR,_Z,_Z,GY,2024-01,4.2
DATAFLOW,OECD.SDD.STES:DSD_KEI@DF_KEI(4.0),I,GBR,M,CP,GR,_Z,_Z,GY,2024-02,3.8
DATAFLOW,OECD.SDD.STES:DSD_KEI@DF_KEI(4.0),I,GBR,M,CP,GR,_Z,_Z,GY,2024-03,3.8
DATAFLOW,OECD.SDD.STES:DSD_KEI@DF_KEI(4.0),I,GBR,M,CP,GR,_Z,_Z,GY,2024-04,3.0
DATAFLOW,OECD.SDD.STES:DSD_KEI@DF_KEI(4.0),I,GBR,M,CP,GR,_Z,_Z,GY,2024-05,2.8
DATAFLOW,OECD.SDD.STES:DSD_KEI@DF_KEI(4.0),I,GBR,M,CP,GR,_Z,_Z,GY,2024-06,2.8
DATAFLOW,OECD.SDD.STES:DSD_KEI@DF_KEI(4.0),I,GBR,M,CP,GR,_Z,_Z,GY,2024-07,3.1
DATAFLOW,OECD.SDD.STES:DSD_KEI@DF_KEI(4.0),I,GBR,M,CP,GR,_Z,_Z,GY,2024-08,3.1
DATAFLOW,OECD.SDD.STES:DSD_KEI@DF_KEI(4.0),I,GBR,M,CP,GR,_Z,_Z,GY,2024-09,2.6
DATAFLOW,OECD.SDD.STES:DSD_KEI@DF_KEI(4.0),I,GBR,M,CP,GR,_Z,_Z,GY,2024-10,3.2
DATAFLOW,OECD.SDD.STES:DSD_KEI@DF_KEI(4.0),I,GBR,M,CP,GR,_Z,_Z,GY,2024-11,3.5
DATAFLOW,OECD.SDD.STES:DSD_KEI@DF_KEI(4.0),I,GBR,M,CP,GR,_Z,_Z,GY,2024-12,3.5
DATAFLOW,OECD.SDD.STES:DSD_KEI@DF_KEI(4.0),I,GBR,M,CP,GR,_Z,_Z,GY,2025-01,3.9
DATAFLOW,OECD.SDD.STES:DSD_KEI@DF_KEI(4.0),I,GBR,M,CP,GR,_Z,_Z,GY,2025-02,3.7
DATAFLOW,OECD.SDD.STES:DSD_KEI@DF_KEI(4.0),I,GBR,M,CP,GR,_Z,_Z,GY,2025-03,3.4
DATAFLOW,OECD.SDD.STES:DSD_KEI@DF_KEI(4.0),I,GBR,M,CP,GR,_Z,_Z,GY,2025-04,4.1
DATAFLOW,OECD.SDD.STES:DSD_KEI@DF_KEI(4.0),I,GBR,M,CP,GR,_Z,_Z,GY,2025-05,4.0
DATAFLOW,OECD.SDD.STES:DSD_KEI@DF_KEI(4.0),I,GBR,M,CP,GR,_Z,_Z,GY,2025-06,4.1
DATAFLOW,OECD.SDD.STES:DSD_KEI@DF_KEI(4.0),I,GBR,M,CP,GR,_Z,_Z,GY,2025-07,4.2
DATAFLOW,OECD.SDD.STES:DSD_KEI@DF_KEI(4.0),I,GBR,M,CP,GR,_Z,_Z,GY,2025-08,4.1
DATAFLOW,OECD.SDD.STES:DSD_KEI@DF_KEI(4.0),I,GBR,M,CP,GR,_Z,_Z,GY,2025-09,4.1
DATAFLOW,OECD.SDD.STES:DSD_KEI@DF_KEI(4.0),I,GBR,M,CP,GR,_Z,_Z,GY,2025-10,3.8
DATAFLOW,OECD.SDD.STES:DSD_KEI@DF_KEI(4.0),I,GBR,M,CP,GR,_Z,_Z,GY,2025-11,3.5
DATAFLOW,OECD.SDD.STES:DSD_KEI@DF_KEI(4.0),I,GBR,M,CP,GR,_Z,_Z,GY,2026-01,3.2
DATAFLOW,OECD.SDD.STES:DSD_KEI@DF_KEI(4.0),I,GBR,M,CP,GR,_Z,_Z,G1,2023-12,0.4
DATAFLOW,OECD.SDD.STES:DSD_KEI@DF_KEI(4.0),I,GBR,M,CP,GR,_Z,_Z,G1,2024-01,-0.4
DATAFLOW,OECD.SDD.STES:DSD_KEI@DF_KEI(4.0),I,GBR,M,CP,GR,_Z,_Z,G1,2024-02,0.6
DATAFLOW,OECD.SDD.STES:DSD_KEI@DF_KEI(4.0),I,GBR,M,CP,GR,_Z,_Z,G1,2024-03,0.6
DATAFLOW,OECD.SDD.STES:DSD_KEI@DF_KEI(4.0),I,GBR,M,CP,GR,_Z,_Z,G1,2024-04,0.5
DATAFLOW,OECD.SDD.STES:DSD_KEI@DF_KEI(4.0),I,GBR,M,CP,GR,_Z,_Z,G1,2024-05,0.4
DATAFLOW,OECD.SDD.STES:DSD_KEI@DF_KEI(4.0),I,GBR,M,CP,GR,_Z,_Z,G1,2024-06,0.2
DATAFLOW,OECD.SDD.STES:DSD_KEI@DF_KEI(4.0),I,GBR,M,CP,GR,_Z,_Z,G1,2024-08,0.4
DATAFLOW,OECD.SDD.STES:DSD_KEI@DF_KEI(4.0),I,GBR,M,CP,GR,_Z,_Z,G1,2024-09,0.1
DATAFLOW,OECD.SDD.STES:DSD_KEI@DF_KEI(4.0),I,GBR,M,CP,GR,_Z,_Z,G1,2024-10,0.6
DATAFLOW,OECD.SDD.STES:DSD_KEI@DF_KEI(4.0),I,GBR,M,CP,GR,_Z,_Z,G1,2024-11,0.2
DATAFLOW,OECD.SDD.STES:DSD_KEI@DF_KEI(4.0),I,GBR,M,CP,GR,_Z,_Z,G1,2024-12,0.3
DATAFLOW,OECD.SDD.STES:DSD_KEI@DF_KEI(4.0),I,GBR,M,CP,GR,_Z,_Z,GY,2022-12,9.2
DATAFLOW,OECD.SDD.STES:DSD_KEI@DF_KEI(4.0),I,GBR,M,CP,GR,_Z,_Z,GY,2023-01,8.8
DATAFLOW,OECD.SDD.STES:DSD_KEI@DF_KEI(4.0),I,GBR,M,CP,GR,_Z,_Z,GY,2023-02,9.2
DATAFLOW,OECD.SDD.STES:DSD_KEI@DF_KEI(4.0),I,GBR,M,CP,GR,_Z,_Z,GY,2023-03,8.9
DATAFLOW,OECD.SDD.STES:DSD_KEI@DF_KEI(4.0),I,GBR,M,CP,GR,_Z,_Z,GY,2023-04,7.8
DATAFLOW,OECD.SDD.STES:DSD_KEI@DF_KEI(4.0),I,GBR,M,CP,GR,_Z,_Z,GY,2023-05,7.9
DATAFLOW,OECD.SDD.STES:DSD_KEI@DF_KEI(4.0),I,GBR,M,CP,GR,_Z,_Z,GY,2023-06,7.3
DATAFLOW,OECD.SDD.STES:DSD_KEI@DF_KEI(4.0),I,GBR,M,CP,GR,_Z,_Z,GY,2023-07,6.4
DATAFLOW,OECD.SDD.STES:DSD_KEI@DF_KEI(4.0),I,GBR,M,CP,GR,_Z,_Z,GY,2023-08,6.3
DATAFLOW,OECD.SDD.STES:DSD_KEI@DF_KEI(4.0),I,GBR,M,CP,GR,_Z,_Z,GY,2023-09,6.3
DATAFLOW,OECD.SDD.STES:DSD_KEI@DF_KEI(4.0),I,GBR,M,CP,GR,_Z,_Z,GY,2023-10,4.7
DATAFLOW,OECD.SDD.STES:DSD_KEI@DF_KEI(4.0),I,GBR,M,CP,GR,_Z,_Z,GY,2023-11,4.2
DATAFLOW,OECD.SDD.STES:DSD_KEI@DF_KEI(4.0),I,GBR,M,CP,GR,_Z,_Z,G1,2008-02,0.6
DATAFLOW,OECD.SDD.STES:DSD_KEI@DF_KEI(4.0),I,GBR,M,CP,GR,_Z,_Z,G1,2008-05,0.6
DATAFLOW,OECD.SDD.STES:DSD_KEI@DF_KEI(4.0),I,GBR,M,CP,GR,_Z,_Z,G1,2008-06,0.6
DATAFLOW,OECD.SDD.STES:DSD_KEI@DF_KEI(4.0),I,GBR,M,CP,GR,_Z,_Z,G1,2011-02,0.6
DATAFLOW,OECD.SDD.STES:DSD_KEI@DF_KEI(4.0),I,GBR,M,CP,GR,_Z,_Z,G1,2011-09,0.6
DATAFLOW,OECD.SDD.STES:DSD_KEI@DF_KEI(4.0),I,GBR,M,CP,GR,_Z,_Z,G1,2013-02,0.6
DATAFLOW,OECD.SDD.STES:DSD_KEI@DF_KEI(4.0),I,GBR,M,CP,GR,_Z,_Z,G1,2017-02,0.6
DATAFLOW,OECD.SDD.STES:DSD_KEI@DF_KEI(4.0),I,GBR,M,CP,GR,_Z,_Z,G1,2018-08,0.6
DATAFLOW,OECD.SDD.STES:DSD_KEI@DF_KEI(4.0),I,GBR,M,CP,GR,_Z,_Z,G1,2019-04,0.6
DATAFLOW,OECD.SDD.STES:DSD_KEI@DF_KEI(4.0),I,GBR,M,CP,GR,_Z,_Z,G1,2021-08,0.6
DATAFLOW,OECD.SDD.STES:DSD_KEI@DF_KEI(4.0),I,GBR,M,CP,GR,_Z,_Z,G1,2021-11,0.6
DATAFLOW,OECD.SDD.STES:DSD_KEI@DF_KEI(4.0),I,GBR,M,CP,GR,_Z,_Z,G1,2022-05,0.6
DATAFLOW,OECD.SDD.STES:DSD_KEI@DF_KEI(4.0),I,GBR,M,CP,GR,_Z,_Z,G1,2022-07,0.6
DATAFLOW,OECD.SDD.STES:DSD_KEI@DF_KEI(4.0),I,GBR,M,CP,GR,_Z,_Z,G1,2023-05,0.6
DATAFLOW,OECD.SDD.STES:DSD_KEI@DF_KEI(4.0),I,GBR,M,CP,GR,_Z,_Z,G1,2011-06,-0.1
DATAFLOW,OECD.SDD.STES:DSD_KEI@DF_KEI(4.0),I,GBR,M,CP,GR,_Z,_Z,G1,2013-06,-0.1
DATAFLOW,OECD.SDD.STES:DSD_KEI@DF_KEI(4.0),I,GBR,M,CP,GR,_Z,_Z,G1,2015-07,-0.1
DATAFLOW,OECD.SDD.STES:DSD_KEI@DF_KEI(4.0),I,GBR,M,CP,GR,_Z,_Z,G1,2015-09,-0.1
DATAFLOW,OECD.SDD.STES:DSD_KEI@DF_KEI(4.0),I,GBR,M,CP,GR,_Z,_Z,G1,2019-10,-0.1
DATAFLOW,OECD.SDD.STES:DSD_KEI@DF_KEI(4.0),I,GBR,M,CP,GR,_Z,_Z,G1,2020-11,-0.1
DATAFLOW,OECD.SDD.STES:DSD_KEI@DF_KEI(4.0),I,CHN,M,CP,IX,_Z,_Z,_Z,2021-03,112.661546085233
DATAFLOW,OECD.SDD.STES:DSD_KEI@DF_KEI(4.0),I,CHN,M,CP,IX,_Z,_Z,_Z,2021-04,112.326907829534
DATAFLOW,OECD.SDD.STES:DSD_KEI@DF_KEI(4.0),I,CHN,M,CP,IX,_Z,_Z,_Z,2021-05,112.215361744301
DATAFLOW,OECD.SDD.STES:DSD_KEI@DF_KEI(4.0),I,CHN,M,CP,IX,_Z,_Z,_Z,2021-06,111.76917740337
DATAFLOW,OECD.SDD.STES:DSD_KEI@DF_KEI(4.0),I,CHN,M,CP,IX,_Z,_Z,_Z,2021-07,112.103815659068
DATAFLOW,OECD.SDD.STES:DSD_KEI@DF_KEI(4.0),I,CHN,M,CP,IX,_Z,_Z,_Z,2021-08,112.215361744301
DATAFLOW,OECD.SDD.STES:DSD_KEI@DF_KEI(4.0),I,CHN,M,CP,IX,_Z,_Z,_Z,2021-09,112.215361744301
DATAFLOW,OECD.SDD.STES:DSD_KEI@DF_KEI(4.0),I,CHN,M,CP,IX,_Z,_Z,_Z,2021-10,112.996184340932
DATAFLOW,OECD.SDD.STES:DSD_KEI@DF_KEI(4.0),I,CHN,M,CP,IX,_Z,_Z,_Z,2021-11,113.442368681863
DATAFLOW,OECD.SDD.STES:DSD_KEI@DF_KEI(4.0),I,CHN,M,CP,IX,_Z,_Z,_Z,2021-12,113.107730426165
DATAFLOW,OECD.SDD.STES:DSD_KEI@DF_KEI(4.0),I,CHN,M,CP,IX,_Z,_Z,_Z,2022-01,113.665460852329
DATAFLOW,OECD.SDD.STES:DSD_KEI@DF_KEI(4.0),I,CHN,M,CP,IX,_Z,_Z,_Z,2022-02,114.334737363727
DATAFLOW,OECD.SDD.STES:DSD_KEI@DF_KEI(4.0),I,CHN,M,CP,IX,_Z,_Z,_Z,2022-03,114.334737363727
DATAFLOW,OECD.SDD.STES:DSD_KEI@DF_KEI(4.0),I,CHN,M,CP,IX,_Z,_Z,_Z,2022-04,114.78092170465798
DATAFLOW,OECD.SDD.STES:DSD_KEI@DF_KEI(4.0),I,CHN,M,CP,IX,_Z,_Z,_Z,2022-05,114.557829534192
DATAFLOW,OECD.SDD.STES:DSD_KEI@DF_KEI(4.0),I,CHN,M,CP,IX,_Z,_Z,_Z,2022-06,114.557829534192
DATAFLOW,OECD.SDD.STES:DSD_KEI@DF_KEI(4.0),I,CHN,M,CP,IX,_Z,_Z,_Z,2022-07,115.115559960357
DATAFLOW,OECD.SDD.STES:DSD_KEI@DF_KEI(4.0),I,CHN,M,CP,IX,_Z,_Z,_Z,2022-08,115.004013875124
DATAFLOW,OECD.SDD.STES:DSD_KEI@DF_KEI(4.0),I,CHN,M,CP,IX,_Z,_Z,_Z,2022-09,115.338652130823
DATAFLOW,OECD.SDD.STES:DSD_KEI@DF_KEI(4.0),I,CHN,M,CP,IX,_Z,_Z,_Z,2022-10,115.450198216056
DATAFLOW,OECD.SDD.STES:DSD_KEI@DF_KEI(4.0),I,CHN,M,CP,IX,_Z,_Z,_Z,2022-11,115.22710604559
DATAFLOW,OECD.SDD.STES:DSD_KEI@DF_KEI(4.0),I,CHN,M,CP,IX,_Z,_Z,_Z,2022-12,115.115559960357
DATAFLOW,OECD.SDD.STES:DSD_KEI@DF_KEI(4.0),I,CHN,M,CP,IX,_Z,_Z,_Z,2023-01,116.00792864222
DATAFLOW,OECD.SDD.STES:DSD_KEI@DF_KEI(4.0),I,CHN,M,CP,IX,_Z,_Z,_Z,2023-02,115.450198216056
DATAFLOW,OECD.SDD.STES:DSD_KEI@DF_KEI(4.0),I,CHN,M,CP,IX,_Z,_Z,_Z,2023-03,115.115559960357
DATAFLOW,OECD.SDD.STES:DSD_KEI@DF_KEI(4.0),I,CHN,M,CP,IX,_Z,_Z,_Z,2023-04,114.892467789891
DATAFLOW,OECD.SDD.STES:DSD_KEI@DF_KEI(4.0),I,CHN,M,CP,IX,_Z,_Z,_Z,2023-05,114.78092170465798
DATAFLOW,OECD.SDD.STES:DSD_KEI@DF_KEI(4.0),I,CHN,M,CP,IX,_Z,_Z,_Z,2023-06,114.557829534192
DATAFLOW,OECD.SDD.STES:DSD_KEI@DF_KEI(4.0),I,CHN,M,CP,IX,_Z,_Z,_Z,2023-07,114.78092170465798
DATAFLOW,OECD.SDD.STES:DSD_KEI@DF_KEI(4.0),I,CHN,M,CP,IX,_Z,_Z,_Z,2023-08,115.115559960357
DATAFLOW,OECD.SDD.STES:DSD_KEI@DF_KEI(4.0),I,CHN,M,CP,IX,_Z,_Z,_Z,2023-09,115.338652130823
DATAFLOW,OECD.SDD.STES:DSD_KEI@DF_KEI(4.0),I,CHN,M,CP,IX,_Z,_Z,_Z,2023-10,115.22710604559
DATAFLOW,OECD.SDD.STES:DSD_KEI@DF_KEI(4.0),I,CHN,M,CP,IX,_Z,_Z,_Z,2023-11,114.669375619425
DATAFLOW,OECD.SDD.STES:DSD_KEI@DF_KEI(4.0),I,CHN,M,CP,IX,_Z,_Z,_Z,2023-12,114.78092170465798
DATAFLOW,OECD.SDD.STES:DSD_KEI@DF_KEI(4.0),I,CHN,M,CP,IX,_Z,_Z,_Z,2024-01,115.004013875124
DATAFLOW,OECD.SDD.STES:DSD_KEI@DF_KEI(4.0),I,CHN,M,CP,IX,_Z,_Z,_Z,2024-02,116.23102081268598
DATAFLOW,OECD.SDD.STES:DSD_KEI@DF_KEI(4.0),I,CHN,M,CP,IX,_Z,_Z,_Z,2024-03,115.22710604559
DATAFLOW,OECD.SDD.STES:DSD_KEI@DF_KEI(4.0),I,CHN,M,CP,IX,_Z,_Z,_Z,2024-04,115.115559960357
DATAFLOW,OECD.SDD.STES:DSD_KEI@DF_KEI(4.0),I,CHN,M,CP,IX,_Z,_Z,_Z,2024-05,115.115559960357
DATAFLOW,OECD.SDD.STES:DSD_KEI@DF_KEI(4.0),I,CHN,M,CP,IX,_Z,_Z,_Z,2024-06,114.78092170465798
DATAFLOW,OECD.SDD.STES:DSD_KEI@DF_KEI(4.0),I,CHN,M,CP,IX,_Z,_Z,_Z,2024-07,115.338652130823
DATAFLOW,OECD.SDD.STES:DSD_KEI@DF_KEI(4.0),I,CHN,M,CP,IX,_Z,_Z,_Z,2024-08,115.784836471754
DATAFLOW,OECD.SDD.STES:DSD_KEI@DF_KEI(4.0),I,CHN,M,CP,IX,_Z,_Z,_Z,2024-09,115.784836471754
DATAFLOW,OECD.SDD.STES:DSD_KEI@DF_KEI(4.0),I,CHN,M,CP,IX,_Z,_Z,_Z,2024-10,115.561744301288
DATAFLOW,OECD.SDD.STES:DSD_KEI@DF_KEI(4.0),I,CHN,M,CP,IX,_Z,_Z,_Z,2024-11,114.892467789891
DATAFLOW,OECD.SDD.STES:DSD_KEI@DF_KEI(4.0),I,CHN,M,CP,IX,_Z,_Z,_Z,2024-12,114.892467789891
DATAFLOW,OECD.SDD.STES:DSD_KEI@DF_KEI(4.0),I,CHN,M,CP,IX,_Z,_Z,_Z,2025-01,115.561744301288
DATAFLOW,OECD.SDD.STES:DSD_KEI@DF_KEI(4.0),I,CHN,M,CP,IX,_Z,_Z,_Z,2025-02,115.338652130823
DATAFLOW,OECD.SDD.STES:DSD_KEI@DF_KEI(4.0),I,CHN,M,CP,IX,_Z,_Z,_Z,2025-03,115.115559960357
DATAFLOW,OECD.SDD.STES:DSD_KEI@DF_KEI(4.0),I,CHN,M,CP,IX,_Z,_Z,_Z,2025-04,115.029714093162
DATAFLOW,OECD.SDD.STES:DSD_KEI@DF_KEI(4.0),I,CHN,M,CP,IX,_Z,_Z,_Z,2025-05,115.030285762721
DATAFLOW,OECD.SDD.STES:DSD_KEI@DF_KEI(4.0),I,CHN,M,CP,IX,_Z,_Z,_Z,2025-06,114.907326185783
DATAFLOW,OECD.SDD.STES:DSD_KEI@DF_KEI(4.0),I,CHN,M,CP,IX,_Z,_Z,_Z,2025-07,115.359154301288
DATAFLOW,OECD.SDD.STES:DSD_KEI@DF_KEI(4.0),I,GBR,M,CP,GR,_Z,_Z,GY,2013-03,2.5
DATAFLOW,OECD.SDD.STES:DSD_KEI@DF_KEI(4.0),I,GBR,M,CP,GR,_Z,_Z,GY,2013-04,2.2
DATAFLOW,OECD.SDD.STES:DSD_KEI@DF_KEI(4.0),I,GBR,M,CP,IX,_Z,_Z,_Z,2010-10,90.6
DATAFLOW,OECD.SDD.STES:DSD_KEI@DF_KEI(4.0),I,GBR,M,CP,IX,_Z,_Z,_Z,2010-11,90.9
DATAFLOW,OECD.SDD.STES:DSD_KEI@DF_KEI(4.0),I,GBR,M,CP,IX,_Z,_Z,_Z,2010-12,91.7
DATAFLOW,OECD.SDD.STES:DSD_KEI@DF_KEI(4.0),I,GBR,M,CP,IX,_Z,_Z,_Z,2011-01,91.8
DATAFLOW,OECD.SDD.STES:DSD_KEI@DF_KEI(4.0),I,GBR,M,CP,IX,_Z,_Z,_Z,2011-02,92.3
DATAFLOW,OECD.SDD.STES:DSD_KEI@DF_KEI(4.0),I,GBR,M,CP,IX,_Z,_Z,_Z,2011-04,93.3
DATAFLOW,OECD.SDD.STES:DSD_KEI@DF_KEI(4.0),I,GBR,M,CP,IX,_Z,_Z,_Z,2011-05,93.5
DATAFLOW,OECD.SDD.STES:DSD_KEI@DF_KEI(4.0),I,GBR,M,CP,IX,_Z,_Z,_Z,2011-06,93.5
DATAFLOW,OECD.SDD.STES:DSD_KEI@DF_KEI(4.0),I,GBR,M,CP,IX,_Z,_Z,_Z,2011-07,93.5
DATAFLOW,OECD.SDD.STES:DSD_KEI@DF_KEI(4.0),I,GBR,M,CP,IX,_Z,_Z,_Z,2011-09,94.5
DATAFLOW,OECD.SDD.STES:DSD_KEI@DF_KEI(4.0),I,GBR,M,CP,IX,_Z,_Z,_Z,2011-10,94.5
DATAFLOW,OECD.SDD.STES:DSD_KEI@DF_KEI(4.0),I,GBR,M,CP,IX,_Z,_Z,_Z,2011-12,95.0
DATAFLOW,OECD.SDD.STES:DSD_KEI@DF_KEI(4.0),I,GBR,M,CP,IX,_Z,_Z,_Z,2012-06,95.6
DATAFLOW,OECD.SDD.STES:DSD_KEI@DF_KEI(4.0),I,GBR,M,CP,IX,_Z,_Z,_Z,2012-08,96.1
DATAFLOW,OECD.SDD.STES:DSD_KEI@DF_KEI(4.0),I,GBR,M,CP,IX,_Z,_Z,_Z,2012-10,96.8
DATAFLOW,OECD.SDD.STES:DSD_KEI@DF_KEI(4.0),I,GBR,M,CP,IX,_Z,_Z,_Z,2012-11,97.0
DATAFLOW,OECD.SDD.STES:DSD_KEI@DF_KEI(4.0),I,GBR,M,CP,IX,_Z,_Z,_Z,2012-12,97.3
DATAFLOW,OECD.SDD.STES:DSD_KEI@DF_KEI(4.0),I,GBR,M,CP,IX,_Z,_Z,_Z,2013-01,97.0
DATAFLOW,OECD.SDD.STES:DSD_KEI@DF_KEI(4.0),I,GBR,M,CP,IX,_Z,_Z,_Z,2013-02,97.5
DATAFLOW,OECD.SDD.STES:DSD_KEI@DF_KEI(4.0),I,GBR,M,CP,IX,_Z,_Z,_Z,2013-03,97.8
DATAFLOW,OECD.SDD.STES:DSD_KEI@DF_KEI(4.0),I,GBR,M,CP,IX,_Z,_Z,_Z,2013-04,98.0
DATAFLOW,OECD.SDD.STES:DSD_KEI@DF_KEI(4.0),I,GBR,M,CP,IX,_Z,_Z,_Z,2013-05,98.2
DATAFLOW,OECD.SDD.STES:DSD_KEI@DF_KEI(4.0),I,GBR,M,CP,IX,_Z,_Z,_Z,2013-06,98.0
DATAFLOW,OECD.SDD.STES:DSD_KEI@DF_KEI(4.0),I,GBR,M,CP,IX,_Z,_Z,_Z,2013-07,98.0
DATAFLOW,OECD.SDD.STES:DSD_KEI@DF_KEI(4.0),I,GBR,M,CP,IX,_Z,_Z,_Z,2013-09,98.7
DATAFLOW,OECD.SDD.STES:DSD_KEI@DF_KEI(4.0),I,GBR,M,CP,IX,_Z,_Z,_Z,2013-10,98.8
DATAFLOW,OECD.SDD.STES:DSD_KEI@DF_KEI(4.0),I,GBR,M,CP,IX,_Z,_Z,_Z,2013-11,98.8
DATAFLOW,OECD.SDD.STES:DSD_KEI@DF_KEI(4.0),I,GBR,M,CP,IX,_Z,_Z,_Z,2013-12,99.2
DATAFLOW,OECD.SDD.STES:DSD_KEI@DF_KEI(4.0),I,GBR,M,CP,IX,_Z,_Z,_Z,2014-01,98.7
DATAFLOW,OECD.SDD.STES:DSD_KEI@DF_KEI(4.0),I,GBR,M,CP,IX,_Z,_Z,_Z,2014-02,99.1
DATAFLOW,OECD.SDD.STES:DSD_KEI@DF_KEI(4.0),I,GBR,M,CP,IX,_Z,_Z,_Z,2014-03,99.3
DATAFLOW,OECD.SDD.STES:DSD_KEI@DF_KEI(4.0),I,GBR,M,CP,IX,_Z,_Z,_Z,2014-04,99.6
DATAFLOW,OECD.SDD.STES:DSD_KEI@DF_KEI(4.0),I,GBR,M,CP,IX,_Z,_Z,_Z,2014-05,99.6
DATAFLOW,OECD.SDD.STES:DSD_KEI@DF_KEI(4.0),I,GBR,M,CP,IX,_Z,_Z,_Z,2014-06,99.8
DATAFLOW,OECD.SDD.STES:DSD_KEI@DF_KEI(4.0),I,GBR,M,CP,IX,_Z,_Z,_Z,2014-07,99.6
DATAFLOW,OECD.SDD.STES:DSD_KEI@DF_KEI(4.0),I,GBR,M,CP,IX,_Z,_Z,_Z,2014-09,100.0
DATAFLOW,OECD.SDD.STES:DSD_KEI@DF_KEI(4.0),I,GBR,M,CP,IX,_Z,_Z,_Z,2015-01,99.2
DATAFLOW,OECD.SDD.STES:DSD_KEI@DF_KEI(4.0),I,GBR,M,CP,IX,_Z,_Z,_Z,2015-02,99.5
DATAFLOW,OECD.SDD.STES:DSD_KEI@DF_KEI(4.0),I,GBR,M,CP,IX,_Z,_Z,_Z,2015-03,99.6
DATAFLOW,OECD.SDD.STES:DSD_KEI@DF_KEI(4.0),I,GBR,M,CP,GR,_Z,_Z,GY,2019-01,1.8
DATAFLOW,OECD.SDD.STES:DSD_KEI@DF_KEI(4.0),I,GBR,M,CP,GR,_Z,_Z,GY,2019-02,1.8
DATAFLOW,OECD.SDD.STES:DSD_KEI@DF_KEI(4.0),I,GBR,M,CP,GR,_Z,_Z,G1,2021-01,-0.1
DATAFLOW,OECD.SDD.STES:DSD_KEI@DF_KEI(4.0),I,GBR,M,CP,GR,_Z,_Z,G1,2023-11,-0.1
DATAFLOW,OECD.SDD.STES:DSD_KEI@DF_KEI(4.0),I,GBR,M,CP,GR,_Z,_Z,GY,2007-01,2.7
DATAFLOW,OECD.SDD.STES:DSD_KEI@DF_KEI(4.0),I,GBR,M,CP,GR,_Z,_Z,GY,2007-02,2.7
DATAFLOW,OECD.SDD.STES:DSD_KEI@DF_KEI(4.0),I,GBR,M,CP,GR,_Z,_Z,GY,2007-03,2.9
DATAFLOW,OECD.SDD.STES:DSD_KEI@DF_KEI(4.0),I,GBR,M,CP,GR,_Z,_Z,GY,2007-04,2.7
DATAFLOW,OECD.SDD.STES:DSD_KEI@DF_KEI(4.0),I,GBR,M,CP,GR,_Z,_Z,GY,2007-05,2.5
DATAFLOW,OECD.SDD.STES:DSD_KEI@DF_KEI(4.0),I,GBR,M,CP,GR,_Z,_Z,GY,2007-06,2.5
DATAFLOW,OECD.SDD.STES:DSD_KEI@DF_KEI(4.0),I,GBR,M,CP,GR,_Z,_Z,GY,2007-07,2.0
DATAFLOW,OECD.SDD.STES:DSD_KEI@DF_KEI(4.0),I,GBR,M,CP,GR,_Z,_Z,GY,2007-08,2.0
DATAFLOW,OECD.SDD.STES:DSD_KEI@DF_KEI(4.0),I,GBR,M,CP,GR,_Z,_Z,GY,2007-09,2.0
DATAFLOW,OECD.SDD.STES:DSD_KEI@DF_KEI(4.0),I,GBR,M,CP,GR,_Z,_Z,GY,2007-10,2.3
DATAFLOW,OECD.SDD.STES:DSD_KEI@DF_KEI(4.0),I,GBR,M,CP,GR,_Z,_Z,GY,2007-11,2.2
DATAFLOW,OECD.SDD.STES:DSD_KEI@DF_KEI(4.0),I,GBR,M,CP,GR,_Z,_Z,GY,2007-12,2.3
DATAFLOW,OECD.SDD.STES:DSD_KEI@DF_KEI(4.0),I,GBR,M,CP,GR,_Z,_Z,GY,2008-01,2.4
DATAFLOW,OECD.SDD.STES:DSD_KEI@DF_KEI(4.0),I,GBR,M,CP,GR,_Z,_Z,GY,2008-02,2.6
DATAFLOW,OECD.SDD.STES:DSD_KEI@DF_KEI(4.0),I,GBR,M,CP,GR,_Z,_Z,GY,2008-03,2.6
DATAFLOW,OECD.SDD.STES:DSD_KEI@DF_KEI(4.0),I,GBR,M,CP,GR,_Z,_Z,GY,2008-04,3.0
DATAFLOW,OECD.SDD.STES:DSD_KEI@DF_KEI(4.0),I,GBR,M,CP,GR,_Z,_Z,GY,2008-05,3.3
DATAFLOW,OECD.SDD.STES:DSD_KEI@DF_KEI(4.0),I,GBR,M,CP,GR,_Z,_Z,GY,2008-06,3.7
DATAFLOW,OECD.SDD.STES:DSD_KEI@DF_KEI(4.0),I,GBR,M,CP,GR,_Z,_Z,GY,2008-07,4.2
DATAFLOW,OECD.SDD.STES:DSD_KEI@DF_KEI(4.0),I,GBR,M,CP,GR,_Z,_Z,GY,2008-08,4.4
DATAFLOW,OECD.SDD.STES:DSD_KEI@DF_KEI(4.0),I,GBR,M,CP,GR,_Z,_Z,GY,2008-09,4.8
DATAFLOW,OECD.SDD.STES:DSD_KEI@DF_KEI(4.0),I,GBR,M,CP,GR,_Z,_Z,GY,2008-10,4.2
DATAFLOW,OECD.SDD.STES:DSD_KEI@DF_KEI(4.0),I,GBR,M,CP,GR,_Z,_Z,GY,2008-11,3.8
DATAFLOW,OECD.SDD.STES:DSD_KEI@DF_KEI(4.0),I,GBR,M,CP,GR,_Z,_Z,GY,2008-12,3.0
DATAFLOW,OECD.SDD.STES:DSD_KEI@DF_KEI(4.0),I,GBR,M,CP,GR,_Z,_Z,GY,2009-01,2.9
DATAFLOW,OECD.SDD.STES:DSD_KEI@DF_KEI(4.0),I,GBR,M,CP,GR,_Z,_Z,GY,2009-02,3.1
DATAFLOW,OECD.SDD.STES:DSD_KEI@DF_KEI(4.0),I,GBR,M,CP,GR,_Z,_Z,GY,2009-03,2.8
DATAFLOW,OECD.SDD.STES:DSD_KEI@DF_KEI(4.0),I,GBR,M,CP,GR,_Z,_Z,GY,2009-04,2.3
DATAFLOW,OECD.SDD.STES:DSD_KEI@DF_KEI(4.0),I,GBR,M,CP,GR,_Z,_Z,GY,2009-05,2.1
DATAFLOW,OECD.SDD.STES:DSD_KEI@DF_KEI(4.0),I,GBR,M,CP,GR,_Z,_Z,GY,2009-06,1.7
DATAFLOW,OECD.SDD.STES:DSD_KEI@DF_KEI(4.0),I,GBR,M,CP,GR,_Z,_Z,GY,2009-07,1.6
DATAFLOW,OECD.SDD.STES:DSD_KEI@DF_KEI(4.0),I,GBR,M,CP,GR,_Z,_Z,GY,2009-08,1.4
DATAFLOW,OECD.SDD.STES:DSD_KEI@DF_KEI(4.0),I,GBR,M,CP,GR,_Z,_Z,GY,2009-09,1.0
DATAFLOW,OECD.SDD.STES:DSD_KEI@DF_KEI(4.0),I,GBR,M,CP,GR,_Z,_Z,GY,2009-10,1.2
DATAFLOW,OECD.SDD.STES:DSD_KEI@DF_KEI(4.0),I,GBR,M,CP,GR,_Z,_Z,GY,2009-11,1.5
DATAFLOW,OECD.SDD.STES:DSD_KEI@DF_KEI(4.0),I,GBR,M,CP,GR,_Z,_Z,GY,2009-12,2.1
DATAFLOW,OECD.SDD.STES:DSD_KEI@DF_KEI(4.0),I,GBR,M,CP,GR,_Z,_Z,GY,2010-01,2.6
DATAFLOW,OECD.SDD.STES:DSD_KEI@DF_KEI(4.0),I,GBR,M,CP,GR,_Z,_Z,GY,2010-02,2.1
DATAFLOW,OECD.SDD.STES:DSD_KEI@DF_KEI(4.0),I,GBR,M,CP,GR,_Z,_Z,GY,2010-03,2.4
DATAFLOW,OECD.SDD.STES:DSD_KEI@DF_KEI(4.0),I,GBR,M,CP,GR,_Z,_Z,GY,2010-04,2.7
DATAFLOW,OECD.SDD.STES:DSD_KEI@DF_KEI(4.0),I,GBR,M,CP,GR,_Z,_Z,GY,2010-05,2.5
DATAFLOW,OECD.SDD.STES:DSD_KEI@DF_KEI(4.0),I,GBR,M,CP,GR,_Z,_Z,GY,2010-06,2.4
DATAFLOW,OECD.SDD.STES:DSD_KEI@DF_KEI(4.0),I,GBR,M,CP,GR,_Z,_Z,GY,2010-07,2.3
DATAFLOW,OECD.SDD.STES:DSD_KEI@DF_KEI(4.0),I,GBR,M,CP,GR,_Z,_Z,GY,2010-08,2.4
DATAFLOW,OECD.SDD.STES:DSD_KEI@DF_KEI(4.0),I,GBR,M,CP,GR,_Z,_Z,GY,2010-09,2.4
DATAFLOW,OECD.SDD.STES:DSD_KEI@DF_KEI(4.0),I,GBR,M,CP,GR,_Z,_Z,GY,2010-10,2.5
DATAFLOW,OECD.SDD.STES:DSD_KEI@DF_KEI(4.0),I,GBR,M,CP,GR,_Z,_Z,GY,2010-11,2.6
DATAFLOW,OECD.SDD.STES:DSD_KEI@DF_KEI(4.0),I,GBR,M,CP,GR,_Z,_Z,GY,2010-12,3.1
DATAFLOW,OECD.SDD.STES:DSD_KEI@DF_KEI(4.0),I,GBR,M,CP,GR,_Z,_Z,GY,2011-01,3.4
DATAFLOW,OECD.SDD.STES:DSD_KEI@DF_KEI(4.0),I,GBR,M,CP,GR,_Z,_Z,GY,2011-02,3.7
DATAFLOW,OECD.SDD.STES:DSD_KEI@DF_KEI(4.0),I,GBR,M,CP,GR,_Z,_Z,GY,2011-03,3.5
DATAFLOW,OECD.SDD.STES:DSD_KEI@DF_KEI(4.0),I,GBR,M,CP,GR,_Z,_Z,GY,2011-04,3.8
DATAFLOW,OECD.SDD.STES:DSD_KEI@DF_KEI(4.0),I,GBR,M,CP,GR,_Z,_Z,GY,2011-05,3.8
DATAFLOW,OECD.SDD.STES:DSD_KEI@DF_KEI(4.0),I,GBR,M,CP,GR,_Z,_Z,GY,2011-06,3.6
DATAFLOW,OECD.SDD.STES:DSD_KEI@DF_KEI(4.0),I,GBR,M,CP,GR,_Z,_Z,GY,2011-07,3.8
DATAFLOW,OECD.SDD.STES:DSD_KEI@DF_KEI(4.0),I,GBR,M,CP,GR,_Z,_Z,GY,2011-08,3.9
DATAFLOW,OECD.SDD.STES:DSD_KEI@DF_KEI(4.0),I,GBR,M,CP,GR,_Z,_Z,GY,2011-09,4.5
DATAFLOW,OECD.SDD.STES:DSD_KEI@DF_KEI(4.0),I,GBR,M,CP,GR,_Z,_Z,GY,2011-10,4.3
DATAFLOW,OECD.SDD.STES:DSD_KEI@DF_KEI(4.0),I,GBR,M,CP,GR,_Z,_Z,GY,2011-11,4.1
DATAFLOW,OECD.SDD.STES:DSD_KEI@DF_KEI(4.0),I,GBR,M,CP,GR,_Z,_Z,GY,2011-12,3.7
DATAFLOW,OECD.SDD.STES:DSD_KEI@DF_KEI(4.0),I,GBR,M,CP,GR,_Z,_Z,GY,2012-01,3.2
DATAFLOW,OECD.SDD.STES:DSD_KEI@DF_KEI(4.0),I,GBR,M,CP,GR,_Z,_Z,GY,2012-02,3.1
DATAFLOW,OECD.SDD.STES:DSD_KEI@DF_KEI(4.0),I,GBR,M,CP,GR,_Z,_Z,GY,2012-03,3.1
DATAFLOW,OECD.SDD.STES:DSD_KEI@DF_KEI(4.0),I,GBR,M,CP,GR,_Z,_Z,GY,2012-04,2.8
DATAFLOW,OECD.SDD.STES:DSD_KEI@DF_KEI(4.0),I,GBR,M,CP,GR,_Z,_Z,G1,2007-07,-0.5
DATAFLOW,OECD.SDD.STES:DSD_KEI@DF_KEI(4.0),I,GBR,M,CP,GR,_Z,_Z,G1,2008-01,-0.5
DATAFLOW,OECD.SDD.STES:DSD_KEI@DF_KEI(4.0),I,GBR,M,CP,GR,_Z,_Z,G1,2008-04,0.8
DATAFLOW,OECD.SDD.STES:DSD_KEI@DF_KEI(4.0),I,GBR,M,CP,GR,_Z,_Z,G1,2008-10,-0.2
DATAFLOW,OECD.SDD.STES:DSD_KEI@DF_KEI(4.0),I,GBR,M,CP,GR,_Z,_Z,G1,2008-12,-0.3
DATAFLOW,OECD.SDD.STES:DSD_KEI@DF_KEI(4.0),I,GBR,M,CP,GR,_Z,_Z,G1,2009-01,-0.6
DATAFLOW,OECD.SDD.STES:DSD_KEI@DF_KEI(4.0),I,GBR,M,CP,GR,_Z,_Z,G1,2009-02,0.7
DATAFLOW,OECD.SDD.STES:DSD_KEI@DF_KEI(4.0),I,GBR,M,CP,GR,_Z,_Z,G1,2010-01,-0.2
DATAFLOW,OECD.SDD.STES:DSD_KEI@DF_KEI(4.0),I,GBR,M,CP,GR,_Z,_Z,G1,2010-07,-0.2
DATAFLOW,OECD.SDD.STES:DSD_KEI@DF_KEI(4.0),I,GBR,M,CP,GR,_Z,_Z,G1,2010-12,0.8
DATAFLOW,OECD.SDD.STES:DSD_KEI@DF_KEI(4.0),I,GBR,M,CP,GR,_Z,_Z,G1,2011-04,0.8
DATAFLOW,OECD.SDD.STES:DSD_KEI@DF_KEI(4.0),I,GBR,M,CP,GR,_Z,_Z,G1,2012-01,-0.4
DATAFLOW,OECD.SDD.STES:DSD_KEI@DF_KEI(4.0),I,GBR,M,CP,GR,_Z,_Z,G1,2012-06,-0.3
DATAFLOW,OECD.SDD.STES:DSD_KEI@DF_KEI(4.0),I,GBR,M,CP,GR,_Z,_Z,G1,2013-01,-0.4
DATAFLOW,OECD.SDD.STES:DSD_KEI@DF_KEI(4.0),I,GBR,M,CP,GR,_Z,_Z,G1,2014-01,-0.5
DATAFLOW,OECD.SDD.STES:DSD_KEI@DF_KEI(4.0),I,GBR,M,CP,GR,_Z,_Z,G1,2014-07,-0.2
DATAFLOW,OECD.SDD.STES:DSD_KEI@DF_KEI(4.0),I,GBR,M,CP,GR,_Z,_Z,G1,2014-11,-0.2
DATAFLOW,OECD.SDD.STES:DSD_KEI@DF_KEI(4.0),I,GBR,M,CP,GR,_Z,_Z,G1,2015-01,-0.7
DATAFLOW,OECD.SDD.STES:DSD_KEI@DF_KEI(4.0),I,GBR,M,CP,GR,_Z,_Z,G1,2016-01,-0.6
DATAFLOW,OECD.SDD.STES:DSD_KEI@DF_KEI(4.0),I,GBR,M,CP,GR,_Z,_Z,G1,2017-01,-0.4
DATAFLOW,OECD.SDD.STES:DSD_KEI@DF_KEI(4.0),I,GBR,M,CP,GR,_Z,_Z,G1,2018-01,-0.4
DATAFLOW,OECD.SDD.STES:DSD_KEI@DF_KEI(4.0),I,GBR,M,CP,GR,_Z,_Z,G1,2018-06,0.0
DATAFLOW,OECD.SDD.STES:DSD_KEI@DF_KEI(4.0),I,GBR,M,CP,GR,_Z,_Z,G1,2018-07,0.0
DATAFLOW,OECD.SDD.STES:DSD_KEI@DF_KEI(4.0),I,GBR,M,CP,GR,_Z,_Z,G1,2019-06,0.0
DATAFLOW,OECD.SDD.STES:DSD_KEI@DF_KEI(4.0),I,GBR,M,CP,GR,_Z,_Z,G1,2019-07,0.0
DATAFLOW,OECD.SDD.STES:DSD_KEI@DF_KEI(4.0),I,GBR,M,CP,GR,_Z,_Z,G1,2019-12,0.0
DATAFLOW,OECD.SDD.STES:DSD_KEI@DF_KEI(4.0),I,GBR,M,CP,GR,_Z,_Z,G1,2020-03,0.0
DATAFLOW,OECD.SDD.STES:DSD_KEI@DF_KEI(4.0),I,GBR,M,CP,GR,_Z,_Z,G1,2020-04,0.0
DATAFLOW,OECD.SDD.STES:DSD_KEI@DF_KEI(4.0),I,GBR,M,CP,GR,_Z,_Z,G1,2020-05,0.0
DATAFLOW,OECD.SDD.STES:DSD_KEI@DF_KEI(4.0),I,GBR,M,CP,IX,_Z,_Z,_Z,2021-10,113.4
DATAFLOW,OECD.SDD.STES:DSD_KEI@DF_KEI(4.0),I,GBR,M,CP,IX,_Z,_Z,_Z,2019-06,107.9
DATAFLOW,OECD.SDD.STES:DSD_KEI@DF_KEI(4.0),I,JPN,M,CP,IX,_Z,_Z,_Z,2014-06,99.7709340799186
DATAFLOW,OECD.SDD.STES:DSD_KEI@DF_KEI(4.0),I,JPN,M,CP,IX,_Z,_Z,_Z,2014-07,99.8727411555103
DATAFLOW,OECD.SDD.STES:DSD_KEI@DF_KEI(4.0),I,JPN,M,CP,IX,_Z,_Z,_Z,2014-08,100.076355306694
DATAFLOW,OECD.SDD.STES:DSD_KEI@DF_KEI(4.0),I,JPN,M,CP,IX,_Z,_Z,_Z,2014-09,100.279969457877
DATAFLOW,OECD.SDD.STES:DSD_KEI@DF_KEI(4.0),I,JPN,M,CP,IX,_Z,_Z,_Z,2014-10,99.9745482311021
DATAFLOW,OECD.SDD.STES:DSD_KEI@DF_KEI(4.0),I,JPN,M,CP,IX,_Z,_Z,_Z,2014-11,99.6691270043268
DATAFLOW,OECD.SDD.STES:DSD_KEI@DF_KEI(4.0),I,JPN,M,CP,IX,_Z,_Z,_Z,2014-12,99.6691270043268
DATAFLOW,OECD.SDD.STES:DSD_KEI@DF_KEI(4.0),I,JPN,M,CP,IX,_Z,_Z,_Z,2015-01,99.5673199287351
DATAFLOW,OECD.SDD.STES:DSD_KEI@DF_KEI(4.0),I,JPN,M,CP,IX,_Z,_Z,_Z,2015-02,99.3637057775515
DATAFLOW,OECD.SDD.STES:DSD_KEI@DF_KEI(4.0),I,JPN,M,CP,IX,_Z,_Z,_Z,2015-03,99.6691270043268
DATAFLOW,OECD.SDD.STES:DSD_KEI@DF_KEI(4.0),I,JPN,M,CP,IX,_Z,_Z,_Z,2015-04,100.178162382286
DATAFLOW,OECD.SDD.STES:DSD_KEI@DF_KEI(4.0),I,JPN,M,CP,IX,_Z,_Z,_Z,2015-05,100.483583609061
DATAFLOW,OECD.SDD.STES:DSD_KEI@DF_KEI(4.0),I,JPN,M,CP,IX,_Z,_Z,_Z,2015-06,100.178162382286
DATAFLOW,OECD.SDD.STES:DSD_KEI@DF_KEI(4.0),I,JPN,M,CP,IX,_Z,_Z,_Z,2015-07,100.076355306694
DATAFLOW,OECD.SDD.STES:DSD_KEI@DF_KEI(4.0),I,JPN,M,CP,IX,_Z,_Z,_Z,2015-08,100.178162382286
DATAFLOW,OECD.SDD.STES:DSD_KEI@DF_KEI(4.0),I,JPN,M,CP,IX,_Z,_Z,_Z,2015-09,100.279969457877
DATAFLOW,OECD.SDD.STES:DSD_KEI@DF_KEI(4.0),I,JPN,M,CP,IX,_Z,_Z,_Z,2015-10,100.279969457877
DATAFLOW,OECD.SDD.STES:DSD_KEI@DF_KEI(4.0),I,JPN,M,CP,IX,_Z,_Z,_Z,2015-11,99.8727411555103
DATAFLOW,OECD.SDD.STES:DSD_KEI@DF_KEI(4.0),I,JPN,M,CP,IX,_Z,_Z,_Z,2015-12,99.8727411555103
DATAFLOW,OECD.SDD.STES:DSD_KEI@DF_KEI(4.0),I,GBR,M,CP,IX,_Z,_Z,_Z,2007-04,83.1
DATAFLOW,OECD.SDD.STES:DSD_KEI@DF_KEI(4.0),I,GBR,M,CP,IX,_Z,_Z,_Z,2007-05,83.3
DATAFLOW,OECD.SDD.STES:DSD_KEI@DF_KEI(4.0),I,GBR,M,CP,IX,_Z,_Z,_Z,2007-06,83.5
DATAFLOW,OECD.SDD.STES:DSD_KEI@DF_KEI(4.0),I,GBR,M,CP,IX,_Z,_Z,_Z,2007-07,83.1
DATAFLOW,OECD.SDD.STES:DSD_KEI@DF_KEI(4.0),I,GBR,M,CP,IX,_Z,_Z,_Z,2007-09,83.5
DATAFLOW,OECD.SDD.STES:DSD_KEI@DF_KEI(4.0),I,GBR,M,CP,IX,_Z,_Z,_Z,2007-10,83.8
DATAFLOW,OECD.SDD.STES:DSD_KEI@DF_KEI(4.0),I,GBR,M,CP,IX,_Z,_Z,_Z,2007-11,84.1
DATAFLOW,OECD.SDD.STES:DSD_KEI@DF_KEI(4.0),I,GBR,M,CP,IX,_Z,_Z,_Z,2007-12,84.5
DATAFLOW,OECD.SDD.STES:DSD_KEI@DF_KEI(4.0),I,GBR,M,CP,IX,_Z,_Z,_Z,2008-01,84.1
DATAFLOW,OECD.SDD.STES:DSD_KEI@DF_KEI(4.0),I,GBR,M,CP,IX,_Z,_Z,_Z,2008-02,84.6
DATAFLOW,OECD.SDD.STES:DSD_KEI@DF_KEI(4.0),I,GBR,M,CP,IX,_Z,_Z,_Z,2008-04,85.6
DATAFLOW,OECD.SDD.STES:DSD_KEI@DF_KEI(4.0),I,GBR,M,CP,IX,_Z,_Z,_Z,2008-05,86.1
DATAFLOW,OECD.SDD.STES:DSD_KEI@DF_KEI(4.0),I,GBR,M,CP,GR,_Z,_Z,G1,2025-02,0.4
DATAFLOW,OECD.SDD.STES:DSD_KEI@DF_KEI(4.0),I,GBR,M,CP,GR,_Z,_Z,G1,2025-03,0.3
DATAFLOW,OECD.SDD.STES:DSD_KEI@DF_KEI(4.0),I,GBR,M,CP,GR,_Z,_Z,G1,2025-04,1.2
DATAFLOW,OECD.SDD.STES:DSD_KEI@DF_KEI(4.0),I,GBR,M,CP,GR,_Z,_Z,G1,2025-05,0.2
DATAFLOW,OECD.SDD.STES:DSD_KEI@DF_KEI(4.0),I,GBR,M,CP,GR,_Z,_Z,G1,2025-06,0.3
DATAFLOW,OECD.SDD.STES:DSD_KEI@DF_KEI(4.0),I,GBR,M,CP,GR,_Z,_Z,G1,2025-08,0.3
DATAFLOW,OECD.SDD.STES:DSD_KEI@DF_KEI(4.0),I,GBR,M,CP,GR,_Z,_Z,G1,2007-10,0.4
DATAFLOW,OECD.SDD.STES:DSD_KEI@DF_KEI(4.0),I,GBR,M,CP,GR,_Z,_Z,G1,2008-03,0.4
DATAFLOW,OECD.SDD.STES:DSD_KEI@DF_KEI(4.0),I,GBR,M,CP,GR,_Z,_Z,G1,2008-09,0.4
DATAFLOW,OECD.SDD.STES:DSD_KEI@DF_KEI(4.0),I,GBR,M,CP,GR,_Z,_Z,G1,2009-05,0.4
DATAFLOW,OECD.SDD.STES:DSD_KEI@DF_KEI(4.0),I,GBR,M,CP,GR,_Z,_Z,G1,2009-12,0.4
DATAFLOW,OECD.SDD.STES:DSD_KEI@DF_KEI(4.0),I,GBR,M,CP,GR,_Z,_Z,G1,2010-03,0.4
DATAFLOW,OECD.SDD.STES:DSD_KEI@DF_KEI(4.0),I,GBR,M,CP,GR,_Z,_Z,G1,2010-08,0.4
DATAFLOW,OECD.SDD.STES:DSD_KEI@DF_KEI(4.0),I,GBR,M,CP,GR,_Z,_Z,G1,2011-12,0.4
DATAFLOW,OECD.SDD.STES:DSD_KEI@DF_KEI(4.0),I,GBR,M,CP,GR,_Z,_Z,G1,2012-08,0.4
DATAFLOW,OECD.SDD.STES:DSD_KEI@DF_KEI(4.0),I,GBR,M,CP,GR,_Z,_Z,G1,2012-09,0.4
DATAFLOW,OECD.SDD.STES:DSD_KEI@DF_KEI(4.0),I,GBR,M,CP,GR,_Z,_Z,G1,2012-10,0.4
DATAFLOW,OECD.SDD.STES:DSD_KEI@DF_KEI(4.0),I,GBR,M,CP,GR,_Z,_Z,G1,2012-12,0.4
DATAFLOW,OECD.SDD.STES:DSD_KEI@DF_KEI(4.0),I,GBR,M,CP,GR,_Z,_Z,G1,2013-08,0.4
DATAFLOW,OECD.SDD.STES:DSD_KEI@DF_KEI(4.0),I,GBR,M,CP,GR,_Z,_Z,G1,2013-12,0.4
DATAFLOW,OECD.SDD.STES:DSD_KEI@DF_KEI(4.0),I,GBR,M,CP,GR,_Z,_Z,G1,2014-02,0.4
DATAFLOW,OECD.SDD.STES:DSD_KEI@DF_KEI(4.0),I,GBR,M,CP,GR,_Z,_Z,GY,2015-02,0.4
DATAFLOW,OECD.SDD.STES:DSD_KEI@DF_KEI(4.0),I,GBR,M,CP,GR,_Z,_Z,GY,2015-05,0.4
DATAFLOW,OECD.SDD.STES:DSD_KEI@DF_KEI(4.0),I,GBR,M,CP,GR,_Z,_Z,GY,2015-08,0.4
DATAFLOW,OECD.SDD.STES:DSD_KEI@DF_KEI(4.0),I,GBR,M,CP,GR,_Z,_Z,GY,2015-11,0.4
DATAFLOW,OECD.SDD.STES:DSD_KEI@DF_KEI(4.0),I,GBR,M,CP,GR,_Z,_Z,G1,2016-12,0.4
DATAFLOW,OECD.SDD.STES:DSD_KEI@DF_KEI(4.0),I,GBR,M,CP,GR,_Z,_Z,G1,2018-02,0.4
DATAFLOW,OECD.SDD.STES:DSD_KEI@DF_KEI(4.0),I,GBR,M,CP,GR,_Z,_Z,G1,2018-04,0.4
DATAFLOW,OECD.SDD.STES:DSD_KEI@DF_KEI(4.0),I,GBR,M,CP,GR,_Z,_Z,G1,2019-02,0.4
DATAFLOW,OECD.SDD.STES:DSD_KEI@DF_KEI(4.0),I,GBR,M,CP,GR,_Z,_Z,G1,2020-07,0.4
DATAFLOW,OECD.SDD.STES:DSD_KEI@DF_KEI(4.0),I,GBR,M,CP,GR,_Z,_Z,G1,2020-09,0.4
DATAFLOW,OECD.SDD.STES:DSD_KEI@DF_KEI(4.0),I,GBR,M,CP,GR,_Z,_Z,G1,2021-06,0.4
DATAFLOW,OECD.SDD.STES:DSD_KEI@DF_KEI(4.0),I,GBR,M,CP,GR,_Z,_Z,G1,2022-09,0.4
DATAFLOW,OECD.SDD.STES:DSD_KEI@DF_KEI(4.0),I,GBR,M,CP,GR,_Z,_Z,G1,2022-11,0.4
DATAFLOW,OECD.SDD.STES:DSD_KEI@DF_KEI(4.0),I,GBR,M,CP,GR,_Z,_Z,G1,2022-12,0.4
DATAFLOW,OECD.SDD.STES:DSD_KEI@DF_KEI(4.0),I,GBR,M,CP,GR,_Z,_Z,G1,2023-08,0.4
DATAFLOW,OECD.SDD.STES:DSD_KEI@DF_KEI(4.0),I,GBR,M,CP,GR,_Z,_Z,GY,2015-03,0.3
DATAFLOW,OECD.SDD.STES:DSD_KEI@DF_KEI(4.0),I,GBR,M,CP,GR,_Z,_Z,GY,2015-04,0.3
DATAFLOW,OECD.SDD.STES:DSD_KEI@DF_KEI(4.0),I,GBR,M,CP,GR,_Z,_Z,GY,2015-06,0.3
DATAFLOW,OECD.SDD.STES:DSD_KEI@DF_KEI(4.0),I,GBR,M,CP,GR,_Z,_Z,G1,2007-12,0.5
DATAFLOW,OECD.SDD.STES:DSD_KEI@DF_KEI(4.0),I,GBR,M,CP,GR,_Z,_Z,G1,2008-08,0.5
DATAFLOW,OECD.SDD.STES:DSD_KEI@DF_KEI(4.0),I,GBR,M,CP,GR,_Z,_Z,G1,2010-04,0.5
DATAFLOW,OECD.SDD.STES:DSD_KEI@DF_KEI(4.0),I,GBR,M,CP,GR,_Z,_Z,G1,2011-08,0.5
DATAFLOW,OECD.SDD.STES:DSD_KEI@DF_KEI(4.0),I,GBR,M,CP,GR,_Z,_Z,G1,2012-02,0.5
DATAFLOW,OECD.SDD.STES:DSD_KEI@DF_KEI(4.0),I,GBR,M,CP,GR,_Z,_Z,G1,2012-04,0.5
DATAFLOW,OECD.SDD.STES:DSD_KEI@DF_KEI(4.0),I,GBR,M,CP,GR,_Z,_Z,GY,2015-01,0.5
DATAFLOW,OECD.SDD.STES:DSD_KEI@DF_KEI(4.0),I,GBR,M,CP,GR,_Z,_Z,GY,2015-07,0.5
DATAFLOW,OECD.SDD.STES:DSD_KEI@DF_KEI(4.0),I,GBR,M,CP,GR,_Z,_Z,GY,2015-12,0.5
DATAFLOW,OECD.SDD.STES:DSD_KEI@DF_KEI(4.0),I,GBR,M,CP,GR,_Z,_Z,G1,2017-04,0.5
DATAFLOW,OECD.SDD.STES:DSD_KEI@DF_KEI(4.0),I,GBR,M,CP,GR,_Z,_Z,G1,2017-08,0.5
DATAFLOW,OECD.SDD.STES:DSD_KEI@DF_KEI(4.0),I,GBR,M,CP,GR,_Z,_Z,GY,2020-08,0.5
DATAFLOW,OECD.SDD.STES:DSD_KEI@DF_KEI(4.0),I,GBR,M,CP,GR,_Z,_Z,G1,2021-05,0.5
DATAFLOW,OECD.SDD.STES:DSD_KEI@DF_KEI(4.0),I,GBR,M,CP,GR,_Z,_Z,G1,2021-12,0.5
DATAFLOW,OECD.SDD.STES:DSD_KEI@DF_KEI(4.0),I,GBR,M,CP,GR,_Z,_Z,G1,2022-08,0.5
DATAFLOW,OECD.SDD.STES:DSD_KEI@DF_KEI(4.0),I,GBR,M,CP,GR,_Z,_Z,G1,2023-09,0.5
DATAFLOW,OECD.SDD.STES:DSD_KEI@DF_KEI(4.0),I,GBR,M,CP,GR,_Z,_Z,G1,2007-09,0.1
DATAFLOW,OECD.SDD.STES:DSD_KEI@DF_KEI(4.0),I,GBR,M,CP,GR,_Z,_Z,G1,2009-03,0.1
DATAFLOW,OECD.SDD.STES:DSD_KEI@DF_KEI(4.0),I,GBR,M,CP,GR,_Z,_Z,G1,2009-10,0.1
DATAFLOW,OECD.SDD.STES:DSD_KEI@DF_KEI(4.0),I,GBR,M,CP,GR,_Z,_Z,G1,2010-06,0.1
DATAFLOW,OECD.SDD.STES:DSD_KEI@DF_KEI(4.0),I,GBR,M,CP,GR,_Z,_Z,G1,2011-01,0.1
DATAFLOW,OECD.SDD.STES:DSD_KEI@DF_KEI(4.0),I,GBR,M,CP,GR,_Z,_Z,G1,2011-10,0.1
DATAFLOW,OECD.SDD.STES:DSD_KEI@DF_KEI(4.0),I,GBR,M,CP,GR,_Z,_Z,G1,2011-11,0.1
DATAFLOW,OECD.SDD.STES:DSD_KEI@DF_KEI(4.0),I,GBR,M,CP,GR,_Z,_Z,G1,2012-07,0.1
DATAFLOW,OECD.SDD.STES:DSD_KEI@DF_KEI(4.0),I,GBR,M,CP,GR,_Z,_Z,G1,2012-11,0.1
DATAFLOW,OECD.SDD.STES:DSD_KEI@DF_KEI(4.0),I,GBR,M,CP,GR,_Z,_Z,G1,2013-10,0.1
DATAFLOW,OECD.SDD.STES:DSD_KEI@DF_KEI(4.0),I,GBR,M,CP,GR,_Z,_Z,G1,2013-11,0.1
DATAFLOW,OECD.SDD.STES:DSD_KEI@DF_KEI(4.0),I,GBR,M,CP,GR,_Z,_Z,G1,2014-10,0.1
DATAFLOW,OECD.SDD.STES:DSD_KEI@DF_KEI(4.0),I,GBR,M,CP,GR,_Z,_Z,G1,2015-06,0.1
DATAFLOW,OECD.SDD.STES:DSD_KEI@DF_KEI(4.0),I,GBR,M,CP,GR,_Z,_Z,G1,2015-10,0.1
DATAFLOW,OECD.SDD.STES:DSD_KEI@DF_KEI(4.0),I,GBR,M,CP,GR,_Z,_Z,G1,2015-12,0.1
DATAFLOW,OECD.SDD.STES:DSD_KEI@DF_KEI(4.0),I,GBR,M,CP,GR,_Z,_Z,G1,2016-10,0.1
DATAFLOW,OECD.SDD.STES:DSD_KEI@DF_KEI(4.0),I,GBR,M,CP,GR,_Z,_Z,G1,2017-10,0.1
DATAFLOW,OECD.SDD.STES:DSD_KEI@DF_KEI(4.0),I,GBR,M,CP,GR,_Z,_Z,G1,2018-03,0.1
DATAFLOW,OECD.SDD.STES:DSD_KEI@DF_KEI(4.0),I,GBR,M,CP,GR,_Z,_Z,G1,2018-09,0.1
DATAFLOW,OECD.SDD.STES:DSD_KEI@DF_KEI(4.0),I,GBR,M,CP,GR,_Z,_Z,G1,2018-10,0.1
DATAFLOW,OECD.SDD.STES:DSD_KEI@DF_KEI(4.0),I,GBR,M,CP,GR,_Z,_Z,G1,2018-12,0.1
DATAFLOW,OECD.SDD.STES:DSD_KEI@DF_KEI(4.0),I,GBR,M,CP,GR,_Z,_Z,G1,2019-09,0.1
DATAFLOW,OECD.SDD.STES:DSD_KEI@DF_KEI(4.0),I,GBR,M,CP,GR,_Z,_Z,G1,2020-06,0.1
DATAFLOW,OECD.SDD.STES:DSD_KEI@DF_KEI(4.0),I,GBR,M,CP,GR,_Z,_Z,G1,2021-02,0.1
DATAFLOW,OECD.SDD.STES:DSD_KEI@DF_KEI(4.0),I,GBR,M,CP,GR,_Z,_Z,G1,2023-10,0.1
DATAFLOW,OECD.SDD.STES:DSD_KEI@DF_KEI(4.0),I,GBR,M,CP,GR,_Z,_Z,G1,2007-06,0.2
DATAFLOW,OECD.SDD.STES:DSD_KEI@DF_KEI(4.0),I,GBR,M,CP,GR,_Z,_Z,G1,2009-06,0.2
DATAFLOW,OECD.SDD.STES:DSD_KEI@DF_KEI(4.0),I,GBR,M,CP,GR,_Z,_Z,G1,2009-11,0.2
DATAFLOW,OECD.SDD.STES:DSD_KEI@DF_KEI(4.0),I,GBR,M,CP,GR,_Z,_Z,G1,2010-05,0.2
DATAFLOW,OECD.SDD.STES:DSD_KEI@DF_KEI(4.0),I,GBR,M,CP,GR,_Z,_Z,G1,2010-10,0.2
DATAFLOW,OECD.SDD.STES:DSD_KEI@DF_KEI(4.0),I,GBR,M,CP,GR,_Z,_Z,G1,2011-05,0.2
DATAFLOW,OECD.SDD.STES:DSD_KEI@DF_KEI(4.0),I,GBR,M,CP,GR,_Z,_Z,G1,2013-04,0.2
DATAFLOW,OECD.SDD.STES:DSD_KEI@DF_KEI(4.0),I,GBR,M,CP,GR,_Z,_Z,G1,2013-05,0.2
DATAFLOW,OECD.SDD.STES:DSD_KEI@DF_KEI(4.0),I,GBR,M,CP,GR,_Z,_Z,G1,2014-03,0.2
DATAFLOW,OECD.SDD.STES:DSD_KEI@DF_KEI(4.0),I,GBR,M,CP,GR,_Z,_Z,G1,2014-06,0.2
DATAFLOW,OECD.SDD.STES:DSD_KEI@DF_KEI(4.0),I,GBR,M,CP,GR,_Z,_Z,G1,2015-02,0.2
DATAFLOW,OECD.SDD.STES:DSD_KEI@DF_KEI(4.0),I,GBR,M,CP,GR,_Z,_Z,G1,2015-03,0.2
DATAFLOW,OECD.SDD.STES:DSD_KEI@DF_KEI(4.0),I,GBR,M,CP,GR,_Z,_Z,G1,2015-05,0.2
DATAFLOW,OECD.SDD.STES:DSD_KEI@DF_KEI(4.0),I,GBR,M,CP,GR,_Z,_Z,G1,2015-08,0.2
DATAFLOW,OECD.SDD.STES:DSD_KEI@DF_KEI(4.0),I,GBR,M,CP,GR,_Z,_Z,GY,2015-09,0.2
DATAFLOW,OECD.SDD.STES:DSD_KEI@DF_KEI(4.0),I,GBR,M,CP,GR,_Z,_Z,GY,2012-05,2.5
DATAFLOW,OECD.SDD.STES:DSD_KEI@DF_KEI(4.0),I,GBR,M,CP,GR,_Z,_Z,GY,2012-06,2.3
DATAFLOW,OECD.SDD.STES:DSD_KEI@DF_KEI(4.0),I,GBR,M,CP,GR,_Z,_Z,GY,2012-07,2.4
DATAFLOW,OECD.SDD.STES:DSD_KEI@DF_KEI(4.0),I,GBR,M,CP,GR,_Z,_Z,GY,2012-08,2.3
DATAFLOW,OECD.SDD.STES:DSD_KEI@DF_KEI(4.0),I,GBR,M,CP,GR,_Z,_Z,GY,2012-09,2.1
DATAFLOW,OECD.SDD.STES:DSD_KEI@DF_KEI(4.0),I,GBR,M,CP,GR,_Z,_Z,GY,2012-10,2.4
DATAFLOW,OECD.SDD.STES:DSD_KEI@DF_KEI(4.0),I,GBR,M,CP,GR,_Z,_Z,GY,2012-11,2.4
DATAFLOW,OECD.SDD.STES:DSD_KEI@DF_KEI(4.0),I,GBR,M,CP,GR,_Z,_Z,GY,2012-12,2.4
DATAFLOW,OECD.SDD.STES:DSD_KEI@DF_KEI(4.0),I,GBR,M,CP,GR,_Z,_Z,GY,2013-01,2.4
DATAFLOW,OECD.SDD.STES:DSD_KEI@DF_KEI(4.0),I,GBR,M,CP,GR,_Z,_Z,GY,2013-02,2.5
DATAFLOW,OECD.SDD.STES:DSD_KEI@DF_KEI(4.0),I,GBR,M,CP,IX,_Z,_Z,_Z,2010-09,90.4
DATAFLOW,OECD.SDD.STES:DSD_KEI@DF_KEI(4.0),I,JPN,M,CP,IX,_Z,_Z,_Z,2019-08,101.807075591754
DATAFLOW,OECD.SDD.STES:DSD_KEI@DF_KEI(4.0),I,JPN,M,CP,IX,_Z,_Z,_Z,2019-09,101.90888266734498
DATAFLOW,OECD.SDD.STES:DSD_KEI@DF_KEI(4.0),I,JPN,M,CP,IX,_Z,_Z,_Z,2019-10,102.214303894121
DATAFLOW,OECD.SDD.STES:DSD_KEI@DF_KEI(4.0),I,JPN,M,CP,IX,_Z,_Z,_Z,2019-11,102.316110969712
DATAFLOW,OECD.SDD.STES:DSD_KEI@DF_KEI(4.0),I,JPN,M,CP,IX,_Z,_Z,_Z,2019-12,102.316110969712
DATAFLOW,OECD.SDD.STES:DSD_KEI@DF_KEI(4.0),I,JPN,M,CP,IX,_Z,_Z,_Z,2020-01,102.316110969712
DATAFLOW,OECD.SDD.STES:DSD_KEI@DF_KEI(4.0),I,JPN,M,CP,IX,_Z,_Z,_Z,2020-02,102.112496818529
DATAFLOW,OECD.SDD.STES:DSD_KEI@DF_KEI(4.0),I,JPN,M,CP,IX,_Z,_Z,_Z,2020-03,102.112496818529
DATAFLOW,OECD.SDD.STES:DSD_KEI@DF_KEI(4.0),I,JPN,M,CP,IX,_Z,_Z,_Z,2020-04,102.010689742937
DATAFLOW,OECD.SDD.STES:DSD_KEI@DF_KEI(4.0),I,JPN,M,CP,IX,_Z,_Z,_Z,2020-05,101.90888266734498
DATAFLOW,OECD.SDD.STES:DSD_KEI@DF_KEI(4.0),I,JPN,M,CP,IX,_Z,_Z,_Z,2020-06,101.705268516162
DATAFLOW,OECD.SDD.STES:DSD_KEI@DF_KEI(4.0),I,JPN,M,CP,IX,_Z,_Z,_Z,2020-07,101.807075591754
DATAFLOW,OECD.SDD.STES:DSD_KEI@DF_KEI(4.0),I,JPN,M,CP,IX,_Z,_Z,_Z,2020-08,101.90888266734498
DATAFLOW,OECD.SDD.STES:DSD_KEI@DF_KEI(4.0),I,JPN,M,CP,IX,_Z,_Z,_Z,2020-09,101.705268516162
DATAFLOW,OECD.SDD.STES:DSD_KEI@DF_KEI(4.0),I,JPN,M,CP,IX,_Z,_Z,_Z,2020-10,101.60346144057
DATAFLOW,OECD.SDD.STES:DSD_KEI@DF_KEI(4.0),I,JPN,M,CP,IX,_Z,_Z,_Z,2020-11,101.298040213795
DATAFLOW,OECD.SDD.STES:DSD_KEI@DF_KEI(4.0),I,JPN,M,CP,IX,_Z,_Z,_Z,2020-12,101.094426062611
DATAFLOW,OECD.SDD.STES:DSD_KEI@DF_KEI(4.0),I,JPN,M,CP,IX,_Z,_Z,_Z,2021-01,101.60346144057
DATAFLOW,OECD.SDD.STES:DSD_KEI@DF_KEI(4.0),I,JPN,M,CP,IX,_Z,_Z,_Z,2021-02,101.60346144057
DATAFLOW,OECD.SDD.STES:DSD_KEI@DF_KEI(4.0),I,JPN,M,CP,IX,_Z,_Z,_Z,2021-03,101.705268516162
DATAFLOW,OECD.SDD.STES:DSD_KEI@DF_KEI(4.0),I,JPN,M,CP,IX,_Z,_Z,_Z,2021-04,100.890811911428
DATAFLOW,OECD.SDD.STES:DSD_KEI@DF_KEI(4.0),I,JPN,M,CP,IX,_Z,_Z,_Z,2021-05,101.196233138203
DATAFLOW,OECD.SDD.STES:DSD_KEI@DF_KEI(4.0),I,JPN,M,CP,IX,_Z,_Z,_Z,2021-06,101.298040213795
DATAFLOW,OECD.SDD.STES:DSD_KEI@DF_KEI(4.0),I,JPN,M,CP,GR,_Z,_Z,GY,2012-02,0.3
DATAFLOW,OECD.SDD.STES:DSD_KEI@DF_KEI(4.0),I,GBR,M,CP,IX,_Z,_Z,_Z,2015-07,100.0
DATAFLOW,OECD.SDD.STES:DSD_KEI@DF_KEI(4.0),I,GBR,M,CP,IX,_Z,_Z,_Z,2015-09,100.2
DATAFLOW,OECD.SDD.STES:DSD_KEI@DF_KEI(4.0),I,GBR,M,CP,IX,_Z,_Z,_Z,2016-04,100.6
DATAFLOW,OECD.SDD.STES:DSD_KEI@DF_KEI(4.0),I,GBR,M,CP,IX,_Z,_Z,_Z,2016-05,100.8
DATAFLOW,OECD.SDD.STES:DSD_KEI@DF_KEI(4.0),I,GBR,M,CP,IX,_Z,_Z,_Z,2016-06,101.0
DATAFLOW,OECD.SDD.STES:DSD_KEI@DF_KEI(4.0),I,GBR,M,CP,IX,_Z,_Z,_Z,2016-08,101.2
DATAFLOW,OECD.SDD.STES:DSD_KEI@DF_KEI(4.0),I,GBR,M,CP,IX,_Z,_Z,_Z,2016-10,101.6
DATAFLOW,OECD.SDD.STES:DSD_KEI@DF_KEI(4.0),I,GBR,M,CP,IX,_Z,_Z,_Z,2016-11,101.8
DATAFLOW,OECD.SDD.STES:DSD_KEI@DF_KEI(4.0),I,GBR,M,CP,IX,_Z,_Z,_Z,2016-12,102.2
DATAFLOW,OECD.SDD.STES:DSD_KEI@DF_KEI(4.0),I,GBR,M,CP,IX,_Z,_Z,_Z,2017-01,101.8
DATAFLOW,OECD.SDD.STES:DSD_KEI@DF_KEI(4.0),I,GBR,M,CP,IX,_Z,_Z,_Z,2017-02,102.4
DATAFLOW,OECD.SDD.STES:DSD_KEI@DF_KEI(4.0),I,GBR,M,CP,IX,_Z,_Z,_Z,2017-04,103.2
DATAFLOW,OECD.SDD.STES:DSD_KEI@DF_KEI(4.0),I,GBR,M,CP,IX,_Z,_Z,_Z,2017-08,104.0
DATAFLOW,OECD.SDD.STES:DSD_KEI@DF_KEI(4.0),I,GBR,M,CP,IX,_Z,_Z,_Z,2017-09,104.3
DATAFLOW,OECD.SDD.STES:DSD_KEI@DF_KEI(4.0),I,GBR,M,CP,IX,_Z,_Z,_Z,2017-10,104.4
DATAFLOW,OECD.SDD.STES:DSD_KEI@DF_KEI(4.0),I,GBR,M,CP,IX,_Z,_Z,_Z,2017-12,105.0
DATAFLOW,OECD.SDD.STES:DSD_KEI@DF_KEI(4.0),I,GBR,M,CP,IX,_Z,_Z,_Z,2018-03,105.1
DATAFLOW,OECD.SDD.STES:DSD_KEI@DF_KEI(4.0),I,GBR,M,CP,IX,_Z,_Z,_Z,2018-12,107.1
DATAFLOW,OECD.SDD.STES:DSD_KEI@DF_KEI(4.0),I,GBR,M,CP,IX,_Z,_Z,_Z,2019-01,106.4
DATAFLOW,OECD.SDD.STES:DSD_KEI@DF_KEI(4.0),I,GBR,M,CP,IX,_Z,_Z,_Z,2019-02,106.8
DATAFLOW,OECD.SDD.STES:DSD_KEI@DF_KEI(4.0),I,GBR,M,CP,IX,_Z,_Z,_Z,2019-03,107.0
DATAFLOW,OECD.SDD.STES:DSD_KEI@DF_KEI(4.0),I,GBR,M,CP,IX,_Z,_Z,_Z,2019-07,108.0
DATAFLOW,OECD.SDD.STES:DSD_KEI@DF_KEI(4.0),I,GBR,M,CP,IX,_Z,_Z,_Z,2019-08,108.3
DATAFLOW,OECD.SDD.STES:DSD_KEI@DF_KEI(4.0),I,GBR,M,CP,IX,_Z,_Z,_Z,2019-09,108.4
DATAFLOW,OECD.SDD.STES:DSD_KEI@DF_KEI(4.0),I,GBR,M,CP,IX,_Z,_Z,_Z,2019-10,108.3
DATAFLOW,OECD.SDD.STES:DSD_KEI@DF_KEI(4.0),I,GBR,M,CP,IX,_Z,_Z,_Z,2019-11,108.5
DATAFLOW,OECD.SDD.STES:DSD_KEI@DF_KEI(4.0),I,GBR,M,CP,IX,_Z,_Z,_Z,2019-12,108.5
DATAFLOW,OECD.SDD.STES:DSD_KEI@DF_KEI(4.0),I,GBR,M,CP,IX,_Z,_Z,_Z,2020-01,108.3
DATAFLOW,OECD.SDD.STES:DSD_KEI@DF_KEI(4.0),I,GBR,M,CP,IX,_Z,_Z,_Z,2020-07,109.2
DATAFLOW,OECD.SDD.STES:DSD_KEI@DF_KEI(4.0),I,GBR,M,CP,IX,_Z,_Z,_Z,2020-09,109.2
DATAFLOW,OECD.SDD.STES:DSD_KEI@DF_KEI(4.0),I,GBR,M,CP,IX,_Z,_Z,_Z,2020-10,109.2
DATAFLOW,OECD.SDD.STES:DSD_KEI@DF_KEI(4.0),I,GBR,M,CP,IX,_Z,_Z,_Z,2020-11,109.1
DATAFLOW,OECD.SDD.STES:DSD_KEI@DF_KEI(4.0),I,GBR,M,CP,IX,_Z,_Z,_Z,2020-12,109.4
DATAFLOW,OECD.SDD.STES:DSD_KEI@DF_KEI(4.0),I,GBR,M,CP,IX,_Z,_Z,_Z,2021-01,109.3
DATAFLOW,OECD.SDD.STES:DSD_KEI@DF_KEI(4.0),I,GBR,M,CP,IX,_Z,_Z,_Z,2021-02,109.4
DATAFLOW,OECD.SDD.STES:DSD_KEI@DF_KEI(4.0),I,GBR,M,CP,IX,_Z,_Z,_Z,2021-04,110.4
DATAFLOW,OECD.SDD.STES:DSD_KEI@DF_KEI(4.0),I,GBR,M,CP,IX,_Z,_Z,_Z,2021-06,111.4
DATAFLOW,OECD.SDD.STES:DSD_KEI@DF_KEI(4.0),I,GBR,M,CP,IX,_Z,_Z,_Z,2021-07,111.4
DATAFLOW,OECD.SDD.STES:DSD_KEI@DF_KEI(4.0),I,GBR,M,CP,IX,_Z,_Z,_Z,2021-08,112.1
DATAFLOW,OECD.SDD.STES:DSD_KEI@DF_KEI(4.0),I,GBR,M,CP,IX,_Z,_Z,_Z,2021-09,112.4
DATAFLOW,OECD.SDD.STES:DSD_KEI@DF_KEI(4.0),I,GBR,M,CP,IX,_Z,_Z,_Z,2021-11,114.1
DATAFLOW,OECD.SDD.STES:DSD_KEI@DF_KEI(4.0),I,GBR,M,CP,IX,_Z,_Z,_Z,2021-12,114.7
DATAFLOW,OECD.SDD.STES:DSD_KEI@DF_KEI(4.0),I,GBR,M,CP,IX,_Z,_Z,_Z,2022-01,114.6
DATAFLOW,OECD.SDD.STES:DSD_KEI@DF_KEI(4.0),I,GBR,M,CP,IX,_Z,_Z,_Z,2022-03,116.5
DATAFLOW,OECD.SDD.STES:DSD_KEI@DF_KEI(4.0),I,GBR,M,CP,IX,_Z,_Z,_Z,2022-05,119.7
DATAFLOW,OECD.SDD.STES:DSD_KEI@DF_KEI(4.0),I,GBR,M,CP,IX,_Z,_Z,_Z,2022-06,120.5
DATAFLOW,OECD.SDD.STES:DSD_KEI@DF_KEI(4.0),I,GBR,M,CP,IX,_Z,_Z,_Z,2022-08,121.8
DATAFLOW,OECD.SDD.STES:DSD_KEI@DF_KEI(4.0),I,GBR,M,CP,IX,_Z,_Z,_Z,2022-11,124.8
DATAFLOW,OECD.SDD.STES:DSD_KEI@DF_KEI(4.0),I,GBR,M,CP,IX,_Z,_Z,_Z,2023-01,124.8
DATAFLOW,OECD.SDD.STES:DSD_KEI@DF_KEI(4.0),I,GBR,M,CP,IX,_Z,_Z,_Z,2023-02,126.0
DATAFLOW,OECD.SDD.STES:DSD_KEI@DF_KEI(4.0),I,GBR,M,CP,IX,_Z,_Z,_Z,2023-03,126.8
DATAFLOW,OECD.SDD.STES:DSD_KEI@DF_KEI(4.0),I,GBR,M,CP,IX,_Z,_Z,_Z,2023-05,129.1
DATAFLOW,OECD.SDD.STES:DSD_KEI@DF_KEI(4.0),I,GBR,M,CP,IX,_Z,_Z,_Z,2023-06,129.4
DATAFLOW,OECD.SDD.STES:DSD_KEI@DF_KEI(4.0),I,GBR,M,CP,IX,_Z,_Z,_Z,2023-07,129.0
DATAFLOW,OECD.SDD.STES:DSD_KEI@DF_KEI(4.0),I,GBR,M,CP,IX,_Z,_Z,_Z,2023-08,129.4
DATAFLOW,OECD.SDD.STES:DSD_KEI@DF_KEI(4.0),I,GBR,M,CP,IX,_Z,_Z,_Z,2023-09,130.1
DATAFLOW,OECD.SDD.STES:DSD_KEI@DF_KEI(4.0),I,GBR,M,CP,IX,_Z,_Z,_Z,2023-10,130.2
DATAFLOW,OECD.SDD.STES:DSD_KEI@DF_KEI(4.0),I,GBR,M,CP,IX,_Z,_Z,_Z,2023-11,130.0
DATAFLOW,OECD.SDD.STES:DSD_KEI@DF_KEI(4.0),I,GBR,M,CP,IX,_Z,_Z,_Z,2007-01,82.1
DATAFLOW,OECD.SDD.STES:DSD_KEI@DF_KEI(4.0),I,GBR,M,CP,IX,_Z,_Z,_Z,2007-03,82.8
DATAFLOW,OECD.SDD.STES:DSD_KEI@DF_KEI(4.0),I,GBR,M,CP,GR,_Z,_Z,GY,2019-03,1.8
DATAFLOW,OECD.SDD.STES:DSD_KEI@DF_KEI(4.0),I,GBR,M,CP,GR,_Z,_Z,GY,2019-04,2.0
DATAFLOW,OECD.SDD.STES:DSD_KEI@DF_KEI(4.0),I,GBR,M,CP,GR,_Z,_Z,GY,2019-05,1.9
DATAFLOW,OECD.SDD.STES:DSD_KEI@DF_KEI(4.0),I,GBR,M,CP,GR,_Z,_Z,GY,2019-06,1.9
DATAFLOW,OECD.SDD.STES:DSD_KEI@DF_KEI(4.0),I,GBR,M,CP,GR,_Z,_Z,GY,2019-07,2.0
DATAFLOW,OECD.SDD.STES:DSD_KEI@DF_KEI(4.0),I,GBR,M,CP,GR,_Z,_Z,GY,2019-08,1.7
DATAFLOW,OECD.SDD.STES:DSD_KEI@DF_KEI(4.0),I,GBR,M,CP,GR,_Z,_Z,GY,2019-09,1.7
DATAFLOW,OECD.SDD.STES:DSD_KEI@DF_KEI(4.0),I,GBR,M,CP,GR,_Z,_Z,GY,2019-10,1.5
DATAFLOW,OECD.SDD.STES:DSD_KEI@DF_KEI(4.0),I,GBR,M,CP,GR,_Z,_Z,GY,2019-11,1.5
DATAFLOW,OECD.SDD.STES:DSD_KEI@DF_KEI(4.0),I,GBR,M,CP,GR,_Z,_Z,GY,2019-12,1.4
DATAFLOW,OECD.SDD.STES:DSD_KEI@DF_KEI(4.0),I,GBR,M,CP,GR,_Z,_Z,GY,2020-01,1.8
DATAFLOW,OECD.SDD.STES:DSD_KEI@DF_KEI(4.0),I,GBR,M,CP,GR,_Z,_Z,GY,2020-02,1.7
DATAFLOW,OECD.SDD.STES:DSD_KEI@DF_KEI(4.0),I,GBR,M,CP,GR,_Z,_Z,GY,2020-03,1.5
DATAFLOW,OECD.SDD.STES:DSD_KEI@DF_KEI(4.0),I,GBR,M,CP,IX,_Z,_Z,_Z,2024-12,135.1
DATAFLOW,OECD.SDD.STES:DSD_KEI@DF_KEI(4.0),I,GBR,M,CP,IX,_Z,_Z,_Z,2025-01,135.1
DATAFLOW,OECD.SDD.STES:DSD_KEI@DF_KEI(4.0),I,GBR,M,CP,IX,_Z,_Z,_Z,2025-02,135.6
DATAFLOW,OECD.SDD.STES:DSD_KEI@DF_KEI(4.0),I,GBR,M,CP,IX,_Z,_Z,_Z,2025-03,136.1
DATAFLOW,OECD.SDD.STES:DSD_KEI@DF_KEI(4.0),I,GBR,M,CP,IX,_Z,_Z,_Z,2025-04,137.7
DATAFLOW,OECD.SDD.STES:DSD_KEI@DF_KEI(4.0),I,GBR,M,CP,IX,_Z,_Z,_Z,2025-05,138.0
DATAFLOW,OECD.SDD.STES:DSD_KEI@DF_KEI(4.0),I,GBR,M,CP,IX,_Z,_Z,_Z,2025-07,138.5
DATAFLOW,OECD.SDD.STES:DSD_KEI@DF_KEI(4.0),I,GBR,M,CP,IX,_Z,_Z,_Z,2025-08,138.9
DATAFLOW,OECD.SDD.STES:DSD_KEI@DF_KEI(4.0),I,GBR,M,CP,IX,_Z,_Z,_Z,2025-09,138.9
DATAFLOW,OECD.SDD.STES:DSD_KEI@DF_KEI(4.0),I,GBR,M,CP,IX,_Z,_Z,_Z,2025-10,139.5
DATAFLOW,OECD.SDD.STES:DSD_KEI@DF_KEI(4.0),I,GBR,M,CP,IX,_Z,_Z,_Z,2026-01,139.39999999999998
DATAFLOW,OECD.SDD.STES:DSD_KEI@DF_KEI(4.0),I,GBR,M,CP,IX,_Z,_Z,_Z,2007-02,82.39999999999999
DATAFLOW,OECD.SDD.STES:DSD_KEI@DF_KEI(4.0),I,GBR,M,CP,IX,_Z,_Z,_Z,2007-08,83.39999999999999
DATAFLOW,OECD.SDD.STES:DSD_KEI@DF_KEI(4.0),I,GBR,M,CP,IX,_Z,_Z,_Z,2009-05,87.89999999999999
DATAFLOW,OECD.SDD.STES:DSD_KEI@DF_KEI(4.0),I,GBR,M,CP,IX,_Z,_Z,_Z,2011-03,92.6
DATAFLOW,OECD.SDD.STES:DSD_KEI@DF_KEI(4.0),I,GBR,M,CP,IX,_Z,_Z,_Z,2011-08,93.9
DATAFLOW,OECD.SDD.STES:DSD_KEI@DF_KEI(4.0),I,GBR,M,CP,IX,_Z,_Z,_Z,2011-11,94.7
DATAFLOW,OECD.SDD.STES:DSD_KEI@DF_KEI(4.0),I,GBR,M,CP,IX,_Z,_Z,_Z,2012-01,94.7
DATAFLOW,OECD.SDD.STES:DSD_KEI@DF_KEI(4.0),I,GBR,M,CP,IX,_Z,_Z,_Z,2012-03,95.4
DATAFLOW,OECD.SDD.STES:DSD_KEI@DF_KEI(4.0),I,GBR,M,CP,IX,_Z,_Z,_Z,2012-04,95.9
DATAFLOW,OECD.SDD.STES:DSD_KEI@DF_KEI(4.0),I,GBR,M,CP,IX,_Z,_Z,_Z,2012-05,95.9
DATAFLOW,OECD.SDD.STES:DSD_KEI@DF_KEI(4.0),I,GBR,M,CP,IX,_Z,_Z,_Z,2012-07,95.7
DATAFLOW,OECD.SDD.STES:DSD_KEI@DF_KEI(4.0),I,GBR,M,CP,IX,_Z,_Z,_Z,2012-09,96.4
DATAFLOW,OECD.SDD.STES:DSD_KEI@DF_KEI(4.0),I,GBR,M,CP,IX,_Z,_Z,_Z,2014-08,99.9
DATAFLOW,OECD.SDD.STES:DSD_KEI@DF_KEI(4.0),I,GBR,M,CP,IX,_Z,_Z,_Z,2014-11,99.9
DATAFLOW,OECD.SDD.STES:DSD_KEI@DF_KEI(4.0),I,GBR,M,CP,IX,_Z,_Z,_Z,2015-04,99.9
DATAFLOW,OECD.SDD.STES:DSD_KEI@DF_KEI(4.0),I,GBR,M,CP,IX,_Z,_Z,_Z,2016-01,99.9
DATAFLOW,OECD.SDD.STES:DSD_KEI@DF_KEI(4.0),I,GBR,M,CP,IX,_Z,_Z,_Z,2016-07,100.9
DATAFLOW,OECD.SDD.STES:DSD_KEI@DF_KEI(4.0),I,GBR,M,CP,IX,_Z,_Z,_Z,2016-09,101.5
DATAFLOW,OECD.SDD.STES:DSD_KEI@DF_KEI(4.0),I,GBR,M,CP,IX,_Z,_Z,_Z,2017-03,102.7
DATAFLOW,OECD.SDD.STES:DSD_KEI@DF_KEI(4.0),I,GBR,M,CP,IX,_Z,_Z,_Z,2018-02,104.9
DATAFLOW,OECD.SDD.STES:DSD_KEI@DF_KEI(4.0),I,GBR,M,CP,IX,_Z,_Z,_Z,2018-06,105.9
DATAFLOW,OECD.SDD.STES:DSD_KEI@DF_KEI(4.0),I,GBR,M,CP,IX,_Z,_Z,_Z,2018-11,106.9
DATAFLOW,OECD.SDD.STES:DSD_KEI@DF_KEI(4.0),I,GBR,M,CP,IX,_Z,_Z,_Z,2019-05,107.9
DATAFLOW,OECD.SDD.STES:DSD_KEI@DF_KEI(4.0),I,JPN,M,CP,IX,_Z,_Z,_Z,2014-04,99.4655128531433
DATAFLOW,OECD.SDD.STES:DSD_KEI@DF_KEI(4.0),I,JPN,M,CP,IX,_Z,_Z,_Z,2014-05,99.8727411555103
DATAFLOW,OECD.SDD.STES:DSD_KEI@DF_KEI(4.0),I,JPN,M,CP,GR,_Z,_Z,GY,2019-05,0.7
DATAFLOW,OECD.SDD.STES:DSD_KEI@DF_KEI(4.0),I,JPN,M,CP,GR,_Z,_Z,GY,2019-06,0.7
DATAFLOW,OECD.SDD.STES:DSD_KEI@DF_KEI(4.0),I,JPN,M,CP,GR,_Z,_Z,GY,2019-07,0.5
DATAFLOW,OECD.SDD.STES:DSD_KEI@DF_KEI(4.0),I,JPN,M,CP,GR,_Z,_Z,GY,2019-08,0.3
DATAFLOW,OECD.SDD.STES:DSD_KEI@DF_KEI(4.0),I,JPN,M,CP,GR,_Z,_Z,GY,2019-09,0.2
DATAFLOW,OECD.SDD.STES:DSD_KEI@DF_KEI(4.0),I,JPN,M,CP,GR,_Z,_Z,GY,2019-10,0.2
DATAFLOW,OECD.SDD.STES:DSD_KEI@DF_KEI(4.0),I,JPN,M,CP,GR,_Z,_Z,GY,2019-11,0.5
DATAFLOW,OECD.SDD.STES:DSD_KEI@DF_KEI(4.0),I,JPN,M,CP,GR,_Z,_Z,GY,2019-12,0.8
DATAFLOW,OECD.SDD.STES:DSD_KEI@DF_KEI(4.0),I,JPN,M,CP,GR,_Z,_Z,GY,2020-01,0.7
DATAFLOW,OECD.SDD.STES:DSD_KEI@DF_KEI(4.0),I,JPN,M,CP,GR,_Z,_Z,GY,2020-02,0.4
DATAFLOW,OECD.SDD.STES:DSD_KEI@DF_KEI(4.0),I,JPN,M,CP,GR,_Z,_Z,GY,2020-03,0.4
DATAFLOW,OECD.SDD.STES:DSD_KEI@DF_KEI(4.0),I,JPN,M,CP,GR,_Z,_Z,GY,2020-07,0.3
DATAFLOW,OECD.SDD.STES:DSD_KEI@DF_KEI(4.0),I,JPN,M,CP,GR,_Z,_Z,GY,2020-08,0.2
DATAFLOW,OECD.SDD.STES:DSD_KEI@DF_KEI(4.0),I,JPN,M,CP,GR,_Z,_Z,GY,2020-10,-0.4
DATAFLOW,OECD.SDD.STES:DSD_KEI@DF_KEI(4.0),I,JPN,M,CP,GR,_Z,_Z,GY,2020-11,-0.9
DATAFLOW,OECD.SDD.STES:DSD_KEI@DF_KEI(4.0),I,JPN,M,CP,GR,_Z,_Z,GY,2020-12,-1.2
DATAFLOW,OECD.SDD.STES:DSD_KEI@DF_KEI(4.0),I,GBR,M,CP,IX,_Z,_Z,_Z,2008-06,86.6
DATAFLOW,OECD.SDD.STES:DSD_KEI@DF_KEI(4.0),I,GBR,M,CP,IX,_Z,_Z,_Z,2008-07,86.6
DATAFLOW,OECD.SDD.STES:DSD_KEI@DF_KEI(4.0),I,GBR,M,CP,IX,_Z,_Z,_Z,2008-08,87.1
DATAFLOW,OECD.SDD.STES:DSD_KEI@DF_KEI(4.0),I,GBR,M,CP,IX,_Z,_Z,_Z,2008-03,84.89999999999999
DATAFLOW,OECD.SDD.STES:DSD_KEI@DF_KEI(4.0),I,GBR,M,CP,IX,_Z,_Z,_Z,2012-02,95.2
DATAFLOW,OECD.SDD.STES:DSD_KEI@DF_KEI(4.0),I,GBR,M,CP,IX,_Z,_Z,_Z,2013-08,98.4
DATAFLOW,OECD.SDD.STES:DSD_KEI@DF_KEI(4.0),I,GBR,M,CP,IX,_Z,_Z,_Z,2014-12,99.9
DATAFLOW,OECD.SDD.STES:DSD_KEI@DF_KEI(4.0),I,GBR,M,CP,IX,_Z,_Z,_Z,2017-11,104.7
DATAFLOW,OECD.SDD.STES:DSD_KEI@DF_KEI(4.0),I,GBR,M,CP,IX,_Z,_Z,_Z,2018-05,105.9
DATAFLOW,OECD.SDD.STES:DSD_KEI@DF_KEI(4.0),I,GBR,M,CP,IX,_Z,_Z,_Z,2018-07,105.9
DATAFLOW,OECD.SDD.STES:DSD_KEI@DF_KEI(4.0),I,GBR,M,CP,IX,_Z,_Z,_Z,2024-10,134.29999999999998
DATAFLOW,OECD.SDD.STES:DSD_KEI@DF_KEI(4.0),I,GBR,M,CP,IX,_Z,_Z,_Z,2025-06,138.39999999999998
DATAFLOW,OECD.SDD.STES:DSD_KEI@DF_KEI(4.0),I,GBR,M,CP,IX,_Z,_Z,_Z,2014-10,100.09999999999998
DATAFLOW,OECD.SDD.STES:DSD_KEI@DF_KEI(4.0),I,GBR,M,CP,IX,_Z,_Z,_Z,2015-05,100.09999999999998
DATAFLOW,OECD.SDD.STES:DSD_KEI@DF_KEI(4.0),I,GBR,M,CP,IX,_Z,_Z,_Z,2015-06,100.09999999999998
DATAFLOW,OECD.SDD.STES:DSD_KEI@DF_KEI(4.0),I,GBR,M,CP,IX,_Z,_Z,_Z,2015-08,100.29999999999998
DATAFLOW,OECD.SDD.STES:DSD_KEI@DF_KEI(4.0),I,GBR,M,CP,IX,_Z,_Z,_Z,2015-10,100.29999999999998
DATAFLOW,OECD.SDD.STES:DSD_KEI@DF_KEI(4.0),I,GBR,M,CP,IX,_Z,_Z,_Z,2015-11,100.29999999999998
DATAFLOW,OECD.SDD.STES:DSD_KEI@DF_KEI(4.0),I,GBR,M,CP,IX,_Z,_Z,_Z,2015-12,100.4
DATAFLOW,OECD.SDD.STES:DSD_KEI@DF_KEI(4.0),I,GBR,M,CP,IX,_Z,_Z,_Z,2016-02,100.09999999999998
DATAFLOW,OECD.SDD.STES:DSD_KEI@DF_KEI(4.0),I,GBR,M,CP,IX,_Z,_Z,_Z,2016-03,100.4
DATAFLOW,OECD.SDD.STES:DSD_KEI@DF_KEI(4.0),I,GBR,M,CP,IX,_Z,_Z,_Z,2017-05,103.5
DATAFLOW,OECD.SDD.STES:DSD_KEI@DF_KEI(4.0),I,GBR,M,CP,IX,_Z,_Z,_Z,2017-06,103.5
DATAFLOW,OECD.SDD.STES:DSD_KEI@DF_KEI(4.0),I,GBR,M,CP,IX,_Z,_Z,_Z,2017-07,103.5
DATAFLOW,OECD.SDD.STES:DSD_KEI@DF_KEI(4.0),I,GBR,M,CP,IX,_Z,_Z,_Z,2018-01,104.5
DATAFLOW,OECD.SDD.STES:DSD_KEI@DF_KEI(4.0),I,GBR,M,CP,IX,_Z,_Z,_Z,2018-04,105.5
DATAFLOW,OECD.SDD.STES:DSD_KEI@DF_KEI(4.0),I,GBR,M,CP,IX,_Z,_Z,_Z,2018-08,106.5
DATAFLOW,OECD.SDD.STES:DSD_KEI@DF_KEI(4.0),I,GBR,M,CP,IX,_Z,_Z,_Z,2018-09,106.6
DATAFLOW,OECD.SDD.STES:DSD_KEI@DF_KEI(4.0),I,GBR,M,CP,IX,_Z,_Z,_Z,2018-10,106.7
DATAFLOW,OECD.SDD.STES:DSD_KEI@DF_KEI(4.0),I,GBR,M,CP,IX,_Z,_Z,_Z,2019-04,107.6
DATAFLOW,OECD.SDD.STES:DSD_KEI@DF_KEI(4.0),I,GBR,M,CP,IX,_Z,_Z,_Z,2020-02,108.6
DATAFLOW,OECD.SDD.STES:DSD_KEI@DF_KEI(4.0),I,GBR,M,CP,IX,_Z,_Z,_Z,2020-03,108.6
DATAFLOW,OECD.SDD.STES:DSD_KEI@DF_KEI(4.0),I,GBR,M,CP,IX,_Z,_Z,_Z,2020-04,108.6
DATAFLOW,OECD.SDD.STES:DSD_KEI@DF_KEI(4.0),I,GBR,M,CP,IX,_Z,_Z,_Z,2020-05,108.6
DATAFLOW,OECD.SDD.STES:DSD_KEI@DF_KEI(4.0),I,GBR,M,CP,IX,_Z,_Z,_Z,2020-06,108.8
DATAFLOW,OECD.SDD.STES:DSD_KEI@DF_KEI(4.0),I,GBR,M,CP,IX,_Z,_Z,_Z,2020-08,108.8
DATAFLOW,OECD.SDD.STES:DSD_KEI@DF_KEI(4.0),I,GBR,M,CP,IX,_Z,_Z,_Z,2021-03,109.7
DATAFLOW,OECD.SDD.STES:DSD_KEI@DF_KEI(4.0),I,GBR,M,CP,IX,_Z,_Z,_Z,2021-05,111.0
DATAFLOW,OECD.SDD.STES:DSD_KEI@DF_KEI(4.0),I,GBR,M,CP,IX,_Z,_Z,_Z,2022-04,119.0
DATAFLOW,OECD.SDD.STES:DSD_KEI@DF_KEI(4.0),I,GBR,M,CP,IX,_Z,_Z,_Z,2022-07,121.2
DATAFLOW,OECD.SDD.STES:DSD_KEI@DF_KEI(4.0),I,GBR,M,CP,IX,_Z,_Z,_Z,2022-09,122.3
DATAFLOW,OECD.SDD.STES:DSD_KEI@DF_KEI(4.0),I,GBR,M,CP,IX,_Z,_Z,_Z,2022-10,124.3
DATAFLOW,OECD.SDD.STES:DSD_KEI@DF_KEI(4.0),I,GBR,M,CP,IX,_Z,_Z,_Z,2022-12,125.29999999999998
DATAFLOW,OECD.SDD.STES:DSD_KEI@DF_KEI(4.0),I,GBR,M,CP,IX,_Z,_Z,_Z,2023-12,130.5
DATAFLOW,OECD.SDD.STES:DSD_KEI@DF_KEI(4.0),I,GBR,M,CP,IX,_Z,_Z,_Z,2024-01,130.0
DATAFLOW,OECD.SDD.STES:DSD_KEI@DF_KEI(4.0),I,GBR,M,CP,IX,_Z,_Z,_Z,2024-02,130.8
DATAFLOW,OECD.SDD.STES:DSD_KEI@DF_KEI(4.0),I,GBR,M,CP,IX,_Z,_Z,_Z,2024-03,131.6
DATAFLOW,OECD.SDD.STES:DSD_KEI@DF_KEI(4.0),I,GBR,M,CP,IX,_Z,_Z,_Z,2024-05,132.7
DATAFLOW,OECD.SDD.STES:DSD_KEI@DF_KEI(4.0),I,GBR,M,CP,IX,_Z,_Z,_Z,2024-06,133.0
DATAFLOW,OECD.SDD.STES:DSD_KEI@DF_KEI(4.0),I,GBR,M,CP,IX,_Z,_Z,_Z,2024-07,132.9
DATAFLOW,OECD.SDD.STES:DSD_KEI@DF_KEI(4.0),I,GBR,M,CP,IX,_Z,_Z,_Z,2024-08,133.4
DATAFLOW,OECD.SDD.STES:DSD_KEI@DF_KEI(4.0),I,GBR,M,CP,IX,_Z,_Z,_Z,2024-09,133.5
DATAFLOW,OECD.SDD.STES:DSD_KEI@DF_KEI(4.0),I,GBR,M,CP,IX,_Z,_Z,_Z,2024-11,134.6
DATAFLOW,OECD.SDD.STES:DSD_KEI@DF_KEI(4.0),I,GBR,M,CP,IX,_Z,_Z,_Z,2008-09,87.5
DATAFLOW,OECD.SDD.STES:DSD_KEI@DF_KEI(4.0),I,GBR,M,CP,IX,_Z,_Z,_Z,2008-10,87.3
DATAFLOW,OECD.SDD.STES:DSD_KEI@DF_KEI(4.0),I,GBR,M,CP,IX,_Z,_Z,_Z,2008-11,87.3
DATAFLOW,OECD.SDD.STES:DSD_KEI@DF_KEI(4.0),I,GBR,M,CP,IX,_Z,_Z,_Z,2008-12,87.1
DATAFLOW,OECD.SDD.STES:DSD_KEI@DF_KEI(4.0),I,GBR,M,CP,IX,_Z,_Z,_Z,2009-01,86.6
DATAFLOW,OECD.SDD.STES:DSD_KEI@DF_KEI(4.0),I,GBR,M,CP,IX,_Z,_Z,_Z,2009-02,87.2
DATAFLOW,OECD.SDD.STES:DSD_KEI@DF_KEI(4.0),I,GBR,M,CP,IX,_Z,_Z,_Z,2009-03,87.3
DATAFLOW,OECD.SDD.STES:DSD_KEI@DF_KEI(4.0),I,GBR,M,CP,IX,_Z,_Z,_Z,2009-04,87.5
DATAFLOW,OECD.SDD.STES:DSD_KEI@DF_KEI(4.0),I,GBR,M,CP,IX,_Z,_Z,_Z,2009-06,88.1
DATAFLOW,OECD.SDD.STES:DSD_KEI@DF_KEI(4.0),I,GBR,M,CP,IX,_Z,_Z,_Z,2009-07,88.0
DATAFLOW,OECD.SDD.STES:DSD_KEI@DF_KEI(4.0),I,GBR,M,CP,IX,_Z,_Z,_Z,2009-08,88.3
DATAFLOW,OECD.SDD.STES:DSD_KEI@DF_KEI(4.0),I,GBR,M,CP,IX,_Z,_Z,_Z,2009-09,88.3
DATAFLOW,OECD.SDD.STES:DSD_KEI@DF_KEI(4.0),I,GBR,M,CP,IX,_Z,_Z,_Z,2009-10,88.4
DATAFLOW,OECD.SDD.STES:DSD_KEI@DF_KEI(4.0),I,GBR,M,CP,IX,_Z,_Z,_Z,2009-11,88.6
DATAFLOW,OECD.SDD.STES:DSD_KEI@DF_KEI(4.0),I,GBR,M,CP,IX,_Z,_Z,_Z,2009-12,88.9
DATAFLOW,OECD.SDD.STES:DSD_KEI@DF_KEI(4.0),I,GBR,M,CP,IX,_Z,_Z,_Z,2010-01,88.8
DATAFLOW,OECD.SDD.STES:DSD_KEI@DF_KEI(4.0),I,GBR,M,CP,GR,_Z,_Z,G1,2007-01,-0.6
DATAFLOW,OECD.SDD.STES:DSD_KEI@DF_KEI(4.0),I,GBR,M,CP,GR,_Z,_Z,G1,2007-02,0.3
DATAFLOW,OECD.SDD.STES:DSD_KEI@DF_KEI(4.0),I,GBR,M,CP,GR,_Z,_Z,G1,2007-05,0.3
DATAFLOW,OECD.SDD.STES:DSD_KEI@DF_KEI(4.0),I,GBR,M,CP,GR,_Z,_Z,G1,2007-11,0.3
DATAFLOW,OECD.SDD.STES:DSD_KEI@DF_KEI(4.0),I,GBR,M,CP,GR,_Z,_Z,G1,2009-04,0.3
DATAFLOW,OECD.SDD.STES:DSD_KEI@DF_KEI(4.0),I,GBR,M,CP,GR,_Z,_Z,G1,2009-08,0.3
DATAFLOW,OECD.SDD.STES:DSD_KEI@DF_KEI(4.0),I,GBR,M,CP,GR,_Z,_Z,G1,2010-02,0.3
DATAFLOW,OECD.SDD.STES:DSD_KEI@DF_KEI(4.0),I,GBR,M,CP,GR,_Z,_Z,G1,2010-11,0.3
DATAFLOW,OECD.SDD.STES:DSD_KEI@DF_KEI(4.0),I,GBR,M,CP,GR,_Z,_Z,G1,2011-03,0.3
DATAFLOW,OECD.SDD.STES:DSD_KEI@DF_KEI(4.0),I,GBR,M,CP,GR,_Z,_Z,G1,2012-03,0.3
DATAFLOW,OECD.SDD.STES:DSD_KEI@DF_KEI(4.0),I,GBR,M,CP,GR,_Z,_Z,G1,2013-03,0.3
DATAFLOW,OECD.SDD.STES:DSD_KEI@DF_KEI(4.0),I,GBR,M,CP,GR,_Z,_Z,G1,2013-09,0.3
DATAFLOW,OECD.SDD.STES:DSD_KEI@DF_KEI(4.0),I,GBR,M,CP,GR,_Z,_Z,G1,2014-04,0.3
DATAFLOW,OECD.SDD.STES:DSD_KEI@DF_KEI(4.0),I,GBR,M,CP,GR,_Z,_Z,G1,2014-08,0.3
DATAFLOW,OECD.SDD.STES:DSD_KEI@DF_KEI(4.0),I,GBR,M,CP,GR,_Z,_Z,G1,2015-04,0.3
DATAFLOW,OECD.SDD.STES:DSD_KEI@DF_KEI(4.0),I,GBR,M,CP,GR,_Z,_Z,G1,2016-03,0.3
DATAFLOW,OECD.SDD.STES:DSD_KEI@DF_KEI(4.0),I,GBR,M,CP,GR,_Z,_Z,G1,2016-08,0.3
DATAFLOW,OECD.SDD.STES:DSD_KEI@DF_KEI(4.0),I,GBR,M,CP,GR,_Z,_Z,G1,2017-03,0.3
DATAFLOW,OECD.SDD.STES:DSD_KEI@DF_KEI(4.0),I,GBR,M,CP,GR,_Z,_Z,G1,2017-05,0.3
DATAFLOW,OECD.SDD.STES:DSD_KEI@DF_KEI(4.0),I,GBR,M,CP,GR,_Z,_Z,G1,2017-09,0.3
DATAFLOW,OECD.SDD.STES:DSD_KEI@DF_KEI(4.0),I,GBR,M,CP,GR,_Z,_Z,G1,2017-11,0.3
DATAFLOW,OECD.SDD.STES:DSD_KEI@DF_KEI(4.0),I,GBR,M,CP,GR,_Z,_Z,G1,2017-12,0.3
DATAFLOW,OECD.SDD.STES:DSD_KEI@DF_KEI(4.0),I,GBR,M,CP,GR,_Z,_Z,G1,2018-05,0.3
DATAFLOW,OECD.SDD.STES:DSD_KEI@DF_KEI(4.0),I,GBR,M,CP,GR,_Z,_Z,G1,2019-05,0.3
DATAFLOW,OECD.SDD.STES:DSD_KEI@DF_KEI(4.0),I,GBR,M,CP,GR,_Z,_Z,G1,2019-08,0.3
DATAFLOW,OECD.SDD.STES:DSD_KEI@DF_KEI(4.0),I,GBR,M,CP,GR,_Z,_Z,G1,2020-02,0.3
DATAFLOW,OECD.SDD.STES:DSD_KEI@DF_KEI(4.0),I,GBR,M,CP,GR,_Z,_Z,G1,2021-09,0.3
DATAFLOW,OECD.SDD.STES:DSD_KEI@DF_KEI(4.0),I,GBR,M,CP,GR,_Z,_Z,G1,2008-07,0.0
DATAFLOW,OECD.SDD.STES:DSD_KEI@DF_KEI(4.0),I,GBR,M,CP,GR,_Z,_Z,G1,2008-11,0.0
DATAFLOW,OECD.SDD.STES:DSD_KEI@DF_KEI(4.0),I,GBR,M,CP,GR,_Z,_Z,G1,2009-07,0.0
DATAFLOW,OECD.SDD.STES:DSD_KEI@DF_KEI(4.0),I,GBR,M,CP,GR,_Z,_Z,G1,2009-09,0.0
DATAFLOW,OECD.SDD.STES:DSD_KEI@DF_KEI(4.0),I,GBR,M,CP,GR,_Z,_Z,G1,2010-09,0.0
DATAFLOW,OECD.SDD.STES:DSD_KEI@DF_KEI(4.0),I,GBR,M,CP,GR,_Z,_Z,G1,2011-07,0.0
DATAFLOW,OECD.SDD.STES:DSD_KEI@DF_KEI(4.0),I,GBR,M,CP,GR,_Z,_Z,G1,2012-05,0.0
DATAFLOW,OECD.SDD.STES:DSD_KEI@DF_KEI(4.0),I,GBR,M,CP,GR,_Z,_Z,G1,2013-07,0.0
DATAFLOW,OECD.SDD.STES:DSD_KEI@DF_KEI(4.0),I,GBR,M,CP,GR,_Z,_Z,G1,2014-05,0.0
DATAFLOW,OECD.SDD.STES:DSD_KEI@DF_KEI(4.0),I,GBR,M,CP,GR,_Z,_Z,G1,2014-09,0.0
DATAFLOW,OECD.SDD.STES:DSD_KEI@DF_KEI(4.0),I,GBR,M,CP,GR,_Z,_Z,G1,2014-12,0.0
DATAFLOW,OECD.SDD.STES:DSD_KEI@DF_KEI(4.0),I,GBR,M,CP,GR,_Z,_Z,G1,2015-11,0.0
DATAFLOW,OECD.SDD.STES:DSD_KEI@DF_KEI(4.0),I,GBR,M,CP,GR,_Z,_Z,G1,2016-07,0.0
DATAFLOW,OECD.SDD.STES:DSD_KEI@DF_KEI(4.0),I,GBR,M,CP,GR,_Z,_Z,G1,2017-06,0.0
DATAFLOW,OECD.SDD.STES:DSD_KEI@DF_KEI(4.0),I,GBR,M,CP,GR,_Z,_Z,G1,2017-07,0.0
DATAFLOW,OECD.SDD.STES:DSD_KEI@DF_KEI(4.0),I,GBR,M,CP,IX,_Z,_Z,_Z,2010-02,89.0
DATAFLOW,OECD.SDD.STES:DSD_KEI@DF_KEI(4.0),I,GBR,M,CP,IX,_Z,_Z,_Z,2010-03,89.4
DATAFLOW,OECD.SDD.STES:DSD_KEI@DF_KEI(4.0),I,GBR,M,CP,IX,_Z,_Z,_Z,2010-04,89.9
DATAFLOW,OECD.SDD.STES:DSD_KEI@DF_KEI(4.0),I,GBR,M,CP,IX,_Z,_Z,_Z,2010-05,90.1
DATAFLOW,OECD.SDD.STES:DSD_KEI@DF_KEI(4.0),I,GBR,M,CP,IX,_Z,_Z,_Z,2010-06,90.2
DATAFLOW,OECD.SDD.STES:DSD_KEI@DF_KEI(4.0),I,GBR,M,CP,IX,_Z,_Z,_Z,2010-07,90.0
DATAFLOW,OECD.SDD.STES:DSD_KEI@DF_KEI(4.0),I,GBR,M,CP,IX,_Z,_Z,_Z,2010-08,90.4
DATAFLOW,OECD.SDD.STES:DSD_KEI@DF_KEI(4.0),I,JPN,M,CP,IX,_Z,_Z,_Z,2019-04,101.807075591754
DATAFLOW,OECD.SDD.STES:DSD_KEI@DF_KEI(4.0),I,JPN,M,CP,IX,_Z,_Z,_Z,2019-05,101.807075591754
DATAFLOW,OECD.SDD.STES:DSD_KEI@DF_KEI(4.0),I,JPN,M,CP,IX,_Z,_Z,_Z,2019-06,101.60346144057
DATAFLOW,OECD.SDD.STES:DSD_KEI@DF_KEI(4.0),I,JPN,M,CP,IX,_Z,_Z,_Z,2019-07,101.60346144057
DATAFLOW,OECD.SDD.STES:DSD_KEI@DF_KEI(4.0),I,JPN,M,CP,GR,_Z,_Z,G1,2009-02,-0.3
DATAFLOW,OECD.SDD.STES:DSD_KEI@DF_KEI(4.0),I,JPN,M,CP,GR,_Z,_Z,G1,2009-03,0.3
DATAFLOW,OECD.SDD.STES:DSD_KEI@DF_KEI(4.0),I,JPN,M,CP,GR,_Z,_Z,G1,2009-05,-0.2
DATAFLOW,OECD.SDD.STES:DSD_KEI@DF_KEI(4.0),I,JPN,M,CP,GR,_Z,_Z,G1,2009-06,-0.2
DATAFLOW,OECD.SDD.STES:DSD_KEI@DF_KEI(4.0),I,JPN,M,CP,GR,_Z,_Z,G1,2009-07,-0.3
DATAFLOW,OECD.SDD.STES:DSD_KEI@DF_KEI(4.0),I,JPN,M,CP,GR,_Z,_Z,G1,2009-08,0.3
DATAFLOW,OECD.SDD.STES:DSD_KEI@DF_KEI(4.0),I,JPN,M,CP,GR,_Z,_Z,G1,2009-10,-0.4
DATAFLOW,OECD.SDD.STES:DSD_KEI@DF_KEI(4.0),I,JPN,M,CP,GR,_Z,_Z,GY,2012-03,0.5
DATAFLOW,OECD.SDD.STES:DSD_KEI@DF_KEI(4.0),I,JPN,M,CP,GR,_Z,_Z,GY,2012-04,0.4
DATAFLOW,OECD.SDD.STES:DSD_KEI@DF_KEI(4.0),I,JPN,M,CP,GR,_Z,_Z,GY,2012-05,0.2
DATAFLOW,OECD.SDD.STES:DSD_KEI@DF_KEI(4.0),I,JPN,M,CP,GR,_Z,_Z,GY,2012-06,-0.2
DATAFLOW,OECD.SDD.STES:DSD_KEI@DF_KEI(4.0),I,JPN,M,CP,GR,_Z,_Z,GY,2012-07,-0.4
DATAFLOW,OECD.SDD.STES:DSD_KEI@DF_KEI(4.0),I,JPN,M,CP,GR,_Z,_Z,GY,2012-08,-0.4
DATAFLOW,OECD.SDD.STES:DSD_KEI@DF_KEI(4.0),I,JPN,M,CP,GR,_Z,_Z,GY,2012-09,-0.3
DATAFLOW,OECD.SDD.STES:DSD_KEI@DF_KEI(4.0),I,JPN,M,CP,GR,_Z,_Z,GY,2012-10,-0.4
DATAFLOW,OECD.SDD.STES:DSD_KEI@DF_KEI(4.0),I,JPN,M,CP,GR,_Z,_Z,GY,2012-11,-0.2
DATAFLOW,OECD.SDD.STES:DSD_KEI@DF_KEI(4.0),I,JPN,M,CP,GR,_Z,_Z,GY,2012-12,-0.1
DATAFLOW,OECD.SDD.STES:DSD_KEI@DF_KEI(4.0),I,JPN,M,CP,GR,_Z,_Z,GY,2013-01,-0.3
DATAFLOW,OECD.SDD.STES:DSD_KEI@DF_KEI(4.0),I,JPN,M,CP,GR,_Z,_Z,GY,2013-02,-0.7
DATAFLOW,OECD.SDD.STES:DSD_KEI@DF_KEI(4.0),I,JPN,M,CP,GR,_Z,_Z,GY,2013-03,-0.9
DATAFLOW,OECD.SDD.STES:DSD_KEI@DF_KEI(4.0),I,JPN,M,CP,GR,_Z,_Z,GY,2013-04,-0.7
DATAFLOW,OECD.SDD.STES:DSD_KEI@DF_KEI(4.0),I,JPN,M,CP,GR,_Z,_Z,GY,2013-05,-0.3
DATAFLOW,OECD.SDD.STES:DSD_KEI@DF_KEI(4.0),I,JPN,M,CP,GR,_Z,_Z,GY,2013-06,0.2
DATAFLOW,OECD.SDD.STES:DSD_KEI@DF_KEI(4.0),I,JPN,M,CP,GR,_Z,_Z,GY,2013-07,0.7
DATAFLOW,OECD.SDD.STES:DSD_KEI@DF_KEI(4.0),I,JPN,M,CP,GR,_Z,_Z,GY,2013-08,0.9
DATAFLOW,OECD.SDD.STES:DSD_KEI@DF_KEI(4.0),I,JPN,M,CP,GR,_Z,_Z,GY,2013-09,1.1
DATAFLOW,OECD.SDD.STES:DSD_KEI@DF_KEI(4.0),I,JPN,M,CP,GR,_Z,_Z,GY,2013-10,1.1
DATAFLOW,OECD.SDD.STES:DSD_KEI@DF_KEI(4.0),I,JPN,M,CP,GR,_Z,_Z,GY,2013-11,1.5
DATAFLOW,OECD.SDD.STES:DSD_KEI@DF_KEI(4.0),I,JPN,M,CP,GR,_Z,_Z,GY,2013-12,1.6
DATAFLOW,OECD.SDD.STES:DSD_KEI@DF_KEI(4.0),I,JPN,M,CP,GR,_Z,_Z,GY,2014-01,1.4
DATAFLOW,OECD.SDD.STES:DSD_KEI@DF_KEI(4.0),I,JPN,M,CP,GR,_Z,_Z,GY,2014-02,1.5
DATAFLOW,OECD.SDD.STES:DSD_KEI@DF_KEI(4.0),I,JPN,M,CP,GR,_Z,_Z,GY,2014-03,1.6
DATAFLOW,OECD.SDD.STES:DSD_KEI@DF_KEI(4.0),I,JPN,M,CP,GR,_Z,_Z,GY,2014-04,3.4
DATAFLOW,OECD.SDD.STES:DSD_KEI@DF_KEI(4.0),I,JPN,M,CP,GR,_Z,_Z,GY,2014-05,3.7
DATAFLOW,OECD.SDD.STES:DSD_KEI@DF_KEI(4.0),I,JPN,M,CP,GR,_Z,_Z,GY,2014-06,3.6
DATAFLOW,OECD.SDD.STES:DSD_KEI@DF_KEI(4.0),I,JPN,M,CP,GR,_Z,_Z,GY,2014-07,3.4
DATAFLOW,OECD.SDD.STES:DSD_KEI@DF_KEI(4.0),I,JPN,M,CP,GR,_Z,_Z,GY,2014-08,3.3
DATAFLOW,OECD.SDD.STES:DSD_KEI@DF_KEI(4.0),I,JPN,M,CP,GR,_Z,_Z,GY,2014-09,3.2
DATAFLOW,OECD.SDD.STES:DSD_KEI@DF_KEI(4.0),I,JPN,M,CP,GR,_Z,_Z,GY,2014-10,2.9
DATAFLOW,OECD.SDD.STES:DSD_KEI@DF_KEI(4.0),I,JPN,M,CP,GR,_Z,_Z,GY,2014-11,2.4
DATAFLOW,OECD.SDD.STES:DSD_KEI@DF_KEI(4.0),I,JPN,M,CP,GR,_Z,_Z,GY,2014-12,2.4
DATAFLOW,OECD.SDD.STES:DSD_KEI@DF_KEI(4.0),I,JPN,M,CP,GR,_Z,_Z,GY,2015-01,2.4
DATAFLOW,OECD.SDD.STES:DSD_KEI@DF_KEI(4.0),I,JPN,M,CP,GR,_Z,_Z,GY,2015-02,2.2
DATAFLOW,OECD.SDD.STES:DSD_KEI@DF_KEI(4.0),I,JPN,M,CP,GR,_Z,_Z,GY,2015-03,2.3
DATAFLOW,OECD.SDD.STES:DSD_KEI@DF_KEI(4.0),I,JPN,M,CP,GR,_Z,_Z,GY,2015-04,0.6
DATAFLOW,OECD.SDD.STES:DSD_KEI@DF_KEI(4.0),I,JPN,M,CP,GR,_Z,_Z,GY,2015-05,0.5
DATAFLOW,OECD.SDD.STES:DSD_KEI@DF_KEI(4.0),I,JPN,M,CP,GR,_Z,_Z,GY,2015-06,0.4
DATAFLOW,OECD.SDD.STES:DSD_KEI@DF_KEI(4.0),I,JPN,M,CP,GR,_Z,_Z,GY,2015-07,0.2
DATAFLOW,OECD.SDD.STES:DSD_KEI@DF_KEI(4.0),I,JPN,M,CP,GR,_Z,_Z,GY,2015-08,0.2
DATAFLOW,OECD.SDD.STES:DSD_KEI@DF_KEI(4.0),I,JPN,M,CP,GR,_Z,_Z,GY,2015-10,0.3
DATAFLOW,OECD.SDD.STES:DSD_KEI@DF_KEI(4.0),I,JPN,M,CP,GR,_Z,_Z,GY,2015-11,0.3
DATAFLOW,OECD.SDD.STES:DSD_KEI@DF_KEI(4.0),I,JPN,M,CP,GR,_Z,_Z,GY,2015-12,0.2
DATAFLOW,OECD.SDD.STES:DSD_KEI@DF_KEI(4.0),I,JPN,M,CP,GR,_Z,_Z,GY,2016-01,-0.1
DATAFLOW,OECD.SDD.STES:DSD_KEI@DF_KEI(4.0),I,JPN,M,CP,GR,_Z,_Z,GY,2016-02,0.2
DATAFLOW,OECD.SDD.STES:DSD_KEI@DF_KEI(4.0),I,JPN,M,CP,GR,_Z,_Z,GY,2016-04,-0.3
DATAFLOW,OECD.SDD.STES:DSD_KEI@DF_KEI(4.0),I,JPN,M,CP,GR,_Z,_Z,GY,2016-05,-0.5
DATAFLOW,OECD.SDD.STES:DSD_KEI@DF_KEI(4.0),I,JPN,M,CP,GR,_Z,_Z,GY,2016-06,-0.4
DATAFLOW,OECD.SDD.STES:DSD_KEI@DF_KEI(4.0),I,JPN,M,CP,GR,_Z,_Z,GY,2016-07,-0.4
DATAFLOW,OECD.SDD.STES:DSD_KEI@DF_KEI(4.0),I,JPN,M,CP,GR,_Z,_Z,GY,2016-08,-0.5
DATAFLOW,OECD.SDD.STES:DSD_KEI@DF_KEI(4.0),I,JPN,M,CP,GR,_Z,_Z,GY,2016-09,-0.5
DATAFLOW,OECD.SDD.STES:DSD_KEI@DF_KEI(4.0),I,JPN,M,CP,GR,_Z,_Z,GY,2016-11,0.5
DATAFLOW,OECD.SDD.STES:DSD_KEI@DF_KEI(4.0),I,JPN,M,CP,GR,_Z,_Z,GY,2016-12,0.3
DATAFLOW,OECD.SDD.STES:DSD_KEI@DF_KEI(4.0),I,JPN,M,CP,GR,_Z,_Z,GY,2017-01,0.4
DATAFLOW,OECD.SDD.STES:DSD_KEI@DF_KEI(4.0),I,JPN,M,CP,GR,_Z,_Z,GY,2017-02,0.3
DATAFLOW,OECD.SDD.STES:DSD_KEI@DF_KEI(4.0),I,JPN,M,CP,GR,_Z,_Z,GY,2017-03,0.2
DATAFLOW,OECD.SDD.STES:DSD_KEI@DF_KEI(4.0),I,JPN,M,CP,GR,_Z,_Z,GY,2017-04,0.4
DATAFLOW,OECD.SDD.STES:DSD_KEI@DF_KEI(4.0),I,JPN,M,CP,GR,_Z,_Z,GY,2017-05,0.4
DATAFLOW,OECD.SDD.STES:DSD_KEI@DF_KEI(4.0),I,JPN,M,CP,GR,_Z,_Z,GY,2017-06,0.4
DATAFLOW,OECD.SDD.STES:DSD_KEI@DF_KEI(4.0),I,JPN,M,CP,GR,_Z,_Z,GY,2017-07,0.4
DATAFLOW,OECD.SDD.STES:DSD_KEI@DF_KEI(4.0),I,JPN,M,CP,GR,_Z,_Z,GY,2017-08,0.7
DATAFLOW,OECD.SDD.STES:DSD_KEI@DF_KEI(4.0),I,JPN,M,CP,GR,_Z,_Z,GY,2017-09,0.7
DATAFLOW,OECD.SDD.STES:DSD_KEI@DF_KEI(4.0),I,JPN,M,CP,GR,_Z,_Z,GY,2017-10,0.2
DATAFLOW,OECD.SDD.STES:DSD_KEI@DF_KEI(4.0),I,JPN,M,CP,GR,_Z,_Z,GY,2017-11,0.6
DATAFLOW,OECD.SDD.STES:DSD_KEI@DF_KEI(4.0),I,JPN,M,CP,GR,_Z,_Z,GY,2017-12,1.0
DATAFLOW,OECD.SDD.STES:DSD_KEI@DF_KEI(4.0),I,JPN,M,CP,GR,_Z,_Z,GY,2018-01,1.4
DATAFLOW,OECD.SDD.STES:DSD_KEI@DF_KEI(4.0),I,JPN,M,CP,GR,_Z,_Z,GY,2018-02,1.5
DATAFLOW,OECD.SDD.STES:DSD_KEI@DF_KEI(4.0),I,JPN,M,CP,GR,_Z,_Z,GY,2018-03,1.1
DATAFLOW,OECD.SDD.STES:DSD_KEI@DF_KEI(4.0),I,GBR,M,CP,GR,_Z,_Z,GY,2025-12,3.6
DATAFLOW,OECD.SDD.STES:DSD_KEI@DF_KEI(4.0),I,GBR,M,CP,GR,_Z,_Z,G1,2025-12,0.4
DATAFLOW,OECD.SDD.STES:DSD_KEI@DF_KEI(4.0),I,JPN,M,CP,IX,_Z,_Z,_Z,2010-02,96.6149147365742
DATAFLOW,OECD.SDD.STES:DSD_KEI@DF_KEI(4.0),I,JPN,M,CP,IX,_Z,_Z,_Z,2010-03,96.81852888775772
DATAFLOW,OECD.SDD.STES:DSD_KEI@DF_KEI(4.0),I,JPN,M,CP,IX,_Z,_Z,_Z,2010-04,96.81852888775772
DATAFLOW,OECD.SDD.STES:DSD_KEI@DF_KEI(4.0),I,JPN,M,CP,IX,_Z,_Z,_Z,2010-05,96.81852888775772
DATAFLOW,OECD.SDD.STES:DSD_KEI@DF_KEI(4.0),I,JPN,M,CP,IX,_Z,_Z,_Z,2010-06,96.6149147365742
DATAFLOW,OECD.SDD.STES:DSD_KEI@DF_KEI(4.0),I,JPN,M,CP,IX,_Z,_Z,_Z,2012-03,96.81852888775772
DATAFLOW,OECD.SDD.STES:DSD_KEI@DF_KEI(4.0),I,JPN,M,CP,IX,_Z,_Z,_Z,2013-08,96.81852888775772
DATAFLOW,OECD.SDD.STES:DSD_KEI@DF_KEI(4.0),I,JPN,M,CP,IX,_Z,_Z,_Z,2010-01,96.6149147365742
DATAFLOW,OECD.SDD.STES:DSD_KEI@DF_KEI(4.0),I,JPN,M,CP,IX,_Z,_Z,_Z,2012-05,96.6149147365742
DATAFLOW,OECD.SDD.STES:DSD_KEI@DF_KEI(4.0),I,JPN,M,CP,IX,_Z,_Z,_Z,2009-09,97.3275642657165
DATAFLOW,OECD.SDD.STES:DSD_KEI@DF_KEI(4.0),I,JPN,M,CP,IX,_Z,_Z,_Z,2009-10,96.9203359633495
DATAFLOW,OECD.SDD.STES:DSD_KEI@DF_KEI(4.0),I,JPN,M,CP,IX,_Z,_Z,_Z,2009-11,96.716721812166
DATAFLOW,OECD.SDD.STES:DSD_KEI@DF_KEI(4.0),I,JPN,M,CP,IX,_Z,_Z,_Z,2009-12,96.5131076609824
DATAFLOW,OECD.SDD.STES:DSD_KEI@DF_KEI(4.0),I,JPN,M,CP,IX,_Z,_Z,_Z,2010-07,96.1058793586154
DATAFLOW,OECD.SDD.STES:DSD_KEI@DF_KEI(4.0),I,JPN,M,CP,IX,_Z,_Z,_Z,2010-08,96.2076864342072
DATAFLOW,OECD.SDD.STES:DSD_KEI@DF_KEI(4.0),I,JPN,M,CP,IX,_Z,_Z,_Z,2010-09,96.4113005853907
DATAFLOW,OECD.SDD.STES:DSD_KEI@DF_KEI(4.0),I,JPN,M,CP,IX,_Z,_Z,_Z,2010-10,96.716721812166
DATAFLOW,OECD.SDD.STES:DSD_KEI@DF_KEI(4.0),I,JPN,M,CP,IX,_Z,_Z,_Z,2010-11,96.4113005853907
DATAFLOW,OECD.SDD.STES:DSD_KEI@DF_KEI(4.0),I,JPN,M,CP,IX,_Z,_Z,_Z,2010-12,96.2076864342072
DATAFLOW,OECD.SDD.STES:DSD_KEI@DF_KEI(4.0),I,JPN,M,CP,IX,_Z,_Z,_Z,2011-01,96.1058793586154
DATAFLOW,OECD.SDD.STES:DSD_KEI@DF_KEI(4.0),I,JPN,M,CP,IX,_Z,_Z,_Z,2011-02,96.1058793586154
DATAFLOW,OECD.SDD.STES:DSD_KEI@DF_KEI(4.0),I,JPN,M,CP,IX,_Z,_Z,_Z,2011-03,96.3094935097989
DATAFLOW,OECD.SDD.STES:DSD_KEI@DF_KEI(4.0),I,JPN,M,CP,IX,_Z,_Z,_Z,2011-04,96.4113005853907
DATAFLOW,OECD.SDD.STES:DSD_KEI@DF_KEI(4.0),I,JPN,M,CP,IX,_Z,_Z,_Z,2011-05,96.4113005853907
DATAFLOW,OECD.SDD.STES:DSD_KEI@DF_KEI(4.0),I,JPN,M,CP,IX,_Z,_Z,_Z,2011-06,96.3094935097989
DATAFLOW,OECD.SDD.STES:DSD_KEI@DF_KEI(4.0),I,JPN,M,CP,IX,_Z,_Z,_Z,2011-07,96.3094935097989
DATAFLOW,OECD.SDD.STES:DSD_KEI@DF_KEI(4.0),I,JPN,M,CP,IX,_Z,_Z,_Z,2011-08,96.4113005853907
DATAFLOW,OECD.SDD.STES:DSD_KEI@DF_KEI(4.0),I,JPN,M,CP,IX,_Z,_Z,_Z,2011-09,96.4113005853907
DATAFLOW,OECD.SDD.STES:DSD_KEI@DF_KEI(4.0),I,JPN,M,CP,IX,_Z,_Z,_Z,2011-10,96.5131076609824
DATAFLOW,OECD.SDD.STES:DSD_KEI@DF_KEI(4.0),I,JPN,M,CP,IX,_Z,_Z,_Z,2011-11,95.9022652074319
DATAFLOW,OECD.SDD.STES:DSD_KEI@DF_KEI(4.0),I,JPN,M,CP,IX,_Z,_Z,_Z,2011-12,96.0040722830237
DATAFLOW,OECD.SDD.STES:DSD_KEI@DF_KEI(4.0),I,JPN,M,CP,IX,_Z,_Z,_Z,2012-01,96.2076864342072
DATAFLOW,OECD.SDD.STES:DSD_KEI@DF_KEI(4.0),I,JPN,M,CP,IX,_Z,_Z,_Z,2012-02,96.4113005853907
DATAFLOW,OECD.SDD.STES:DSD_KEI@DF_KEI(4.0),I,JPN,M,CP,IX,_Z,_Z,_Z,2012-04,96.9203359633495
DATAFLOW,OECD.SDD.STES:DSD_KEI@DF_KEI(4.0),I,JPN,M,CP,IX,_Z,_Z,_Z,2012-06,96.1058793586154
DATAFLOW,OECD.SDD.STES:DSD_KEI@DF_KEI(4.0),I,JPN,M,CP,IX,_Z,_Z,_Z,2012-07,95.8004581318402
DATAFLOW,OECD.SDD.STES:DSD_KEI@DF_KEI(4.0),I,JPN,M,CP,IX,_Z,_Z,_Z,2012-08,96.0040722830237
DATAFLOW,OECD.SDD.STES:DSD_KEI@DF_KEI(4.0),I,JPN,M,CP,IX,_Z,_Z,_Z,2012-09,96.1058793586154
DATAFLOW,OECD.SDD.STES:DSD_KEI@DF_KEI(4.0),I,JPN,M,CP,IX,_Z,_Z,_Z,2012-10,96.1058793586154
DATAFLOW,OECD.SDD.STES:DSD_KEI@DF_KEI(4.0),I,JPN,M,CP,IX,_Z,_Z,_Z,2012-11,95.8004581318402
DATAFLOW,OECD.SDD.STES:DSD_KEI@DF_KEI(4.0),I,JPN,M,CP,IX,_Z,_Z,_Z,2012-12,95.8004581318402
DATAFLOW,OECD.SDD.STES:DSD_KEI@DF_KEI(4.0),I,JPN,M,CP,IX,_Z,_Z,_Z,2013-01,95.9022652074319
DATAFLOW,OECD.SDD.STES:DSD_KEI@DF_KEI(4.0),I,JPN,M,CP,IX,_Z,_Z,_Z,2013-02,95.6986510562484
DATAFLOW,OECD.SDD.STES:DSD_KEI@DF_KEI(4.0),I,JPN,M,CP,IX,_Z,_Z,_Z,2013-03,95.9022652074319
DATAFLOW,OECD.SDD.STES:DSD_KEI@DF_KEI(4.0),I,JPN,M,CP,IX,_Z,_Z,_Z,2013-04,96.2076864342072
DATAFLOW,OECD.SDD.STES:DSD_KEI@DF_KEI(4.0),I,JPN,M,CP,IX,_Z,_Z,_Z,2013-05,96.3094935097989
DATAFLOW,OECD.SDD.STES:DSD_KEI@DF_KEI(4.0),I,JPN,M,CP,IX,_Z,_Z,_Z,2013-06,96.3094935097989
DATAFLOW,OECD.SDD.STES:DSD_KEI@DF_KEI(4.0),I,JPN,M,CP,IX,_Z,_Z,_Z,2013-07,96.5131076609824
DATAFLOW,OECD.SDD.STES:DSD_KEI@DF_KEI(4.0),I,JPN,M,CP,IX,_Z,_Z,_Z,2013-09,97.123950114533
DATAFLOW,OECD.SDD.STES:DSD_KEI@DF_KEI(4.0),I,JPN,M,CP,IX,_Z,_Z,_Z,2013-10,97.2257571901247
DATAFLOW,OECD.SDD.STES:DSD_KEI@DF_KEI(4.0),I,JPN,M,CP,IX,_Z,_Z,_Z,2013-11,97.2257571901247
DATAFLOW,OECD.SDD.STES:DSD_KEI@DF_KEI(4.0),I,JPN,M,CP,IX,_Z,_Z,_Z,2013-12,97.3275642657165
DATAFLOW,OECD.SDD.STES:DSD_KEI@DF_KEI(4.0),I,JPN,M,CP,IX,_Z,_Z,_Z,2014-01,97.2257571901247
DATAFLOW,OECD.SDD.STES:DSD_KEI@DF_KEI(4.0),I,JPN,M,CP,IX,_Z,_Z,_Z,2014-02,97.2257571901247
DATAFLOW,OECD.SDD.STES:DSD_KEI@DF_KEI(4.0),I,JPN,M,CP,IX,_Z,_Z,_Z,2014-03,97.4293713413082
DATAFLOW,OECD.SDD.STES:DSD_KEI@DF_KEI(4.0),I,JPN,M,CP,GR,_Z,_Z,GY,2018-11,0.8
DATAFLOW,OECD.SDD.STES:DSD_KEI@DF_KEI(4.0),I,JPN,M,CP,GR,_Z,_Z,GY,2018-12,0.3
DATAFLOW,OECD.SDD.STES:DSD_KEI@DF_KEI(4.0),I,JPN,M,CP,GR,_Z,_Z,GY,2019-01,0.2
DATAFLOW,OECD.SDD.STES:DSD_KEI@DF_KEI(4.0),I,JPN,M,CP,GR,_Z,_Z,GY,2019-02,0.2
DATAFLOW,OECD.SDD.STES:DSD_KEI@DF_KEI(4.0),I,JPN,M,CP,GR,_Z,_Z,GY,2021-01,-0.7
DATAFLOW,OECD.SDD.STES:DSD_KEI@DF_KEI(4.0),I,JPN,M,CP,GR,_Z,_Z,GY,2021-02,-0.5
DATAFLOW,OECD.SDD.STES:DSD_KEI@DF_KEI(4.0),I,JPN,M,CP,GR,_Z,_Z,GY,2021-03,-0.4
DATAFLOW,OECD.SDD.STES:DSD_KEI@DF_KEI(4.0),I,JPN,M,CP,GR,_Z,_Z,GY,2021-04,-1.1
DATAFLOW,OECD.SDD.STES:DSD_KEI@DF_KEI(4.0),I,JPN,M,CP,GR,_Z,_Z,GY,2021-05,-0.8
DATAFLOW,OECD.SDD.STES:DSD_KEI@DF_KEI(4.0),I,JPN,M,CP,GR,_Z,_Z,GY,2021-06,-0.5
DATAFLOW,OECD.SDD.STES:DSD_KEI@DF_KEI(4.0),I,JPN,M,CP,GR,_Z,_Z,G1,2009-04,0.1
DATAFLOW,OECD.SDD.STES:DSD_KEI@DF_KEI(4.0),I,JPN,M,CP,GR,_Z,_Z,G1,2010-08,0.1
DATAFLOW,OECD.SDD.STES:DSD_KEI@DF_KEI(4.0),I,JPN,M,CP,GR,_Z,_Z,G1,2011-04,0.1
DATAFLOW,OECD.SDD.STES:DSD_KEI@DF_KEI(4.0),I,JPN,M,CP,GR,_Z,_Z,G1,2011-08,0.1
DATAFLOW,OECD.SDD.STES:DSD_KEI@DF_KEI(4.0),I,JPN,M,CP,GR,_Z,_Z,G1,2011-10,0.1
DATAFLOW,OECD.SDD.STES:DSD_KEI@DF_KEI(4.0),I,JPN,M,CP,GR,_Z,_Z,G1,2012-04,0.1
DATAFLOW,OECD.SDD.STES:DSD_KEI@DF_KEI(4.0),I,JPN,M,CP,GR,_Z,_Z,G1,2012-08,0.1
DATAFLOW,OECD.SDD.STES:DSD_KEI@DF_KEI(4.0),I,JPN,M,CP,GR,_Z,_Z,G1,2012-09,0.1
DATAFLOW,OECD.SDD.STES:DSD_KEI@DF_KEI(4.0),I,JPN,M,CP,GR,_Z,_Z,G1,2013-01,0.1
DATAFLOW,OECD.SDD.STES:DSD_KEI@DF_KEI(4.0),I,JPN,M,CP,GR,_Z,_Z,G1,2013-05,0.1
DATAFLOW,OECD.SDD.STES:DSD_KEI@DF_KEI(4.0),I,JPN,M,CP,GR,_Z,_Z,G1,2013-10,0.1
DATAFLOW,OECD.SDD.STES:DSD_KEI@DF_KEI(4.0),I,JPN,M,CP,GR,_Z,_Z,G1,2013-12,0.1
DATAFLOW,OECD.SDD.STES:DSD_KEI@DF_KEI(4.0),I,JPN,M,CP,GR,_Z,_Z,G1,2014-12,0.1
DATAFLOW,OECD.SDD.STES:DSD_KEI@DF_KEI(4.0),I,JPN,M,CP,GR,_Z,_Z,G1,2015-08,0.1
DATAFLOW,OECD.SDD.STES:DSD_KEI@DF_KEI(4.0),I,JPN,M,CP,GR,_Z,_Z,G1,2015-09,0.1
DATAFLOW,OECD.SDD.STES:DSD_KEI@DF_KEI(4.0),I,JPN,M,CP,GR,_Z,_Z,G1,2016-02,0.1
DATAFLOW,OECD.SDD.STES:DSD_KEI@DF_KEI(4.0),I,JPN,M,CP,GR,_Z,_Z,G1,2016-03,0.1
DATAFLOW,OECD.SDD.STES:DSD_KEI@DF_KEI(4.0),I,JPN,M,CP,GR,_Z,_Z,G1,2016-05,0.1
DATAFLOW,OECD.SDD.STES:DSD_KEI@DF_KEI(4.0),I,JPN,M,CP,GR,_Z,_Z,G1,2017-03,0.1
DATAFLOW,OECD.SDD.STES:DSD_KEI@DF_KEI(4.0),I,JPN,M,CP,GR,_Z,_Z,G1,2017-05,0.1
DATAFLOW,OECD.SDD.STES:DSD_KEI@DF_KEI(4.0),I,JPN,M,CP,GR,_Z,_Z,G1,2018-01,0.1
DATAFLOW,OECD.SDD.STES:DSD_KEI@DF_KEI(4.0),I,JPN,M,CP,GR,_Z,_Z,G1,2018-05,0.1
DATAFLOW,OECD.SDD.STES:DSD_KEI@DF_KEI(4.0),I,JPN,M,CP,GR,_Z,_Z,G1,2018-07,0.1
DATAFLOW,OECD.SDD.STES:DSD_KEI@DF_KEI(4.0),I,JPN,M,CP,GR,_Z,_Z,G1,2018-09,0.1
DATAFLOW,OECD.SDD.STES:DSD_KEI@DF_KEI(4.0),I,JPN,M,CP,GR,_Z,_Z,G1,2019-01,0.1
DATAFLOW,OECD.SDD.STES:DSD_KEI@DF_KEI(4.0),I,JPN,M,CP,GR,_Z,_Z,G1,2019-09,0.1
DATAFLOW,OECD.SDD.STES:DSD_KEI@DF_KEI(4.0),I,JPN,M,CP,GR,_Z,_Z,G1,2019-11,0.1
DATAFLOW,OECD.SDD.STES:DSD_KEI@DF_KEI(4.0),I,JPN,M,CP,GR,_Z,_Z,G1,2020-07,0.1
DATAFLOW,OECD.SDD.STES:DSD_KEI@DF_KEI(4.0),I,JPN,M,CP,GR,_Z,_Z,G1,2020-08,0.1
DATAFLOW,OECD.SDD.STES:DSD_KEI@DF_KEI(4.0),I,JPN,M,CP,GR,_Z,_Z,G1,2021-03,0.1
DATAFLOW,OECD.SDD.STES:DSD_KEI@DF_KEI(4.0),I,JPN,M,CP,GR,_Z,_Z,G1,2021-06,0.1
DATAFLOW,OECD.SDD.STES:DSD_KEI@DF_KEI(4.0),I,JPN,M,CP,GR,_Z,_Z,GY,2010-11,0.1
DATAFLOW,OECD.SDD.STES:DSD_KEI@DF_KEI(4.0),I,JPN,M,CP,GR,_Z,_Z,GY,2012-01,0.1
DATAFLOW,OECD.SDD.STES:DSD_KEI@DF_KEI(4.0),I,JPN,M,CP,GR,_Z,_Z,GY,2016-10,0.1
DATAFLOW,OECD.SDD.STES:DSD_KEI@DF_KEI(4.0),I,JPN,M,CP,GR,_Z,_Z,GY,2020-04,0.1
DATAFLOW,OECD.SDD.STES:DSD_KEI@DF_KEI(4.0),I,JPN,M,CP,GR,_Z,_Z,GY,2020-05,0.1
DATAFLOW,OECD.SDD.STES:DSD_KEI@DF_KEI(4.0),I,JPN,M,CP,GR,_Z,_Z,GY,2020-06,0.1
DATAFLOW,OECD.SDD.STES:DSD_KEI@DF_KEI(4.0),I,JPN,M,CP,IX,_Z,_Z,_Z,2007-01,96.9203359633495
DATAFLOW,OECD.SDD.STES:DSD_KEI@DF_KEI(4.0),I,JPN,M,CP,IX,_Z,_Z,_Z,2007-02,96.4113005853907
DATAFLOW,OECD.SDD.STES:DSD_KEI@DF_KEI(4.0),I,JPN,M,CP,IX,_Z,_Z,_Z,2007-03,96.716721812166
DATAFLOW,OECD.SDD.STES:DSD_KEI@DF_KEI(4.0),I,JPN,M,CP,IX,_Z,_Z,_Z,2007-04,97.0221430389412
DATAFLOW,OECD.SDD.STES:DSD_KEI@DF_KEI(4.0),I,JPN,M,CP,IX,_Z,_Z,_Z,2007-05,97.3275642657165
DATAFLOW,OECD.SDD.STES:DSD_KEI@DF_KEI(4.0),I,JPN,M,CP,IX,_Z,_Z,_Z,2007-06,97.123950114533
DATAFLOW,OECD.SDD.STES:DSD_KEI@DF_KEI(4.0),I,JPN,M,CP,IX,_Z,_Z,_Z,2007-07,97.0221430389412
DATAFLOW,OECD.SDD.STES:DSD_KEI@DF_KEI(4.0),I,JPN,M,CP,IX,_Z,_Z,_Z,2007-08,97.5311784169
DATAFLOW,OECD.SDD.STES:DSD_KEI@DF_KEI(4.0),I,JPN,M,CP,IX,_Z,_Z,_Z,2007-09,97.5311784169
DATAFLOW,OECD.SDD.STES:DSD_KEI@DF_KEI(4.0),I,JPN,M,CP,IX,_Z,_Z,_Z,2007-10,97.73479256808348
DATAFLOW,OECD.SDD.STES:DSD_KEI@DF_KEI(4.0),I,JPN,M,CP,IX,_Z,_Z,_Z,2007-11,97.6329854924917
DATAFLOW,OECD.SDD.STES:DSD_KEI@DF_KEI(4.0),I,JPN,M,CP,IX,_Z,_Z,_Z,2007-12,97.73479256808348
DATAFLOW,OECD.SDD.STES:DSD_KEI@DF_KEI(4.0),I,JPN,M,CP,IX,_Z,_Z,_Z,2008-01,97.6329854924917
DATAFLOW,OECD.SDD.STES:DSD_KEI@DF_KEI(4.0),I,JPN,M,CP,IX,_Z,_Z,_Z,2008-02,97.4293713413082
DATAFLOW,OECD.SDD.STES:DSD_KEI@DF_KEI(4.0),I,JPN,M,CP,IX,_Z,_Z,_Z,2008-03,97.8365996436752
DATAFLOW,OECD.SDD.STES:DSD_KEI@DF_KEI(4.0),I,JPN,M,CP,IX,_Z,_Z,_Z,2008-04,97.73479256808348
DATAFLOW,OECD.SDD.STES:DSD_KEI@DF_KEI(4.0),I,JPN,M,CP,IX,_Z,_Z,_Z,2008-05,98.5492491728175
DATAFLOW,OECD.SDD.STES:DSD_KEI@DF_KEI(4.0),I,JPN,M,CP,IX,_Z,_Z,_Z,2008-06,99.05828455077628
DATAFLOW,OECD.SDD.STES:DSD_KEI@DF_KEI(4.0),I,JPN,M,CP,IX,_Z,_Z,_Z,2008-07,99.2618987019598
DATAFLOW,OECD.SDD.STES:DSD_KEI@DF_KEI(4.0),I,JPN,M,CP,IX,_Z,_Z,_Z,2008-08,99.5673199287351
DATAFLOW,OECD.SDD.STES:DSD_KEI@DF_KEI(4.0),I,JPN,M,CP,IX,_Z,_Z,_Z,2008-09,99.5673199287351
DATAFLOW,OECD.SDD.STES:DSD_KEI@DF_KEI(4.0),I,JPN,M,CP,IX,_Z,_Z,_Z,2008-10,99.4655128531433
DATAFLOW,OECD.SDD.STES:DSD_KEI@DF_KEI(4.0),I,JPN,M,CP,IX,_Z,_Z,_Z,2008-11,98.5492491728175
DATAFLOW,OECD.SDD.STES:DSD_KEI@DF_KEI(4.0),I,JPN,M,CP,IX,_Z,_Z,_Z,2008-12,98.1420208704505
DATAFLOW,OECD.SDD.STES:DSD_KEI@DF_KEI(4.0),I,JPN,M,CP,IX,_Z,_Z,_Z,2009-01,97.6329854924917
DATAFLOW,OECD.SDD.STES:DSD_KEI@DF_KEI(4.0),I,JPN,M,CP,IX,_Z,_Z,_Z,2009-02,97.3275642657165
DATAFLOW,OECD.SDD.STES:DSD_KEI@DF_KEI(4.0),I,JPN,M,CP,IX,_Z,_Z,_Z,2009-03,97.6329854924917
DATAFLOW,OECD.SDD.STES:DSD_KEI@DF_KEI(4.0),I,JPN,M,CP,IX,_Z,_Z,_Z,2009-04,97.73479256808348
DATAFLOW,OECD.SDD.STES:DSD_KEI@DF_KEI(4.0),I,JPN,M,CP,IX,_Z,_Z,_Z,2009-05,97.5311784169
DATAFLOW,OECD.SDD.STES:DSD_KEI@DF_KEI(4.0),I,JPN,M,CP,IX,_Z,_Z,_Z,2009-06,97.3275642657165
DATAFLOW,OECD.SDD.STES:DSD_KEI@DF_KEI(4.0),I,JPN,M,CP,IX,_Z,_Z,_Z,2009-07,97.0221430389412
DATAFLOW,OECD.SDD.STES:DSD_KEI@DF_KEI(4.0),I,JPN,M,CP,IX,_Z,_Z,_Z,2009-08,97.3275642657165
DATAFLOW,OECD.SDD.STES:DSD_KEI@DF_KEI(4.0),I,JPN,M,CP,GR,_Z,_Z,G1,2007-01,-0.2
DATAFLOW,OECD.SDD.STES:DSD_KEI@DF_KEI(4.0),I,JPN,M,CP,GR,_Z,_Z,G1,2007-02,-0.5
DATAFLOW,OECD.SDD.STES:DSD_KEI@DF_KEI(4.0),I,JPN,M,CP,GR,_Z,_Z,G1,2007-03,0.3
DATAFLOW,OECD.SDD.STES:DSD_KEI@DF_KEI(4.0),I,JPN,M,CP,GR,_Z,_Z,G1,2007-04,0.3
DATAFLOW,OECD.SDD.STES:DSD_KEI@DF_KEI(4.0),I,JPN,M,CP,GR,_Z,_Z,G1,2007-05,0.3
DATAFLOW,OECD.SDD.STES:DSD_KEI@DF_KEI(4.0),I,JPN,M,CP,GR,_Z,_Z,G1,2007-06,-0.2
DATAFLOW,OECD.SDD.STES:DSD_KEI@DF_KEI(4.0),I,JPN,M,CP,GR,_Z,_Z,G1,2007-07,-0.1
DATAFLOW,OECD.SDD.STES:DSD_KEI@DF_KEI(4.0),I,JPN,M,CP,GR,_Z,_Z,G1,2007-08,0.5
DATAFLOW,OECD.SDD.STES:DSD_KEI@DF_KEI(4.0),I,JPN,M,CP,GR,_Z,_Z,G1,2007-10,0.3
DATAFLOW,OECD.SDD.STES:DSD_KEI@DF_KEI(4.0),I,JPN,M,CP,GR,_Z,_Z,G1,2007-11,-0.2
DATAFLOW,OECD.SDD.STES:DSD_KEI@DF_KEI(4.0),I,JPN,M,CP,GR,_Z,_Z,G1,2007-12,0.2
DATAFLOW,OECD.SDD.STES:DSD_KEI@DF_KEI(4.0),I,JPN,M,CP,GR,_Z,_Z,G1,2008-01,-0.2
DATAFLOW,OECD.SDD.STES:DSD_KEI@DF_KEI(4.0),I,JPN,M,CP,GR,_Z,_Z,G1,2008-02,-0.2
DATAFLOW,OECD.SDD.STES:DSD_KEI@DF_KEI(4.0),I,JPN,M,CP,GR,_Z,_Z,G1,2008-03,0.5
DATAFLOW,OECD.SDD.STES:DSD_KEI@DF_KEI(4.0),I,JPN,M,CP,GR,_Z,_Z,G1,2008-04,-0.1
DATAFLOW,OECD.SDD.STES:DSD_KEI@DF_KEI(4.0),I,JPN,M,CP,GR,_Z,_Z,G1,2008-05,0.8
DATAFLOW,OECD.SDD.STES:DSD_KEI@DF_KEI(4.0),I,JPN,M,CP,GR,_Z,_Z,G1,2008-06,0.5
DATAFLOW,OECD.SDD.STES:DSD_KEI@DF_KEI(4.0),I,JPN,M,CP,GR,_Z,_Z,G1,2008-07,0.2
DATAFLOW,OECD.SDD.STES:DSD_KEI@DF_KEI(4.0),I,JPN,M,CP,GR,_Z,_Z,G1,2008-08,0.3
DATAFLOW,OECD.SDD.STES:DSD_KEI@DF_KEI(4.0),I,JPN,M,CP,IX,_Z,_Z,_Z,2016-01,99.4655128531433
DATAFLOW,OECD.SDD.STES:DSD_KEI@DF_KEI(4.0),I,JPN,M,CP,IX,_Z,_Z,_Z,2016-02,99.5673199287351
DATAFLOW,OECD.SDD.STES:DSD_KEI@DF_KEI(4.0),I,JPN,M,CP,IX,_Z,_Z,_Z,2016-03,99.6691270043268
DATAFLOW,OECD.SDD.STES:DSD_KEI@DF_KEI(4.0),I,JPN,M,CP,IX,_Z,_Z,_Z,2016-04,99.8727411555103
DATAFLOW,OECD.SDD.STES:DSD_KEI@DF_KEI(4.0),I,JPN,M,CP,IX,_Z,_Z,_Z,2016-05,99.9745482311021
DATAFLOW,OECD.SDD.STES:DSD_KEI@DF_KEI(4.0),I,JPN,M,CP,IX,_Z,_Z,_Z,2016-06,99.8727411555103
DATAFLOW,OECD.SDD.STES:DSD_KEI@DF_KEI(4.0),I,JPN,M,CP,IX,_Z,_Z,_Z,2016-07,99.6691270043268
DATAFLOW,OECD.SDD.STES:DSD_KEI@DF_KEI(4.0),I,JPN,M,CP,IX,_Z,_Z,_Z,2016-08,99.6691270043268
DATAFLOW,OECD.SDD.STES:DSD_KEI@DF_KEI(4.0),I,JPN,M,CP,IX,_Z,_Z,_Z,2016-09,99.7709340799186
DATAFLOW,OECD.SDD.STES:DSD_KEI@DF_KEI(4.0),I,JPN,M,CP,IX,_Z,_Z,_Z,2016-10,100.381776533469
DATAFLOW,OECD.SDD.STES:DSD_KEI@DF_KEI(4.0),I,JPN,M,CP,IX,_Z,_Z,_Z,2016-11,100.381776533469
DATAFLOW,OECD.SDD.STES:DSD_KEI@DF_KEI(4.0),I,JPN,M,CP,IX,_Z,_Z,_Z,2016-12,100.178162382286
DATAFLOW,OECD.SDD.STES:DSD_KEI@DF_KEI(4.0),I,JPN,M,CP,IX,_Z,_Z,_Z,2017-01,99.9745482311021
DATAFLOW,OECD.SDD.STES:DSD_KEI@DF_KEI(4.0),I,JPN,M,CP,IX,_Z,_Z,_Z,2017-02,99.8727411555103
DATAFLOW,OECD.SDD.STES:DSD_KEI@DF_KEI(4.0),I,JPN,M,CP,IX,_Z,_Z,_Z,2017-03,99.8727411555103
DATAFLOW,OECD.SDD.STES:DSD_KEI@DF_KEI(4.0),I,JPN,M,CP,IX,_Z,_Z,_Z,2017-04,100.279969457877
DATAFLOW,OECD.SDD.STES:DSD_KEI@DF_KEI(4.0),I,JPN,M,CP,IX,_Z,_Z,_Z,2017-05,100.381776533469
DATAFLOW,OECD.SDD.STES:DSD_KEI@DF_KEI(4.0),I,JPN,M,CP,IX,_Z,_Z,_Z,2017-06,100.279969457877
DATAFLOW,OECD.SDD.STES:DSD_KEI@DF_KEI(4.0),I,JPN,M,CP,IX,_Z,_Z,_Z,2017-07,100.076355306694
DATAFLOW,OECD.SDD.STES:DSD_KEI@DF_KEI(4.0),I,JPN,M,CP,IX,_Z,_Z,_Z,2017-08,100.279969457877
DATAFLOW,OECD.SDD.STES:DSD_KEI@DF_KEI(4.0),I,JPN,M,CP,IX,_Z,_Z,_Z,2017-09,100.585390684653
DATAFLOW,OECD.SDD.STES:DSD_KEI@DF_KEI(4.0),I,JPN,M,CP,IX,_Z,_Z,_Z,2017-10,100.585390684653
DATAFLOW,OECD.SDD.STES:DSD_KEI@DF_KEI(4.0),I,JPN,M,CP,IX,_Z,_Z,_Z,2017-11,100.890811911428
DATAFLOW,OECD.SDD.STES:DSD_KEI@DF_KEI(4.0),I,JPN,M,CP,IX,_Z,_Z,_Z,2017-12,101.196233138203
DATAFLOW,OECD.SDD.STES:DSD_KEI@DF_KEI(4.0),I,JPN,M,CP,IX,_Z,_Z,_Z,2018-01,101.298040213795
DATAFLOW,OECD.SDD.STES:DSD_KEI@DF_KEI(4.0),I,JPN,M,CP,IX,_Z,_Z,_Z,2018-02,101.298040213795
DATAFLOW,OECD.SDD.STES:DSD_KEI@DF_KEI(4.0),I,JPN,M,CP,IX,_Z,_Z,_Z,2018-03,100.99261898702
DATAFLOW,OECD.SDD.STES:DSD_KEI@DF_KEI(4.0),I,JPN,M,CP,IX,_Z,_Z,_Z,2018-04,100.890811911428
DATAFLOW,OECD.SDD.STES:DSD_KEI@DF_KEI(4.0),I,JPN,M,CP,IX,_Z,_Z,_Z,2018-05,101.094426062611
DATAFLOW,OECD.SDD.STES:DSD_KEI@DF_KEI(4.0),I,JPN,M,CP,IX,_Z,_Z,_Z,2018-06,100.99261898702
DATAFLOW,OECD.SDD.STES:DSD_KEI@DF_KEI(4.0),I,JPN,M,CP,IX,_Z,_Z,_Z,2018-07,100.99261898702
DATAFLOW,OECD.SDD.STES:DSD_KEI@DF_KEI(4.0),I,JPN,M,CP,IX,_Z,_Z,_Z,2018-08,101.60346144057
DATAFLOW,OECD.SDD.STES:DSD_KEI@DF_KEI(4.0),I,JPN,M,CP,IX,_Z,_Z,_Z,2018-09,101.705268516162
DATAFLOW,OECD.SDD.STES:DSD_KEI@DF_KEI(4.0),I,JPN,M,CP,IX,_Z,_Z,_Z,2018-10,102.010689742937
DATAFLOW,OECD.SDD.STES:DSD_KEI@DF_KEI(4.0),I,JPN,M,CP,IX,_Z,_Z,_Z,2018-11,101.807075591754
DATAFLOW,OECD.SDD.STES:DSD_KEI@DF_KEI(4.0),I,JPN,M,CP,IX,_Z,_Z,_Z,2018-12,101.501654364978
DATAFLOW,OECD.SDD.STES:DSD_KEI@DF_KEI(4.0),I,JPN,M,CP,IX,_Z,_Z,_Z,2019-01,101.501654364978
DATAFLOW,OECD.SDD.STES:DSD_KEI@DF_KEI(4.0),I,JPN,M,CP,IX,_Z,_Z,_Z,2019-02,101.501654364978
DATAFLOW,OECD.SDD.STES:DSD_KEI@DF_KEI(4.0),I,JPN,M,CP,IX,_Z,_Z,_Z,2019-03,101.501654364978
DATAFLOW,OECD.SDD.STES:DSD_KEI@DF_KEI(4.0),I,JPN,M,CP,GR,_Z,_Z,G1,2010-05,-0.1
DATAFLOW,OECD.SDD.STES:DSD_KEI@DF_KEI(4.0),I,JPN,M,CP,GR,_Z,_Z,G1,2010-06,-0.2
DATAFLOW,OECD.SDD.STES:DSD_KEI@DF_KEI(4.0),I,JPN,M,CP,GR,_Z,_Z,G1,2010-07,-0.6
DATAFLOW,OECD.SDD.STES:DSD_KEI@DF_KEI(4.0),I,JPN,M,CP,GR,_Z,_Z,G1,2010-09,0.2
DATAFLOW,OECD.SDD.STES:DSD_KEI@DF_KEI(4.0),I,JPN,M,CP,GR,_Z,_Z,G1,2010-10,0.3
DATAFLOW,OECD.SDD.STES:DSD_KEI@DF_KEI(4.0),I,JPN,M,CP,GR,_Z,_Z,G1,2010-11,-0.3
DATAFLOW,OECD.SDD.STES:DSD_KEI@DF_KEI(4.0),I,JPN,M,CP,GR,_Z,_Z,G1,2010-12,-0.3
DATAFLOW,OECD.SDD.STES:DSD_KEI@DF_KEI(4.0),I,JPN,M,CP,GR,_Z,_Z,G1,2011-01,-0.1
DATAFLOW,OECD.SDD.STES:DSD_KEI@DF_KEI(4.0),I,JPN,M,CP,GR,_Z,_Z,G1,2011-03,0.3
DATAFLOW,OECD.SDD.STES:DSD_KEI@DF_KEI(4.0),I,JPN,M,CP,GR,_Z,_Z,G1,2011-06,-0.2
DATAFLOW,OECD.SDD.STES:DSD_KEI@DF_KEI(4.0),I,JPN,M,CP,GR,_Z,_Z,G1,2011-11,-0.6
DATAFLOW,OECD.SDD.STES:DSD_KEI@DF_KEI(4.0),I,JPN,M,CP,GR,_Z,_Z,G1,2012-01,0.2
DATAFLOW,OECD.SDD.STES:DSD_KEI@DF_KEI(4.0),I,JPN,M,CP,GR,_Z,_Z,G1,2012-02,0.2
DATAFLOW,OECD.SDD.STES:DSD_KEI@DF_KEI(4.0),I,JPN,M,CP,GR,_Z,_Z,G1,2012-03,0.5
DATAFLOW,OECD.SDD.STES:DSD_KEI@DF_KEI(4.0),I,JPN,M,CP,GR,_Z,_Z,G1,2012-05,-0.3
DATAFLOW,OECD.SDD.STES:DSD_KEI@DF_KEI(4.0),I,JPN,M,CP,GR,_Z,_Z,G1,2012-06,-0.5
DATAFLOW,OECD.SDD.STES:DSD_KEI@DF_KEI(4.0),I,JPN,M,CP,GR,_Z,_Z,G1,2012-07,-0.3
DATAFLOW,OECD.SDD.STES:DSD_KEI@DF_KEI(4.0),I,JPN,M,CP,GR,_Z,_Z,G1,2012-11,-0.4
DATAFLOW,OECD.SDD.STES:DSD_KEI@DF_KEI(4.0),I,JPN,M,CP,GR,_Z,_Z,G1,2013-02,-0.2
DATAFLOW,OECD.SDD.STES:DSD_KEI@DF_KEI(4.0),I,JPN,M,CP,GR,_Z,_Z,G1,2013-03,0.2
DATAFLOW,OECD.SDD.STES:DSD_KEI@DF_KEI(4.0),I,JPN,M,CP,GR,_Z,_Z,G1,2013-04,0.3
DATAFLOW,OECD.SDD.STES:DSD_KEI@DF_KEI(4.0),I,JPN,M,CP,GR,_Z,_Z,G1,2013-07,0.2
DATAFLOW,OECD.SDD.STES:DSD_KEI@DF_KEI(4.0),I,JPN,M,CP,GR,_Z,_Z,G1,2013-08,0.3
DATAFLOW,OECD.SDD.STES:DSD_KEI@DF_KEI(4.0),I,JPN,M,CP,GR,_Z,_Z,G1,2013-09,0.3
DATAFLOW,OECD.SDD.STES:DSD_KEI@DF_KEI(4.0),I,JPN,M,CP,GR,_Z,_Z,G1,2014-01,-0.2
DATAFLOW,OECD.SDD.STES:DSD_KEI@DF_KEI(4.0),I,JPN,M,CP,GR,_Z,_Z,G1,2014-03,0.3
DATAFLOW,OECD.SDD.STES:DSD_KEI@DF_KEI(4.0),I,JPN,M,CP,GR,_Z,_Z,G1,2014-04,2.1
DATAFLOW,OECD.SDD.STES:DSD_KEI@DF_KEI(4.0),I,JPN,M,CP,GR,_Z,_Z,G1,2014-05,0.4
DATAFLOW,OECD.SDD.STES:DSD_KEI@DF_KEI(4.0),I,JPN,M,CP,GR,_Z,_Z,G1,2014-06,-0.1
DATAFLOW,OECD.SDD.STES:DSD_KEI@DF_KEI(4.0),I,JPN,M,CP,GR,_Z,_Z,G1,2014-08,0.2
DATAFLOW,OECD.SDD.STES:DSD_KEI@DF_KEI(4.0),I,JPN,M,CP,GR,_Z,_Z,G1,2014-09,0.2
DATAFLOW,OECD.SDD.STES:DSD_KEI@DF_KEI(4.0),I,JPN,M,CP,GR,_Z,_Z,G1,2014-10,-0.3
DATAFLOW,OECD.SDD.STES:DSD_KEI@DF_KEI(4.0),I,JPN,M,CP,GR,_Z,_Z,G1,2014-11,-0.4
DATAFLOW,OECD.SDD.STES:DSD_KEI@DF_KEI(4.0),I,JPN,M,CP,GR,_Z,_Z,G1,2015-01,-0.2
DATAFLOW,OECD.SDD.STES:DSD_KEI@DF_KEI(4.0),I,JPN,M,CP,GR,_Z,_Z,G1,2015-02,-0.2
DATAFLOW,OECD.SDD.STES:DSD_KEI@DF_KEI(4.0),I,JPN,M,CP,GR,_Z,_Z,G1,2015-03,0.3
DATAFLOW,OECD.SDD.STES:DSD_KEI@DF_KEI(4.0),I,JPN,M,CP,GR,_Z,_Z,G1,2015-04,0.5
DATAFLOW,OECD.SDD.STES:DSD_KEI@DF_KEI(4.0),I,JPN,M,CP,GR,_Z,_Z,G1,2015-05,0.2
DATAFLOW,OECD.SDD.STES:DSD_KEI@DF_KEI(4.0),I,JPN,M,CP,GR,_Z,_Z,G1,2015-06,-0.2
DATAFLOW,OECD.SDD.STES:DSD_KEI@DF_KEI(4.0),I,JPN,M,CP,GR,_Z,_Z,G1,2015-07,-0.2
DATAFLOW,OECD.SDD.STES:DSD_KEI@DF_KEI(4.0),I,JPN,M,CP,GR,_Z,_Z,G1,2015-11,-0.4
DATAFLOW,OECD.SDD.STES:DSD_KEI@DF_KEI(4.0),I,JPN,M,CP,GR,_Z,_Z,G1,2016-01,-0.3
DATAFLOW,OECD.SDD.STES:DSD_KEI@DF_KEI(4.0),I,JPN,M,CP,GR,_Z,_Z,G1,2016-04,0.2
DATAFLOW,OECD.SDD.STES:DSD_KEI@DF_KEI(4.0),I,JPN,M,CP,GR,_Z,_Z,G1,2016-06,-0.1
DATAFLOW,OECD.SDD.STES:DSD_KEI@DF_KEI(4.0),I,JPN,M,CP,GR,_Z,_Z,G1,2016-07,-0.2
DATAFLOW,OECD.SDD.STES:DSD_KEI@DF_KEI(4.0),I,JPN,M,CP,GR,_Z,_Z,G1,2016-09,0.2
DATAFLOW,OECD.SDD.STES:DSD_KEI@DF_KEI(4.0),I,JPN,M,CP,GR,_Z,_Z,G1,2016-10,0.6
DATAFLOW,OECD.SDD.STES:DSD_KEI@DF_KEI(4.0),I,JPN,M,CP,GR,_Z,_Z,G1,2016-12,-0.2
DATAFLOW,OECD.SDD.STES:DSD_KEI@DF_KEI(4.0),I,JPN,M,CP,GR,_Z,_Z,G1,2017-01,-0.2
DATAFLOW,OECD.SDD.STES:DSD_KEI@DF_KEI(4.0),I,JPN,M,CP,GR,_Z,_Z,G1,2017-02,-0.1
DATAFLOW,OECD.SDD.STES:DSD_KEI@DF_KEI(4.0),I,JPN,M,CP,GR,_Z,_Z,G1,2017-04,0.4
DATAFLOW,OECD.SDD.STES:DSD_KEI@DF_KEI(4.0),I,JPN,M,CP,GR,_Z,_Z,G1,2017-06,-0.1
DATAFLOW,OECD.SDD.STES:DSD_KEI@DF_KEI(4.0),I,JPN,M,CP,GR,_Z,_Z,G1,2017-07,-0.2
DATAFLOW,OECD.SDD.STES:DSD_KEI@DF_KEI(4.0),I,JPN,M,CP,GR,_Z,_Z,G1,2017-08,0.2
DATAFLOW,OECD.SDD.STES:DSD_KEI@DF_KEI(4.0),I,JPN,M,CP,GR,_Z,_Z,G1,2017-09,0.2
DATAFLOW,OECD.SDD.STES:DSD_KEI@DF_KEI(4.0),I,JPN,M,CP,GR,_Z,_Z,G1,2017-11,0.4
DATAFLOW,OECD.SDD.STES:DSD_KEI@DF_KEI(4.0),I,JPN,M,CP,GR,_Z,_Z,G1,2017-12,0.3
DATAFLOW,OECD.SDD.STES:DSD_KEI@DF_KEI(4.0),I,JPN,M,CP,GR,_Z,_Z,G1,2018-03,-0.3
DATAFLOW,OECD.SDD.STES:DSD_KEI@DF_KEI(4.0),I,JPN,M,CP,GR,_Z,_Z,G1,2018-04,-0.1
DATAFLOW,OECD.SDD.STES:DSD_KEI@DF_KEI(4.0),I,JPN,M,CP,GR,_Z,_Z,G1,2018-06,-0.1
DATAFLOW,OECD.SDD.STES:DSD_KEI@DF_KEI(4.0),I,JPN,M,CP,GR,_Z,_Z,G1,2018-08,0.5
DATAFLOW,OECD.SDD.STES:DSD_KEI@DF_KEI(4.0),I,JPN,M,CP,GR,_Z,_Z,G1,2018-10,0.3
DATAFLOW,OECD.SDD.STES:DSD_KEI@DF_KEI(4.0),I,JPN,M,CP,GR,_Z,_Z,G1,2018-11,-0.3
DATAFLOW,OECD.SDD.STES:DSD_KEI@DF_KEI(4.0),I,JPN,M,CP,GR,_Z,_Z,G1,2018-12,-0.3
DATAFLOW,OECD.SDD.STES:DSD_KEI@DF_KEI(4.0),I,JPN,M,CP,GR,_Z,_Z,G1,2019-04,0.3
DATAFLOW,OECD.SDD.STES:DSD_KEI@DF_KEI(4.0),I,JPN,M,CP,GR,_Z,_Z,G1,2019-06,-0.1
DATAFLOW,OECD.SDD.STES:DSD_KEI@DF_KEI(4.0),I,JPN,M,CP,GR,_Z,_Z,G1,2019-07,-0.1
DATAFLOW,OECD.SDD.STES:DSD_KEI@DF_KEI(4.0),I,JPN,M,CP,GR,_Z,_Z,G1,2019-08,0.3
DATAFLOW,OECD.SDD.STES:DSD_KEI@DF_KEI(4.0),I,JPN,M,CP,GR,_Z,_Z,G1,2019-10,0.3
DATAFLOW,OECD.SDD.STES:DSD_KEI@DF_KEI(4.0),I,JPN,M,CP,GR,_Z,_Z,G1,2020-01,-0.1
DATAFLOW,OECD.SDD.STES:DSD_KEI@DF_KEI(4.0),I,JPN,M,CP,GR,_Z,_Z,G1,2020-02,-0.2
DATAFLOW,OECD.SDD.STES:DSD_KEI@DF_KEI(4.0),I,JPN,M,CP,GR,_Z,_Z,G1,2020-04,-0.1
DATAFLOW,OECD.SDD.STES:DSD_KEI@DF_KEI(4.0),I,JPN,M,CP,GR,_Z,_Z,G1,2020-06,-0.2
DATAFLOW,OECD.SDD.STES:DSD_KEI@DF_KEI(4.0),I,JPN,M,CP,GR,_Z,_Z,G1,2020-09,-0.2
DATAFLOW,OECD.SDD.STES:DSD_KEI@DF_KEI(4.0),I,JPN,M,CP,GR,_Z,_Z,G1,2020-10,-0.1
DATAFLOW,OECD.SDD.STES:DSD_KEI@DF_KEI(4.0),I,JPN,M,CP,GR,_Z,_Z,G1,2020-11,-0.3
DATAFLOW,OECD.SDD.STES:DSD_KEI@DF_KEI(4.0),I,JPN,M,CP,GR,_Z,_Z,G1,2020-12,-0.2
DATAFLOW,OECD.SDD.STES:DSD_KEI@DF_KEI(4.0),I,JPN,M,CP,GR,_Z,_Z,G1,2021-01,0.5
DATAFLOW,OECD.SDD.STES:DSD_KEI@DF_KEI(4.0),I,FRA,M,CP,GR,_Z,_Z,GY,2013-01,1.16971065052329
DATAFLOW,OECD.SDD.STES:DSD_KEI@DF_KEI(4.0),I,JPN,M,CP,GR,_Z,_Z,G1,2021-02,-0.1
DATAFLOW,OECD.SDD.STES:DSD_KEI@DF_KEI(4.0),I,JPN,M,CP,GR,_Z,_Z,G1,2021-04,-0.8
DATAFLOW,OECD.SDD.STES:DSD_KEI@DF_KEI(4.0),I,JPN,M,CP,GR,_Z,_Z,G1,2021-05,0.3
DATAFLOW,OECD.SDD.STES:DSD_KEI@DF_KEI(4.0),I,JPN,M,CP,GR,_Z,_Z,GY,2007-02,-0.2
DATAFLOW,OECD.SDD.STES:DSD_KEI@DF_KEI(4.0),I,JPN,M,CP,GR,_Z,_Z,GY,2007-03,-0.1
DATAFLOW,OECD.SDD.STES:DSD_KEI@DF_KEI(4.0),I,JPN,M,CP,GR,_Z,_Z,GY,2007-06,-0.2
DATAFLOW,OECD.SDD.STES:DSD_KEI@DF_KEI(4.0),I,JPN,M,CP,GR,_Z,_Z,GY,2007-08,-0.2
DATAFLOW,OECD.SDD.STES:DSD_KEI@DF_KEI(4.0),I,JPN,M,CP,GR,_Z,_Z,GY,2007-09,-0.2
DATAFLOW,OECD.SDD.STES:DSD_KEI@DF_KEI(4.0),I,JPN,M,CP,GR,_Z,_Z,GY,2007-10,0.3
DATAFLOW,OECD.SDD.STES:DSD_KEI@DF_KEI(4.0),I,JPN,M,CP,GR,_Z,_Z,GY,2007-11,0.6
DATAFLOW,OECD.SDD.STES:DSD_KEI@DF_KEI(4.0),I,JPN,M,CP,GR,_Z,_Z,GY,2007-12,0.7
DATAFLOW,OECD.SDD.STES:DSD_KEI@DF_KEI(4.0),I,JPN,M,CP,GR,_Z,_Z,GY,2008-01,0.7
DATAFLOW,OECD.SDD.STES:DSD_KEI@DF_KEI(4.0),I,JPN,M,CP,GR,_Z,_Z,GY,2008-02,1.0
DATAFLOW,OECD.SDD.STES:DSD_KEI@DF_KEI(4.0),I,JPN,M,CP,GR,_Z,_Z,GY,2008-03,1.2
DATAFLOW,OECD.SDD.STES:DSD_KEI@DF_KEI(4.0),I,JPN,M,CP,GR,_Z,_Z,GY,2008-04,0.8
DATAFLOW,OECD.SDD.STES:DSD_KEI@DF_KEI(4.0),I,JPN,M,CP,GR,_Z,_Z,GY,2008-05,1.3
DATAFLOW,OECD.SDD.STES:DSD_KEI@DF_KEI(4.0),I,JPN,M,CP,GR,_Z,_Z,GY,2008-06,2.0
DATAFLOW,OECD.SDD.STES:DSD_KEI@DF_KEI(4.0),I,JPN,M,CP,GR,_Z,_Z,GY,2008-07,2.3
DATAFLOW,OECD.SDD.STES:DSD_KEI@DF_KEI(4.0),I,JPN,M,CP,GR,_Z,_Z,GY,2008-08,2.1
DATAFLOW,OECD.SDD.STES:DSD_KEI@DF_KEI(4.0),I,JPN,M,CP,GR,_Z,_Z,GY,2008-09,2.1
DATAFLOW,OECD.SDD.STES:DSD_KEI@DF_KEI(4.0),I,JPN,M,CP,GR,_Z,_Z,GY,2008-10,1.7
DATAFLOW,OECD.SDD.STES:DSD_KEI@DF_KEI(4.0),I,JPN,M,CP,GR,_Z,_Z,GY,2008-11,1.0
DATAFLOW,OECD.SDD.STES:DSD_KEI@DF_KEI(4.0),I,JPN,M,CP,GR,_Z,_Z,GY,2008-12,0.4
DATAFLOW,OECD.SDD.STES:DSD_KEI@DF_KEI(4.0),I,JPN,M,CP,GR,_Z,_Z,GY,2009-02,-0.1
DATAFLOW,OECD.SDD.STES:DSD_KEI@DF_KEI(4.0),I,JPN,M,CP,GR,_Z,_Z,GY,2009-03,-0.3
DATAFLOW,OECD.SDD.STES:DSD_KEI@DF_KEI(4.0),I,JPN,M,CP,GR,_Z,_Z,GY,2009-04,-0.1
DATAFLOW,OECD.SDD.STES:DSD_KEI@DF_KEI(4.0),I,JPN,M,CP,GR,_Z,_Z,GY,2009-05,-1.1
DATAFLOW,OECD.SDD.STES:DSD_KEI@DF_KEI(4.0),I,JPN,M,CP,GR,_Z,_Z,GY,2009-06,-1.8
DATAFLOW,OECD.SDD.STES:DSD_KEI@DF_KEI(4.0),I,JPN,M,CP,GR,_Z,_Z,GY,2009-07,-2.2
DATAFLOW,OECD.SDD.STES:DSD_KEI@DF_KEI(4.0),I,JPN,M,CP,GR,_Z,_Z,GY,2009-08,-2.2
DATAFLOW,OECD.SDD.STES:DSD_KEI@DF_KEI(4.0),I,JPN,M,CP,GR,_Z,_Z,GY,2009-09,-2.2
DATAFLOW,OECD.SDD.STES:DSD_KEI@DF_KEI(4.0),I,JPN,M,CP,GR,_Z,_Z,GY,2009-10,-2.5
DATAFLOW,OECD.SDD.STES:DSD_KEI@DF_KEI(4.0),I,JPN,M,CP,GR,_Z,_Z,GY,2009-11,-1.9
DATAFLOW,OECD.SDD.STES:DSD_KEI@DF_KEI(4.0),I,JPN,M,CP,GR,_Z,_Z,GY,2009-12,-1.7
DATAFLOW,OECD.SDD.STES:DSD_KEI@DF_KEI(4.0),I,JPN,M,CP,GR,_Z,_Z,GY,2010-01,-1.3
DATAFLOW,OECD.SDD.STES:DSD_KEI@DF_KEI(4.0),I,JPN,M,CP,GR,_Z,_Z,GY,2010-02,-1.1
DATAFLOW,OECD.SDD.STES:DSD_KEI@DF_KEI(4.0),I,JPN,M,CP,GR,_Z,_Z,GY,2010-03,-1.1
DATAFLOW,OECD.SDD.STES:DSD_KEI@DF_KEI(4.0),I,JPN,M,CP,GR,_Z,_Z,GY,2010-04,-1.2
DATAFLOW,OECD.SDD.STES:DSD_KEI@DF_KEI(4.0),I,JPN,M,CP,GR,_Z,_Z,GY,2010-05,-0.9
DATAFLOW,OECD.SDD.STES:DSD_KEI@DF_KEI(4.0),I,JPN,M,CP,GR,_Z,_Z,GY,2010-06,-0.7
DATAFLOW,OECD.SDD.STES:DSD_KEI@DF_KEI(4.0),I,JPN,M,CP,GR,_Z,_Z,GY,2010-07,-0.9
DATAFLOW,OECD.SDD.STES:DSD_KEI@DF_KEI(4.0),I,JPN,M,CP,GR,_Z,_Z,GY,2010-08,-0.9
DATAFLOW,OECD.SDD.STES:DSD_KEI@DF_KEI(4.0),I,JPN,M,CP,GR,_Z,_Z,GY,2010-09,-0.6
DATAFLOW,OECD.SDD.STES:DSD_KEI@DF_KEI(4.0),I,JPN,M,CP,GR,_Z,_Z,GY,2010-10,0.2
DATAFLOW,OECD.SDD.STES:DSD_KEI@DF_KEI(4.0),I,JPN,M,CP,GR,_Z,_Z,GY,2011-01,-0.6
DATAFLOW,OECD.SDD.STES:DSD_KEI@DF_KEI(4.0),I,JPN,M,CP,GR,_Z,_Z,GY,2011-02,-0.5
DATAFLOW,OECD.SDD.STES:DSD_KEI@DF_KEI(4.0),I,JPN,M,CP,GR,_Z,_Z,GY,2011-03,-0.5
DATAFLOW,OECD.SDD.STES:DSD_KEI@DF_KEI(4.0),I,JPN,M,CP,GR,_Z,_Z,GY,2011-04,-0.4
DATAFLOW,OECD.SDD.STES:DSD_KEI@DF_KEI(4.0),I,JPN,M,CP,GR,_Z,_Z,GY,2011-05,-0.4
DATAFLOW,OECD.SDD.STES:DSD_KEI@DF_KEI(4.0),I,JPN,M,CP,GR,_Z,_Z,GY,2011-06,-0.4
DATAFLOW,OECD.SDD.STES:DSD_KEI@DF_KEI(4.0),I,JPN,M,CP,GR,_Z,_Z,GY,2011-07,0.2
DATAFLOW,OECD.SDD.STES:DSD_KEI@DF_KEI(4.0),I,JPN,M,CP,GR,_Z,_Z,GY,2011-08,0.2
DATAFLOW,OECD.SDD.STES:DSD_KEI@DF_KEI(4.0),I,JPN,M,CP,GR,_Z,_Z,GY,2011-10,-0.2
DATAFLOW,OECD.SDD.STES:DSD_KEI@DF_KEI(4.0),I,JPN,M,CP,GR,_Z,_Z,GY,2011-11,-0.5
DATAFLOW,OECD.SDD.STES:DSD_KEI@DF_KEI(4.0),I,JPN,M,CP,GR,_Z,_Z,GY,2011-12,-0.2
DATAFLOW,OECD.SDD.STES:DSD_KEI@DF_KEI(4.0),I,JPN,M,CP,GR,_Z,_Z,GY,2018-04,0.6
DATAFLOW,OECD.SDD.STES:DSD_KEI@DF_KEI(4.0),I,JPN,M,CP,GR,_Z,_Z,GY,2018-05,0.7
DATAFLOW,OECD.SDD.STES:DSD_KEI@DF_KEI(4.0),I,JPN,M,CP,GR,_Z,_Z,GY,2018-06,0.7
DATAFLOW,OECD.SDD.STES:DSD_KEI@DF_KEI(4.0),I,JPN,M,CP,GR,_Z,_Z,GY,2018-07,0.9
DATAFLOW,OECD.SDD.STES:DSD_KEI@DF_KEI(4.0),I,JPN,M,CP,GR,_Z,_Z,GY,2018-08,1.3
DATAFLOW,OECD.SDD.STES:DSD_KEI@DF_KEI(4.0),I,JPN,M,CP,GR,_Z,_Z,GY,2018-09,1.2
DATAFLOW,OECD.SDD.STES:DSD_KEI@DF_KEI(4.0),I,JPN,M,CP,GR,_Z,_Z,GY,2018-10,1.4
DATAFLOW,OECD.SDD.STES:DSD_KEI@DF_KEI(4.0),I,FRA,M,CP,IX,_Z,_Z,_Z,2010-08,94.86
DATAFLOW,OECD.SDD.STES:DSD_KEI@DF_KEI(4.0),I,FRA,M,CP,IX,_Z,_Z,_Z,2010-10,94.91
DATAFLOW,OECD.SDD.STES:DSD_KEI@DF_KEI(4.0),I,FRA,M,CP,IX,_Z,_Z,_Z,2010-11,95.02
DATAFLOW,OECD.SDD.STES:DSD_KEI@DF_KEI(4.0),I,FRA,M,CP,IX,_Z,_Z,_Z,2010-12,95.45
DATAFLOW,OECD.SDD.STES:DSD_KEI@DF_KEI(4.0),I,FRA,M,CP,IX,_Z,_Z,_Z,2011-01,95.22
DATAFLOW,OECD.SDD.STES:DSD_KEI@DF_KEI(4.0),I,FRA,M,CP,IX,_Z,_Z,_Z,2011-02,95.67
DATAFLOW,OECD.SDD.STES:DSD_KEI@DF_KEI(4.0),I,FRA,M,CP,IX,_Z,_Z,_Z,2011-03,96.45
DATAFLOW,OECD.SDD.STES:DSD_KEI@DF_KEI(4.0),I,FRA,M,CP,IX,_Z,_Z,_Z,2011-04,96.78
DATAFLOW,OECD.SDD.STES:DSD_KEI@DF_KEI(4.0),I,FRA,M,CP,IX,_Z,_Z,_Z,2011-05,96.83
DATAFLOW,OECD.SDD.STES:DSD_KEI@DF_KEI(4.0),I,FRA,M,CP,IX,_Z,_Z,_Z,2011-06,96.91
DATAFLOW,OECD.SDD.STES:DSD_KEI@DF_KEI(4.0),I,FRA,M,CP,IX,_Z,_Z,_Z,2011-07,96.48
DATAFLOW,OECD.SDD.STES:DSD_KEI@DF_KEI(4.0),I,FRA,M,CP,IX,_Z,_Z,_Z,2011-08,96.98
DATAFLOW,OECD.SDD.STES:DSD_KEI@DF_KEI(4.0),I,FRA,M,CP,IX,_Z,_Z,_Z,2011-09,96.91
DATAFLOW,OECD.SDD.STES:DSD_KEI@DF_KEI(4.0),I,FRA,M,CP,IX,_Z,_Z,_Z,2011-10,97.14
DATAFLOW,OECD.SDD.STES:DSD_KEI@DF_KEI(4.0),I,FRA,M,CP,IX,_Z,_Z,_Z,2011-11,97.41
DATAFLOW,OECD.SDD.STES:DSD_KEI@DF_KEI(4.0),I,FRA,M,CP,IX,_Z,_Z,_Z,2011-12,97.8
DATAFLOW,OECD.SDD.STES:DSD_KEI@DF_KEI(4.0),I,FRA,M,CP,IX,_Z,_Z,_Z,2012-01,97.46
DATAFLOW,OECD.SDD.STES:DSD_KEI@DF_KEI(4.0),I,FRA,M,CP,IX,_Z,_Z,_Z,2012-02,97.86
DATAFLOW,OECD.SDD.STES:DSD_KEI@DF_KEI(4.0),I,FRA,M,CP,IX,_Z,_Z,_Z,2012-03,98.67
DATAFLOW,OECD.SDD.STES:DSD_KEI@DF_KEI(4.0),I,FRA,M,CP,IX,_Z,_Z,_Z,2012-04,98.8
DATAFLOW,OECD.SDD.STES:DSD_KEI@DF_KEI(4.0),I,FRA,M,CP,IX,_Z,_Z,_Z,2012-05,98.75
DATAFLOW,OECD.SDD.STES:DSD_KEI@DF_KEI(4.0),I,FRA,M,CP,IX,_Z,_Z,_Z,2012-06,98.78
DATAFLOW,OECD.SDD.STES:DSD_KEI@DF_KEI(4.0),I,FRA,M,CP,IX,_Z,_Z,_Z,2012-08,99.0
DATAFLOW,OECD.SDD.STES:DSD_KEI@DF_KEI(4.0),I,FRA,M,CP,IX,_Z,_Z,_Z,2012-09,98.76
DATAFLOW,OECD.SDD.STES:DSD_KEI@DF_KEI(4.0),I,FRA,M,CP,IX,_Z,_Z,_Z,2012-10,98.94
DATAFLOW,OECD.SDD.STES:DSD_KEI@DF_KEI(4.0),I,FRA,M,CP,IX,_Z,_Z,_Z,2012-12,99.1
DATAFLOW,OECD.SDD.STES:DSD_KEI@DF_KEI(4.0),I,FRA,M,CP,IX,_Z,_Z,_Z,2013-01,98.6
DATAFLOW,OECD.SDD.STES:DSD_KEI@DF_KEI(4.0),I,FRA,M,CP,IX,_Z,_Z,_Z,2013-02,98.88
DATAFLOW,OECD.SDD.STES:DSD_KEI@DF_KEI(4.0),I,FRA,M,CP,IX,_Z,_Z,_Z,2013-03,99.63
DATAFLOW,OECD.SDD.STES:DSD_KEI@DF_KEI(4.0),I,FRA,M,CP,IX,_Z,_Z,_Z,2013-04,99.48
DATAFLOW,OECD.SDD.STES:DSD_KEI@DF_KEI(4.0),I,FRA,M,CP,IX,_Z,_Z,_Z,2013-06,99.7
DATAFLOW,OECD.SDD.STES:DSD_KEI@DF_KEI(4.0),I,FRA,M,CP,IX,_Z,_Z,_Z,2013-08,99.86
DATAFLOW,OECD.SDD.STES:DSD_KEI@DF_KEI(4.0),I,FRA,M,CP,IX,_Z,_Z,_Z,2013-09,99.63
DATAFLOW,OECD.SDD.STES:DSD_KEI@DF_KEI(4.0),I,FRA,M,CP,IX,_Z,_Z,_Z,2013-10,99.5
DATAFLOW,OECD.SDD.STES:DSD_KEI@DF_KEI(4.0),I,FRA,M,CP,IX,_Z,_Z,_Z,2013-12,99.8
DATAFLOW,OECD.SDD.STES:DSD_KEI@DF_KEI(4.0),I,FRA,M,CP,IX,_Z,_Z,_Z,2014-01,99.24
DATAFLOW,OECD.SDD.STES:DSD_KEI@DF_KEI(4.0),I,FRA,M,CP,IX,_Z,_Z,_Z,2014-03,100.24
DATAFLOW,OECD.SDD.STES:DSD_KEI@DF_KEI(4.0),I,FRA,M,CP,IX,_Z,_Z,_Z,2014-04,100.2
DATAFLOW,OECD.SDD.STES:DSD_KEI@DF_KEI(4.0),I,FRA,M,CP,IX,_Z,_Z,_Z,2014-05,100.22
DATAFLOW,OECD.SDD.STES:DSD_KEI@DF_KEI(4.0),I,FRA,M,CP,IX,_Z,_Z,_Z,2014-06,100.18
DATAFLOW,OECD.SDD.STES:DSD_KEI@DF_KEI(4.0),I,FRA,M,CP,IX,_Z,_Z,_Z,2014-07,99.86
DATAFLOW,OECD.SDD.STES:DSD_KEI@DF_KEI(4.0),I,FRA,M,CP,IX,_Z,_Z,_Z,2014-09,99.92
DATAFLOW,OECD.SDD.STES:DSD_KEI@DF_KEI(4.0),I,FRA,M,CP,IX,_Z,_Z,_Z,2014-10,99.95
DATAFLOW,OECD.SDD.STES:DSD_KEI@DF_KEI(4.0),I,FRA,M,CP,IX,_Z,_Z,_Z,2014-11,99.78
DATAFLOW,OECD.SDD.STES:DSD_KEI@DF_KEI(4.0),I,FRA,M,CP,IX,_Z,_Z,_Z,2014-12,99.86
DATAFLOW,OECD.SDD.STES:DSD_KEI@DF_KEI(4.0),I,FRA,M,CP,IX,_Z,_Z,_Z,2015-01,98.86
DATAFLOW,OECD.SDD.STES:DSD_KEI@DF_KEI(4.0),I,FRA,M,CP,IX,_Z,_Z,_Z,2015-02,99.52
DATAFLOW,OECD.SDD.STES:DSD_KEI@DF_KEI(4.0),I,FRA,M,CP,IX,_Z,_Z,_Z,2015-03,100.17
DATAFLOW,OECD.SDD.STES:DSD_KEI@DF_KEI(4.0),I,FRA,M,CP,IX,_Z,_Z,_Z,2015-06,100.44
DATAFLOW,OECD.SDD.STES:DSD_KEI@DF_KEI(4.0),I,FRA,M,CP,IX,_Z,_Z,_Z,2015-07,100.03
DATAFLOW,OECD.SDD.STES:DSD_KEI@DF_KEI(4.0),I,FRA,M,CP,IX,_Z,_Z,_Z,2015-09,99.95
DATAFLOW,OECD.SDD.STES:DSD_KEI@DF_KEI(4.0),I,FRA,M,CP,IX,_Z,_Z,_Z,2015-11,99.82
DATAFLOW,OECD.SDD.STES:DSD_KEI@DF_KEI(4.0),I,FRA,M,CP,IX,_Z,_Z,_Z,2016-01,99.08
DATAFLOW,OECD.SDD.STES:DSD_KEI@DF_KEI(4.0),I,FRA,M,CP,IX,_Z,_Z,_Z,2016-02,99.33
DATAFLOW,OECD.SDD.STES:DSD_KEI@DF_KEI(4.0),I,AUS,M,CP,IX,_Z,_Z,_Z,2024-06,129.11600634234398
DATAFLOW,OECD.SDD.STES:DSD_KEI@DF_KEI(4.0),I,AUS,M,CP,IX,_Z,_Z,_Z,2024-09,129.14276059148298
DATAFLOW,OECD.SDD.STES:DSD_KEI@DF_KEI(4.0),I,AUS,M,CP,IX,_Z,_Z,_Z,2025-10,133.75786856787198
DATAFLOW,OECD.SDD.STES:DSD_KEI@DF_KEI(4.0),I,AUS,M,CP,IX,_Z,_Z,_Z,2025-11,133.78462281701
DATAFLOW,OECD.SDD.STES:DSD_KEI@DF_KEI(4.0),I,AUS,M,CP,IX,_Z,_Z,_Z,2024-11,129.330040335452
DATAFLOW,OECD.SDD.STES:DSD_KEI@DF_KEI(4.0),I,AUS,M,CP,IX,_Z,_Z,_Z,2024-12,130.172799183314
DATAFLOW,OECD.SDD.STES:DSD_KEI@DF_KEI(4.0),I,AUS,M,CP,IX,_Z,_Z,_Z,2025-01,130.533981546684
DATAFLOW,OECD.SDD.STES:DSD_KEI@DF_KEI(4.0),I,AUS,M,CP,IX,_Z,_Z,_Z,2025-02,130.654375667807
DATAFLOW,OECD.SDD.STES:DSD_KEI@DF_KEI(4.0),I,AUS,M,CP,IX,_Z,_Z,_Z,2025-03,131.042312280315
DATAFLOW,OECD.SDD.STES:DSD_KEI@DF_KEI(4.0),I,AUS,M,CP,IX,_Z,_Z,_Z,2025-04,132.00546524930098
DATAFLOW,OECD.SDD.STES:DSD_KEI@DF_KEI(4.0),I,AUS,M,CP,IX,_Z,_Z,_Z,2025-05,131.363363269977
DATAFLOW,OECD.SDD.STES:DSD_KEI@DF_KEI(4.0),I,AUS,M,CP,IX,_Z,_Z,_Z,2025-06,131.55064301394597
DATAFLOW,OECD.SDD.STES:DSD_KEI@DF_KEI(4.0),I,AUS,M,CP,IX,_Z,_Z,_Z,2025-07,133.27629208337902
DATAFLOW,OECD.SDD.STES:DSD_KEI@DF_KEI(4.0),I,AUS,M,CP,IX,_Z,_Z,_Z,2025-09,133.771245692441
DATAFLOW,OECD.SDD.STES:DSD_KEI@DF_KEI(4.0),I,AUS,M,CP,IX,_Z,_Z,_Z,2025-12,135.06882677565798
DATAFLOW,OECD.SDD.STES:DSD_KEI@DF_KEI(4.0),I,AUS,M,CP,IX,_Z,_Z,_Z,2025-08,133.169275086825
DATAFLOW,OECD.SDD.STES:DSD_KEI@DF_KEI(4.0),I,AUS,M,CP,IX,_Z,_Z,_Z,2024-04,128.955480847513
DATAFLOW,OECD.SDD.STES:DSD_KEI@DF_KEI(4.0),I,AUS,M,CP,IX,_Z,_Z,_Z,2024-05,128.64780698242
DATAFLOW,OECD.SDD.STES:DSD_KEI@DF_KEI(4.0),I,AUS,M,CP,IX,_Z,_Z,_Z,2024-07,129.450434456575
DATAFLOW,OECD.SDD.STES:DSD_KEI@DF_KEI(4.0),I,AUS,M,CP,IX,_Z,_Z,_Z,2024-08,129.075874968636
DATAFLOW,OECD.SDD.STES:DSD_KEI@DF_KEI(4.0),I,AUS,M,CP,IX,_Z,_Z,_Z,2024-10,128.848463850959
DATAFLOW,OECD.SDD.STES:DSD_KEI@DF_KEI(4.0),I,AUS,M,CP,GR,_Z,_Z,GY,2025-12,3.7611756242935
DATAFLOW,OECD.SDD.STES:DSD_KEI@DF_KEI(4.0),I,AUS,M,CP,GR,_Z,_Z,G1,2025-12,0.959904009599044
DATAFLOW,OECD.SDD.STES:DSD_KEI@DF_KEI(4.0),I,AUS,M,CP,GR,_Z,_Z,G1,2024-05,-0.238589211618268
DATAFLOW,OECD.SDD.STES:DSD_KEI@DF_KEI(4.0),I,AUS,M,CP,GR,_Z,_Z,G1,2024-06,0.363938858271795
DATAFLOW,OECD.SDD.STES:DSD_KEI@DF_KEI(4.0),I,AUS,M,CP,GR,_Z,_Z,G1,2024-07,0.259013675922093
DATAFLOW,OECD.SDD.STES:DSD_KEI@DF_KEI(4.0),I,AUS,M,CP,GR,_Z,_Z,G1,2024-08,-0.289345871654445
DATAFLOW,OECD.SDD.STES:DSD_KEI@DF_KEI(4.0),I,AUS,M,CP,GR,_Z,_Z,G1,2024-09,0.0518188413307197
DATAFLOW,OECD.SDD.STES:DSD_KEI@DF_KEI(4.0),I,AUS,M,CP,GR,_Z,_Z,G1,2024-10,-0.227884814584633
DATAFLOW,OECD.SDD.STES:DSD_KEI@DF_KEI(4.0),I,AUS,M,CP,GR,_Z,_Z,G1,2024-12,0.651634257343803
DATAFLOW,OECD.SDD.STES:DSD_KEI@DF_KEI(4.0),I,AUS,M,CP,GR,_Z,_Z,G1,2025-03,0.296918193918283
DATAFLOW,OECD.SDD.STES:DSD_KEI@DF_KEI(4.0),I,AUS,M,CP,GR,_Z,_Z,GY,2025-04,2.36514522821578
DATAFLOW,OECD.SDD.STES:DSD_KEI@DF_KEI(4.0),I,AUS,M,CP,GR,_Z,_Z,G1,2025-04,0.734993875051071
DATAFLOW,OECD.SDD.STES:DSD_KEI@DF_KEI(4.0),I,AUS,M,CP,GR,_Z,_Z,G1,2025-05,-0.486420753952166
DATAFLOW,OECD.SDD.STES:DSD_KEI@DF_KEI(4.0),I,AUS,M,CP,GR,_Z,_Z,GY,2025-05,2.1108453779765
DATAFLOW,OECD.SDD.STES:DSD_KEI@DF_KEI(4.0),I,AUS,M,CP,GR,_Z,_Z,GY,2025-06,1.88561956071283
DATAFLOW,OECD.SDD.STES:DSD_KEI@DF_KEI(4.0),I,AUS,M,CP,GR,_Z,_Z,GY,2025-07,2.95546140332748
DATAFLOW,OECD.SDD.STES:DSD_KEI@DF_KEI(4.0),I,AUS,M,CP,GR,_Z,_Z,G1,2025-08,-0.0802970992672902
DATAFLOW,OECD.SDD.STES:DSD_KEI@DF_KEI(4.0),I,AUS,M,CP,GR,_Z,_Z,G1,2025-09,0.452034153691616
DATAFLOW,OECD.SDD.STES:DSD_KEI@DF_KEI(4.0),I,AUS,M,CP,GR,_Z,_Z,GY,2025-10,3.81021594684385
DATAFLOW,OECD.SDD.STES:DSD_KEI@DF_KEI(4.0),I,AUS,M,CP,GR,_Z,_Z,G1,2025-10,-0.0099999999999989
DATAFLOW,OECD.SDD.STES:DSD_KEI@DF_KEI(4.0),I,AUS,M,CP,GR,_Z,_Z,G1,2025-11,0.0200020002000256
DATAFLOW,OECD.SDD.STES:DSD_KEI@DF_KEI(4.0),I,AUS,M,CP,GR,_Z,_Z,G1,2024-11,0.373754152823946
DATAFLOW,OECD.SDD.STES:DSD_KEI@DF_KEI(4.0),I,AUS,M,CP,GR,_Z,_Z,G1,2025-01,0.277463775562636
DATAFLOW,OECD.SDD.STES:DSD_KEI@DF_KEI(4.0),I,AUS,M,CP,GR,_Z,_Z,G1,2025-02,0.092232014757121
DATAFLOW,OECD.SDD.STES:DSD_KEI@DF_KEI(4.0),I,AUS,M,CP,GR,_Z,_Z,G1,2025-06,0.142566191446014
DATAFLOW,OECD.SDD.STES:DSD_KEI@DF_KEI(4.0),I,AUS,M,CP,GR,_Z,_Z,G1,2025-07,1.31177547284929
DATAFLOW,OECD.SDD.STES:DSD_KEI@DF_KEI(4.0),I,AUS,M,CP,GR,_Z,_Z,GY,2025-08,3.17131308943932
DATAFLOW,OECD.SDD.STES:DSD_KEI@DF_KEI(4.0),I,AUS,M,CP,GR,_Z,_Z,GY,2025-09,3.58400662937641
DATAFLOW,OECD.SDD.STES:DSD_KEI@DF_KEI(4.0),I,AUS,M,CP,GR,_Z,_Z,GY,2025-11,3.444352503103
DATAFLOW,OECD.SDD.STES:DSD_KEI@DF_KEI(4.0),I,JPN,M,CP,GR,_Z,_Z,G1,2016-11,0.0
DATAFLOW,OECD.SDD.STES:DSD_KEI@DF_KEI(4.0),I,JPN,M,CP,GR,_Z,_Z,G1,2017-10,0.0
DATAFLOW,OECD.SDD.STES:DSD_KEI@DF_KEI(4.0),I,JPN,M,CP,GR,_Z,_Z,G1,2018-02,0.0
DATAFLOW,OECD.SDD.STES:DSD_KEI@DF_KEI(4.0),I,JPN,M,CP,GR,_Z,_Z,G1,2019-02,0.0
DATAFLOW,OECD.SDD.STES:DSD_KEI@DF_KEI(4.0),I,JPN,M,CP,GR,_Z,_Z,G1,2019-03,0.0
DATAFLOW,OECD.SDD.STES:DSD_KEI@DF_KEI(4.0),I,JPN,M,CP,GR,_Z,_Z,G1,2019-05,0.0
DATAFLOW,OECD.SDD.STES:DSD_KEI@DF_KEI(4.0),I,JPN,M,CP,GR,_Z,_Z,G1,2019-12,0.0
DATAFLOW,OECD.SDD.STES:DSD_KEI@DF_KEI(4.0),I,JPN,M,CP,GR,_Z,_Z,G1,2020-03,0.0
DATAFLOW,OECD.SDD.STES:DSD_KEI@DF_KEI(4.0),I,JPN,M,CP,GR,_Z,_Z,G1,2020-05,0.0
DATAFLOW,OECD.SDD.STES:DSD_KEI@DF_KEI(4.0),I,JPN,M,CP,GR,_Z,_Z,GY,2009-01,0.0
DATAFLOW,OECD.SDD.STES:DSD_KEI@DF_KEI(4.0),I,JPN,M,CP,GR,_Z,_Z,GY,2010-12,0.0
DATAFLOW,OECD.SDD.STES:DSD_KEI@DF_KEI(4.0),I,JPN,M,CP,GR,_Z,_Z,GY,2011-09,0.0
DATAFLOW,OECD.SDD.STES:DSD_KEI@DF_KEI(4.0),I,JPN,M,CP,GR,_Z,_Z,GY,2015-09,0.0
DATAFLOW,OECD.SDD.STES:DSD_KEI@DF_KEI(4.0),I,JPN,M,CP,GR,_Z,_Z,GY,2016-03,0.0
DATAFLOW,OECD.SDD.STES:DSD_KEI@DF_KEI(4.0),I,JPN,M,CP,GR,_Z,_Z,GY,2020-09,0.0
DATAFLOW,OECD.SDD.STES:DSD_KEI@DF_KEI(4.0),I,JPN,M,CP,GR,_Z,_Z,G1,2007-09,0.0
DATAFLOW,OECD.SDD.STES:DSD_KEI@DF_KEI(4.0),I,JPN,M,CP,GR,_Z,_Z,G1,2008-09,0.0
DATAFLOW,OECD.SDD.STES:DSD_KEI@DF_KEI(4.0),I,JPN,M,CP,GR,_Z,_Z,G1,2009-09,0.0
DATAFLOW,OECD.SDD.STES:DSD_KEI@DF_KEI(4.0),I,JPN,M,CP,GR,_Z,_Z,G1,2010-02,0.0
DATAFLOW,OECD.SDD.STES:DSD_KEI@DF_KEI(4.0),I,JPN,M,CP,GR,_Z,_Z,G1,2010-04,0.0
DATAFLOW,OECD.SDD.STES:DSD_KEI@DF_KEI(4.0),I,JPN,M,CP,GR,_Z,_Z,G1,2011-02,0.0
DATAFLOW,OECD.SDD.STES:DSD_KEI@DF_KEI(4.0),I,JPN,M,CP,GR,_Z,_Z,G1,2011-05,0.0
DATAFLOW,OECD.SDD.STES:DSD_KEI@DF_KEI(4.0),I,JPN,M,CP,GR,_Z,_Z,G1,2011-07,0.0
DATAFLOW,OECD.SDD.STES:DSD_KEI@DF_KEI(4.0),I,JPN,M,CP,GR,_Z,_Z,G1,2011-09,0.0
DATAFLOW,OECD.SDD.STES:DSD_KEI@DF_KEI(4.0),I,JPN,M,CP,GR,_Z,_Z,G1,2011-12,0.0
DATAFLOW,OECD.SDD.STES:DSD_KEI@DF_KEI(4.0),I,JPN,M,CP,GR,_Z,_Z,G1,2012-10,0.0
DATAFLOW,OECD.SDD.STES:DSD_KEI@DF_KEI(4.0),I,JPN,M,CP,GR,_Z,_Z,G1,2012-12,0.0
DATAFLOW,OECD.SDD.STES:DSD_KEI@DF_KEI(4.0),I,JPN,M,CP,GR,_Z,_Z,G1,2013-06,0.0
DATAFLOW,OECD.SDD.STES:DSD_KEI@DF_KEI(4.0),I,JPN,M,CP,GR,_Z,_Z,G1,2013-11,0.0
DATAFLOW,OECD.SDD.STES:DSD_KEI@DF_KEI(4.0),I,JPN,M,CP,GR,_Z,_Z,G1,2014-02,0.0
DATAFLOW,OECD.SDD.STES:DSD_KEI@DF_KEI(4.0),I,JPN,M,CP,GR,_Z,_Z,G1,2014-07,0.0
DATAFLOW,OECD.SDD.STES:DSD_KEI@DF_KEI(4.0),I,JPN,M,CP,GR,_Z,_Z,G1,2009-11,-0.2
DATAFLOW,OECD.SDD.STES:DSD_KEI@DF_KEI(4.0),I,JPN,M,CP,GR,_Z,_Z,G1,2009-12,-0.2
DATAFLOW,OECD.SDD.STES:DSD_KEI@DF_KEI(4.0),I,JPN,M,CP,GR,_Z,_Z,G1,2010-01,-0.2
DATAFLOW,OECD.SDD.STES:DSD_KEI@DF_KEI(4.0),I,JPN,M,CP,GR,_Z,_Z,G1,2010-03,0.3
DATAFLOW,OECD.SDD.STES:DSD_KEI@DF_KEI(4.0),I,FRA,M,CP,IX,_Z,_Z,_Z,2022-05,111.72
DATAFLOW,OECD.SDD.STES:DSD_KEI@DF_KEI(4.0),I,FRA,M,CP,IX,_Z,_Z,_Z,2022-06,112.55
DATAFLOW,OECD.SDD.STES:DSD_KEI@DF_KEI(4.0),I,FRA,M,CP,IX,_Z,_Z,_Z,2022-07,112.87
DATAFLOW,OECD.SDD.STES:DSD_KEI@DF_KEI(4.0),I,FRA,M,CP,IX,_Z,_Z,_Z,2022-08,113.38
DATAFLOW,OECD.SDD.STES:DSD_KEI@DF_KEI(4.0),I,FRA,M,CP,IX,_Z,_Z,_Z,2022-09,112.74
DATAFLOW,OECD.SDD.STES:DSD_KEI@DF_KEI(4.0),I,FRA,M,CP,IX,_Z,_Z,_Z,2022-10,113.9
DATAFLOW,OECD.SDD.STES:DSD_KEI@DF_KEI(4.0),I,FRA,M,CP,IX,_Z,_Z,_Z,2022-11,114.26
DATAFLOW,OECD.SDD.STES:DSD_KEI@DF_KEI(4.0),I,FRA,M,CP,IX,_Z,_Z,_Z,2022-12,114.16
DATAFLOW,OECD.SDD.STES:DSD_KEI@DF_KEI(4.0),I,FRA,M,CP,IX,_Z,_Z,_Z,2023-01,114.6
DATAFLOW,OECD.SDD.STES:DSD_KEI@DF_KEI(4.0),I,FRA,M,CP,IX,_Z,_Z,_Z,2023-04,117.5
DATAFLOW,OECD.SDD.STES:DSD_KEI@DF_KEI(4.0),I,FRA,M,CP,IX,_Z,_Z,_Z,2023-06,117.65
DATAFLOW,OECD.SDD.STES:DSD_KEI@DF_KEI(4.0),I,FRA,M,CP,IX,_Z,_Z,_Z,2023-08,118.89
DATAFLOW,OECD.SDD.STES:DSD_KEI@DF_KEI(4.0),I,FRA,M,CP,IX,_Z,_Z,_Z,2023-09,118.26
DATAFLOW,OECD.SDD.STES:DSD_KEI@DF_KEI(4.0),I,FRA,M,CP,GR,_Z,_Z,G1,2024-07,0.183028286189679
DATAFLOW,OECD.SDD.STES:DSD_KEI@DF_KEI(4.0),I,FRA,M,CP,GR,_Z,_Z,G1,2024-08,0.531473177213093
DATAFLOW,OECD.SDD.STES:DSD_KEI@DF_KEI(4.0),I,FRA,M,CP,GR,_Z,_Z,G1,2024-09,-1.23905501404263
DATAFLOW,OECD.SDD.STES:DSD_KEI@DF_KEI(4.0),I,FRA,M,CP,GR,_Z,_Z,G1,2024-10,0.276012044161944
DATAFLOW,OECD.SDD.STES:DSD_KEI@DF_KEI(4.0),I,FRA,M,CP,GR,_Z,_Z,G1,2024-11,-0.141796646926351
DATAFLOW,OECD.SDD.STES:DSD_KEI@DF_KEI(4.0),I,FRA,M,CP,GR,_Z,_Z,G1,2024-12,0.192114934847987
DATAFLOW,OECD.SDD.STES:DSD_KEI@DF_KEI(4.0),I,FRA,M,CP,GR,_Z,_Z,G1,2025-01,0.158399333055437
DATAFLOW,OECD.SDD.STES:DSD_KEI@DF_KEI(4.0),I,FRA,M,CP,GR,_Z,_Z,G1,2025-02,0.016647244880974
DATAFLOW,OECD.SDD.STES:DSD_KEI@DF_KEI(4.0),I,FRA,M,CP,GR,_Z,_Z,G1,2025-03,0.183089214380816
DATAFLOW,OECD.SDD.STES:DSD_KEI@DF_KEI(4.0),I,FRA,M,CP,GR,_Z,_Z,G1,2025-04,0.56487788669215
DATAFLOW,OECD.SDD.STES:DSD_KEI@DF_KEI(4.0),I,FRA,M,CP,GR,_Z,_Z,G1,2025-05,-0.132165868164547
DATAFLOW,OECD.SDD.STES:DSD_KEI@DF_KEI(4.0),I,FRA,M,CP,GR,_Z,_Z,G1,2025-06,0.380479735318451
DATAFLOW,OECD.SDD.STES:DSD_KEI@DF_KEI(4.0),I,FRA,M,CP,GR,_Z,_Z,G1,2025-07,0.214238628872798
DATAFLOW,OECD.SDD.STES:DSD_KEI@DF_KEI(4.0),I,FRA,M,CP,GR,_Z,_Z,G1,2025-08,0.419338924518975
DATAFLOW,OECD.SDD.STES:DSD_KEI@DF_KEI(4.0),I,FRA,M,CP,GR,_Z,_Z,G1,2025-09,-0.966183574879231
DATAFLOW,OECD.SDD.STES:DSD_KEI@DF_KEI(4.0),I,FRA,M,CP,GR,_Z,_Z,G1,2025-10,0.0578751550227352
DATAFLOW,OECD.SDD.STES:DSD_KEI@DF_KEI(4.0),I,FRA,M,CP,GR,_Z,_Z,G1,2025-11,-0.181788134192695
DATAFLOW,OECD.SDD.STES:DSD_KEI@DF_KEI(4.0),I,FRA,M,CP,GR,_Z,_Z,G1,2025-12,0.0827814569536622
DATAFLOW,OECD.SDD.STES:DSD_KEI@DF_KEI(4.0),I,FRA,M,CP,GR,_Z,_Z,G1,2007-01,-0.345557908817284
DATAFLOW,OECD.SDD.STES:DSD_KEI@DF_KEI(4.0),I,FRA,M,CP,GR,_Z,_Z,G1,2007-02,0.190156599552549
DATAFLOW,OECD.SDD.STES:DSD_KEI@DF_KEI(4.0),I,FRA,M,CP,GR,_Z,_Z,G1,2007-03,0.424249190577219
DATAFLOW,OECD.SDD.STES:DSD_KEI@DF_KEI(4.0),I,FRA,M,CP,GR,_Z,_Z,G1,2007-04,0.489160644802666
DATAFLOW,OECD.SDD.STES:DSD_KEI@DF_KEI(4.0),I,FRA,M,CP,GR,_Z,_Z,G1,2007-05,0.243389755503931
DATAFLOW,OECD.SDD.STES:DSD_KEI@DF_KEI(4.0),I,FRA,M,CP,GR,_Z,_Z,G1,2007-06,0.12139940403928
DATAFLOW,OECD.SDD.STES:DSD_KEI@DF_KEI(4.0),I,FRA,M,CP,GR,_Z,_Z,G1,2007-07,-0.253527336860682
DATAFLOW,OECD.SDD.STES:DSD_KEI@DF_KEI(4.0),I,FRA,M,CP,GR,_Z,_Z,G1,2007-08,0.408884959664046
DATAFLOW,OECD.SDD.STES:DSD_KEI@DF_KEI(4.0),I,FRA,M,CP,GR,_Z,_Z,G1,2007-09,0.110059432093323
DATAFLOW,OECD.SDD.STES:DSD_KEI@DF_KEI(4.0),I,FRA,M,CP,GR,_Z,_Z,G1,2007-10,0.252858399296407
DATAFLOW,OECD.SDD.STES:DSD_KEI@DF_KEI(4.0),I,FRA,M,CP,GR,_Z,_Z,G1,2007-11,0.548305735277999
DATAFLOW,OECD.SDD.STES:DSD_KEI@DF_KEI(4.0),I,FRA,M,CP,GR,_Z,_Z,G1,2007-12,0.370814701712296
DATAFLOW,OECD.SDD.STES:DSD_KEI@DF_KEI(4.0),I,FRA,M,CP,GR,_Z,_Z,G1,2008-01,-0.119526241443002
DATAFLOW,OECD.SDD.STES:DSD_KEI@DF_KEI(4.0),I,FRA,M,CP,GR,_Z,_Z,G1,2008-02,0.217580504786774
DATAFLOW,OECD.SDD.STES:DSD_KEI@DF_KEI(4.0),I,FRA,M,CP,GR,_Z,_Z,G1,2008-03,0.749023013460715
DATAFLOW,OECD.SDD.STES:DSD_KEI@DF_KEI(4.0),I,FRA,M,CP,GR,_Z,_Z,G1,2008-04,0.334015731063464
DATAFLOW,OECD.SDD.STES:DSD_KEI@DF_KEI(4.0),I,FRA,M,CP,GR,_Z,_Z,G1,2008-05,0.536941580756012
DATAFLOW,OECD.SDD.STES:DSD_KEI@DF_KEI(4.0),I,FRA,M,CP,GR,_Z,_Z,G1,2008-06,0.363170262764356
DATAFLOW,OECD.SDD.STES:DSD_KEI@DF_KEI(4.0),I,FRA,M,CP,GR,_Z,_Z,G1,2008-07,-0.212856534695605
DATAFLOW,OECD.SDD.STES:DSD_KEI@DF_KEI(4.0),I,FRA,M,CP,GR,_Z,_Z,G1,2008-08,-0.0319965870307248
DATAFLOW,OECD.SDD.STES:DSD_KEI@DF_KEI(4.0),I,FRA,M,CP,GR,_Z,_Z,G1,2008-09,-0.0640136562466642
DATAFLOW,OECD.SDD.STES:DSD_KEI@DF_KEI(4.0),I,FRA,M,CP,GR,_Z,_Z,G1,2008-10,-0.0533788833137705
DATAFLOW,OECD.SDD.STES:DSD_KEI@DF_KEI(4.0),I,FRA,M,CP,GR,_Z,_Z,G1,2008-11,-0.469985045930355
DATAFLOW,OECD.SDD.STES:DSD_KEI@DF_KEI(4.0),I,FRA,M,CP,GR,_Z,_Z,G1,2008-12,-0.246834084567515
DATAFLOW,OECD.SDD.STES:DSD_KEI@DF_KEI(4.0),I,FRA,M,CP,GR,_Z,_Z,G1,2009-01,-0.408821947283489
DATAFLOW,OECD.SDD.STES:DSD_KEI@DF_KEI(4.0),I,FRA,M,CP,GR,_Z,_Z,G1,2009-02,0.37809225451011
DATAFLOW,OECD.SDD.STES:DSD_KEI@DF_KEI(4.0),I,FRA,M,CP,GR,_Z,_Z,G1,2009-03,0.182953077916492
DATAFLOW,OECD.SDD.STES:DSD_KEI@DF_KEI(4.0),I,FRA,M,CP,GR,_Z,_Z,G1,2009-04,0.161134386077988
DATAFLOW,OECD.SDD.STES:DSD_KEI@DF_KEI(4.0),I,FRA,M,CP,GR,_Z,_Z,G1,2009-05,0.150150150150141
DATAFLOW,OECD.SDD.STES:DSD_KEI@DF_KEI(4.0),I,FRA,M,CP,GR,_Z,_Z,G1,2009-06,0.128507174983938
DATAFLOW,OECD.SDD.STES:DSD_KEI@DF_KEI(4.0),I,FRA,M,CP,GR,_Z,_Z,G1,2009-07,-0.44919786096258
DATAFLOW,OECD.SDD.STES:DSD_KEI@DF_KEI(4.0),I,FRA,M,CP,GR,_Z,_Z,G1,2009-08,0.515685431886559
DATAFLOW,OECD.SDD.STES:DSD_KEI@DF_KEI(4.0),I,FRA,M,CP,GR,_Z,_Z,G1,2009-09,-0.245831551945275
DATAFLOW,OECD.SDD.STES:DSD_KEI@DF_KEI(4.0),I,FRA,M,CP,GR,_Z,_Z,G1,2009-10,0.0964320154291265
DATAFLOW,OECD.SDD.STES:DSD_KEI@DF_KEI(4.0),I,FRA,M,CP,GR,_Z,_Z,G1,2009-11,0.139156497537996
DATAFLOW,OECD.SDD.STES:DSD_KEI@DF_KEI(4.0),I,FRA,M,CP,GR,_Z,_Z,G1,2009-12,0.2672367717798
DATAFLOW,OECD.SDD.STES:DSD_KEI@DF_KEI(4.0),I,FRA,M,CP,GR,_Z,_Z,G1,2010-01,-0.223880597014914
DATAFLOW,OECD.SDD.STES:DSD_KEI@DF_KEI(4.0),I,FRA,M,CP,GR,_Z,_Z,G1,2010-02,0.555614916123526
DATAFLOW,OECD.SDD.STES:DSD_KEI@DF_KEI(4.0),I,FRA,M,CP,GR,_Z,_Z,G1,2010-03,0.488789714164262
DATAFLOW,OECD.SDD.STES:DSD_KEI@DF_KEI(4.0),I,FRA,M,CP,GR,_Z,_Z,G1,2010-04,0.253780268584114
DATAFLOW,OECD.SDD.STES:DSD_KEI@DF_KEI(4.0),I,FRA,M,CP,GR,_Z,_Z,G1,2010-05,0.116021516717635
DATAFLOW,OECD.SDD.STES:DSD_KEI@DF_KEI(4.0),I,FRA,M,CP,GR,_Z,_Z,G1,2010-06,-0.0105351875263504
DATAFLOW,OECD.SDD.STES:DSD_KEI@DF_KEI(4.0),I,FRA,M,CP,GR,_Z,_Z,G1,2010-07,-0.284480033716139
DATAFLOW,OECD.SDD.STES:DSD_KEI@DF_KEI(4.0),I,FRA,M,CP,GR,_Z,_Z,G1,2010-08,0.232459847844457
DATAFLOW,OECD.SDD.STES:DSD_KEI@DF_KEI(4.0),I,FRA,M,CP,GR,_Z,_Z,G1,2010-09,-0.0737929580434282
DATAFLOW,OECD.SDD.STES:DSD_KEI@DF_KEI(4.0),I,FRA,M,CP,GR,_Z,_Z,G1,2010-10,0.126595632450677
DATAFLOW,OECD.SDD.STES:DSD_KEI@DF_KEI(4.0),I,FRA,M,CP,GR,_Z,_Z,G1,2010-11,0.115899272995468
DATAFLOW,OECD.SDD.STES:DSD_KEI@DF_KEI(4.0),I,FRA,M,CP,GR,_Z,_Z,G1,2010-12,0.452536308145657
DATAFLOW,OECD.SDD.STES:DSD_KEI@DF_KEI(4.0),I,FRA,M,CP,GR,_Z,_Z,G1,2011-01,-0.240963855421683
DATAFLOW,OECD.SDD.STES:DSD_KEI@DF_KEI(4.0),I,FRA,M,CP,GR,_Z,_Z,G1,2011-02,0.472589792060485
DATAFLOW,OECD.SDD.STES:DSD_KEI@DF_KEI(4.0),I,FRA,M,CP,GR,_Z,_Z,G1,2011-03,0.815302602696777
DATAFLOW,OECD.SDD.STES:DSD_KEI@DF_KEI(4.0),I,FRA,M,CP,GR,_Z,_Z,G1,2011-04,0.342146189735604
DATAFLOW,OECD.SDD.STES:DSD_KEI@DF_KEI(4.0),I,FRA,M,CP,IX,_Z,_Z,_Z,2014-08,100.29999999999998
DATAFLOW,OECD.SDD.STES:DSD_KEI@DF_KEI(4.0),I,FRA,M,CP,IX,_Z,_Z,_Z,2015-10,100.01
DATAFLOW,OECD.SDD.STES:DSD_KEI@DF_KEI(4.0),I,FRA,M,CP,IX,_Z,_Z,_Z,2016-07,100.25
DATAFLOW,OECD.SDD.STES:DSD_KEI@DF_KEI(4.0),I,FRA,M,CP,IX,_Z,_Z,_Z,2018-02,101.72
DATAFLOW,OECD.SDD.STES:DSD_KEI@DF_KEI(4.0),I,FRA,M,CP,IX,_Z,_Z,_Z,2018-11,103.45
DATAFLOW,OECD.SDD.STES:DSD_KEI@DF_KEI(4.0),I,FRA,M,CP,IX,_Z,_Z,_Z,2019-03,103.89
DATAFLOW,OECD.SDD.STES:DSD_KEI@DF_KEI(4.0),I,FRA,M,CP,IX,_Z,_Z,_Z,2019-11,104.51999999999998
DATAFLOW,OECD.SDD.STES:DSD_KEI@DF_KEI(4.0),I,FRA,M,CP,IX,_Z,_Z,_Z,2022-02,108.93999999999998
DATAFLOW,OECD.SDD.STES:DSD_KEI@DF_KEI(4.0),I,FRA,M,CP,IX,_Z,_Z,_Z,2023-05,117.44
DATAFLOW,OECD.SDD.STES:DSD_KEI@DF_KEI(4.0),I,FRA,M,CP,IX,_Z,_Z,_Z,2023-12,118.39
DATAFLOW,OECD.SDD.STES:DSD_KEI@DF_KEI(4.0),I,FRA,M,CP,IX,_Z,_Z,_Z,2024-01,118.19
DATAFLOW,OECD.SDD.STES:DSD_KEI@DF_KEI(4.0),I,FRA,M,CP,IX,_Z,_Z,_Z,2024-02,119.21
DATAFLOW,OECD.SDD.STES:DSD_KEI@DF_KEI(4.0),I,FRA,M,CP,IX,_Z,_Z,_Z,2024-03,119.47
DATAFLOW,OECD.SDD.STES:DSD_KEI@DF_KEI(4.0),I,FRA,M,CP,IX,_Z,_Z,_Z,2024-05,120.11
DATAFLOW,OECD.SDD.STES:DSD_KEI@DF_KEI(4.0),I,FRA,M,CP,IX,_Z,_Z,_Z,2024-06,120.2
DATAFLOW,OECD.SDD.STES:DSD_KEI@DF_KEI(4.0),I,FRA,M,CP,IX,_Z,_Z,_Z,2024-07,120.42
DATAFLOW,OECD.SDD.STES:DSD_KEI@DF_KEI(4.0),I,FRA,M,CP,IX,_Z,_Z,_Z,2024-09,119.56
DATAFLOW,OECD.SDD.STES:DSD_KEI@DF_KEI(4.0),I,FRA,M,CP,IX,_Z,_Z,_Z,2024-10,119.89
DATAFLOW,OECD.SDD.STES:DSD_KEI@DF_KEI(4.0),I,FRA,M,CP,IX,_Z,_Z,_Z,2024-11,119.72
DATAFLOW,OECD.SDD.STES:DSD_KEI@DF_KEI(4.0),I,FRA,M,CP,IX,_Z,_Z,_Z,2024-12,119.95
DATAFLOW,OECD.SDD.STES:DSD_KEI@DF_KEI(4.0),I,FRA,M,CP,IX,_Z,_Z,_Z,2025-01,120.14
DATAFLOW,OECD.SDD.STES:DSD_KEI@DF_KEI(4.0),I,FRA,M,CP,IX,_Z,_Z,_Z,2025-02,120.16
DATAFLOW,OECD.SDD.STES:DSD_KEI@DF_KEI(4.0),I,FRA,M,CP,IX,_Z,_Z,_Z,2025-03,120.38
DATAFLOW,OECD.SDD.STES:DSD_KEI@DF_KEI(4.0),I,FRA,M,CP,IX,_Z,_Z,_Z,2025-05,120.9
DATAFLOW,OECD.SDD.STES:DSD_KEI@DF_KEI(4.0),I,FRA,M,CP,IX,_Z,_Z,_Z,2025-06,121.36
DATAFLOW,OECD.SDD.STES:DSD_KEI@DF_KEI(4.0),I,FRA,M,CP,IX,_Z,_Z,_Z,2025-08,122.13
DATAFLOW,OECD.SDD.STES:DSD_KEI@DF_KEI(4.0),I,FRA,M,CP,IX,_Z,_Z,_Z,2025-09,120.95
DATAFLOW,OECD.SDD.STES:DSD_KEI@DF_KEI(4.0),I,FRA,M,CP,IX,_Z,_Z,_Z,2025-10,121.02
DATAFLOW,OECD.SDD.STES:DSD_KEI@DF_KEI(4.0),I,FRA,M,CP,IX,_Z,_Z,_Z,2025-11,120.8
DATAFLOW,OECD.SDD.STES:DSD_KEI@DF_KEI(4.0),I,FRA,M,CP,IX,_Z,_Z,_Z,2025-12,120.9
DATAFLOW,OECD.SDD.STES:DSD_KEI@DF_KEI(4.0),I,FRA,M,CP,IX,_Z,_Z,_Z,2007-01,89.4
DATAFLOW,OECD.SDD.STES:DSD_KEI@DF_KEI(4.0),I,FRA,M,CP,IX,_Z,_Z,_Z,2007-04,90.39
DATAFLOW,OECD.SDD.STES:DSD_KEI@DF_KEI(4.0),I,FRA,M,CP,IX,_Z,_Z,_Z,2007-05,90.61
DATAFLOW,OECD.SDD.STES:DSD_KEI@DF_KEI(4.0),I,FRA,M,CP,IX,_Z,_Z,_Z,2007-06,90.72
DATAFLOW,OECD.SDD.STES:DSD_KEI@DF_KEI(4.0),I,FRA,M,CP,IX,_Z,_Z,_Z,2007-07,90.49
DATAFLOW,OECD.SDD.STES:DSD_KEI@DF_KEI(4.0),I,FRA,M,CP,IX,_Z,_Z,_Z,2007-08,90.86
DATAFLOW,OECD.SDD.STES:DSD_KEI@DF_KEI(4.0),I,FRA,M,CP,IX,_Z,_Z,_Z,2007-09,90.96
DATAFLOW,OECD.SDD.STES:DSD_KEI@DF_KEI(4.0),I,FRA,M,CP,IX,_Z,_Z,_Z,2007-10,91.19
DATAFLOW,OECD.SDD.STES:DSD_KEI@DF_KEI(4.0),I,FRA,M,CP,IX,_Z,_Z,_Z,2007-11,91.69
DATAFLOW,OECD.SDD.STES:DSD_KEI@DF_KEI(4.0),I,FRA,M,CP,IX,_Z,_Z,_Z,2007-12,92.03
DATAFLOW,OECD.SDD.STES:DSD_KEI@DF_KEI(4.0),I,FRA,M,CP,IX,_Z,_Z,_Z,2008-01,91.92
DATAFLOW,OECD.SDD.STES:DSD_KEI@DF_KEI(4.0),I,JPN,M,CP,GR,_Z,_Z,GY,2019-03,0.5
DATAFLOW,OECD.SDD.STES:DSD_KEI@DF_KEI(4.0),I,JPN,M,CP,GR,_Z,_Z,GY,2019-04,0.9
DATAFLOW,OECD.SDD.STES:DSD_KEI@DF_KEI(4.0),I,FRA,M,CP,IX,_Z,_Z,_Z,2009-10,93.42
DATAFLOW,OECD.SDD.STES:DSD_KEI@DF_KEI(4.0),I,FRA,M,CP,IX,_Z,_Z,_Z,2009-11,93.55
DATAFLOW,OECD.SDD.STES:DSD_KEI@DF_KEI(4.0),I,FRA,M,CP,IX,_Z,_Z,_Z,2009-12,93.8
DATAFLOW,OECD.SDD.STES:DSD_KEI@DF_KEI(4.0),I,FRA,M,CP,IX,_Z,_Z,_Z,2010-02,94.11
DATAFLOW,OECD.SDD.STES:DSD_KEI@DF_KEI(4.0),I,FRA,M,CP,IX,_Z,_Z,_Z,2010-03,94.57
DATAFLOW,OECD.SDD.STES:DSD_KEI@DF_KEI(4.0),I,FRA,M,CP,IX,_Z,_Z,_Z,2010-04,94.81
DATAFLOW,OECD.SDD.STES:DSD_KEI@DF_KEI(4.0),I,FRA,M,CP,IX,_Z,_Z,_Z,2010-05,94.92
DATAFLOW,OECD.SDD.STES:DSD_KEI@DF_KEI(4.0),I,FRA,M,CP,IX,_Z,_Z,_Z,2010-06,94.91
DATAFLOW,OECD.SDD.STES:DSD_KEI@DF_KEI(4.0),I,FRA,M,CP,IX,_Z,_Z,_Z,2010-07,94.64
DATAFLOW,OECD.SDD.STES:DSD_KEI@DF_KEI(4.0),I,FRA,M,CP,GR,_Z,_Z,G1,2023-05,-0.0510638297872235
DATAFLOW,OECD.SDD.STES:DSD_KEI@DF_KEI(4.0),I,FRA,M,CP,GR,_Z,_Z,G1,2023-06,0.178814713896447
DATAFLOW,OECD.SDD.STES:DSD_KEI@DF_KEI(4.0),I,FRA,M,CP,GR,_Z,_Z,G1,2023-07,0.05099872503187
DATAFLOW,OECD.SDD.STES:DSD_KEI@DF_KEI(4.0),I,FRA,M,CP,GR,_Z,_Z,G1,2023-08,1.00246368193018
DATAFLOW,OECD.SDD.STES:DSD_KEI@DF_KEI(4.0),I,FRA,M,CP,GR,_Z,_Z,G1,2023-09,-0.529901589704762
DATAFLOW,OECD.SDD.STES:DSD_KEI@DF_KEI(4.0),I,FRA,M,CP,GR,_Z,_Z,G1,2023-10,0.143751056993069
DATAFLOW,OECD.SDD.STES:DSD_KEI@DF_KEI(4.0),I,FRA,M,CP,GR,_Z,_Z,G1,2023-11,-0.168876129359119
DATAFLOW,OECD.SDD.STES:DSD_KEI@DF_KEI(4.0),I,FRA,M,CP,GR,_Z,_Z,G1,2023-12,0.135329442611853
DATAFLOW,OECD.SDD.STES:DSD_KEI@DF_KEI(4.0),I,FRA,M,CP,GR,_Z,_Z,G1,2024-01,-0.168933186924569
DATAFLOW,OECD.SDD.STES:DSD_KEI@DF_KEI(4.0),I,FRA,M,CP,GR,_Z,_Z,G1,2024-02,0.863017175733982
DATAFLOW,OECD.SDD.STES:DSD_KEI@DF_KEI(4.0),I,FRA,M,CP,GR,_Z,_Z,G1,2024-03,0.218102508178863
DATAFLOW,OECD.SDD.STES:DSD_KEI@DF_KEI(4.0),I,FRA,M,CP,GR,_Z,_Z,G1,2024-04,0.502218130074472
DATAFLOW,OECD.SDD.STES:DSD_KEI@DF_KEI(4.0),I,FRA,M,CP,GR,_Z,_Z,G1,2024-05,0.0333139002248739
DATAFLOW,OECD.SDD.STES:DSD_KEI@DF_KEI(4.0),I,FRA,M,CP,GR,_Z,_Z,G1,2024-06,0.0749313129631002
DATAFLOW,OECD.SDD.STES:DSD_KEI@DF_KEI(4.0),I,FRA,M,CP,GR,_Z,_Z,GY,2019-07,1.06506584043378
DATAFLOW,OECD.SDD.STES:DSD_KEI@DF_KEI(4.0),I,FRA,M,CP,GR,_Z,_Z,GY,2019-08,1.04066294083638
DATAFLOW,OECD.SDD.STES:DSD_KEI@DF_KEI(4.0),I,FRA,M,CP,GR,_Z,_Z,GY,2019-09,0.907686365392024
DATAFLOW,OECD.SDD.STES:DSD_KEI@DF_KEI(4.0),I,FRA,M,CP,GR,_Z,_Z,GY,2019-10,0.762033375132631
DATAFLOW,OECD.SDD.STES:DSD_KEI@DF_KEI(4.0),I,FRA,M,CP,GR,_Z,_Z,GY,2019-11,1.03431609473175
DATAFLOW,OECD.SDD.STES:DSD_KEI@DF_KEI(4.0),I,FRA,M,CP,GR,_Z,_Z,GY,2019-12,1.45936020102446
DATAFLOW,OECD.SDD.STES:DSD_KEI@DF_KEI(4.0),I,FRA,M,CP,GR,_Z,_Z,GY,2020-01,1.4852926900301
DATAFLOW,OECD.SDD.STES:DSD_KEI@DF_KEI(4.0),I,FRA,M,CP,GR,_Z,_Z,GY,2020-02,1.42635358043859
DATAFLOW,OECD.SDD.STES:DSD_KEI@DF_KEI(4.0),I,FRA,M,CP,GR,_Z,_Z,GY,2020-03,0.673789585138129
DATAFLOW,OECD.SDD.STES:DSD_KEI@DF_KEI(4.0),I,FRA,M,CP,GR,_Z,_Z,GY,2020-04,0.32623296872003
DATAFLOW,OECD.SDD.STES:DSD_KEI@DF_KEI(4.0),I,FRA,M,CP,GR,_Z,_Z,GY,2020-05,0.364228889101881
DATAFLOW,OECD.SDD.STES:DSD_KEI@DF_KEI(4.0),I,FRA,M,CP,GR,_Z,_Z,GY,2020-06,0.200803212851408
DATAFLOW,OECD.SDD.STES:DSD_KEI@DF_KEI(4.0),I,FRA,M,CP,GR,_Z,_Z,GY,2020-07,0.776010730024912
DATAFLOW,OECD.SDD.STES:DSD_KEI@DF_KEI(4.0),I,FRA,M,CP,GR,_Z,_Z,GY,2020-08,0.219340072477592
DATAFLOW,OECD.SDD.STES:DSD_KEI@DF_KEI(4.0),I,FRA,M,CP,GR,_Z,_Z,GY,2020-09,0.0478468899521634
DATAFLOW,OECD.SDD.STES:DSD_KEI@DF_KEI(4.0),I,FRA,M,CP,GR,_Z,_Z,GY,2020-10,0.0478652115642575
DATAFLOW,OECD.SDD.STES:DSD_KEI@DF_KEI(4.0),I,FRA,M,CP,GR,_Z,_Z,GY,2020-11,0.20091848450059
DATAFLOW,OECD.SDD.STES:DSD_KEI@DF_KEI(4.0),I,FRA,M,CP,GR,_Z,_Z,GY,2020-12,-0.0190512478567495
DATAFLOW,OECD.SDD.STES:DSD_KEI@DF_KEI(4.0),I,FRA,M,CP,GR,_Z,_Z,GY,2021-01,0.554811555385504
DATAFLOW,OECD.SDD.STES:DSD_KEI@DF_KEI(4.0),I,FRA,M,CP,GR,_Z,_Z,GY,2021-02,0.56443126375203
DATAFLOW,OECD.SDD.STES:DSD_KEI@DF_KEI(4.0),I,FRA,M,CP,GR,_Z,_Z,GY,2021-03,1.10909264748065
DATAFLOW,OECD.SDD.STES:DSD_KEI@DF_KEI(4.0),I,FRA,M,CP,GR,_Z,_Z,GY,2021-04,1.24330527926548
DATAFLOW,OECD.SDD.STES:DSD_KEI@DF_KEI(4.0),I,FRA,M,CP,GR,_Z,_Z,GY,2021-05,1.4229777480661
DATAFLOW,OECD.SDD.STES:DSD_KEI@DF_KEI(4.0),I,FRA,M,CP,GR,_Z,_Z,GY,2021-06,1.47914877373796
DATAFLOW,OECD.SDD.STES:DSD_KEI@DF_KEI(4.0),I,FRA,M,CP,IX,_Z,_Z,_Z,2007-02,89.57000000000001
DATAFLOW,OECD.SDD.STES:DSD_KEI@DF_KEI(4.0),I,FRA,M,CP,IX,_Z,_Z,_Z,2007-03,89.94999999999999
DATAFLOW,OECD.SDD.STES:DSD_KEI@DF_KEI(4.0),I,FRA,M,CP,IX,_Z,_Z,_Z,2008-07,93.76
DATAFLOW,OECD.SDD.STES:DSD_KEI@DF_KEI(4.0),I,FRA,M,CP,IX,_Z,_Z,_Z,2008-11,93.18
DATAFLOW,OECD.SDD.STES:DSD_KEI@DF_KEI(4.0),I,FRA,M,CP,IX,_Z,_Z,_Z,2009-03,93.09
DATAFLOW,OECD.SDD.STES:DSD_KEI@DF_KEI(4.0),I,FRA,M,CP,IX,_Z,_Z,_Z,2010-01,93.59
DATAFLOW,OECD.SDD.STES:DSD_KEI@DF_KEI(4.0),I,FRA,M,CP,IX,_Z,_Z,_Z,2010-09,94.79
DATAFLOW,OECD.SDD.STES:DSD_KEI@DF_KEI(4.0),I,FRA,M,CP,IX,_Z,_Z,_Z,2012-07,98.35
DATAFLOW,OECD.SDD.STES:DSD_KEI@DF_KEI(4.0),I,FRA,M,CP,IX,_Z,_Z,_Z,2012-11,98.79
DATAFLOW,OECD.SDD.STES:DSD_KEI@DF_KEI(4.0),I,FRA,M,CP,IX,_Z,_Z,_Z,2013-05,99.54
DATAFLOW,OECD.SDD.STES:DSD_KEI@DF_KEI(4.0),I,FRA,M,CP,IX,_Z,_Z,_Z,2013-07,99.4
DATAFLOW,OECD.SDD.STES:DSD_KEI@DF_KEI(4.0),I,FRA,M,CP,IX,_Z,_Z,_Z,2013-11,99.46
DATAFLOW,OECD.SDD.STES:DSD_KEI@DF_KEI(4.0),I,FRA,M,CP,IX,_Z,_Z,_Z,2014-02,99.79
DATAFLOW,OECD.SDD.STES:DSD_KEI@DF_KEI(4.0),I,FRA,M,CP,IX,_Z,_Z,_Z,2015-04,100.28
DATAFLOW,OECD.SDD.STES:DSD_KEI@DF_KEI(4.0),I,FRA,M,CP,IX,_Z,_Z,_Z,2015-05,100.52
DATAFLOW,OECD.SDD.STES:DSD_KEI@DF_KEI(4.0),I,FRA,M,CP,IX,_Z,_Z,_Z,2015-12,100.04
DATAFLOW,OECD.SDD.STES:DSD_KEI@DF_KEI(4.0),I,FRA,M,CP,IX,_Z,_Z,_Z,2016-04,100.09
DATAFLOW,OECD.SDD.STES:DSD_KEI@DF_KEI(4.0),I,FRA,M,CP,IX,_Z,_Z,_Z,2016-05,100.5
DATAFLOW,OECD.SDD.STES:DSD_KEI@DF_KEI(4.0),I,FRA,M,CP,IX,_Z,_Z,_Z,2016-12,100.65
DATAFLOW,OECD.SDD.STES:DSD_KEI@DF_KEI(4.0),I,FRA,M,CP,IX,_Z,_Z,_Z,2017-04,101.26
DATAFLOW,OECD.SDD.STES:DSD_KEI@DF_KEI(4.0),I,FRA,M,CP,IX,_Z,_Z,_Z,2017-05,101.31
DATAFLOW,OECD.SDD.STES:DSD_KEI@DF_KEI(4.0),I,FRA,M,CP,IX,_Z,_Z,_Z,2017-06,101.32
DATAFLOW,OECD.SDD.STES:DSD_KEI@DF_KEI(4.0),I,FRA,M,CP,IX,_Z,_Z,_Z,2018-04,102.92
DATAFLOW,OECD.SDD.STES:DSD_KEI@DF_KEI(4.0),I,FRA,M,CP,IX,_Z,_Z,_Z,2020-02,104.53
DATAFLOW,OECD.SDD.STES:DSD_KEI@DF_KEI(4.0),I,FRA,M,CP,IX,_Z,_Z,_Z,2020-10,104.51
DATAFLOW,OECD.SDD.STES:DSD_KEI@DF_KEI(4.0),I,FRA,M,CP,IX,_Z,_Z,_Z,2020-11,104.73
DATAFLOW,OECD.SDD.STES:DSD_KEI@DF_KEI(4.0),I,FRA,M,CP,IX,_Z,_Z,_Z,2020-12,104.96
DATAFLOW,OECD.SDD.STES:DSD_KEI@DF_KEI(4.0),I,FRA,M,CP,IX,_Z,_Z,_Z,2021-01,105.12
DATAFLOW,OECD.SDD.STES:DSD_KEI@DF_KEI(4.0),I,FRA,M,CP,IX,_Z,_Z,_Z,2021-02,105.12
DATAFLOW,OECD.SDD.STES:DSD_KEI@DF_KEI(4.0),I,FRA,M,CP,IX,_Z,_Z,_Z,2021-06,106.34
DATAFLOW,OECD.SDD.STES:DSD_KEI@DF_KEI(4.0),I,FRA,M,CP,IX,_Z,_Z,_Z,2022-01,108.12
DATAFLOW,OECD.SDD.STES:DSD_KEI@DF_KEI(4.0),I,FRA,M,CP,IX,_Z,_Z,_Z,2023-03,116.79
DATAFLOW,OECD.SDD.STES:DSD_KEI@DF_KEI(4.0),I,FRA,M,CP,IX,_Z,_Z,_Z,2023-10,118.43
DATAFLOW,OECD.SDD.STES:DSD_KEI@DF_KEI(4.0),I,FRA,M,CP,IX,_Z,_Z,_Z,2023-11,118.23
DATAFLOW,OECD.SDD.STES:DSD_KEI@DF_KEI(4.0),I,FRA,M,CP,IX,_Z,_Z,_Z,2024-04,120.07
DATAFLOW,OECD.SDD.STES:DSD_KEI@DF_KEI(4.0),I,FRA,M,CP,IX,_Z,_Z,_Z,2024-08,121.06
DATAFLOW,OECD.SDD.STES:DSD_KEI@DF_KEI(4.0),I,FRA,M,CP,IX,_Z,_Z,_Z,2025-04,121.06
DATAFLOW,OECD.SDD.STES:DSD_KEI@DF_KEI(4.0),I,FRA,M,CP,IX,_Z,_Z,_Z,2025-07,121.62
DATAFLOW,OECD.SDD.STES:DSD_KEI@DF_KEI(4.0),I,FRA,M,CP,IX,_Z,_Z,_Z,2015-08,100.35
DATAFLOW,OECD.SDD.STES:DSD_KEI@DF_KEI(4.0),I,FRA,M,CP,IX,_Z,_Z,_Z,2016-11,100.35
DATAFLOW,OECD.SDD.STES:DSD_KEI@DF_KEI(4.0),I,FRA,M,CP,IX,_Z,_Z,_Z,2017-09,101.33
DATAFLOW,OECD.SDD.STES:DSD_KEI@DF_KEI(4.0),I,FRA,M,CP,IX,_Z,_Z,_Z,2017-10,101.43
DATAFLOW,OECD.SDD.STES:DSD_KEI@DF_KEI(4.0),I,FRA,M,CP,IX,_Z,_Z,_Z,2018-07,103.28
DATAFLOW,OECD.SDD.STES:DSD_KEI@DF_KEI(4.0),I,FRA,M,CP,IX,_Z,_Z,_Z,2018-10,103.67
DATAFLOW,OECD.SDD.STES:DSD_KEI@DF_KEI(4.0),I,FRA,M,CP,IX,_Z,_Z,_Z,2019-02,103.06
DATAFLOW,OECD.SDD.STES:DSD_KEI@DF_KEI(4.0),I,FRA,M,CP,IX,_Z,_Z,_Z,2019-05,104.32999999999998
DATAFLOW,OECD.SDD.STES:DSD_KEI@DF_KEI(4.0),I,FRA,M,CP,IX,_Z,_Z,_Z,2019-07,104.38
DATAFLOW,OECD.SDD.STES:DSD_KEI@DF_KEI(4.0),I,FRA,M,CP,IX,_Z,_Z,_Z,2019-09,104.5
DATAFLOW,OECD.SDD.STES:DSD_KEI@DF_KEI(4.0),I,FRA,M,CP,IX,_Z,_Z,_Z,2020-08,105.09
DATAFLOW,OECD.SDD.STES:DSD_KEI@DF_KEI(4.0),I,FRA,M,CP,IX,_Z,_Z,_Z,2020-09,104.55
DATAFLOW,OECD.SDD.STES:DSD_KEI@DF_KEI(4.0),I,FRA,M,CP,IX,_Z,_Z,_Z,2021-03,105.75
DATAFLOW,OECD.SDD.STES:DSD_KEI@DF_KEI(4.0),I,FRA,M,CP,IX,_Z,_Z,_Z,2022-04,110.96999999999998
DATAFLOW,OECD.SDD.STES:DSD_KEI@DF_KEI(4.0),I,FRA,M,CP,IX,_Z,_Z,_Z,2023-02,115.78
DATAFLOW,OECD.SDD.STES:DSD_KEI@DF_KEI(4.0),I,FRA,M,CP,IX,_Z,_Z,_Z,2023-07,117.71
DATAFLOW,OECD.SDD.STES:DSD_KEI@DF_KEI(4.0),I,FRA,M,CP,GR,_Z,_Z,G1,2011-05,0.0516635668526666
DATAFLOW,OECD.SDD.STES:DSD_KEI@DF_KEI(4.0),I,FRA,M,CP,GR,_Z,_Z,G1,2011-06,0.0826190230300394
DATAFLOW,OECD.SDD.STES:DSD_KEI@DF_KEI(4.0),I,FRA,M,CP,GR,_Z,_Z,G1,2011-07,-0.443710659374663
DATAFLOW,OECD.SDD.STES:DSD_KEI@DF_KEI(4.0),I,FRA,M,CP,GR,_Z,_Z,G1,2011-08,0.518242122719736
DATAFLOW,OECD.SDD.STES:DSD_KEI@DF_KEI(4.0),I,FRA,M,CP,GR,_Z,_Z,G1,2011-09,-0.0721798308929822
DATAFLOW,OECD.SDD.STES:DSD_KEI@DF_KEI(4.0),I,FRA,M,CP,GR,_Z,_Z,G1,2011-10,0.237333608502732
DATAFLOW,OECD.SDD.STES:DSD_KEI@DF_KEI(4.0),I,FRA,M,CP,GR,_Z,_Z,G1,2011-11,0.277949351451512
DATAFLOW,OECD.SDD.STES:DSD_KEI@DF_KEI(4.0),I,FRA,M,CP,GR,_Z,_Z,G1,2011-12,0.40036957191254
DATAFLOW,OECD.SDD.STES:DSD_KEI@DF_KEI(4.0),I,FRA,M,CP,GR,_Z,_Z,G1,2012-01,-0.347648261758693
DATAFLOW,OECD.SDD.STES:DSD_KEI@DF_KEI(4.0),I,FRA,M,CP,GR,_Z,_Z,G1,2012-02,0.410424789657315
DATAFLOW,OECD.SDD.STES:DSD_KEI@DF_KEI(4.0),I,FRA,M,CP,GR,_Z,_Z,G1,2012-03,0.827713059472712
DATAFLOW,OECD.SDD.STES:DSD_KEI@DF_KEI(4.0),I,FRA,M,CP,GR,_Z,_Z,G1,2012-04,0.131752305665356
DATAFLOW,OECD.SDD.STES:DSD_KEI@DF_KEI(4.0),I,FRA,M,CP,GR,_Z,_Z,G1,2012-05,-0.050607287449389
DATAFLOW,OECD.SDD.STES:DSD_KEI@DF_KEI(4.0),I,FRA,M,CP,GR,_Z,_Z,G1,2012-06,0.0303797468354405
DATAFLOW,OECD.SDD.STES:DSD_KEI@DF_KEI(4.0),I,FRA,M,CP,GR,_Z,_Z,G1,2012-07,-0.435310791658239
DATAFLOW,OECD.SDD.STES:DSD_KEI@DF_KEI(4.0),I,FRA,M,CP,GR,_Z,_Z,G1,2012-08,0.660904931367567
DATAFLOW,OECD.SDD.STES:DSD_KEI@DF_KEI(4.0),I,FRA,M,CP,GR,_Z,_Z,G1,2012-09,-0.242424242424233
DATAFLOW,OECD.SDD.STES:DSD_KEI@DF_KEI(4.0),I,FRA,M,CP,IX,_Z,_Z,_Z,2016-03,100.02
DATAFLOW,OECD.SDD.STES:DSD_KEI@DF_KEI(4.0),I,FRA,M,CP,IX,_Z,_Z,_Z,2016-06,100.63
DATAFLOW,OECD.SDD.STES:DSD_KEI@DF_KEI(4.0),I,FRA,M,CP,IX,_Z,_Z,_Z,2016-08,100.58
DATAFLOW,OECD.SDD.STES:DSD_KEI@DF_KEI(4.0),I,FRA,M,CP,IX,_Z,_Z,_Z,2016-09,100.34
DATAFLOW,OECD.SDD.STES:DSD_KEI@DF_KEI(4.0),I,FRA,M,CP,IX,_Z,_Z,_Z,2016-10,100.37
DATAFLOW,OECD.SDD.STES:DSD_KEI@DF_KEI(4.0),I,FRA,M,CP,IX,_Z,_Z,_Z,2017-01,100.41
DATAFLOW,OECD.SDD.STES:DSD_KEI@DF_KEI(4.0),I,FRA,M,CP,IX,_Z,_Z,_Z,2017-02,100.53
DATAFLOW,OECD.SDD.STES:DSD_KEI@DF_KEI(4.0),I,JPN,M,CP,GR,_Z,_Z,G1,2015-10,0.0
DATAFLOW,OECD.SDD.STES:DSD_KEI@DF_KEI(4.0),I,JPN,M,CP,GR,_Z,_Z,G1,2015-12,0.0
DATAFLOW,OECD.SDD.STES:DSD_KEI@DF_KEI(4.0),I,JPN,M,CP,GR,_Z,_Z,G1,2016-08,0.0
DATAFLOW,OECD.SDD.STES:DSD_KEI@DF_KEI(4.0),I,JPN,M,CP,GR,_Z,_Z,GY,2007-01,0.0
DATAFLOW,OECD.SDD.STES:DSD_KEI@DF_KEI(4.0),I,JPN,M,CP,GR,_Z,_Z,GY,2007-04,0.0
DATAFLOW,OECD.SDD.STES:DSD_KEI@DF_KEI(4.0),I,JPN,M,CP,GR,_Z,_Z,GY,2007-05,0.0
DATAFLOW,OECD.SDD.STES:DSD_KEI@DF_KEI(4.0),I,JPN,M,CP,GR,_Z,_Z,GY,2007-07,0.0
DATAFLOW,OECD.SDD.STES:DSD_KEI@DF_KEI(4.0),I,JPN,M,CP,GR,_Z,_Z,G1,2008-10,-0.1
DATAFLOW,OECD.SDD.STES:DSD_KEI@DF_KEI(4.0),I,JPN,M,CP,GR,_Z,_Z,G1,2008-11,-0.9
DATAFLOW,OECD.SDD.STES:DSD_KEI@DF_KEI(4.0),I,JPN,M,CP,GR,_Z,_Z,G1,2008-12,-0.4
DATAFLOW,OECD.SDD.STES:DSD_KEI@DF_KEI(4.0),I,JPN,M,CP,GR,_Z,_Z,G1,2009-01,-0.6
DATAFLOW,OECD.SDD.STES:DSD_KEI@DF_KEI(4.0),I,FRA,M,CP,IX,_Z,_Z,_Z,2021-04,105.86
DATAFLOW,OECD.SDD.STES:DSD_KEI@DF_KEI(4.0),I,FRA,M,CP,IX,_Z,_Z,_Z,2021-05,106.2
DATAFLOW,OECD.SDD.STES:DSD_KEI@DF_KEI(4.0),I,FRA,M,CP,IX,_Z,_Z,_Z,2021-07,106.4
DATAFLOW,OECD.SDD.STES:DSD_KEI@DF_KEI(4.0),I,FRA,M,CP,IX,_Z,_Z,_Z,2021-08,107.05
DATAFLOW,OECD.SDD.STES:DSD_KEI@DF_KEI(4.0),I,FRA,M,CP,IX,_Z,_Z,_Z,2021-09,106.81
DATAFLOW,OECD.SDD.STES:DSD_KEI@DF_KEI(4.0),I,FRA,M,CP,IX,_Z,_Z,_Z,2021-10,107.25
DATAFLOW,OECD.SDD.STES:DSD_KEI@DF_KEI(4.0),I,FRA,M,CP,IX,_Z,_Z,_Z,2021-11,107.64
DATAFLOW,OECD.SDD.STES:DSD_KEI@DF_KEI(4.0),I,FRA,M,CP,IX,_Z,_Z,_Z,2021-12,107.85
DATAFLOW,OECD.SDD.STES:DSD_KEI@DF_KEI(4.0),I,FRA,M,CP,IX,_Z,_Z,_Z,2022-03,110.49
DATAFLOW,OECD.SDD.STES:DSD_KEI@DF_KEI(4.0),I,FRA,M,CP,GR,_Z,_Z,GY,2024-01,3.13263525305409
DATAFLOW,OECD.SDD.STES:DSD_KEI@DF_KEI(4.0),I,FRA,M,CP,GR,_Z,_Z,GY,2024-02,2.96251511487304
DATAFLOW,OECD.SDD.STES:DSD_KEI@DF_KEI(4.0),I,FRA,M,CP,GR,_Z,_Z,GY,2024-03,2.29471701344293
DATAFLOW,OECD.SDD.STES:DSD_KEI@DF_KEI(4.0),I,FRA,M,CP,GR,_Z,_Z,GY,2024-04,2.18723404255319
DATAFLOW,OECD.SDD.STES:DSD_KEI@DF_KEI(4.0),I,FRA,M,CP,GR,_Z,_Z,GY,2024-05,2.27350136239781
DATAFLOW,OECD.SDD.STES:DSD_KEI@DF_KEI(4.0),I,FRA,M,CP,GR,_Z,_Z,GY,2024-06,2.16744581385464
DATAFLOW,OECD.SDD.STES:DSD_KEI@DF_KEI(4.0),I,FRA,M,CP,GR,_Z,_Z,GY,2024-07,2.30226828646674
DATAFLOW,OECD.SDD.STES:DSD_KEI@DF_KEI(4.0),I,FRA,M,CP,GR,_Z,_Z,GY,2024-08,1.82521658676087
DATAFLOW,OECD.SDD.STES:DSD_KEI@DF_KEI(4.0),I,FRA,M,CP,GR,_Z,_Z,GY,2024-09,1.09927278877049
DATAFLOW,OECD.SDD.STES:DSD_KEI@DF_KEI(4.0),I,FRA,M,CP,GR,_Z,_Z,GY,2024-10,1.23279574432154
DATAFLOW,OECD.SDD.STES:DSD_KEI@DF_KEI(4.0),I,FRA,M,CP,GR,_Z,_Z,GY,2024-11,1.26025543432293
DATAFLOW,OECD.SDD.STES:DSD_KEI@DF_KEI(4.0),I,FRA,M,CP,GR,_Z,_Z,GY,2024-12,1.31767885801166
DATAFLOW,OECD.SDD.STES:DSD_KEI@DF_KEI(4.0),I,FRA,M,CP,GR,_Z,_Z,GY,2025-01,1.64988577713852
DATAFLOW,OECD.SDD.STES:DSD_KEI@DF_KEI(4.0),I,FRA,M,CP,GR,_Z,_Z,GY,2025-02,0.796913010653477
DATAFLOW,OECD.SDD.STES:DSD_KEI@DF_KEI(4.0),I,FRA,M,CP,GR,_Z,_Z,GY,2025-03,0.761697497279634
DATAFLOW,OECD.SDD.STES:DSD_KEI@DF_KEI(4.0),I,FRA,M,CP,GR,_Z,_Z,GY,2025-04,0.824519030565529
DATAFLOW,OECD.SDD.STES:DSD_KEI@DF_KEI(4.0),I,FRA,M,CP,GR,_Z,_Z,GY,2025-05,0.657730413787361
DATAFLOW,OECD.SDD.STES:DSD_KEI@DF_KEI(4.0),I,FRA,M,CP,GR,_Z,_Z,GY,2025-06,0.965058236272887
DATAFLOW,OECD.SDD.STES:DSD_KEI@DF_KEI(4.0),I,FRA,M,CP,GR,_Z,_Z,GY,2025-07,0.996512207274569
DATAFLOW,OECD.SDD.STES:DSD_KEI@DF_KEI(4.0),I,FRA,M,CP,GR,_Z,_Z,GY,2025-08,0.883859243350393
DATAFLOW,OECD.SDD.STES:DSD_KEI@DF_KEI(4.0),I,FRA,M,CP,GR,_Z,_Z,GY,2025-09,1.1625961860154
DATAFLOW,OECD.SDD.STES:DSD_KEI@DF_KEI(4.0),I,FRA,M,CP,GR,_Z,_Z,GY,2025-10,0.942530653098661
DATAFLOW,OECD.SDD.STES:DSD_KEI@DF_KEI(4.0),I,FRA,M,CP,GR,_Z,_Z,GY,2025-11,0.902104911460078
DATAFLOW,OECD.SDD.STES:DSD_KEI@DF_KEI(4.0),I,FRA,M,CP,GR,_Z,_Z,GY,2025-12,0.791996665277206
DATAFLOW,OECD.SDD.STES:DSD_KEI@DF_KEI(4.0),I,FRA,M,CP,GR,_Z,_Z,GY,2011-12,2.46202200104766
DATAFLOW,OECD.SDD.STES:DSD_KEI@DF_KEI(4.0),I,FRA,M,CP,GR,_Z,_Z,GY,2012-01,2.35244696492332
DATAFLOW,OECD.SDD.STES:DSD_KEI@DF_KEI(4.0),I,FRA,M,CP,GR,_Z,_Z,GY,2012-02,2.28911884603324
DATAFLOW,OECD.SDD.STES:DSD_KEI@DF_KEI(4.0),I,FRA,M,CP,GR,_Z,_Z,G1,2012-10,0.182260024301328
DATAFLOW,OECD.SDD.STES:DSD_KEI@DF_KEI(4.0),I,FRA,M,CP,GR,_Z,_Z,G1,2012-11,-0.151607034566392
DATAFLOW,OECD.SDD.STES:DSD_KEI@DF_KEI(4.0),I,FRA,M,CP,GR,_Z,_Z,G1,2012-12,0.313796943010414
DATAFLOW,OECD.SDD.STES:DSD_KEI@DF_KEI(4.0),I,FRA,M,CP,GR,_Z,_Z,G1,2013-01,-0.504540867810288
DATAFLOW,OECD.SDD.STES:DSD_KEI@DF_KEI(4.0),I,FRA,M,CP,GR,_Z,_Z,G1,2013-02,0.283975659229219
DATAFLOW,OECD.SDD.STES:DSD_KEI@DF_KEI(4.0),I,FRA,M,CP,GR,_Z,_Z,G1,2013-03,0.758495145631066
DATAFLOW,OECD.SDD.STES:DSD_KEI@DF_KEI(4.0),I,FRA,M,CP,GR,_Z,_Z,G1,2013-04,-0.150557061126166
DATAFLOW,OECD.SDD.STES:DSD_KEI@DF_KEI(4.0),I,FRA,M,CP,GR,_Z,_Z,G1,2013-05,0.0603136308805929
DATAFLOW,OECD.SDD.STES:DSD_KEI@DF_KEI(4.0),I,FRA,M,CP,GR,_Z,_Z,G1,2013-06,0.160739401245724
DATAFLOW,OECD.SDD.STES:DSD_KEI@DF_KEI(4.0),I,FRA,M,CP,GR,_Z,_Z,G1,2013-07,-0.300902708124362
DATAFLOW,OECD.SDD.STES:DSD_KEI@DF_KEI(4.0),I,FRA,M,CP,GR,_Z,_Z,G1,2013-08,0.462776659959752
DATAFLOW,OECD.SDD.STES:DSD_KEI@DF_KEI(4.0),I,FRA,M,CP,GR,_Z,_Z,G1,2013-09,-0.230322451432008
DATAFLOW,OECD.SDD.STES:DSD_KEI@DF_KEI(4.0),I,FRA,M,CP,GR,_Z,_Z,G1,2013-10,-0.130482786309338
DATAFLOW,OECD.SDD.STES:DSD_KEI@DF_KEI(4.0),I,FRA,M,CP,GR,_Z,_Z,G1,2013-11,-0.0402010050251311
DATAFLOW,OECD.SDD.STES:DSD_KEI@DF_KEI(4.0),I,FRA,M,CP,GR,_Z,_Z,G1,2013-12,0.341845968228438
DATAFLOW,OECD.SDD.STES:DSD_KEI@DF_KEI(4.0),I,FRA,M,CP,GR,_Z,_Z,G1,2014-01,-0.561122244488987
DATAFLOW,OECD.SDD.STES:DSD_KEI@DF_KEI(4.0),I,FRA,M,CP,GR,_Z,_Z,G1,2014-02,0.554212011285782
DATAFLOW,OECD.SDD.STES:DSD_KEI@DF_KEI(4.0),I,FRA,M,CP,GR,_Z,_Z,G1,2014-03,0.450946988676204
DATAFLOW,OECD.SDD.STES:DSD_KEI@DF_KEI(4.0),I,FRA,M,CP,GR,_Z,_Z,G1,2014-04,-0.0399042298483643
DATAFLOW,OECD.SDD.STES:DSD_KEI@DF_KEI(4.0),I,FRA,M,CP,GR,_Z,_Z,G1,2014-05,0.0199600798403088
DATAFLOW,OECD.SDD.STES:DSD_KEI@DF_KEI(4.0),I,FRA,M,CP,GR,_Z,_Z,G1,2014-06,-0.0399121931750068
DATAFLOW,OECD.SDD.STES:DSD_KEI@DF_KEI(4.0),I,FRA,M,CP,GR,_Z,_Z,G1,2014-07,-0.319425034937115
DATAFLOW,OECD.SDD.STES:DSD_KEI@DF_KEI(4.0),I,FRA,M,CP,GR,_Z,_Z,G1,2014-08,0.440616863609034
DATAFLOW,OECD.SDD.STES:DSD_KEI@DF_KEI(4.0),I,FRA,M,CP,GR,_Z,_Z,G1,2014-09,-0.378863409770669
DATAFLOW,OECD.SDD.STES:DSD_KEI@DF_KEI(4.0),I,FRA,M,CP,GR,_Z,_Z,G1,2014-10,0.0300240192153689
DATAFLOW,OECD.SDD.STES:DSD_KEI@DF_KEI(4.0),I,FRA,M,CP,GR,_Z,_Z,G1,2014-11,-0.170085042521262
DATAFLOW,OECD.SDD.STES:DSD_KEI@DF_KEI(4.0),I,FRA,M,CP,GR,_Z,_Z,G1,2014-12,0.0801763880537099
DATAFLOW,OECD.SDD.STES:DSD_KEI@DF_KEI(4.0),I,FRA,M,CP,GR,_Z,_Z,G1,2015-01,-1.00140196274785
DATAFLOW,OECD.SDD.STES:DSD_KEI@DF_KEI(4.0),I,FRA,M,CP,GR,_Z,_Z,G1,2015-02,0.667610762694704
DATAFLOW,OECD.SDD.STES:DSD_KEI@DF_KEI(4.0),I,FRA,M,CP,GR,_Z,_Z,G1,2015-03,0.653135048231523
DATAFLOW,OECD.SDD.STES:DSD_KEI@DF_KEI(4.0),I,FRA,M,CP,GR,_Z,_Z,G1,2015-04,0.109813317360508
DATAFLOW,OECD.SDD.STES:DSD_KEI@DF_KEI(4.0),I,FRA,M,CP,GR,_Z,_Z,G1,2015-05,0.239329876346206
DATAFLOW,OECD.SDD.STES:DSD_KEI@DF_KEI(4.0),I,FRA,M,CP,GR,_Z,_Z,G1,2015-06,-0.0795861520095364
DATAFLOW,OECD.SDD.STES:DSD_KEI@DF_KEI(4.0),I,FRA,M,CP,GR,_Z,_Z,G1,2015-07,-0.408203902827553
DATAFLOW,OECD.SDD.STES:DSD_KEI@DF_KEI(4.0),I,FRA,M,CP,GR,_Z,_Z,G1,2015-08,0.319904028791362
DATAFLOW,OECD.SDD.STES:DSD_KEI@DF_KEI(4.0),I,FRA,M,CP,GR,_Z,_Z,G1,2015-09,-0.398604882909814
DATAFLOW,OECD.SDD.STES:DSD_KEI@DF_KEI(4.0),I,FRA,M,CP,GR,_Z,_Z,G1,2015-10,0.0600300150074951
DATAFLOW,OECD.SDD.STES:DSD_KEI@DF_KEI(4.0),I,FRA,M,CP,GR,_Z,_Z,G1,2015-11,-0.189981001899808
DATAFLOW,OECD.SDD.STES:DSD_KEI@DF_KEI(4.0),I,FRA,M,CP,GR,_Z,_Z,G1,2015-12,0.22039671408538
DATAFLOW,OECD.SDD.STES:DSD_KEI@DF_KEI(4.0),I,FRA,M,CP,GR,_Z,_Z,G1,2016-01,-0.959616153538601
DATAFLOW,OECD.SDD.STES:DSD_KEI@DF_KEI(4.0),I,FRA,M,CP,GR,_Z,_Z,G1,2016-02,0.252321356479612
DATAFLOW,OECD.SDD.STES:DSD_KEI@DF_KEI(4.0),I,FRA,M,CP,GR,_Z,_Z,G1,2016-03,0.694654183026278
DATAFLOW,OECD.SDD.STES:DSD_KEI@DF_KEI(4.0),I,FRA,M,CP,GR,_Z,_Z,G1,2016-04,0.0699860027994603
DATAFLOW,OECD.SDD.STES:DSD_KEI@DF_KEI(4.0),I,FRA,M,CP,GR,_Z,_Z,G1,2016-05,0.409631331801386
DATAFLOW,OECD.SDD.STES:DSD_KEI@DF_KEI(4.0),I,FRA,M,CP,GR,_Z,_Z,G1,2016-06,0.129353233830831
DATAFLOW,OECD.SDD.STES:DSD_KEI@DF_KEI(4.0),I,FRA,M,CP,GR,_Z,_Z,G1,2016-07,-0.377620987777005
DATAFLOW,OECD.SDD.STES:DSD_KEI@DF_KEI(4.0),I,FRA,M,CP,GR,_Z,_Z,G1,2016-08,0.329177057356622
DATAFLOW,OECD.SDD.STES:DSD_KEI@DF_KEI(4.0),I,FRA,M,CP,GR,_Z,_Z,G1,2016-09,-0.238616027043148
DATAFLOW,OECD.SDD.STES:DSD_KEI@DF_KEI(4.0),I,FRA,M,CP,GR,_Z,_Z,G1,2016-10,0.0298983456248791
DATAFLOW,OECD.SDD.STES:DSD_KEI@DF_KEI(4.0),I,FRA,M,CP,GR,_Z,_Z,G1,2016-11,-0.0199262727906713
DATAFLOW,OECD.SDD.STES:DSD_KEI@DF_KEI(4.0),I,FRA,M,CP,GR,_Z,_Z,G1,2016-12,0.298953662182377
DATAFLOW,OECD.SDD.STES:DSD_KEI@DF_KEI(4.0),I,FRA,M,CP,GR,_Z,_Z,G1,2017-01,-0.238450074515661
DATAFLOW,OECD.SDD.STES:DSD_KEI@DF_KEI(4.0),I,FRA,M,CP,GR,_Z,_Z,G1,2017-02,0.119510008963264
DATAFLOW,OECD.SDD.STES:DSD_KEI@DF_KEI(4.0),I,FRA,M,CP,GR,_Z,_Z,G1,2017-03,0.636625882821051
DATAFLOW,OECD.SDD.STES:DSD_KEI@DF_KEI(4.0),I,FRA,M,CP,GR,_Z,_Z,G1,2017-04,0.088959177621839
DATAFLOW,OECD.SDD.STES:DSD_KEI@DF_KEI(4.0),I,FRA,M,CP,GR,_Z,_Z,G1,2017-05,0.0493778392257394
DATAFLOW,OECD.SDD.STES:DSD_KEI@DF_KEI(4.0),I,FRA,M,CP,GR,_Z,_Z,G1,2017-06,0.0098706939097636
DATAFLOW,OECD.SDD.STES:DSD_KEI@DF_KEI(4.0),I,FRA,M,CP,GR,_Z,_Z,G1,2017-07,-0.345440189498603
DATAFLOW,OECD.SDD.STES:DSD_KEI@DF_KEI(4.0),I,FRA,M,CP,GR,_Z,_Z,G1,2017-08,0.51500445676933
DATAFLOW,OECD.SDD.STES:DSD_KEI@DF_KEI(4.0),I,FRA,M,CP,GR,_Z,_Z,G1,2017-09,-0.157651000098513
DATAFLOW,OECD.SDD.STES:DSD_KEI@DF_KEI(4.0),I,FRA,M,CP,GR,_Z,_Z,G1,2017-10,0.0986874568242202
DATAFLOW,OECD.SDD.STES:DSD_KEI@DF_KEI(4.0),I,FRA,M,CP,GR,_Z,_Z,G1,2017-11,0.0985901607019724
DATAFLOW,OECD.SDD.STES:DSD_KEI@DF_KEI(4.0),I,FRA,M,CP,GR,_Z,_Z,G1,2017-12,0.315177779966502
DATAFLOW,OECD.SDD.STES:DSD_KEI@DF_KEI(4.0),I,FRA,M,CP,GR,_Z,_Z,G1,2018-01,-0.0981836033382311
DATAFLOW,OECD.SDD.STES:DSD_KEI@DF_KEI(4.0),I,FRA,M,CP,GR,_Z,_Z,G1,2018-02,-0.0294840294840282
DATAFLOW,OECD.SDD.STES:DSD_KEI@DF_KEI(4.0),I,FRA,M,CP,GR,_Z,_Z,G1,2018-03,1.0125835627212
DATAFLOW,OECD.SDD.STES:DSD_KEI@DF_KEI(4.0),I,FRA,M,CP,GR,_Z,_Z,G1,2018-04,0.165450121654498
DATAFLOW,OECD.SDD.STES:DSD_KEI@DF_KEI(4.0),I,FRA,M,CP,GR,_Z,_Z,G1,2018-05,0.427516517683624
DATAFLOW,OECD.SDD.STES:DSD_KEI@DF_KEI(4.0),I,FRA,M,CP,GR,_Z,_Z,G1,2018-06,0.009674922600622
DATAFLOW,OECD.SDD.STES:DSD_KEI@DF_KEI(4.0),I,FRA,M,CP,GR,_Z,_Z,G1,2018-07,-0.087065879849102
DATAFLOW,OECD.SDD.STES:DSD_KEI@DF_KEI(4.0),I,FRA,M,CP,GR,_Z,_Z,G1,2018-08,0.48412083656082
DATAFLOW,OECD.SDD.STES:DSD_KEI@DF_KEI(4.0),I,FRA,M,CP,GR,_Z,_Z,G1,2018-09,-0.211986895355554
DATAFLOW,OECD.SDD.STES:DSD_KEI@DF_KEI(4.0),I,FRA,M,CP,GR,_Z,_Z,G1,2018-10,0.106218617226728
DATAFLOW,OECD.SDD.STES:DSD_KEI@DF_KEI(4.0),I,FRA,M,CP,GR,_Z,_Z,G1,2018-11,-0.212211825986297
DATAFLOW,OECD.SDD.STES:DSD_KEI@DF_KEI(4.0),I,FRA,M,CP,GR,_Z,_Z,G1,2018-12,0.0193330111164736
DATAFLOW,OECD.SDD.STES:DSD_KEI@DF_KEI(4.0),I,FRA,M,CP,GR,_Z,_Z,G1,2019-01,-0.444573306272344
DATAFLOW,OECD.SDD.STES:DSD_KEI@DF_KEI(4.0),I,FRA,M,CP,GR,_Z,_Z,G1,2019-02,0.0485389767983735
DATAFLOW,OECD.SDD.STES:DSD_KEI@DF_KEI(4.0),I,FRA,M,CP,GR,_Z,_Z,G1,2019-03,0.805356103240817
DATAFLOW,OECD.SDD.STES:DSD_KEI@DF_KEI(4.0),I,FRA,M,CP,GR,_Z,_Z,G1,2019-04,0.317643661565126
DATAFLOW,OECD.SDD.STES:DSD_KEI@DF_KEI(4.0),I,FRA,M,CP,GR,_Z,_Z,G1,2019-05,0.105545960468234
DATAFLOW,OECD.SDD.STES:DSD_KEI@DF_KEI(4.0),I,FRA,M,CP,GR,_Z,_Z,G1,2019-06,0.239624269145988
DATAFLOW,OECD.SDD.STES:DSD_KEI@DF_KEI(4.0),I,FRA,M,CP,GR,_Z,_Z,G1,2019-07,-0.191241155096578
DATAFLOW,OECD.SDD.STES:DSD_KEI@DF_KEI(4.0),I,FRA,M,CP,GR,_Z,_Z,G1,2019-08,0.459858210385122
DATAFLOW,OECD.SDD.STES:DSD_KEI@DF_KEI(4.0),I,FRA,M,CP,GR,_Z,_Z,G1,2019-09,-0.343314896051883
DATAFLOW,OECD.SDD.STES:DSD_KEI@DF_KEI(4.0),I,FRA,M,CP,IX,_Z,_Z,_Z,2008-02,92.12
DATAFLOW,OECD.SDD.STES:DSD_KEI@DF_KEI(4.0),I,FRA,M,CP,IX,_Z,_Z,_Z,2008-03,92.81
DATAFLOW,OECD.SDD.STES:DSD_KEI@DF_KEI(4.0),I,FRA,M,CP,IX,_Z,_Z,_Z,2008-04,93.12
DATAFLOW,OECD.SDD.STES:DSD_KEI@DF_KEI(4.0),I,FRA,M,CP,IX,_Z,_Z,_Z,2008-05,93.62
DATAFLOW,OECD.SDD.STES:DSD_KEI@DF_KEI(4.0),I,FRA,M,CP,IX,_Z,_Z,_Z,2008-06,93.96
DATAFLOW,OECD.SDD.STES:DSD_KEI@DF_KEI(4.0),I,FRA,M,CP,IX,_Z,_Z,_Z,2008-08,93.73
DATAFLOW,OECD.SDD.STES:DSD_KEI@DF_KEI(4.0),I,FRA,M,CP,IX,_Z,_Z,_Z,2008-09,93.67
DATAFLOW,OECD.SDD.STES:DSD_KEI@DF_KEI(4.0),I,FRA,M,CP,IX,_Z,_Z,_Z,2008-10,93.62
DATAFLOW,OECD.SDD.STES:DSD_KEI@DF_KEI(4.0),I,FRA,M,CP,IX,_Z,_Z,_Z,2008-12,92.95
DATAFLOW,OECD.SDD.STES:DSD_KEI@DF_KEI(4.0),I,FRA,M,CP,IX,_Z,_Z,_Z,2009-01,92.57
DATAFLOW,OECD.SDD.STES:DSD_KEI@DF_KEI(4.0),I,FRA,M,CP,IX,_Z,_Z,_Z,2009-02,92.92
DATAFLOW,OECD.SDD.STES:DSD_KEI@DF_KEI(4.0),I,FRA,M,CP,IX,_Z,_Z,_Z,2009-04,93.24
DATAFLOW,OECD.SDD.STES:DSD_KEI@DF_KEI(4.0),I,FRA,M,CP,IX,_Z,_Z,_Z,2009-05,93.38
DATAFLOW,OECD.SDD.STES:DSD_KEI@DF_KEI(4.0),I,FRA,M,CP,IX,_Z,_Z,_Z,2009-06,93.5
DATAFLOW,OECD.SDD.STES:DSD_KEI@DF_KEI(4.0),I,FRA,M,CP,IX,_Z,_Z,_Z,2009-07,93.08
DATAFLOW,OECD.SDD.STES:DSD_KEI@DF_KEI(4.0),I,FRA,M,CP,IX,_Z,_Z,_Z,2009-08,93.56
DATAFLOW,OECD.SDD.STES:DSD_KEI@DF_KEI(4.0),I,FRA,M,CP,IX,_Z,_Z,_Z,2009-09,93.33
DATAFLOW,OECD.SDD.STES:DSD_KEI@DF_KEI(4.0),I,FRA,M,CP,GR,_Z,_Z,G1,2022-08,0.451847257907323
DATAFLOW,OECD.SDD.STES:DSD_KEI@DF_KEI(4.0),I,FRA,M,CP,GR,_Z,_Z,G1,2022-09,-0.56447345210795
DATAFLOW,OECD.SDD.STES:DSD_KEI@DF_KEI(4.0),I,FRA,M,CP,GR,_Z,_Z,G1,2022-10,1.02891609011886
DATAFLOW,OECD.SDD.STES:DSD_KEI@DF_KEI(4.0),I,FRA,M,CP,GR,_Z,_Z,G1,2022-11,0.31606672519755
DATAFLOW,OECD.SDD.STES:DSD_KEI@DF_KEI(4.0),I,FRA,M,CP,GR,_Z,_Z,G1,2022-12,-0.0875196919306931
DATAFLOW,OECD.SDD.STES:DSD_KEI@DF_KEI(4.0),I,FRA,M,CP,GR,_Z,_Z,G1,2023-01,0.385423966362985
DATAFLOW,OECD.SDD.STES:DSD_KEI@DF_KEI(4.0),I,FRA,M,CP,GR,_Z,_Z,G1,2023-02,1.02966841186736
DATAFLOW,OECD.SDD.STES:DSD_KEI@DF_KEI(4.0),I,FRA,M,CP,GR,_Z,_Z,G1,2023-03,0.872344100880995
DATAFLOW,OECD.SDD.STES:DSD_KEI@DF_KEI(4.0),I,FRA,M,CP,GR,_Z,_Z,G1,2023-04,0.607928761024046
DATAFLOW,OECD.SDD.STES:DSD_KEI@DF_KEI(4.0),I,FRA,M,CP,GR,_Z,_Z,GY,2014-03,0.61226538191308
DATAFLOW,OECD.SDD.STES:DSD_KEI@DF_KEI(4.0),I,FRA,M,CP,GR,_Z,_Z,GY,2014-04,0.723763570566938
DATAFLOW,OECD.SDD.STES:DSD_KEI@DF_KEI(4.0),I,FRA,M,CP,GR,_Z,_Z,GY,2014-05,0.68314245529435
DATAFLOW,OECD.SDD.STES:DSD_KEI@DF_KEI(4.0),I,FRA,M,CP,GR,_Z,_Z,GY,2014-06,0.481444332998993
DATAFLOW,OECD.SDD.STES:DSD_KEI@DF_KEI(4.0),I,FRA,M,CP,GR,_Z,_Z,GY,2014-07,0.462776659959752
DATAFLOW,OECD.SDD.STES:DSD_KEI@DF_KEI(4.0),I,FRA,M,CP,GR,_Z,_Z,GY,2014-08,0.440616863609034
DATAFLOW,OECD.SDD.STES:DSD_KEI@DF_KEI(4.0),I,FRA,M,CP,GR,_Z,_Z,GY,2014-09,0.291076984843941
DATAFLOW,OECD.SDD.STES:DSD_KEI@DF_KEI(4.0),I,FRA,M,CP,GR,_Z,_Z,GY,2014-10,0.452261306532664
DATAFLOW,OECD.SDD.STES:DSD_KEI@DF_KEI(4.0),I,FRA,M,CP,GR,_Z,_Z,GY,2014-11,0.321737381862075
DATAFLOW,OECD.SDD.STES:DSD_KEI@DF_KEI(4.0),I,FRA,M,CP,GR,_Z,_Z,GY,2014-12,0.0601202404809653
DATAFLOW,OECD.SDD.STES:DSD_KEI@DF_KEI(4.0),I,FRA,M,CP,GR,_Z,_Z,GY,2015-01,-0.382910116888346
DATAFLOW,OECD.SDD.STES:DSD_KEI@DF_KEI(4.0),I,FRA,M,CP,GR,_Z,_Z,GY,2015-02,-0.270568193205745
DATAFLOW,OECD.SDD.STES:DSD_KEI@DF_KEI(4.0),I,FRA,M,CP,GR,_Z,_Z,GY,2015-03,-0.0698324022346264
DATAFLOW,OECD.SDD.STES:DSD_KEI@DF_KEI(4.0),I,FRA,M,CP,GR,_Z,_Z,GY,2015-04,0.0798403193613018
DATAFLOW,OECD.SDD.STES:DSD_KEI@DF_KEI(4.0),I,FRA,M,CP,GR,_Z,_Z,GY,2015-05,0.299341448812607
DATAFLOW,OECD.SDD.STES:DSD_KEI@DF_KEI(4.0),I,FRA,M,CP,GR,_Z,_Z,GY,2015-06,0.259532840886401
DATAFLOW,OECD.SDD.STES:DSD_KEI@DF_KEI(4.0),I,FRA,M,CP,GR,_Z,_Z,GY,2015-07,0.170238333667116
DATAFLOW,OECD.SDD.STES:DSD_KEI@DF_KEI(4.0),I,FRA,M,CP,GR,_Z,_Z,GY,2015-08,0.0498504486540652
DATAFLOW,OECD.SDD.STES:DSD_KEI@DF_KEI(4.0),I,FRA,M,CP,GR,_Z,_Z,GY,2015-09,0.0300240192153689
DATAFLOW,OECD.SDD.STES:DSD_KEI@DF_KEI(4.0),I,FRA,M,CP,GR,_Z,_Z,GY,2015-10,0.0600300150074951
DATAFLOW,OECD.SDD.STES:DSD_KEI@DF_KEI(4.0),I,FRA,M,CP,GR,_Z,_Z,GY,2015-11,0.0400881940268549
DATAFLOW,OECD.SDD.STES:DSD_KEI@DF_KEI(4.0),I,FRA,M,CP,GR,_Z,_Z,GY,2015-12,0.180252353294619
DATAFLOW,OECD.SDD.STES:DSD_KEI@DF_KEI(4.0),I,FRA,M,CP,GR,_Z,_Z,GY,2016-01,0.222536920898242
DATAFLOW,OECD.SDD.STES:DSD_KEI@DF_KEI(4.0),I,FRA,M,CP,GR,_Z,_Z,GY,2016-02,-0.190916398713825
DATAFLOW,OECD.SDD.STES:DSD_KEI@DF_KEI(4.0),I,FRA,M,CP,GR,_Z,_Z,GY,2016-03,-0.149745432764303
DATAFLOW,OECD.SDD.STES:DSD_KEI@DF_KEI(4.0),I,FRA,M,CP,GR,_Z,_Z,GY,2016-04,-0.189469485440763
DATAFLOW,OECD.SDD.STES:DSD_KEI@DF_KEI(4.0),I,FRA,M,CP,GR,_Z,_Z,GY,2016-05,-0.0198965380023619
DATAFLOW,OECD.SDD.STES:DSD_KEI@DF_KEI(4.0),I,FRA,M,CP,GR,_Z,_Z,GY,2016-06,0.189167662285938
DATAFLOW,OECD.SDD.STES:DSD_KEI@DF_KEI(4.0),I,FRA,M,CP,GR,_Z,_Z,GY,2016-07,0.219934019794055
DATAFLOW,OECD.SDD.STES:DSD_KEI@DF_KEI(4.0),I,FRA,M,CP,GR,_Z,_Z,GY,2016-08,0.229197807673143
DATAFLOW,OECD.SDD.STES:DSD_KEI@DF_KEI(4.0),I,FRA,M,CP,GR,_Z,_Z,GY,2016-09,0.390195097548784
DATAFLOW,OECD.SDD.STES:DSD_KEI@DF_KEI(4.0),I,FRA,M,CP,GR,_Z,_Z,GY,2016-10,0.359964003599655
DATAFLOW,OECD.SDD.STES:DSD_KEI@DF_KEI(4.0),I,FRA,M,CP,GR,_Z,_Z,GY,2016-11,0.530955720296533
DATAFLOW,OECD.SDD.STES:DSD_KEI@DF_KEI(4.0),I,FRA,M,CP,GR,_Z,_Z,GY,2016-12,0.609756097560976
DATAFLOW,OECD.SDD.STES:DSD_KEI@DF_KEI(4.0),I,FRA,M,CP,GR,_Z,_Z,GY,2017-01,1.34234961647153
DATAFLOW,OECD.SDD.STES:DSD_KEI@DF_KEI(4.0),I,FRA,M,CP,GR,_Z,_Z,GY,2017-02,1.20809423135007
DATAFLOW,OECD.SDD.STES:DSD_KEI@DF_KEI(4.0),I,FRA,M,CP,GR,_Z,_Z,GY,2017-03,1.14977004599082
DATAFLOW,OECD.SDD.STES:DSD_KEI@DF_KEI(4.0),I,FRA,M,CP,GR,_Z,_Z,GY,2017-04,1.16894794684783
DATAFLOW,OECD.SDD.STES:DSD_KEI@DF_KEI(4.0),I,FRA,M,CP,GR,_Z,_Z,GY,2017-05,0.805970149253721
DATAFLOW,OECD.SDD.STES:DSD_KEI@DF_KEI(4.0),I,FRA,M,CP,GR,_Z,_Z,GY,2017-06,0.685680214647699
DATAFLOW,OECD.SDD.STES:DSD_KEI@DF_KEI(4.0),I,FRA,M,CP,GR,_Z,_Z,GY,2017-07,0.718204488778063
DATAFLOW,OECD.SDD.STES:DSD_KEI@DF_KEI(4.0),I,FRA,M,CP,GR,_Z,_Z,GY,2017-08,0.904752435871936
DATAFLOW,OECD.SDD.STES:DSD_KEI@DF_KEI(4.0),I,FRA,M,CP,GR,_Z,_Z,GY,2017-09,0.986645405620901
DATAFLOW,OECD.SDD.STES:DSD_KEI@DF_KEI(4.0),I,FRA,M,CP,GR,_Z,_Z,GY,2017-10,1.05609245790574
DATAFLOW,OECD.SDD.STES:DSD_KEI@DF_KEI(4.0),I,FRA,M,CP,GR,_Z,_Z,GY,2017-11,1.17588440458396
DATAFLOW,OECD.SDD.STES:DSD_KEI@DF_KEI(4.0),I,FRA,M,CP,GR,_Z,_Z,GY,2017-12,1.19225037257822
DATAFLOW,OECD.SDD.STES:DSD_KEI@DF_KEI(4.0),I,FRA,M,CP,GR,_Z,_Z,GY,2018-01,1.33452843342297
DATAFLOW,OECD.SDD.STES:DSD_KEI@DF_KEI(4.0),I,FRA,M,CP,GR,_Z,_Z,GY,2018-02,1.1837262508704
DATAFLOW,OECD.SDD.STES:DSD_KEI@DF_KEI(4.0),I,FRA,M,CP,GR,_Z,_Z,GY,2018-03,1.56172778491648
DATAFLOW,OECD.SDD.STES:DSD_KEI@DF_KEI(4.0),I,FRA,M,CP,GR,_Z,_Z,GY,2018-04,1.63934426229508
DATAFLOW,OECD.SDD.STES:DSD_KEI@DF_KEI(4.0),I,FRA,M,CP,GR,_Z,_Z,GY,2018-05,2.02349225150529
DATAFLOW,OECD.SDD.STES:DSD_KEI@DF_KEI(4.0),I,FRA,M,CP,GR,_Z,_Z,GY,2018-06,2.02329253849192
DATAFLOW,OECD.SDD.STES:DSD_KEI@DF_KEI(4.0),I,FRA,M,CP,GR,_Z,_Z,GY,2018-07,2.28780825987915
DATAFLOW,OECD.SDD.STES:DSD_KEI@DF_KEI(4.0),I,FRA,M,CP,GR,_Z,_Z,GY,2018-08,2.25637993891026
DATAFLOW,OECD.SDD.STES:DSD_KEI@DF_KEI(4.0),I,FRA,M,CP,GR,_Z,_Z,GY,2018-09,2.20073028718051
DATAFLOW,OECD.SDD.STES:DSD_KEI@DF_KEI(4.0),I,FRA,M,CP,GR,_Z,_Z,GY,2018-10,2.20841959972395
DATAFLOW,OECD.SDD.STES:DSD_KEI@DF_KEI(4.0),I,FRA,M,CP,GR,_Z,_Z,GY,2018-11,1.89106667979906
DATAFLOW,OECD.SDD.STES:DSD_KEI@DF_KEI(4.0),I,FRA,M,CP,GR,_Z,_Z,GY,2018-12,1.59057437407952
DATAFLOW,OECD.SDD.STES:DSD_KEI@DF_KEI(4.0),I,FRA,M,CP,GR,_Z,_Z,GY,2019-01,1.23832923832923
DATAFLOW,OECD.SDD.STES:DSD_KEI@DF_KEI(4.0),I,FRA,M,CP,GR,_Z,_Z,GY,2019-02,1.31734172237514
DATAFLOW,OECD.SDD.STES:DSD_KEI@DF_KEI(4.0),I,FRA,M,CP,GR,_Z,_Z,GY,2019-03,1.10948905109487
DATAFLOW,OECD.SDD.STES:DSD_KEI@DF_KEI(4.0),I,FRA,M,CP,GR,_Z,_Z,GY,2019-04,1.26311698406529
DATAFLOW,OECD.SDD.STES:DSD_KEI@DF_KEI(4.0),I,FRA,M,CP,GR,_Z,_Z,GY,2019-05,0.938467492260053
DATAFLOW,OECD.SDD.STES:DSD_KEI@DF_KEI(4.0),I,FRA,M,CP,GR,_Z,_Z,GY,2019-06,1.1705523846377
DATAFLOW,OECD.SDD.STES:DSD_KEI@DF_KEI(4.0),I,FRA,M,CP,GR,_Z,_Z,GY,2008-04,3.02024560238965
DATAFLOW,OECD.SDD.STES:DSD_KEI@DF_KEI(4.0),I,FRA,M,CP,GR,_Z,_Z,GY,2008-05,3.32192914689329
DATAFLOW,OECD.SDD.STES:DSD_KEI@DF_KEI(4.0),I,FRA,M,CP,GR,_Z,_Z,GY,2008-06,3.57142857142856
DATAFLOW,OECD.SDD.STES:DSD_KEI@DF_KEI(4.0),I,FRA,M,CP,GR,_Z,_Z,GY,2008-07,3.61365896784176
DATAFLOW,OECD.SDD.STES:DSD_KEI@DF_KEI(4.0),I,FRA,M,CP,GR,_Z,_Z,GY,2008-08,3.15870570107859
DATAFLOW,OECD.SDD.STES:DSD_KEI@DF_KEI(4.0),I,FRA,M,CP,GR,_Z,_Z,GY,2008-09,2.9793315743184
DATAFLOW,OECD.SDD.STES:DSD_KEI@DF_KEI(4.0),I,FRA,M,CP,GR,_Z,_Z,GY,2008-10,2.66476587345104
DATAFLOW,OECD.SDD.STES:DSD_KEI@DF_KEI(4.0),I,FRA,M,CP,GR,_Z,_Z,GY,2008-11,1.62504089868034
DATAFLOW,OECD.SDD.STES:DSD_KEI@DF_KEI(4.0),I,FRA,M,CP,GR,_Z,_Z,GY,2008-12,0.999674019341512
DATAFLOW,OECD.SDD.STES:DSD_KEI@DF_KEI(4.0),I,FRA,M,CP,GR,_Z,_Z,GY,2009-01,0.707136640556993
DATAFLOW,OECD.SDD.STES:DSD_KEI@DF_KEI(4.0),I,FRA,M,CP,GR,_Z,_Z,GY,2009-02,0.868432479374737
DATAFLOW,OECD.SDD.STES:DSD_KEI@DF_KEI(4.0),I,FRA,M,CP,GR,_Z,_Z,GY,2009-03,0.301691628057332
DATAFLOW,OECD.SDD.STES:DSD_KEI@DF_KEI(4.0),I,FRA,M,CP,GR,_Z,_Z,GY,2009-04,0.128865979381443
DATAFLOW,OECD.SDD.STES:DSD_KEI@DF_KEI(4.0),I,FRA,M,CP,GR,_Z,_Z,GY,2009-05,-0.25635547959838
DATAFLOW,OECD.SDD.STES:DSD_KEI@DF_KEI(4.0),I,FRA,M,CP,GR,_Z,_Z,GY,2009-06,-0.489570029799913
DATAFLOW,OECD.SDD.STES:DSD_KEI@DF_KEI(4.0),I,FRA,M,CP,GR,_Z,_Z,GY,2009-07,-0.725255972696259
DATAFLOW,OECD.SDD.STES:DSD_KEI@DF_KEI(4.0),I,FRA,M,CP,GR,_Z,_Z,GY,2009-08,-0.181372026032223
DATAFLOW,OECD.SDD.STES:DSD_KEI@DF_KEI(4.0),I,FRA,M,CP,GR,_Z,_Z,GY,2009-09,-0.362976406533577
DATAFLOW,OECD.SDD.STES:DSD_KEI@DF_KEI(4.0),I,FRA,M,CP,GR,_Z,_Z,GY,2009-10,-0.213629566331985
DATAFLOW,OECD.SDD.STES:DSD_KEI@DF_KEI(4.0),I,FRA,M,CP,GR,_Z,_Z,GY,2009-11,0.397080918652071
DATAFLOW,OECD.SDD.STES:DSD_KEI@DF_KEI(4.0),I,FRA,M,CP,GR,_Z,_Z,GY,2009-12,0.914470145239377
DATAFLOW,OECD.SDD.STES:DSD_KEI@DF_KEI(4.0),I,FRA,M,CP,GR,_Z,_Z,GY,2010-01,1.10186885600088
DATAFLOW,OECD.SDD.STES:DSD_KEI@DF_KEI(4.0),I,FRA,M,CP,GR,_Z,_Z,GY,2010-02,1.28067154541542
DATAFLOW,OECD.SDD.STES:DSD_KEI@DF_KEI(4.0),I,FRA,M,CP,GR,_Z,_Z,GY,2010-03,1.58985927596949
DATAFLOW,OECD.SDD.STES:DSD_KEI@DF_KEI(4.0),I,FRA,M,CP,GR,_Z,_Z,GY,2010-04,1.68382668382669
DATAFLOW,OECD.SDD.STES:DSD_KEI@DF_KEI(4.0),I,FRA,M,CP,GR,_Z,_Z,GY,2010-05,1.64917541229386
DATAFLOW,OECD.SDD.STES:DSD_KEI@DF_KEI(4.0),I,FRA,M,CP,GR,_Z,_Z,GY,2010-06,1.50802139037431
DATAFLOW,OECD.SDD.STES:DSD_KEI@DF_KEI(4.0),I,FRA,M,CP,GR,_Z,_Z,GY,2010-07,1.6759776536313
DATAFLOW,OECD.SDD.STES:DSD_KEI@DF_KEI(4.0),I,FRA,M,CP,GR,_Z,_Z,GY,2010-08,1.38948268490808
DATAFLOW,OECD.SDD.STES:DSD_KEI@DF_KEI(4.0),I,FRA,M,CP,GR,_Z,_Z,GY,2010-09,1.56434158362799
DATAFLOW,OECD.SDD.STES:DSD_KEI@DF_KEI(4.0),I,FRA,M,CP,GR,_Z,_Z,GY,2010-10,1.59494754870477
DATAFLOW,OECD.SDD.STES:DSD_KEI@DF_KEI(4.0),I,FRA,M,CP,GR,_Z,_Z,GY,2010-11,1.57135221806519
DATAFLOW,OECD.SDD.STES:DSD_KEI@DF_KEI(4.0),I,FRA,M,CP,GR,_Z,_Z,GY,2010-12,1.7590618336887
DATAFLOW,OECD.SDD.STES:DSD_KEI@DF_KEI(4.0),I,FRA,M,CP,GR,_Z,_Z,GY,2011-01,1.74163906400255
DATAFLOW,OECD.SDD.STES:DSD_KEI@DF_KEI(4.0),I,FRA,M,CP,GR,_Z,_Z,GY,2011-02,1.65763468281797
DATAFLOW,OECD.SDD.STES:DSD_KEI@DF_KEI(4.0),I,FRA,M,CP,GR,_Z,_Z,GY,2011-03,1.98794543724226
DATAFLOW,OECD.SDD.STES:DSD_KEI@DF_KEI(4.0),I,FRA,M,CP,GR,_Z,_Z,GY,2011-04,2.07783989030692
DATAFLOW,OECD.SDD.STES:DSD_KEI@DF_KEI(4.0),I,FRA,M,CP,GR,_Z,_Z,GY,2011-05,2.01222081753056
DATAFLOW,OECD.SDD.STES:DSD_KEI@DF_KEI(4.0),I,FRA,M,CP,GR,_Z,_Z,GY,2011-06,2.10725950900854
DATAFLOW,OECD.SDD.STES:DSD_KEI@DF_KEI(4.0),I,FRA,M,CP,IX,_Z,_Z,_Z,2017-03,101.17
DATAFLOW,OECD.SDD.STES:DSD_KEI@DF_KEI(4.0),I,FRA,M,CP,IX,_Z,_Z,_Z,2017-07,100.97
DATAFLOW,OECD.SDD.STES:DSD_KEI@DF_KEI(4.0),I,FRA,M,CP,IX,_Z,_Z,_Z,2017-08,101.49
DATAFLOW,OECD.SDD.STES:DSD_KEI@DF_KEI(4.0),I,FRA,M,CP,IX,_Z,_Z,_Z,2017-11,101.53
DATAFLOW,OECD.SDD.STES:DSD_KEI@DF_KEI(4.0),I,FRA,M,CP,IX,_Z,_Z,_Z,2017-12,101.85
DATAFLOW,OECD.SDD.STES:DSD_KEI@DF_KEI(4.0),I,FRA,M,CP,IX,_Z,_Z,_Z,2018-01,101.75
DATAFLOW,OECD.SDD.STES:DSD_KEI@DF_KEI(4.0),I,FRA,M,CP,IX,_Z,_Z,_Z,2018-03,102.75
DATAFLOW,OECD.SDD.STES:DSD_KEI@DF_KEI(4.0),I,FRA,M,CP,IX,_Z,_Z,_Z,2018-05,103.36
DATAFLOW,OECD.SDD.STES:DSD_KEI@DF_KEI(4.0),I,FRA,M,CP,IX,_Z,_Z,_Z,2018-06,103.37
DATAFLOW,OECD.SDD.STES:DSD_KEI@DF_KEI(4.0),I,FRA,M,CP,IX,_Z,_Z,_Z,2018-08,103.78
DATAFLOW,OECD.SDD.STES:DSD_KEI@DF_KEI(4.0),I,FRA,M,CP,IX,_Z,_Z,_Z,2018-09,103.56
DATAFLOW,OECD.SDD.STES:DSD_KEI@DF_KEI(4.0),I,FRA,M,CP,IX,_Z,_Z,_Z,2018-12,103.47
DATAFLOW,OECD.SDD.STES:DSD_KEI@DF_KEI(4.0),I,FRA,M,CP,IX,_Z,_Z,_Z,2019-01,103.01
DATAFLOW,OECD.SDD.STES:DSD_KEI@DF_KEI(4.0),I,FRA,M,CP,IX,_Z,_Z,_Z,2019-04,104.22
DATAFLOW,OECD.SDD.STES:DSD_KEI@DF_KEI(4.0),I,FRA,M,CP,IX,_Z,_Z,_Z,2019-06,104.58
DATAFLOW,OECD.SDD.STES:DSD_KEI@DF_KEI(4.0),I,FRA,M,CP,IX,_Z,_Z,_Z,2019-08,104.86
DATAFLOW,OECD.SDD.STES:DSD_KEI@DF_KEI(4.0),I,FRA,M,CP,IX,_Z,_Z,_Z,2019-10,104.46
DATAFLOW,OECD.SDD.STES:DSD_KEI@DF_KEI(4.0),I,FRA,M,CP,IX,_Z,_Z,_Z,2019-12,104.98
DATAFLOW,OECD.SDD.STES:DSD_KEI@DF_KEI(4.0),I,FRA,M,CP,IX,_Z,_Z,_Z,2020-01,104.54
DATAFLOW,OECD.SDD.STES:DSD_KEI@DF_KEI(4.0),I,FRA,M,CP,IX,_Z,_Z,_Z,2020-03,104.59
DATAFLOW,OECD.SDD.STES:DSD_KEI@DF_KEI(4.0),I,FRA,M,CP,IX,_Z,_Z,_Z,2020-04,104.56
DATAFLOW,OECD.SDD.STES:DSD_KEI@DF_KEI(4.0),I,FRA,M,CP,IX,_Z,_Z,_Z,2020-05,104.71
DATAFLOW,OECD.SDD.STES:DSD_KEI@DF_KEI(4.0),I,FRA,M,CP,IX,_Z,_Z,_Z,2020-06,104.79
DATAFLOW,OECD.SDD.STES:DSD_KEI@DF_KEI(4.0),I,FRA,M,CP,IX,_Z,_Z,_Z,2020-07,105.19
DATAFLOW,OECD.SDD.STES:DSD_KEI@DF_KEI(4.0),I,FRA,M,CP,GR,_Z,_Z,GY,2023-03,5.70187347271247
DATAFLOW,OECD.SDD.STES:DSD_KEI@DF_KEI(4.0),I,FRA,M,CP,GR,_Z,_Z,GY,2023-04,5.88447328106696
DATAFLOW,OECD.SDD.STES:DSD_KEI@DF_KEI(4.0),I,FRA,M,CP,GR,_Z,_Z,GY,2023-05,5.11994271392768
DATAFLOW,OECD.SDD.STES:DSD_KEI@DF_KEI(4.0),I,FRA,M,CP,GR,_Z,_Z,GY,2023-06,4.53131941359397
DATAFLOW,OECD.SDD.STES:DSD_KEI@DF_KEI(4.0),I,FRA,M,CP,GR,_Z,_Z,GY,2023-07,4.28811907504207
DATAFLOW,OECD.SDD.STES:DSD_KEI@DF_KEI(4.0),I,FRA,M,CP,GR,_Z,_Z,GY,2023-08,4.85976362674194
DATAFLOW,OECD.SDD.STES:DSD_KEI@DF_KEI(4.0),I,FRA,M,CP,GR,_Z,_Z,GY,2023-09,4.89622139435872
DATAFLOW,OECD.SDD.STES:DSD_KEI@DF_KEI(4.0),I,FRA,M,CP,GR,_Z,_Z,GY,2023-10,3.97717295873574
DATAFLOW,OECD.SDD.STES:DSD_KEI@DF_KEI(4.0),I,FRA,M,CP,GR,_Z,_Z,GY,2023-11,3.47453176964818
DATAFLOW,OECD.SDD.STES:DSD_KEI@DF_KEI(4.0),I,FRA,M,CP,GR,_Z,_Z,GY,2023-12,3.7053258584443
DATAFLOW,OECD.SDD.STES:DSD_KEI@DF_KEI(4.0),I,FRA,M,CP,GR,_Z,_Z,GY,2011-10,2.34959435254454
DATAFLOW,OECD.SDD.STES:DSD_KEI@DF_KEI(4.0),I,FRA,M,CP,GR,_Z,_Z,GY,2011-11,2.51525994527468
DATAFLOW,OECD.SDD.STES:DSD_KEI@DF_KEI(4.0),I,FRA,M,CP,GR,_Z,_Z,GY,2012-06,1.92962542565267
DATAFLOW,OECD.SDD.STES:DSD_KEI@DF_KEI(4.0),I,FRA,M,CP,GR,_Z,_Z,GY,2007-01,1.2457531143828
DATAFLOW,OECD.SDD.STES:DSD_KEI@DF_KEI(4.0),I,FRA,M,CP,GR,_Z,_Z,GY,2007-02,1.04918772563176
DATAFLOW,OECD.SDD.STES:DSD_KEI@DF_KEI(4.0),I,FRA,M,CP,GR,_Z,_Z,GY,2007-03,1.19248509393632
DATAFLOW,OECD.SDD.STES:DSD_KEI@DF_KEI(4.0),I,FRA,M,CP,GR,_Z,_Z,GY,2007-04,1.25462081326315
DATAFLOW,OECD.SDD.STES:DSD_KEI@DF_KEI(4.0),I,FRA,M,CP,GR,_Z,_Z,GY,2007-05,1.07083100948131
DATAFLOW,OECD.SDD.STES:DSD_KEI@DF_KEI(4.0),I,FRA,M,CP,GR,_Z,_Z,GY,2007-06,1.19353039598438
DATAFLOW,OECD.SDD.STES:DSD_KEI@DF_KEI(4.0),I,FRA,M,CP,GR,_Z,_Z,GY,2007-07,1.10614525139663
DATAFLOW,OECD.SDD.STES:DSD_KEI@DF_KEI(4.0),I,FRA,M,CP,GR,_Z,_Z,GY,2007-08,1.18040089086859
DATAFLOW,OECD.SDD.STES:DSD_KEI@DF_KEI(4.0),I,FRA,M,CP,GR,_Z,_Z,GY,2007-09,1.51785714285715
DATAFLOW,OECD.SDD.STES:DSD_KEI@DF_KEI(4.0),I,FRA,M,CP,GR,_Z,_Z,GY,2007-10,2.00223713646532
DATAFLOW,OECD.SDD.STES:DSD_KEI@DF_KEI(4.0),I,FRA,M,CP,GR,_Z,_Z,GY,2007-11,2.44692737430168
DATAFLOW,OECD.SDD.STES:DSD_KEI@DF_KEI(4.0),I,FRA,M,CP,GR,_Z,_Z,GY,2007-12,2.5861108014714
DATAFLOW,OECD.SDD.STES:DSD_KEI@DF_KEI(4.0),I,FRA,M,CP,GR,_Z,_Z,GY,2008-01,2.81879194630872
DATAFLOW,OECD.SDD.STES:DSD_KEI@DF_KEI(4.0),I,FRA,M,CP,GR,_Z,_Z,GY,2008-02,2.8469353578207
DATAFLOW,OECD.SDD.STES:DSD_KEI@DF_KEI(4.0),I,FRA,M,CP,GR,_Z,_Z,GY,2008-03,3.17954419121733
DATAFLOW,OECD.SDD.STES:DSD_KEI@DF_KEI(4.0),I,FRA,M,CP,GR,_Z,_Z,GY,2021-07,1.15029945812339
DATAFLOW,OECD.SDD.STES:DSD_KEI@DF_KEI(4.0),I,FRA,M,CP,GR,_Z,_Z,GY,2021-08,1.86506803692075
DATAFLOW,OECD.SDD.STES:DSD_KEI@DF_KEI(4.0),I,FRA,M,CP,GR,_Z,_Z,GY,2021-09,2.16164514586321
DATAFLOW,OECD.SDD.STES:DSD_KEI@DF_KEI(4.0),I,FRA,M,CP,GR,_Z,_Z,GY,2021-10,2.62175868337957
DATAFLOW,OECD.SDD.STES:DSD_KEI@DF_KEI(4.0),I,FRA,M,CP,GR,_Z,_Z,GY,2021-11,2.77857347464909
DATAFLOW,OECD.SDD.STES:DSD_KEI@DF_KEI(4.0),I,FRA,M,CP,GR,_Z,_Z,GY,2021-12,2.75342987804879
DATAFLOW,OECD.SDD.STES:DSD_KEI@DF_KEI(4.0),I,FRA,M,CP,GR,_Z,_Z,GY,2022-01,2.85388127853881
DATAFLOW,OECD.SDD.STES:DSD_KEI@DF_KEI(4.0),I,FRA,M,CP,GR,_Z,_Z,GY,2022-02,3.63394216133941
DATAFLOW,OECD.SDD.STES:DSD_KEI@DF_KEI(4.0),I,FRA,M,CP,GR,_Z,_Z,GY,2022-03,4.48226950354609
DATAFLOW,OECD.SDD.STES:DSD_KEI@DF_KEI(4.0),I,FRA,M,CP,GR,_Z,_Z,GY,2022-04,4.82713017192518
DATAFLOW,OECD.SDD.STES:DSD_KEI@DF_KEI(4.0),I,FRA,M,CP,GR,_Z,_Z,GY,2022-05,5.19774011299434
DATAFLOW,OECD.SDD.STES:DSD_KEI@DF_KEI(4.0),I,FRA,M,CP,GR,_Z,_Z,GY,2022-06,5.83975926274214
DATAFLOW,OECD.SDD.STES:DSD_KEI@DF_KEI(4.0),I,FRA,M,CP,GR,_Z,_Z,GY,2022-07,6.08082706766917
DATAFLOW,OECD.SDD.STES:DSD_KEI@DF_KEI(4.0),I,FRA,M,CP,GR,_Z,_Z,GY,2022-08,5.91312470808032
DATAFLOW,OECD.SDD.STES:DSD_KEI@DF_KEI(4.0),I,FRA,M,CP,GR,_Z,_Z,GY,2022-09,5.55191461473643
DATAFLOW,OECD.SDD.STES:DSD_KEI@DF_KEI(4.0),I,FRA,M,CP,GR,_Z,_Z,GY,2022-10,6.20046620046619
DATAFLOW,OECD.SDD.STES:DSD_KEI@DF_KEI(4.0),I,FRA,M,CP,GR,_Z,_Z,GY,2022-11,6.15013006317355
DATAFLOW,OECD.SDD.STES:DSD_KEI@DF_KEI(4.0),I,FRA,M,CP,GR,_Z,_Z,GY,2022-12,5.85071859063513
DATAFLOW,OECD.SDD.STES:DSD_KEI@DF_KEI(4.0),I,FRA,M,CP,GR,_Z,_Z,GY,2023-01,5.9933407325194
DATAFLOW,OECD.SDD.STES:DSD_KEI@DF_KEI(4.0),I,FRA,M,CP,GR,_Z,_Z,GY,2023-02,6.27868551496236
DATAFLOW,OECD.SDD.STES:DSD_KEI@DF_KEI(4.0),I,FRA,M,CP,GR,_Z,_Z,GY,2012-07,1.93822553897178
DATAFLOW,OECD.SDD.STES:DSD_KEI@DF_KEI(4.0),I,FRA,M,CP,GR,_Z,_Z,GY,2012-08,2.08290369148276
DATAFLOW,OECD.SDD.STES:DSD_KEI@DF_KEI(4.0),I,FRA,M,CP,GR,_Z,_Z,GY,2012-09,1.90898772056549
DATAFLOW,OECD.SDD.STES:DSD_KEI@DF_KEI(4.0),I,FRA,M,CP,GR,_Z,_Z,GY,2012-10,1.85299567634341
DATAFLOW,OECD.SDD.STES:DSD_KEI@DF_KEI(4.0),I,FRA,M,CP,GR,_Z,_Z,GY,2012-11,1.41669233138284
DATAFLOW,OECD.SDD.STES:DSD_KEI@DF_KEI(4.0),I,FRA,M,CP,GR,_Z,_Z,GY,2012-12,1.32924335378324
DATAFLOW,OECD.SDD.STES:DSD_KEI@DF_KEI(4.0),I,FRA,M,CP,GR,_Z,_Z,G1,2019-10,-0.0382775119617151
DATAFLOW,OECD.SDD.STES:DSD_KEI@DF_KEI(4.0),I,FRA,M,CP,GR,_Z,_Z,G1,2019-11,0.0574382538770735
DATAFLOW,OECD.SDD.STES:DSD_KEI@DF_KEI(4.0),I,FRA,M,CP,GR,_Z,_Z,G1,2019-12,0.440107156525071
DATAFLOW,OECD.SDD.STES:DSD_KEI@DF_KEI(4.0),I,FRA,M,CP,GR,_Z,_Z,G1,2020-01,-0.419127452848156
DATAFLOW,OECD.SDD.STES:DSD_KEI@DF_KEI(4.0),I,FRA,M,CP,GR,_Z,_Z,G1,2020-02,-0.0095657164721596
DATAFLOW,OECD.SDD.STES:DSD_KEI@DF_KEI(4.0),I,FRA,M,CP,GR,_Z,_Z,G1,2020-03,0.0573997895340961
DATAFLOW,OECD.SDD.STES:DSD_KEI@DF_KEI(4.0),I,FRA,M,CP,GR,_Z,_Z,G1,2020-04,-0.0286834305382899
DATAFLOW,OECD.SDD.STES:DSD_KEI@DF_KEI(4.0),I,FRA,M,CP,GR,_Z,_Z,G1,2020-05,0.143458301453703
DATAFLOW,OECD.SDD.STES:DSD_KEI@DF_KEI(4.0),I,FRA,M,CP,GR,_Z,_Z,G1,2020-06,0.0764014898290588
DATAFLOW,OECD.SDD.STES:DSD_KEI@DF_KEI(4.0),I,FRA,M,CP,GR,_Z,_Z,G1,2020-07,0.381715812577532
DATAFLOW,OECD.SDD.STES:DSD_KEI@DF_KEI(4.0),I,FRA,M,CP,GR,_Z,_Z,G1,2020-08,-0.095066070919303
DATAFLOW,OECD.SDD.STES:DSD_KEI@DF_KEI(4.0),I,FRA,M,CP,GR,_Z,_Z,G1,2020-09,-0.513845275478142
DATAFLOW,OECD.SDD.STES:DSD_KEI@DF_KEI(4.0),I,FRA,M,CP,GR,_Z,_Z,G1,2020-10,-0.0382592061214715
DATAFLOW,OECD.SDD.STES:DSD_KEI@DF_KEI(4.0),I,FRA,M,CP,GR,_Z,_Z,G1,2020-11,0.210506171658209
DATAFLOW,OECD.SDD.STES:DSD_KEI@DF_KEI(4.0),I,FRA,M,CP,GR,_Z,_Z,G1,2020-12,0.219612336484265
DATAFLOW,OECD.SDD.STES:DSD_KEI@DF_KEI(4.0),I,FRA,M,CP,GR,_Z,_Z,G1,2021-01,0.152439024390261
DATAFLOW,OECD.SDD.STES:DSD_KEI@DF_KEI(4.0),I,FRA,M,CP,GR,_Z,_Z,G1,2021-03,0.599315068493156
DATAFLOW,OECD.SDD.STES:DSD_KEI@DF_KEI(4.0),I,FRA,M,CP,GR,_Z,_Z,G1,2021-04,0.104018912529535
DATAFLOW,OECD.SDD.STES:DSD_KEI@DF_KEI(4.0),I,FRA,M,CP,GR,_Z,_Z,G1,2021-05,0.321178915548836
DATAFLOW,OECD.SDD.STES:DSD_KEI@DF_KEI(4.0),I,FRA,M,CP,GR,_Z,_Z,G1,2021-06,0.131826741996233
DATAFLOW,OECD.SDD.STES:DSD_KEI@DF_KEI(4.0),I,FRA,M,CP,GR,_Z,_Z,G1,2021-07,0.0564227948090856
DATAFLOW,OECD.SDD.STES:DSD_KEI@DF_KEI(4.0),I,FRA,M,CP,GR,_Z,_Z,G1,2021-08,0.61090225563909
DATAFLOW,OECD.SDD.STES:DSD_KEI@DF_KEI(4.0),I,FRA,M,CP,GR,_Z,_Z,G1,2021-09,-0.224194301728164
DATAFLOW,OECD.SDD.STES:DSD_KEI@DF_KEI(4.0),I,FRA,M,CP,GR,_Z,_Z,G1,2021-10,0.411946446961897
DATAFLOW,OECD.SDD.STES:DSD_KEI@DF_KEI(4.0),I,FRA,M,CP,GR,_Z,_Z,G1,2021-11,0.363636363636366
DATAFLOW,OECD.SDD.STES:DSD_KEI@DF_KEI(4.0),I,FRA,M,CP,GR,_Z,_Z,G1,2021-12,0.195094760312142
DATAFLOW,OECD.SDD.STES:DSD_KEI@DF_KEI(4.0),I,FRA,M,CP,GR,_Z,_Z,G1,2022-01,0.250347705146048
DATAFLOW,OECD.SDD.STES:DSD_KEI@DF_KEI(4.0),I,FRA,M,CP,GR,_Z,_Z,G1,2022-02,0.758416574176812
DATAFLOW,OECD.SDD.STES:DSD_KEI@DF_KEI(4.0),I,FRA,M,CP,GR,_Z,_Z,G1,2022-03,1.4228015421333
DATAFLOW,OECD.SDD.STES:DSD_KEI@DF_KEI(4.0),I,FRA,M,CP,GR,_Z,_Z,G1,2022-04,0.434428455063807
DATAFLOW,OECD.SDD.STES:DSD_KEI@DF_KEI(4.0),I,FRA,M,CP,GR,_Z,_Z,G1,2022-05,0.675858340091917
DATAFLOW,OECD.SDD.STES:DSD_KEI@DF_KEI(4.0),I,FRA,M,CP,GR,_Z,_Z,G1,2022-06,0.742928750447547
DATAFLOW,OECD.SDD.STES:DSD_KEI@DF_KEI(4.0),I,FRA,M,CP,GR,_Z,_Z,G1,2022-07,0.284318080852963
DATAFLOW,OECD.SDD.STES:DSD_KEI@DF_KEI(4.0),I,FRA,M,CP,GR,_Z,_Z,GY,2013-05,0.800000000000001
DATAFLOW,OECD.SDD.STES:DSD_KEI@DF_KEI(4.0),I,FRA,M,CP,GR,_Z,_Z,GY,2013-06,0.931362624012966
DATAFLOW,OECD.SDD.STES:DSD_KEI@DF_KEI(4.0),I,FRA,M,CP,GR,_Z,_Z,GY,2013-07,1.067615658363
DATAFLOW,OECD.SDD.STES:DSD_KEI@DF_KEI(4.0),I,FRA,M,CP,GR,_Z,_Z,GY,2013-08,0.868686868686863
DATAFLOW,OECD.SDD.STES:DSD_KEI@DF_KEI(4.0),I,FRA,M,CP,GR,_Z,_Z,GY,2013-09,0.880923450789783
DATAFLOW,OECD.SDD.STES:DSD_KEI@DF_KEI(4.0),I,FRA,M,CP,GR,_Z,_Z,GY,2013-10,0.565999595714572
DATAFLOW,OECD.SDD.STES:DSD_KEI@DF_KEI(4.0),I,FRA,M,CP,GR,_Z,_Z,GY,2013-11,0.678206296183803
DATAFLOW,OECD.SDD.STES:DSD_KEI@DF_KEI(4.0),I,FRA,M,CP,GR,_Z,_Z,G1,2021-02,0.0
